137,832
119,469
366,808
762,764
426,458,694
560,851
691,878,998
669,759
291,817
173,408
411,434,558
275,667
202,570,836
392,951
200,236
259,707
63,679,983
51,906
371,769,971
270,539,560
22,639,844
391,862
277,423
169,349,601
52,175
110,410,976
590,841
437,885,936
851,887
125,279,565
77,713
468,919
343,968
712,785,868
4,56
92,171,187
170,410,792
570,931
50,628,834
600,968
234,401,804
290,442,567
594,846
114,328
381,493
197,974
120,401
160,633
244,433,662
14,572
15,128,936
68,407
167,655
183,299
517,574,973
143,521
64,539,793
189,899
522,621
89,639,786
87,155
160,996
439,834
136,545
327,995
355,847,982
47,137,521
330,741,925
204,785,974
532,896
69,260
12,466
283,721
287,943
252,454
419,921
410,847
415,816
333,416,523
551,813
35,948
2,351,707
59,111
281,683
497,955
325,753,861
37,724
329,926
226,702
629,768,913
210,800,945
707,841
79,293
434,515
94,252,282
13,522
195,411
312,533
169,488
209,272,327
54,541,823
525,730,939
409,638
365,386
166,195,485
61,92
300,379,972
859,933
100,802,819
202,881
620,952
161,356,626
42,144,519
908,975
141,188,429
347,475
18,757,965
693,778
781,908
410,432
330,994
666,668
181,194,434
493,566,570
701,786,938
211,517,906
698,699
618,881
159,502
166,450,787
124,645
63,562
877,926
345,576
132,578,857
365,951
189,865,960
19,903
347,420,914
140,310
409,672
441,840
330,348,638
283,332
642,648
119,804
180,693
155,274
434,940
152,944,953
308,357
309,862,937
558,734
134,752
332,469
436,645
238,933
306,837
537,582
951,953
322,364,986
254,281,624
153,553
156,952
139,357
26,931
276,416,906
321,479
207,720
786,809,844
80,146,213
505,661
202,233,885
231,552
126,675
116,120
581,976
73,553,593
135,673
389,925
66,808
272,628
105,368
173,324
449,460,669
236,840
328,330,358
213,272
501,963
722,831,960
79,118
245,941
286,366,776
111,531
243,343,806
31,677
91,180,642
599,689,881
599,642,719
268,798,845
226,641
121,371
19,748
544,853
299,681
192,651
102,410
296,338,424
771,947
616,928
123,358
22,161,947
338,817
313,882
384,490
456,511
142,521
114,409,524
245,470,862
371,889
8,83,468
259,696
22,867
406,807,879
523,999
561,747
621,623,890
206,289,584
10,92
650,878
451,623
118,478,609
185,955
630,657
163,363
278,401,406
477,545
137,466,652
187,430
665,949
361,507
301,760
27,526
365,580,877
123,898
543,685,1000
91,146,722
245,805
418,635,791
134,835
101,751,786
436,759
9,681
84,937
548,846
186,518,614
314,557
44,949,971
56,148,864
575,908
589,641,662
297,732
25,894
487,756,774
476,806
288,665
29,367,933
168,233
273,474
540,933
158,446,630
128,556,806
265,802
654,972
109,863,923
165,517
56,575
192,428
216,661,932
60,289,582
657,724
368,390,583
21,921
41,42,263
740,750
420,769
433,816
51,621
116,430
327,808,898
633,912
456,571
542,647
380,586,654
154,969
566,658,953
62,333
319,915
628,834
648,942
95,835
109,529
369,580
168,626
205,295
145,630
230,345,670
201,650,703
320,472,847
471,730,739
436,823,912
644,716
523,627,761
505,617
403,481,736
573,629
313,701
703,749
564,854
16,401
102,204,246
231,889
214,461
96,236
636,686,717
436,969
92,150,919
528,959
54,74
541,703
649,677,770
221,339
147,360
176,627,969
317,399
715,917
447,513
330,619
144,741
327,665,726
431,516
162,662
32,71
375,430
307,658,930
139,765
724,884
220,850
281,787,889
475,744
69,104,370
82,540,580
146,332,816
205,852
45,63
309,477
288,358,778
202,812
867,950
184,795
86,145,355
13,733
668,674,920
578,828,862
668,765
730,964
150,726,837
408,832
160,928
473,545,812
420,531
157,349
283,441
874,887
61,325,599
446,717
601,956
635,891
764,905
25,650,729
769,899
410,529,985
341,918
610,813
155,163,969
188,286,521
186,621,917
95,354,678
364,474
140,750
262,940
252,336
97,918
320,446,914
589,684
115,260,571
194,534,715
203,756
15,286,543
630,739,910
281,442
89,179,436
14,175
210,780
21,63,767
66,695
811,884
266,759
244,808
452,733
55,640
481,708
138,931
4,973
678,736
366,918
903,966
406,953,961
140,857,928
691,820
42,499
401,854
833,923
82,211,634
310,607
725,769,932
584,670
441,578
479,491
604,914
505,773
651,713
304,319
163,290
302,762
244,576
263,381,606
285,817
244,633,802
804,973
179,627
138,567
216,255,357
125,360
473,587
895,907
376,764
430,808
328,992
846,908
132,940
172,286
63,204,453
24,912
136,212
286,623
514,558
287,876
289,388
340,745
334,854,997
17,559,763
97,945
115,869
553,769
673,997
594,768
455,736,802
269,949
559,992
752,838
503,550,895
243,957
379,406,643
145,864
152,753
479,815,821
330,483,783
414,783
438,570
232,480
685,896,915
179,262,438
301,922
206,842
83,546
402,432,854
323,775
424,740
317,986
396,808
187,363
1,218
325,642,916
42,424
202,784
349,416,591
215,313
244,505,631
524,818,946
810,995
239,982
216,636
51,821,927
89,111
14,261
206,629
70,855
240,795,990
282,680
858,911
45,466
42,619,639
46,922
965,976
48,261,782
732,840,904
161,712
570,818
4,848
82,977
475,732
350,839
103,132,212
832,858
104,445
224,465
266,654,699
292,777
448,492
714,857
20,377,594
186,712,958
205,627
157,885
166,949
76,180,182
473,881
76,632
97,396,528
230,823
291,627,709
262,313
959,989
214,512,820
363,988
642,931
561,606,881
241,391,412
47,577
317,569,586
34,226
566,794
578,709
377,728
397,622
24,328
169,782,984
483,706
41,436,784
805,888
478,610
284,303
237,613
54,307
311,427
118,222
829,932,943
179,483
89,152
419,845
21,370
361,496
504,603
615,977
230,567,726
25,820
357,484
137,216
444,720
89,942
55,656
150,821,919
255,426,757
232,329,416
135,605
205,267,528
113,391,777
166,822
387,558
134,320
42,269
445,548
431,904,943
327,870
282,443,714
218,901
18,556
361,697
621,740
155,869,918
269,707,717
161,400,959
95,143,593
150,207
293,352,998
504,598
818,994,999
93,391
235,756
270,442,917
50,798
193,574
281,608
222,908
845,889
180,622,933
364,822,907
421,928
544,578,853
157,397
345,813
153,344
101,843
397,587
412,493,780
211,515
190,518,753
255,836
412,487,626
60,526
374,904
227,624
690,895
586,852
297,324
283,434,787
517,806
112,384,975
207,698
297,671
267,528,611
374,629
376,692
261,401
85,298,682
173,796
198,742
389,632,658
384,462
108,899
186,651
447,808
229,747
300,369
247,471
216,723
59,382
534,894
43,740
763,845
193,527
298,818,942
50,413,873
251,566,877
179,225,439
50,100,898
67,955
317,411,604
81,731
617,965
527,926
162,337,996
238,597,968
555,573
366,728
530,972
122,359
612,975
589,595,648
429,799
83,824
530,628
286,907
218,794,872
524,662,956
76,776
54,708
382,818
374,413,495
390,745
7,393,907
459,649
710,753
591,942
663,816
269,728
533,833
27,134,680
132,200,799
48,313
116,558
684,997
39,441
555,844
10,378
29,841
188,694
378,408
400,940
22,709
134,245
246,987
59,593
331,399,419
71,729
233,639,959
748,793
99,745
170,174
141,1000
532,556
405,799
137,641
174,629
251,808
501,888
246,528
646,977
4,442
144,264
140,191
208,495,730
530,997
76,544,607
80,295
148,273,784
39,296
387,807,994
390,949
87,142
198,682
429,896
192,683,909
56,357
96,308
292,396
54,226
55,361
77,489
297,534
399,536,577
348,353
628,800,845
153,887
116,197
105,279,625
336,440,780
528,872
206,781
157,460,596
140,792
318,496
235,550
53,344,785
315,391,409
514,869,909
316,663
286,979
245,731
245,476
145,355
91,216,331
286,765
44,106,218
79,782
462,547
499,718
446,750,824
350,696
178,427
403,549
475,642
147,255
93,930
427,848
21,732,915
245,774
291,834
172,254,697
760,839
660,939
17,232
62,240
51,139,898
876,910
283,534
636,915
363,744
235,665,711
22,202
514,868
53,321,556
64,301,323
814,959
120,579,632
428,466,467
249,743
765,986
87,284
820,931
516,641,917
544,889,1000
251,804
664,900
611,655
71,222
13,424
634,692,750
679,973
529,700
437,901
509,602
14,100,527
740,762
813,839
22,634
62,306
692,801
258,900
52,485,742
214,342,750
188,324
182,712
658,669,677
175,610,946
580,927
2,295,509
577,715
64,811,853
306,358
29,161,657
24,271,641
25,671
528,529,894
212,614,953
424,722
116,587
13,159
393,868,940
65,689
375,724
140,462
670,820
102,668
466,651
171,468
64,382
154,637
44,697,819
600,822
215,348,486
130,360
192,370
746,938
299,563
464,590,966
296,605
547,564,827
419,663
227,582,788
682,726
601,819,940
469,776,998
664,946
18,477
820,919
872,919
716,904,972
26,87,652
20,142
707,752,758
606,774
31,125,833
526,863,865
90,381
283,354
210,822
472,589
189,321,581
212,315
500,643
182,238,660
9,577,953
442,726,888
20,985
189,761
368,638
471,618
48,223,717
406,563
347,389,428
8,50
514,879
191,894
499,702
13,369
195,245
669,830
373,562
210,232,458
539,918
176,241
706,856
453,903
153,528
125,277
59,958
66,223
258,268
967,988
499,719
133,687,806
29,146,159
222,836
85,212
366,450
314,636
114,243
428,502
362,605
194,584,944
28,414
231,413,520
306,362,549
117,256
894,918
54,479,577
245,280
283,752
239,780,959
337,639
793,832,863
168,656
178,202
483,561
264,822,879
481,697
2,898
642,708,980
143,863
821,911,943
813,997
584,959
265,498
38,700
114,267
203,984
58,235,917
111,149,151
217,586
75,583
45,593
318,899
163,770
701,806,866
234,298
360,415
567,706
232,271,310
669,706
92,884,915
832,872
237,597
245,571,752
520,861
244,633,757
104,619
136,570
11,63,749
457,583
37,118
130,506
155,235
783,887
40,605
293,384,676
613,928
557,558
454,798
8,10,67
19,31,399
180,276,832
251,254
416,866
86,614,946
144,631,767
375,818
156,470
255,608
464,664,855
418,440
258,389
648,984
157,964
535,659
354,817
4,128,390
490,504,881
93,881
201,657,810
131,609
422,906
5,699
117,399
606,819
77,566
182,227,291
630,903,917
95,875
83,906
716,939
164,173,757
283,435,982
4,521
224,886
388,394,977
106,359,825
191,362
346,640
292,843
89,141,163
302,331
63,665
18,654
66,412,469
156,399
208,745
606,905
97,726
79,613,704
150,800,889
519,851
130,636
540,613
310,558
147,337
359,788
399,751,777
707,893
143,635
269,630
697,787
64,247,439
335,838
195,785,909
54,586
54,215
240,679
348,646,739
316,627
761,854
178,807
975,982
767,846
41,398
538,644
31,68
225,472
445,449
19,636,698
685,823
68,887
91,986
494,803
825,841
111,766,932
745,761
156,159
155,215
563,841
346,982
248,530,751
413,960
248,370
540,821
205,766
607,988
375,827
188,328
206,372,983
712,815
442,451,711
101,177,726
155,934
22,756
69,288
37,177,465
38,245,297
206,784
147,628
556,693
393,427
231,269
100,481
115,226,789
908,969
27,465
34,675,718
111,121,518
364,448,736
62,460
309,323
576,825
43,861
157,636,870
512,859
580,888
614,821,918
327,357
364,902
272,802
228,567,948
467,829,976
128,467,818
270,608,837
587,914
284,566,869
126,866
122,800
339,485,961
10,57
813,876
674,961
26,654
267,880
123,847
139,957
451,828
36,612
287,675
28,290
281,506,937
389,610
568,743
447,845
54,188,464
37,268,676
199,503
324,771,827
485,700
207,212,244
140,409
553,640
28,653
830,991
487,650,660
241,677
705,781
244,450
46,842,964
55,415,501
928,931
68,192
255,755
259,367
413,634
80,659
451,818
779,983
175,384
280,629
11,328
327,793
168,179,688
542,718,820
768,954
263,964
144,525
59,502
25,107,475
382,410
698,862
695,951
373,534
97,578
342,923
285,733,776
82,855,905
133,208
222,655
330,723,846
180,516
266,551
125,324,421
221,750,835
183,530
32,290
186,301
252,346,847
297,987
440,725
285,572
400,728
658,676
189,211
157,420,496
99,170,821
60,951
390,630,915
374,377,826
387,651
187,747
17,368
48,168,238
37,663
296,922,973
124,972
697,948
821,994
163,177,672
47,158
146,791,983
115,826
54,122,479
103,578
743,817
205,534
179,201,315
866,940
712,779
291,837
98,126
774,935,954
50,757
770,881
410,448,750
18,666,918
431,776
787,931
84,858
38,116,492
260,466
379,868
228,955
500,682
231,616,719
246,417,701
3,565
228,294
415,841
207,581,817
319,504
221,357,931
253,541,828
18,216,273
531,555
254,342,710
365,788,876
216,963
200,501,766
5,233,940
724,775
732,938
171,457,964
252,769
660,745
31,353,881
571,653,752
303,854,881
179,923
582,865
297,452,475
608,869
364,633,663
85,523,886
16,109
262,912
614,656,983
402,919
147,725
9,143,255
69,753,906
48,796
105,677,767
146,614,966
415,450
334,747
209,383
523,677
675,980
187,293
217,674
332,682
441,717,771
143,210
342,849
611,653
196,898,923
632,850
512,967
193,328,817
344,623
453,658,823
529,537
272,817
166,399
119,330,412
402,515
346,721
406,806
60,321,367
75,557,990
324,561,789
128,536,939
513,896,966
414,671
210,592,990
151,617
11,706
615,791
448,498
343,394
604,718
762,766,802
220,565
197,833
8,37
204,750
289,782
360,768
265,470
28,415,442
501,591,818
82,923
27,604
138,209,772
454,809
206,388,788
228,297,654
46,354,666
500,997
361,731
652,921
193,826
64,418
24,404
570,985
33,739
382,830
12,236
140,666
257,520
140,318,649
570,634
445,879,939
368,474
707,784
310,849
246,346
158,875
337,439
17,539,578
460,696
401,471
443,663,929
323,364,845
384,792
35,835
27,570
322,962
305,388
59,912
240,466
228,443,919
55,206,947
32,357
564,963,973
653,980
379,823
27,31
311,906
63,201
538,825
262,360
77,649
76,692
399,701
4,83
66,312,930
398,955
264,981
259,720,969
542,730,781
145,970
108,680
92,331
340,520
101,167,217
387,722
281,550,761
429,930
17,408
458,810
415,827
262,869
133,222,939
75,520,798
348,754
91,165,734
685,948
335,346
452,490
27,333
461,968
412,495,940
160,594
555,861
544,805
668,933
138,316,723
357,935
452,714
613,669,794
460,591
482,908
194,713
603,902
388,825
50,269,706
337,925
32,127,265
413,665
547,828
480,483
408,578
523,792
370,512,561
496,783
39,521
620,834
513,583
40,490
122,681
290,627,929
574,885
19,687
103,137,598
634,970
540,906
149,337
51,700,961
323,539
117,580
518,688
312,481
298,704
534,977
118,166,494
177,339
477,494,913
839,949
206,447,954
226,813,860
147,409
774,818
214,588
5,564,700
2,743
270,431,962
5,118,197
2,804
381,980
85,635
555,584
217,962
572,743
179,414
351,583
34,61
265,302
67,719
223,830
940,999
173,719
161,838
158,261
644,899
488,869
45,467
925,975
176,588
58,341
904,984
272,600
497,828
27,131,738
42,809
159,716
581,921
312,445
164,979
16,104,613
31,203
197,411,747
5,946
763,800
149,590
400,901
142,631
179,623
444,744
509,760
108,376,415
105,769
356,775
596,605
851,908
904,917
522,819
473,910
272,949
670,801,911
387,399
206,410
86,921
473,964
115,248
290,797
637,665,672
694,889
241,330,820
389,397
491,683
530,583
677,782
53,975
845,955
405,779
59,415
736,938
318,418,785
195,732
391,869
615,794
337,977
507,841
839,967
408,511,709
213,723
219,315
187,723,889
209,526
257,373,384
400,523,581
50,624
174,705
613,826
114,171,911
241,844
252,931
1,496
1,734
322,503
566,712
717,752
438,621
17,731
278,842,941
57,254
272,573,607
584,741
332,687,936
322,594,684
220,538
467,715
70,786
143,210,690
69,968
13,811,988
168,748,990
369,813
99,396
221,350
17,637,906
240,599,600
611,792
198,655
284,374
113,313,846
378,692
846,984
208,512,755
97,970
118,353
353,457,673
922,983
369,821
100,750,907
275,767
191,332,684
763,900
128,493
478,774
4,464,613
430,847
706,831
299,581
473,611
401,891
490,896
211,701
320,354,823
530,551
13,49,220
864,946
335,751
111,455
389,450
50,191
581,942
18,640
720,775
228,709,979
749,974
404,741
117,568,728
534,566,779
296,323,702
566,804
43,360,894
151,913
46,172
228,231
393,397
408,474
213,247
697,928
82,144
185,418,585
89,388
443,517
472,872
811,850
66,142,800
19,337
602,855
162,303,468
571,701,767
458,600,801
727,871
346,448,616
469,717
587,754,815
88,819
428,699
484,950
547,714,750
394,876
284,595
340,804
83,559
305,779,897
174,198
498,657,755
530,597
131,732
399,753,848
612,943
518,661
405,628
293,877
160,862
418,915
31,629
5,326
84,289
608,666
509,624,759
147,167
515,981
666,945
10,334,955
506,892,902
628,736
528,664,866
516,859
437,769
446,535,972
212,459
162,267
170,834
83,838
270,906
383,952
95,157
430,731
26,894
119,247,266
416,544,709
127,294
49,718,886
137,228,849
32,322,734
871,932
213,544
665,993
513,598
273,606
6,207,593
56,453
132,158
707,843,887
542,823
411,976
107,376,903
312,460,737
156,269
628,835
535,586,738
84,590
190,656,994
452,665
132,654,698
375,632
202,298
364,668
24,879
765,894,960
186,268,689
517,735
1,546
610,910,927
102,693
413,931
365,794,993
221,383,668
64,589
7,962
62,889
301,952
605,920
20,328,707
831,981
319,988
151,410
500,864,946
134,964
17,772,824
238,386
390,454,794
135,514
114,458
120,414,940
353,909
772,855
187,534
457,526
253,264,841
31,571,596
391,536
22,45,70
120,366
388,848,875
1,982
269,407,601
136,191
371,415
390,787
127,922,928
92,280
60,272
574,665
208,969
397,490
902,945
199,324
76,907
226,856
277,485
151,927
618,711
59,891
246,423,855
710,986
426,606
287,313,486
254,485
5,878
258,626,879
240,813
484,668
106,219,514
262,791
607,805
588,862
41,988
745,913
315,727
28,74,207
589,783
134,595
198,244,300
29,974
40,997
762,932
598,642
388,555,926
157,970
123,583
642,724
133,299
49,921
353,819
42,816
501,658,740
504,878
388,553
546,885
96,380
200,315,602
34,696
253,469,801
47,87,180
907,980
55,567
136,711
475,565,866
145,680
346,494
384,440,723
29,224
561,930
163,847
145,644
844,972
128,423,720
869,927
772,859
38,195
529,620,888
446,920
125,612,789
182,769
551,652
25,292
940,965
160,516,633
437,631,737
418,528,700
58,294
374,559
243,703
201,414
50,678
83,504
571,850
268,795
191,579,953
568,739
723,782
715,748
373,485
254,614
78,510
162,250
689,857
12,177,662
604,996
239,284,359
37,276
65,383
197,721
59,253,894
18,137,162
189,363
296,313,702
475,660
120,483,718
389,910
98,912
548,662,990
95,510
264,593,891
327,379
121,656
293,476,532
71,394
300,341
285,759
58,191
396,399,613
685,915
602,676
489,661
584,687
40,135,263
240,513
257,264,891
7,824,845
109,711
211,404
368,971
172,710
659,908
366,702,872
557,642,724
81,119
640,704,968
206,461
320,385
432,983
78,268,487
101,338,470
96,207
431,971
788,816,854
41,135
940,973
421,679
304,347
121,367
89,298,787
116,280,510
137,254,734
251,291,736
18,785
448,835
127,212
338,360
711,790
897,944
39,676
492,780
95,517
295,301
778,954
866,876
52,432
312,656
485,593,786
711,921
22,96
273,802
591,829
321,880,926
419,451
632,688
444,473
287,759
163,354,736
231,787,857
164,607
521,724
236,527,723
859,906
81,310,884
674,966
249,353,596
206,506
406,804
7,49
618,989
81,708
453,859
97,729
548,699
267,440
223,328
189,946
82,719
73,224,958
686,789
407,472
286,651,665
399,881
319,451
338,364
136,235,832
292,645,939
146,925
683,863
453,625,967
111,852
335,467
3,380
253,682
2,438
322,578,853
302,829
128,693,880
791,799,994
40,447,995
486,1000
562,850
177,193,760
83,199,531
261,741,794
283,450
364,753
500,551,932
160,740,768
903,984
938,982
428,579,939
116,649
443,497,502
358,359
479,525,846
562,821
664,704,779
182,232,950
86,833
272,724
100,306,637
861,924
413,645
224,1000
188,318,638
137,351
698,701
48,914
748,916
749,762
212,376,665
561,835
78,196
427,569
68,694
199,576,951
288,608
396,625
631,724
65,254,683
235,607,631
163,364
152,192
105,269,533
18,328
287,504
588,686
376,719
381,733,778
366,955
165,953
437,762,855
333,817
361,604
446,930,972
494,899,995
595,696
197,506
313,593
150,409
707,833,862
240,768
200,932
390,571
491,849
29,773
351,402
355,636
715,880,925
453,636
290,377,745
22,287,378
56,472,605
18,444,867
146,224
659,945,966
109,302
76,345
219,562
201,654
498,604
130,767
461,737
671,796
129,925
874,981
540,675
356,590,640
320,934
3,403,859
326,874
20,664
369,712
99,944
172,333,592
268,872,986
77,471
164,180,316
11,160,712
52,227
119,536
207,608
723,740
682,725
108,392,611
488,661
667,788
397,803
190,687
77,137
54,446,502
150,375
296,380,487
623,962,995
465,666,849
232,683
646,965
137,341,489
41,535
279,612
64,541
325,512
652,858
306,721,746
99,741
625,989
463,656
62,814
786,811
8,139
621,710
64,556
275,743
4,491,523
122,173,262
57,446
93,98
566,957
262,720
72,972
426,906
49,854,976
773,932
662,744
58,547,706
563,749,894
182,428,590
515,824
126,619,744
300,626
291,996
597,673
352,591,613
602,931
63,305,532
401,469,892
150,231
188,622,883
486,924
431,447
383,682,936
406,712
11,454
180,567
599,757
67,990
460,479,818
222,248
465,625
492,638,871
269,376
322,521,828
190,487
15,287
873,999
17,77,140
790,825
793,945
219,416
314,691
484,725
22,944
800,879
125,659
504,729
238,604
229,953
285,552
68,104,488
310,560
167,218
58,633,772
2,332
203,420
76,877
512,681,910
365,427,500
501,921
467,580
221,455,716
112,410
182,572
200,338,510
747,759
339,356
625,878
177,729
486,771
664,698
389,471,744
288,633
637,663,928
64,893,999
661,859
486,719
349,650
348,399,914
418,855,953
92,113,782
304,479,647
347,461
190,210,935
306,706,867
436,924
376,489
100,331,458
22,557
46,87
246,555,682
279,606
267,484,949
590,704
755,842
57,826
189,325
105,116,949
42,644
316,709
680,889
106,978
121,139,481
459,471,486
32,244,835
67,857
468,745
393,534
103,835,907
236,270
452,772
30,101,327
585,968
155,199,399
529,584
569,984
65,466,802
650,873
72,539,577
467,725
280,926
135,407
259,580,639
226,229,377
711,789
131,253,548
241,434
128,608
174,371,742
411,688
545,747
792,901
449,823
346,664,792
34,586
435,537,816
162,300
89,523
318,459
151,252,877
336,614,920
480,837
747,792
296,625,967
4,359,579
35,97,513
252,529
483,575
80,500
493,864
730,908
109,719
441,472,695
319,424,764
288,692
86,487,809
153,280
86,185,676
294,303
88,251
468,811,858
248,385,641
626,689
87,351,974
132,346
147,605
308,505
120,262
40,188
124,578
241,326
236,427
162,845
335,609
250,685,755
179,609
271,447
338,418
280,965
288,327
650,965
428,909
312,370
454,830
550,646
522,922
260,337,497
73,146
419,858
288,671
379,468
148,345,846
312,571
92,692
564,773
308,573
452,610
179,402
212,365
785,963
61,62
8,784,948
276,634
78,419
113,269,587
487,920
275,596
88,657,773
172,457
126,626,777
487,862
570,744,822
694,904
441,917,992
173,621
413,714
38,73
135,759
357,752,940
536,721,981
26,187,862
483,740
159,369
167,336
503,848
488,871
20,277
805,857
690,834
281,417
172,777
572,878
65,288
661,826
618,879
743,990
189,400,666
408,868
403,509,962
504,758
331,655
429,438
855,920
516,618
723,880
778,830
5,891
608,817
107,261,707
521,839
411,949
42,394,756
124,536,738
95,188
198,855
59,965
105,729
34,347
202,999
300,816
223,561,632
378,534,611
460,609,862
523,609
447,487,739
185,334
614,773
307,496
606,732
253,355,971
387,551
77,357
556,663
344,997
166,428,972
289,377
400,566
23,35,832
565,827
600,853
96,917
203,608
473,740
81,289,799
670,917
117,839
688,919
248,526
365,942
484,761
359,394,574
573,973
410,940,975
193,540,887
896,984
486,505,822
378,633
220,720
457,980
54,974
520,573,743
105,725,799
716,878
13,808
341,889
282,389,490
108,190,517
181,238
474,594
359,581
86,941
62,223
533,878
233,344
613,895
102,370
289,938
143,182,837
327,820
587,816
272,273,833
268,938
69,481,928
423,804
171,752
634,720,721
50,439
376,740
71,541
193,511
667,695,766
394,894,953
293,542
745,772
32,422
10,615
860,991
228,255,824
107,269,636
133,245
50,228,828
444,732
447,674,882
146,358,938
518,814,996
503,663
753,941
720,944,963
671,708
488,517
673,762
696,763
352,644
17,111,834
96,272
425,529,905
8,378,890
21,929
213,337,485
226,673,855
8,171
771,815
598,923
9,35
563,977
27,836
279,873
256,622,630
116,217
71,825
84,631
410,640
177,586
122,489,655
125,622,908
102,198
150,608
212,314
619,952
182,788
274,390,754
380,826
75,631
223,850
497,962
725,749
213,418
183,371
132,576
331,639
170,397
160,162
594,615
436,586,987
699,966,979
110,959
863,868,978
479,823
66,856
215,361,908
812,817
786,806
188,1000
524,640
260,569
738,801
290,941,992
29,598
2,218,388
335,791,865
504,735
101,670,690
104,939
411,709
610,816
521,681
530,952
292,588
54,155,449
464,522,888
378,835
460,587
274,469
63,746
380,588,934
240,861
25,767
127,670,824
885,975
331,517
115,836
516,670
484,894
54,641
42,494
61,849
12,601
575,576
30,798,906
74,320
327,692,957
494,867
446,731
675,957
121,860,923
797,858,859
21,837
64,150,861
222,393
135,347,633
586,970
360,551,842
119,141
319,642
910,969
212,484
330,645,827
179,300
48,660
828,835
501,664
47,148,436
33,973
380,449
258,991
682,895
541,934
345,441
279,749
773,856
255,529,945
286,798
145,906
238,738
177,383
465,630
279,296,404
572,898
119,179,525
610,781
267,277,963
590,641
516,620
199,595,721
542,589
68,176,717
663,800
97,118,715
37,105
768,798,890
577,918
348,881,930
299,806
211,426,768
307,981
44,669,822
487,491,900
28,399
175,226,814
139,791
352,514
218,815
165,388
299,756
470,532
19,120,928
678,772
605,624,923
292,440,514
35,301,819
597,858
261,534
83,636
532,881
319,473
512,852
498,909
8,362
103,419,589
128,546,556
449,535
145,492,765
27,217
140,437,921
457,487
371,576,985
109,167,884
543,587
749,971
54,173,827
79,264,514
96,689
25,471
226,708
680,731
62,637,953
227,690
23,502
160,209
125,211,957
16,757
937,977
570,643
148,441,607
148,659
545,586,657
323,542
38,238,914
114,167,276
120,461,887
305,654
328,607,859
62,551
144,488,954
165,227
196,271
453,469,846
232,580,964
431,899
276,894
220,663
322,590
554,843
285,527,750
722,746
288,642
491,635,828
555,674
130,900
33,224,355
41,966
631,783
240,663
421,691
416,986
60,318,804
640,682
645,908
71,539,764
260,897
463,715
83,396,696
140,538
312,419
184,324
380,758
127,398
497,642,957
476,656,897
131,754
488,855
54,413,764
611,865
647,697
119,473
9,137,516
585,807
121,904
454,558
815,912
42,287,798
27,179
675,733
319,831,990
209,717
370,414
226,773
125,988
36,972
37,423,989
315,465,844
15,702
236,656,784
217,440,496
338,519,761
71,170
214,341
189,540
83,836
232,842
118,595
741,991
262,792
104,490,751
539,608,955
50,416,916
64,463,952
183,300
147,778
190,198,417
43,262
514,779
136,997
400,488
541,658
385,604,677
621,906
180,857
562,878
2,112,534
888,966
117,503,663
154,324,939
10,709
462,670
58,403,607
184,288
372,980
93,107,396
936,976
761,969
163,713
238,827
68,548
9,624
54,119
176,217
40,347
94,854
123,134,154
360,581,888
321,517
538,929,986
473,846
168,531
68,112,877
17,282,425
326,502,950
256,649
142,792
29,100
304,446
279,488
121,501,611
199,359,866
43,286,607
448,583
225,313
51,227
163,656
27,274
299,832
779,886,975
160,259
512,650,870
379,654
706,779
294,799,963
168,320
456,968
816,909,999
553,582
666,929
111,985
283,927
472,952
382,613,682
327,452
310,775
698,875
122,327,933
810,858
574,695
585,932,993
220,955
213,746
598,988
158,243,896
602,738
528,712,799
541,629
215,636
570,710
134,637,724
81,528
73,557,701
440,932
26,688
597,645
128,283,693
330,483
329,586,930
804,974
607,990
333,812
409,442,756
545,731
126,380
361,502,591
8,254
198,224
382,611
23,746
523,762
243,650
441,651
345,409,444
442,798
457,636,783
575,787
199,827
555,855
612,785
216,219
209,615
607,690
145,886
525,833
146,503
94,639
695,709,961
353,436
631,884
495,905
169,754,904
734,995
146,915
671,914
30,46,291
137,706,719
237,615
661,984
74,280,417
200,925,978
135,641,744
295,817
175,831
297,803
645,698
134,601,988
372,961
241,532,984
142,743
529,799
148,403,451
37,276,515
525,536,981
72,154
254,401,571
90,201
214,420
354,528,671
377,645
665,711
613,646,792
76,497,776
420,588
465,543
389,651
119,364,588
390,391,987
14,96
823,957
818,820
145,656
522,831
527,997
300,501,927
264,335
261,842
292,445
59,872
366,497
499,542,833
815,989
635,959,961
35,857,955
484,848
437,768,776
634,793
495,794
64,552,950
211,321
383,388
378,974
103,559
95,232
107,176
284,350
844,994
427,495
280,764
793,914
112,965
182,502,849
431,472
82,582
76,804
193,866
392,882
119,170
44,230,598
229,530
64,172
746,750
348,775,841
421,981
98,320
464,725
15,301,456
310,514
323,670
21,582
2,480,648
200,994
544,583,734
169,658
125,569,972
514,905
190,393
63,415,501
313,533,930
329,441,889
252,959
40,351
87,446,469
54,490,603
137,431
269,380,783
34,469,949
364,442,988
847,905
141,826,976
164,479
283,537
303,733
189,493
190,800
58,255,898
32,255
885,893
441,877
459,943
540,959
650,683
33,111
370,846
182,436
176,569
145,262
9,793,986
149,381
349,376,432
332,500
159,958
113,312,370
84,494,977
8,655
208,247
27,66,319
73,268,989
589,706
261,937
139,273
76,184
759,786,943
105,296,612
253,583
203,774
262,927,965
379,907
145,354
573,661
232,240
245,530,874
564,615,628
284,339,926
162,313,847
253,528,646
3,916
69,308
82,336,676
896,995
344,773
49,550
339,962
314,762
264,639,891
272,775
615,956
80,365
85,272,696
277,392
538,744,826
64,711,863
238,264,575
697,817
569,740,779
155,571,658
231,235,819
391,630
166,192
428,873
149,253
173,302
70,401
247,797
140,333
246,319
513,744
7,979
656,771,820
171,277,927
130,323
12,727
32,334
260,375
125,167
342,498
533,690
451,596
353,542
44,132
529,770
432,581
304,314
77,863,970
418,829
183,426
324,470,632
655,961
194,212,920
112,253,916
30,180
280,804,896
497,544,690
117,972
300,339
616,828
495,780
201,486
330,535,660
165,655,901
38,546
422,494,819
114,756
632,815,864
509,872
84,510
321,800,934
85,187
366,442
254,848
76,441
107,333
380,541,703
258,687
153,513,617
36,104,459
14,285
91,417
217,759
205,264
179,203,318
814,886
248,423
75,939
256,677
270,351
126,252,757
398,661
196,950
3,430
723,824
270,948
633,850
255,321
714,798
113,543,619
16,540
51,263
186,792
143,931
103,633,819
31,694
519,648
137,362
774,997
185,714,884
320,846
193,845
146,787
536,853
383,980
355,438
17,69,509
20,373
563,962
368,614,808
715,837
309,479
302,652
56,904
102,766,813
135,477
163,232
218,463,895
6,145
940,996
25,472
178,257,960
246,668,899
75,723,881
214,924
58,322
243,910
18,150
139,703
546,727,989
73,978
203,626
391,412
235,928
562,917
789,881
51,63,310
90,222
20,246,497
635,740
637,867
190,690
786,989
184,206
866,880
883,958
39,168,276
482,730,914
548,701,972
23,359
127,481
175,877
234,253
448,665,906
622,721,896
695,793
418,566
836,968
293,386
14,281,559
667,773
426,447,917
51,779
414,715
135,404,759
273,624
51,994
380,493
20,464
331,353
790,913
210,988
239,479
457,690,855
523,687
226,937
1,371,375
569,781
556,800,898
15,379
259,424,468
395,771,982
84,463
119,874
500,627,909
665,715
153,773,961
268,729
60,165,816
189,590,720
316,621
147,394,558
773,810
170,610,829
877,956
533,749
670,725
342,918
231,616
258,854,909
490,681,962
351,450,961
223,991
474,637
774,962
52,112,123
537,816,876
247,407,781
203,716,843
159,295
82,581
49,126
205,739
137,520
358,766
325,525
353,648,846
545,939
18,121
549,849
577,981
128,756
447,550
187,381
27,783
159,388,788
109,474
404,496,927
284,688
595,708
565,820
732,972
36,526
529,646
262,993
299,308,564
302,530
533,554
643,816
125,275,541
237,427
185,680
185,311
772,992
10,556
228,364,855
117,131,199
505,651,772
252,811
158,595
890,922
79,597
222,680,731
30,195
360,447,820
703,945
408,642,690
277,646
378,383
822,908
5,546,830
284,289,888
88,868
124,535
43,384,760
187,194
177,683
270,621,849
40,424
152,210,483
273,899
367,610
211,921
421,475,949
343,854,926
93,150
237,584,831
310,539
480,795
25,461,588
347,822
234,496
21,318,470
218,719
881,981
86,654
358,373,749
198,600,735
260,839,945
242,635
151,202
501,951
51,766
153,446,851
420,487,507
68,583
653,814
129,784
380,441
192,292
473,702
141,307
40,850,881
316,706
452,869
84,111,355
513,608,872
111,291
148,616
583,663,840
96,741,755
497,573
48,111
114,769
209,341
358,861
294,724,793
728,981
295,722,899
803,833
65,254
218,426
131,465,526
37,282
774,862,882
438,716,939
69,780
780,873
345,922,929
161,562,806
10,522,692
52,994
188,250
173,637,853
407,664
856,948
397,525
16,268,591
92,291
368,391,680
325,329,466
47,87
284,926
76,322
385,908
275,969
237,710
381,405
102,773,844
95,954
20,866
127,325,853
67,911
134,154
50,838
419,857
479,636
21,98,250
243,934
248,480
295,974
229,744
194,641
63,211
555,712
273,821
78,300
637,651
569,761
139,193,419
242,638
771,933
336,893
354,961
137,734
32,34,482
416,886
248,883,997
108,976
744,758,836
5,106
634,753
151,230,883
542,789
119,238,525
360,700
85,829,869
38,801
681,780
251,624
199,747
742,779,958
126,455,685
123,518
311,682
706,837
501,742,888
62,389,837
257,347,744
205,563
115,770,949
384,523
685,702
854,936
440,797
300,768,816
600,900
370,571
291,665
81,695
891,976
64,130
117,254,427
473,696
756,860
777,862
110,357,863
64,795
760,837,859
58,416
293,382,966
783,812,984
864,976
11,570
286,918
604,854
471,674,972
85,257
509,663
141,812,855
193,201
516,995
170,415
514,928
889,980
445,569
9,322,750
26,228
453,478
74,666
120,728,953
270,451
522,854,920
162,589,790
364,724
25,296,391
413,795
109,646
460,586
963,994
502,733
715,932
297,955
465,783
343,613
149,737
249,393,558
530,672,811
206,394,905
5,816
353,561
457,972
483,565,686
153,352,794
204,794
905,959
215,560
119,542
382,586,986
224,530
581,992
23,659
462,792
136,932
146,219
139,661
72,366
286,498,884
543,738
79,286
59,369,693
305,591
631,871
46,552,939
330,677
438,628,995
489,993
500,529,562
34,660,918
34,256
608,728
279,591
12,96,824
474,784
122,154,681
140,900
443,761,917
215,717
16,186
560,675,774
540,708
41,392
141,476,739
551,994
431,986
638,1000
29,975
453,498,892
196,849
143,859,875
310,517
400,434,975
173,928
83,544
140,158
29,343
105,654,701
356,369
25,299,577
149,761
248,536,954
270,599
798,984
3,486
638,701,971
259,633
636,995
270,443
336,707
949,968
200,212
796,878
439,520
257,270,872
126,304
366,556
56,683,800
502,544
31,250,494
478,598,806
123,146
124,203,783
369,453
677,827
453,605
154,402
819,872
215,486,496
277,988
491,711
647,781
353,599
109,328,992
261,910
23,412
711,918
221,419,439
243,744,987
188,744
280,436
101,594
461,589
599,851
541,625
496,587
296,773
579,867
398,663,863
191,774
808,951
537,714,920
150,519,790
44,519
720,842
144,156,226
164,896
222,990
195,445,542
292,605,735
352,495,946
199,257
60,655,960
188,469,622
104,373
634,746
135,473
326,371
462,982
86,715
814,879
23,749
173,805
821,940
120,712
448,902
380,536
30,439,643
556,902
421,512
121,693
89,907
211,622
108,149
10,250
180,965
87,763
900,990
332,939
585,614,965
279,747,904
115,509
72,395
351,559,888
221,312,372
821,947
292,745
443,757
10,441
105,718
34,36
126,638
239,498
486,887
681,851
288,323,884
112,550
839,847
161,602
256,485,488
421,512,658
93,476,705
192,612
15,185,477
463,536,567
99,269
457,589
232,923
282,992
476,904
166,445
69,904
492,543
516,898
56,358,940
755,934
202,785
583,665,907
637,808
45,653
145,897,932
552,648
491,633
253,370
344,868
547,699
33,757,932
223,254,710
159,775
230,557
317,489
210,528,899
22,133,247
204,488
237,572
742,946
168,718
293,335,353
490,969
541,917
684,849
147,677
23,357,832
146,755
156,731
286,663
146,377
117,269
108,200,791
418,945
194,440
10,822
793,928
381,533,669
404,428
362,719,950
361,487,759
98,134
544,677
809,880
234,918
12,273,354
139,879
29,398
378,975
203,464,796
287,580
369,517
308,322,489
306,532
367,401
618,682
75,228,884
424,885
50,408
519,994
568,938
107,483
61,491,830
31,260,512
599,608
232,799,859
232,441,834
142,276,544
659,726
90,434,553
612,707
254,763,857
632,716
755,896
376,383
104,203
140,650
108,284,311
104,138,805
527,856
356,531,844
148,837
62,447
606,997
662,784
61,511
333,506
835,998
589,760
202,838
435,638
179,198,934
826,827
205,555,958
425,985
68,782,843
646,901
332,547,992
84,749
22,440,974
482,934
179,330
139,537
597,752
130,335
119,718
407,536
379,887
205,471,956
242,393,394
55,344,534
768,797
632,754,952
2,356,435
619,740
274,389,913
401,595,677
631,941
17,430,649
558,959
671,702
1,778
56,812
164,521,547
139,811
449,694,972
328,820
118,504
178,521,807
373,405
652,828
379,387
33,145,798
254,659
822,929
494,579
106,614
42,156
196,251,583
56,120,852
261,563
24,476
336,873
738,820
37,102
20,582
293,779
428,647
40,533
496,546,720
297,318,721
45,475
605,826
231,874
178,254
455,468,593
398,403
570,582
150,618
379,585,989
189,432,897
295,367
68,705
529,899,926
551,663
654,779
261,438,858
608,962
407,519
811,819,919
691,889
72,156,992
501,563
521,895
626,744
534,944
32,671
98,886
354,839
214,404
180,307
67,892
47,713,808
615,815
455,653
550,700
820,998
224,615
57,107,179
139,743
473,928
901,989
164,801
276,892
774,892
314,570,612
500,767
356,410,635
106,594
198,426
569,737
355,518
273,552,828
150,435
601,654
112,315,503
263,873
121,791
158,363
337,399
50,763
952,997
8,210,766
280,521,747
154,296
559,995
20,185
45,959
643,780,838
64,740,850
324,665
229,618,874
316,326
148,745
151,959
250,645
794,829
313,480
171,334
277,676
383,925
166,318
329,556
78,152,476
18,95
113,532,671
231,367,787
12,549,583
58,273,418
222,644,981
339,842
290,495,598
551,855,901
146,343
152,165
812,939
237,277,400
5,60,993
176,222
18,273
392,787,935
14,578
662,726
420,773
238,874
19,309,981
1,804,999
533,908
438,697
531,593
243,368
760,802,867
696,759
480,705
524,668
760,945
5,764,973
285,532,857
354,784
48,307
242,517,813
1,22,400
684,699
292,904
285,458
68,924
110,409,551
47,138
265,471,556
267,343,879
65,341
488,660
284,656
673,877
228,473
581,683
237,975
777,910
217,882
343,664,963
524,797
16,58
42,330
355,550,831
19,229,694
153,576
588,679
257,278
365,966
638,645
193,332
618,779
103,272
532,827
389,512
516,858
57,896
165,975
362,620,802
344,695
656,778
125,753,867
659,821
68,176
474,712,743
18,184,858
147,546,994
210,454
81,233
107,375
93,877
60,683
686,702,812
179,738
482,492
30,221,895
477,730
558,761
164,293
335,574
228,390,973
328,683,847
197,937
336,607,962
477,892,910
367,963
87,183,438
84,901
258,355,712
199,467
331,829
61,100,689
267,750
240,762
633,679
189,206,258
572,663
677,890
402,567
853,867
307,390,691
319,444,752
530,699,755
194,220,245
63,252,253
116,317
650,796
66,272,856
472,482,960
530,686
16,344
90,243,928
560,776
591,788
316,328,505
222,874,912
817,926
178,260
151,481
739,818,908
913,990
450,980
230,659
276,448
228,824,856
475,519
534,724
94,863,944
226,789
448,544,790
611,999
32,150,858
422,754
465,738,982
234,290
548,555,708
596,687
210,752
229,689
167,501
74,478,535
69,565
72,932
79,253
20,394,982
157,870
49,400,632
55,167,562
83,586,631
483,793
644,733
283,947,960
195,299,882
228,784
722,893
508,575
526,666
98,201,939
255,835
152,640
459,716,954
183,509
657,998
262,604
38,168
564,851
132,862
172,424,790
513,623,919
615,954
445,564
879,983
451,797
203,296,924
882,883
389,595
718,935
31,549
678,793,853
54,554,699
511,772
466,685
914,987
93,612
767,948
564,707
76,569
180,351,614
786,835
616,998
438,497,620
425,786
646,994
11,311,523
604,950
73,425
64,364,663
8,23,303
99,133
132,159,957
81,91,167
19,297,702
330,449,470
776,817
151,901
225,987
168,504
225,446
73,490,768
375,397
382,879
684,884
58,291
337,656
821,877
157,730
188,400
37,452,982
263,389
254,786,996
45,512,751
580,593
241,721
254,946
338,593
50,254
347,424
333,394
587,608
146,373,792
215,518
127,132,950
46,719,988
381,980
623,986
256,987
408,800
357,419
79,562
839,856
35,351
172,533
533,688
193,745
308,570
436,959,995
343,356,707
942,990
23,657
69,516
136,887
221,257,783
278,610
208,548,781
486,859
832,960
169,475
922,970
268,491,560
203,952
55,338
581,910,917
313,698
201,370,747
26,766
427,570
38,504,949
555,749
747,759
126,850
125,833
337,514,777
163,716
564,984
170,258,966
254,602,994
2,679
42,293
170,717,878
192,950,955
370,457,490
705,794,877
89,152
395,937
420,541,708
455,548
67,125,752
175,266
72,903
28,37
582,726
262,523,635
254,802
120,871
331,913
462,620
292,544
198,207
513,669
250,737
221,693,980
296,330,949
291,787,863
138,256,365
828,878
270,281,557
755,987,1000
573,678
526,630,860
235,765
501,983
353,731
779,885
231,260
304,912
599,838
694,767
292,504
657,934
39,480,875
66,597
87,101,986
531,998
413,662
118,785
347,457
245,956
450,597
269,545
207,975
442,859,922
29,174
206,408
481,704
125,880
412,906
166,245
155,681,969
733,822
570,923
122,215,601
83,732,914
236,407
49,89,337
147,171,958
385,447
566,792
54,579,625
85,590
639,656
411,951
161,177,503
77,999
542,748
75,505
330,818
70,147,785
240,592
189,386
111,501,788
437,804,844
684,801
138,339,636
305,752
58,249
2,993
363,469,918
88,862
108,956
48,78,515
293,646
387,587,962
714,849,929
21,314
215,347,707
462,933
163,407
142,197,694
260,770
3,333,607
253,571
290,680
759,870
160,185,353
264,928
610,683,758
438,723,874
481,867
906,945
88,607
808,918,986
92,110
38,462
64,589
20,64,525
119,317,626
378,455
211,861
16,881
339,423,909
221,502,651
264,537
253,970
249,268
274,828
173,767
21,954
51,950
189,300,446
597,705
299,533
1,722,773
56,357
397,569,878
507,978
19,119
564,715
203,469
161,331,365
379,909
358,766
338,400,940
386,605
491,916
134,183
331,369,926
69,750
68,794
241,455
101,852
136,914
47,96
47,795
370,484,545
91,773
624,726
245,827
403,700
949,964
12,325,594
360,405
278,459
390,523,976
568,641
563,634
1,866,869
450,968
103,751
665,670,740
337,563,584
132,543
669,722,880
133,169,933
9,325
76,955
401,582,882
310,706,945
340,774
201,398,713
2,927
108,574
357,666
94,224
84,644
55,739
12,637
493,553
232,686
118,215,414
436,554
852,997
520,765
55,276,738
41,361,490
169,515
59,963
595,638
404,447,601
141,616,852
142,574
45,325
369,423,570
551,576,879
484,699
336,655
65,95,442
406,580,655
681,749
251,680
697,931
98,134
165,712
181,821
15,462
349,486,1000
424,763
837,853
14,539
420,603,738
135,896
244,481
39,774
265,793
61,322,628
614,956
719,804
584,592
46,139
457,770
406,678
841,872
289,339
496,638
435,453,876
734,795,997
103,881,917
147,245,550
133,403
295,553
139,372
35,357,623
147,159
754,854,873
287,347,874
393,435
247,942,982
443,559,710
409,815
335,566
247,453,732
252,878
581,624
266,411,718
833,930
100,838
482,550
324,391,625
267,517
733,941
418,799
68,852
604,721
270,480
894,943
529,640
219,779
25,97
178,363
768,917
404,456
416,501,939
715,761
84,661
543,569
107,178,698
481,824
70,787
180,597
540,952
121,409
207,418
27,827,982
290,507,688
465,702
299,472,751
128,963
53,392,573
637,858
154,203,660
228,835
129,280
548,828
106,555
444,653
36,373
95,530,971
547,757
469,558,873
663,987
394,797
347,519,770
302,316,458
76,183
93,827
490,638,984
700,766,780
696,876
519,646,845
413,511,513
533,707
83,318
76,214,649
516,608,689
58,197,776
208,247,641
296,812,984
264,269
909,947
849,850
364,450
333,428
616,642,659
4,19,283
285,733
425,627
347,526,545
264,495,696
13,328
159,167
468,672
344,764
421,489,904
314,476
624,825,907
37,59,530
114,491
402,589,666
509,926
467,642,813
209,719,853
208,248
79,528
367,864
490,588,601
243,935
134,874,972
162,546
474,610
437,854
297,993
92,755,773
448,634
740,843
284,789
365,767
80,91,993
214,709
51,912
832,973
231,795
81,246
292,955,973
466,784
458,635
252,679
617,652
507,550
796,895
240,270,970
157,735
236,265,301
705,800
173,710,776
438,726
304,507
73,423
373,811
182,451,522
107,274
595,678
427,564
43,391,574
171,961
448,512
322,765
184,837
173,351,419
219,300,864
215,292,738
733,814
422,634,819
15,304,844
347,729
709,890
472,992
176,397
422,986
72,904
169,904
532,799
44,417
266,742
762,794
508,827,972
210,735
157,386
213,750
259,774
39,840
413,928
554,601,707
520,950
274,812
152,977
140,160
139,868
427,615,894
23,497,750
682,826
905,946
173,231
478,955
424,589
616,746
431,697,858
386,503,943
331,372,514
552,661,916
20,503
256,781
525,671
93,669,994
210,683,917
249,742
307,688
36,275
20,115,499
656,683,972
170,454,517
25,730
370,585
582,755
297,789
114,477,680
587,755,997
383,652
133,971
84,295
346,865,965
102,625
59,147
211,452
711,835
260,320
325,760,819
176,688,884
88,170,189
128,664
311,608
34,429
153,769
196,698
661,907
690,876
407,835,844
65,651
289,543,861
458,941
704,985
363,486,561
465,910
834,976
705,742,965
14,127,733
203,331,346
21,554,812
148,276
75,186,480
482,647
184,316
101,800,811
31,79
697,719
317,717,997
384,575
431,663
79,814
357,449,729
604,609,836
194,653,855
450,458
308,479,871
843,951
557,637
937,1000
459,511
196,547,822
94,634,652
379,561,841
49,395,785
41,82
672,860
652,935
137,164
230,236
88,253,415
592,958
279,730
364,433
294,948
8,254
441,946
271,684
933,943
571,619
493,646
56,606
330,826
102,130
205,947
551,694
297,716
352,498
619,1000
31,388
310,760
28,334
498,783
212,394,951
76,713
517,996
126,453,774
81,503,885
452,754,862
21,48,739
543,711
184,342
449,467
557,697
548,554
449,696
310,697
71,128
550,654
94,963
185,388
375,569
735,972
120,777
403,556
74,261
504,917
368,777,817
236,251
819,836
655,887
90,215
195,487
136,734
474,616
695,893
115,477,618
2,227,590
216,945
372,388
530,565
55,584
135,552
156,347
254,710,872
167,815,944
106,976
728,920
135,783,846
148,733
287,735
20,96
285,684
229,320
12,62
303,683
137,670,986
250,441
287,325
517,963
112,355
185,510
557,659,902
823,839,912
265,523
62,992
352,657,926
306,740
192,644
327,446
553,729
272,903
423,948
80,214,392
787,999
73,346
209,290
547,872
193,595
336,546
114,227,943
197,796
156,954
292,420
319,530
628,683,921
637,662
246,369
305,513
658,1000
13,750
77,413,711
389,390
121,819,891
273,549,621
447,746
246,392
74,318,483
394,651,943
427,563
184,835
569,760
187,334
894,923
62,330
26,331
763,828
496,731
289,429,827
472,908,998
28,912,972
621,917
259,970
198,283
184,560
120,166
139,434,693
496,588
445,761
518,826
474,794,803
217,783
339,454,809
39,423
894,927,947
333,441
372,847
706,857
59,121,379
19,28
778,897
55,175
205,262,359
334,726
704,936
391,457,596
210,232,615
68,198
460,519,701
228,499,569
288,422
339,671,870
651,670,950
94,264
172,461
34,243,997
569,745
720,837
557,763
8,479
46,459
386,715
40,132,222
300,775,780
272,286,906
165,977
246,257,335
195,728
208,532
136,765
382,415,993
182,805
33,436
692,740
7,692,922
496,939
28,396,485
187,608
519,571
178,381
669,976
120,707
60,440,947
244,766
311,880
58,95
432,869,936
256,486,498
191,541
690,907
622,789,881
354,419,539
101,970
323,551,663
420,741
563,771
596,731
126,538,759
75,776
162,466
170,778
209,259,552
843,871
461,583
661,979
26,593
23,402,692
59,567,729
114,177
37,43,690
638,852
683,863
236,333
760,867
46,685
236,848
905,983
271,602
68,571
1,967
31,523,742
302,413,661
281,285,957
215,374,571
925,960
231,863
429,970
82,528,999
685,789
436,949
111,338,392
428,596,639
614,957
105,732
763,890,902
243,981
662,900
59,553,633
644,812
244,706,707
149,563,574
507,526,653
70,258,321
16,264
25,609
459,612
581,855
863,923
479,892
308,433
745,773,976
925,976
159,639
497,524
277,928
139,884
44,290,438
549,722
220,892
265,735
865,948
201,652,814
75,793
235,589
243,874
58,631
500,683
256,319
424,511,578
392,989
420,777,862
768,881
33,346
61,310
558,569,770
14,182,191
210,945
70,85,574
89,128
106,635
529,632,873
134,626,702
265,359,977
492,608
27,146
61,240,632
329,570,800
14,494
562,618
633,848
163,238,504
53,509
447,448,999
637,849
258,829
594,615,722
330,969
295,551
19,315
198,267,976
95,402
506,558
644,768
244,384
144,453
173,756
276,745
120,949
28,31,717
475,496,519
198,512
368,954
222,497,548
179,882
364,901
166,472
563,578
457,852
623,784
200,659,944
415,643
64,333,916
90,623
198,844,960
148,918
120,768
765,919
546,706
42,247,777
222,935
802,929
113,465
40,347
474,832
309,560,894
336,427,927
424,905
585,815
258,435
450,738
620,784
122,168,926
72,938
492,861
30,617
690,793
275,822
353,834
146,388
16,375
677,744
593,620
341,617
272,378
184,209,244
269,675,991
805,876
358,444
75,342
665,824
606,754,908
678,954
280,818
173,883,893
548,751
485,574
90,826
467,700
113,201,991
497,710,812
173,184,441
45,322
814,895
143,858
224,629
273,672,684
62,424
530,826
5,239,555
563,926
203,222,656
556,688
233,434
285,689,977
337,687
57,83,723
272,918
236,810
82,993
12,647
18,600,919
155,214,449
105,209,904
99,241
219,562,563
255,962
580,923
131,385,837
45,982
773,775,842
230,689
358,524,564
214,450,691
125,803
48,799
255,672
117,605
290,733,819
88,673,674
161,802
5,8,892
147,295
374,494
931,992
151,506,704
210,244
153,855
47,48
187,243,622
145,905
788,974
275,641
114,694
191,753
559,828
455,915
452,802,988
766,875
111,368
250,377,930
177,359
471,485
230,327
475,675
65,229
10,431
257,585
734,922
99,694
983,1000
334,977,985
292,489
666,718
249,793
682,864
92,469
198,356
253,974
45,996
40,318,877
65,180
199,959
269,864
150,386,984
500,786
207,563,956
170,838
334,706
202,335,975
406,932
421,576
108,208
158,825
452,845
237,682
507,550
359,792
527,744
130,400,434
97,600
197,933
269,577
581,783,899
252,788,983
386,706,861
67,232,572
957,964
148,306
332,590
627,665,765
652,664
340,607
157,296,571
950,960
160,710
14,302
871,887
43,103,426
21,385,475
712,771
257,676
413,567
96,424
271,308,403
231,254
243,378
25,37,151
541,664,818
131,387,443
196,502,522
73,926
148,302
92,897
18,684,890
112,907,955
221,937
57,597,912
323,416,452
167,258
597,876
360,591,913
493,537
98,428,673
99,256
66,729
47,470,542
712,873
38,973
693,821
89,167,722
331,540
203,250
5,223
308,569,681
10,867
277,627
451,665
310,376,480
539,840
273,726,907
503,678
75,406
412,690,784
115,954
253,941
495,680
337,944
352,384
141,405,747
200,335
538,759,781
209,276
52,518,963
38,717,928
389,393
655,970
278,433
409,958
356,394
205,553,830
347,803
221,985
806,999
641,820
725,925
328,467
62,922,957
592,892
136,221
622,885
109,804
267,821
78,282
191,572,733
384,886
128,654
227,873,966
454,537
227,714
436,594
827,843,883
316,357
384,695
569,645
160,798,919
481,550
80,361,574
14,651
521,931
62,223
287,983
212,940
133,730
582,792
530,649,658
186,890
66,969
339,788,938
35,329
10,32,624
138,295
638,730
190,321
90,686,816
401,467,679
22,306
111,781
398,426
183,596
30,624
78,628
705,984
116,588,748
68,921
328,574
533,736
224,691
148,186,889
306,598
233,928
546,954
589,991
396,571
667,720
302,383
324,371,974
186,308,354
318,531
240,497
104,163
601,754
871,935
288,772
340,904
751,903
513,662
558,574,614
312,347,984
78,442
835,881,949
977,994
803,871
300,601
133,614
259,531
10,398,628
585,747
367,522,760
204,865
259,919
339,873
69,559,600
339,994
360,619,765
127,162
665,837
269,348,688
245,890
274,820
582,591,949
85,423,640
564,978
2,705
728,854
161,400
128,580
276,552,711
605,945
279,506
70,913
205,779
336,440
152,428
387,679,804
653,657
201,453,579
241,275,934
525,867
588,632
119,676
795,970
141,526
577,934
333,572
36,789
600,681
470,674
121,284
321,584
828,923
245,307
33,123,485
217,663
252,962
347,625,752
213,749
685,777,967
290,403
301,544
232,640
131,144,349
303,628
754,905
371,782
206,300,998
338,851
911,984
135,650
49,135,772
479,934
171,515
57,116,952
268,325
211,236,448
516,817
826,913
596,662
157,432
436,744
98,669
523,722
13,408
302,853
507,543,935
45,334,335
60,360,764
4,762
311,787
31,90,304
60,813
30,480,515
622,709
584,688
614,892
265,497
305,897
453,887
356,732
916,989
63,385
844,919
544,633,879
318,543,682
130,610
14,155
506,877,891
20,418
561,709
709,814
462,873
176,595
49,532
142,834
154,174
45,564
288,505,621
502,819
336,926
110,394,994
211,622
207,224
344,936
83,717
321,858
415,484,799
473,535,588
387,944
39,120,133
294,441
38,297
3,645
93,125
153,955
654,871
574,615
729,999
797,840
658,778
185,238
141,187
65,616
740,840
163,958
517,769
280,457
473,533,687
155,368
76,663,848
526,532,792
193,509,651
434,944
76,228,557
166,320
215,745
382,996
454,674
47,97
279,478,648
393,742,956
15,657
119,195,817
5,42
2,809
611,705
391,471
77,851
52,603
406,785,869
38,317,357
140,199,693
22,295,372
126,639
273,354
98,916
315,358
83,125,839
188,552
438,850
69,130,488
799,904
61,734
341,617
41,56
165,234
269,806
152,513
471,648,887
168,243
955,1000
484,971
516,768,917
771,995
758,892
260,755
38,801
600,992
257,576,667
386,471
193,421
357,667
193,258,520
106,734,860
775,805
440,834
200,212
51,977
914,937
39,473,859
401,891
384,933
588,708
22,189
453,804,858
345,435,815
23,138
695,791
147,748
77,877
549,556,861
546,686,941
285,342,678
262,776
80,985
542,610
608,853
451,859
700,955,979
605,840
511,530
25,541,698
221,403
115,738
409,866,886
832,944
89,419,951
346,826
208,565
94,394
253,667
115,251
207,546
327,394
125,496
63,614
166,570,961
324,852
135,803
341,422
146,981
726,919
462,652
437,927
543,652
578,750
418,655,787
552,725
970,998
402,890
379,766,926
583,748
60,417
217,430
292,496
381,577
347,626
442,861,900
593,594,782
360,370,972
105,420
44,167,601
226,935
735,875
423,792
803,979
157,858
25,156,940
163,713
573,931
552,784
169,355,427
484,855
12,65,890
565,883
919,970
69,979
312,918
270,580
474,760
24,333,927
54,365,746
694,905
111,277,905
124,999
623,734,906
53,80
1,151,311
567,768,824
187,738,745
110,377
164,208,891
298,563
30,822
200,321,897
852,896
759,789
466,899
612,750
673,737
393,769,786
35,162,724
585,687,715
234,435
38,166,846
100,371
369,473
674,951
167,239
810,902
741,783
296,941
336,598
109,265
775,808
45,558,989
465,538
300,863
50,834
176,645
171,213
37,162
737,818
353,427
265,719,798
129,187,438
178,901,952
407,855
497,863
188,532,910
254,947
375,926
28,166,645
359,528
281,992
409,859
792,869,946
219,762
131,964
117,952
7,589
108,704
497,516
221,333,620
84,189,932
482,856
581,785
431,591
190,332,866
381,896
231,561
651,772
112,267,331
47,189
257,274
268,413,859
57,626
96,333
250,718,954
70,315,528
264,687
25,119,363
147,615
42,855
647,698,748
301,971
586,783
434,909
758,766
721,767
401,410
352,857
337,757
390,763,940
847,888
333,523,850
404,409,676
368,530
955,992
417,536,880
64,273,594
377,954
765,945
247,986
218,983
226,349
29,392,454
341,858
35,239,695
384,753
30,757,863
119,453
213,868,942
213,989
214,365
834,860
241,279
477,826
61,306,598
119,847,998
256,672
37,203,282
344,780
85,97
236,791,931
891,997
61,905
156,374,777
550,943
683,889
54,405,463
683,747
752,915
785,800
344,771
272,526
141,499,921
232,734
36,826
141,313
196,267,722
921,995
125,835
663,840
126,178,304
600,783
321,984
41,74,156
161,941
128,461
672,829
182,825,834
495,807
400,463
233,237,387
53,462,517
77,249,697
646,939
23,63,950
94,581
583,810
769,786
195,471
16,273,539
660,912,930
309,803
82,331,742
315,564
482,596
301,713,746
522,817
7,515,772
237,257
29,420
186,305
58,67
418,643
712,746
35,128,960
43,686
130,282,508
5,854,940
275,987
32,663
318,750
698,768,998
469,532
181,318,833
820,884
34,100,832
51,328
106,214
52,60
137,416,817
15,806,926
65,157
198,418,877
289,963,978
667,855,951
91,342
131,266
523,576
744,909
9,398
591,930
4,33,198
113,541
536,720
198,278,352
608,875
69,857
204,401,851
581,715,791
800,979
907,958
809,835,839
28,494
124,154
131,601
111,205,980
219,902
289,540
328,398
299,968
14,661,684
1,49,161
215,653,731
11,33,786
145,246,856
338,693
169,647,705
240,817
53,116
281,354,928
321,695,754
131,176
348,462
142,583,768
25,496
300,353,794
160,221
549,578
74,105
680,707
112,687
258,791
76,397,775
74,363
104,178,914
491,709,736
147,639
129,918
48,483
173,231,970
497,793
355,473
512,838
183,607
700,869,877
194,810
324,330,385
592,620
1,552,761
417,880
563,696
144,487
498,716
39,79
184,342,890
50,220
439,637
76,341
117,131
298,917
677,961
790,822
229,907
469,705
50,695
356,788
46,872
365,485,758
158,457
560,909
9,101,367
618,619
248,504,731
471,767
330,545
277,713
259,350,573
259,306
277,305,367
80,610
111,925
667,670
314,441
140,963
31,609
296,641,698
428,908
35,139,216
99,879
90,167,818
782,871,952
654,759,823
368,487,701
115,262,578
154,818
33,86
69,206
509,866
295,304
387,780
907,966
716,794
377,645,741
296,535,618
833,843
389,635
45,150
64,594,736
251,729
397,635
310,523
39,759,876
237,461,805
436,542,852
192,776
296,486
221,594,599
207,371,999
381,488
36,595
823,942
516,841
529,651
188,192,836
557,786
408,433,647
563,825
179,862
719,875
517,590
608,642,670
414,904
394,639,959
62,707
476,603,931
286,819
39,294,357
59,111
94,628
23,142
102,429
610,687,961
318,788
442,849
313,842
465,755
114,786,976
741,908
683,824
78,773
115,234
834,911
272,544
472,747,781
151,185
332,386,538
159,831,974
86,189
29,705
238,701,969
82,570,884
311,682
75,640,785
270,847
259,420,745
127,544,802
761,809
260,361
347,903
167,773
506,947,959
279,730,760
269,396
705,934
507,952
176,536
286,796
136,180
220,610
692,710
209,652,942
184,323
448,619
240,485
460,997
6,352
286,717
190,319,879
634,839
279,743
258,909,913
393,566
190,528,909
548,939
305,503,558
629,965
202,503
680,966
193,522
149,174
209,608,736
559,901
428,669,730
85,483
203,319
293,523,974
794,958
665,736,832
663,965
696,904
777,812
35,688
123,292,675
211,232,682
187,198,429
398,518
373,484,610
156,494
393,590
225,496
69,907
319,661,769
375,548,659
254,628,678
130,293
406,982
647,754
71,343,786
440,620
52,205,218
158,486,870
383,757
316,549
217,980
499,542
38,378
629,749
160,408
311,747
114,646,814
842,922
13,956
386,816
269,477
72,893
310,784
227,529
399,748
162,334,797
531,832
19,93,856
499,592
2,666,957
372,691,714
227,393,821
98,313
210,694,964
211,800
106,386
484,499,764
149,292,667
414,987
309,539
18,175
438,634
201,471
445,512
876,925
25,535
25,37,808
101,133
157,430,728
427,764
86,355,932
226,477,729
280,932
182,238
448,904
42,776
224,485
239,656
234,372
374,667
126,738
9,431
32,670,797
288,763
69,93
447,599,948
71,831
563,852
359,961
276,818
412,524
169,332,592
409,417
99,860
828,998
656,976
271,316
742,866,942
451,764,950
166,675,986
370,705
954,979
342,750,995
223,279
336,338,749
191,719,931
646,765
301,890
527,547
690,929
583,589
61,95,378
258,947
100,987
141,222,241
236,689
28,427
187,532,812
370,579
160,325
445,460,759
444,744
206,369,847
680,739
459,605,669
4,454,838
380,590,758
403,713,907
510,866
166,465,900
72,400,409
159,369
460,944
10,939
537,842
30,145,384
310,513
905,920,940
203,353
740,775
399,428,490
636,856
402,659,802
256,279
539,774
501,505
173,304,705
99,116
197,248,759
156,887
400,746
614,638,809
361,741,964
395,914
638,792,958
46,987
685,851
712,778
378,955
605,657
328,689
406,792
531,952
33,880
11,81
318,343,680
407,839,856
50,931
463,566
127,306
37,919
436,895
700,901
262,710
124,745
182,919
516,697,928
847,882
157,671,892
85,813
240,631
331,651
371,909,978
436,605
211,755
218,899
242,574,591
516,797,919
452,587
402,522
436,737
131,282
145,365
765,842
236,251
310,501,550
116,774
313,404
405,563,693
181,317,609
936,956
238,407
320,998
719,801
643,999
658,891,952
759,761,865
181,393
533,595
773,888
170,872
317,440
138,238,307
50,890
372,582
263,470
606,617
124,660
101,787
681,685
252,966
98,473,685
261,724
463,854,865
435,749
50,265
362,422
34,408,469
206,574
238,453,496
352,720
284,626
391,875
173,680
291,341,560
529,576
702,818
698,738
33,878
295,311
300,880
86,202
340,603
773,846
48,595
799,953
34,564
609,643
3,292,488
574,727
142,177,265
91,295
405,464,959
516,714
100,515,724
176,971
32,83,487
373,573
578,763,834
349,605
490,638
304,702
646,947
79,537
457,718
213,295
399,411
432,814
733,912,966
95,884
129,379
829,877,888
222,548
243,596,783
308,741,826
132,210,431
8,514,946
588,919
233,234,591
187,789
29,205
304,744
231,310
162,642
125,445,741
257,517
292,852
117,478,675
526,843
145,386,706
22,116,440
109,441,527
184,474,918
636,787,924
370,732
238,429,743
258,289
347,465,619
12,556
454,781
534,940
475,871
601,658,874
244,819,861
198,537,593
402,741
95,413
278,813,909
849,893
98,117,492
129,842
390,669
134,904
195,658,856
184,557
460,908
130,169
604,648
140,340
114,309
378,744
9,990
74,905
76,117,357
399,980
612,990
218,815,926
143,327
320,721
347,446
401,995
493,963
123,520
110,959
321,494
132,202,601
322,662
557,609
163,759,922
55,354
337,732,886
164,800
193,670
65,840,928
279,614
833,836
21,41,48
405,725
482,569
161,842
52,401
508,616
123,150
162,740
61,383,447
271,652,697
289,959
693,700,999
10,56
636,833
149,855
59,727,989
236,424,677
106,423,888
682,794,951
30,986
123,791
266,667
661,848
39,72,166
258,649
300,878
545,843
59,821
587,869
114,771
472,732
233,967
115,324,626
681,855
183,724
292,808
672,841
315,946
49,163
276,765,776
440,786
156,606,777
83,297
393,833
556,840
58,717
223,380
596,699
202,849
116,275,292
313,824
80,935
244,603,740
378,722,744
680,718
124,269,694
69,763
9,758,867
238,714
153,346,409
243,786
449,496
63,617
417,863
791,968
184,211,859
194,455,992
100,547,724
93,117,176
26,642
421,999
343,403,942
165,302,596
380,755
598,662,733
6,202
323,567
819,884
378,618
196,497
667,977
419,848,931
426,544
99,292,671
148,474
358,666,968
61,150,968
161,572,937
313,952
347,411,622
124,930
103,160
360,544,870
55,417
706,714
867,891
131,877,924
49,771,893
25,86,352
569,899
186,661
512,827
626,697
55,385,798
781,898
36,566,730
332,832,882
181,331
243,529,581
481,575,848
525,538
238,590,643
314,907
628,885
238,853
230,290
355,682
202,688
136,511,828
146,357,964
313,601,681
123,682
129,879
204,237,311
104,408
283,771
268,310
480,919
70,675
344,417,951
88,823,906
31,318,718
198,566,816
482,638
326,837
315,459,910
547,916
213,643,864
275,703
395,844
194,302,459
219,517
206,579
664,901
339,722
533,699
318,875
108,334,864
368,526,705
493,638
499,687,792
24,758
32,710
613,865
140,820
716,845
62,303
16,822
603,981
603,784
174,427
267,375
111,288,641
238,396,702
224,888,958
539,726,802
545,755
92,549
33,45
748,855
30,438,659
680,782
552,826,845
87,824,968
330,851
77,377
68,333
242,338
5,597,844
380,540,613
970,992
4,233
180,448,889
691,874
122,281,620
194,289
207,493
521,728
753,798
24,904
190,495
631,719,834
216,290,834
540,573
142,204
866,951
529,931
438,548
580,584
506,639
51,111
43,172,628
77,778
672,795
438,504,975
273,762
114,358,989
551,799
121,279,445
634,802,805
5,258
389,701
233,749
497,768
191,451
201,846
195,626
241,446
155,466
887,892
70,205,206
535,595
140,582
624,650
124,789,871
38,277
626,703
91,865
157,577,716
109,690,863
142,239
150,173
99,545
21,949
455,743,931
26,607
783,852
524,612
201,636
145,488
42,122,201
245,758
261,553
220,247,887
13,666
311,980
28,967
597,915
166,721
90,605,870
460,606,625
24,368
540,952
584,881
425,529
457,649
389,864
306,738
153,393
543,803
29,417,998
159,189
685,724
39,254
193,196
337,424,688
323,450
560,934
637,716
709,979
539,665,689
576,989
115,690,731
274,378
440,597
576,618
95,661
728,730
31,745
526,737,883
148,767
129,315,994
6,198,838
476,839
651,803
38,107
711,893
446,510
93,707,728
290,592
72,153,234
301,484
639,817
295,332
223,610
656,658
274,606
616,691
761,957
776,863
16,288
86,394
503,976
238,275,638
458,790,798
266,739
335,667
321,344
575,833
139,663,739
93,538,974
9,324
130,787
445,604,812
705,753,839
269,381
310,890
515,837
215,746,875
464,673
340,790
400,640
46,310
495,782,902
404,782
106,415,679
49,591
36,201
277,804
215,675
211,228
377,402
397,688
91,656,742
269,348
35,370,919
603,746,962
421,973
490,780
151,759
207,589,968
451,955
64,543,851
500,525
198,641
283,652,939
197,396
393,590
885,996
472,542
391,773
313,530,878
90,192,892
28,260
306,690
348,436,729
508,866
542,688
347,823,990
118,253
557,736
417,830,873
315,987
759,972
152,405
153,809,998
820,836
82,467
431,979
631,831
753,834
898,981
174,661
720,947
161,396,517
328,683
322,754
123,525
373,994
383,885
67,592,834
145,787
330,799
8,357
114,815,963
738,767
734,736,907
473,474,949
469,535,954
332,427,902
615,814
77,453,738
98,641,924
529,676
65,825,914
358,394
166,703,835
474,848
528,808
282,675,732
623,757,824
297,361,449
139,284
159,920,991
142,923,995
559,834
215,836
35,496,739
369,734,905
670,711
53,242,528
687,786
91,942
78,465,500
819,867
58,599
790,825
378,593
359,482
715,807
122,568
461,880
474,491
203,618
550,554,822
152,278
226,765
711,728,894
250,292,729
346,918
138,364,603
11,794
293,732
346,977
781,954
440,839
766,785
540,734
277,890,954
617,885
123,501,815
802,832
610,664
398,442,583
449,737
347,952
87,160
704,809
543,878
19,504,851
234,624
97,137,362
88,553
57,660
303,562,810
580,800
361,499
109,455,567
73,830
722,830
478,643,939
316,340,580
341,513
120,298,720
89,517
34,803
5,219
81,475
22,122,400
603,733
430,694,827
103,576,822
415,425
496,758
59,200,432
196,271
33,108,938
312,673,691
298,572,687
859,955
278,882
86,288,377
732,865
329,875,995
330,456
157,721
137,629
230,544,817
858,990
127,679
497,632
72,911,920
442,948
379,999
296,738
589,705
868,877
101,151
117,449,953
742,847
365,943,946
3,348
152,585
677,930
432,944
545,745
809,971
37,303
136,184
616,752
162,177,810
456,576
213,551
151,206,722
244,527,633
376,682
685,827
178,478,741
258,462
146,411,916
450,721
143,898
271,600
404,823
222,470
97,812
561,568,649
514,684
738,800,956
513,845
287,573
217,571,577
564,596,847
315,597
23,294,458
704,938
222,504
206,537,810
218,564
445,475,632
266,476,756
270,746
304,986
644,972
176,779,990
580,994
175,890
20,131,423
431,767
230,240
46,378,875
114,149
200,509,612
451,828
476,652
534,562
71,574
172,413,433
275,709,756
514,982
293,679,779
39,961
276,919
524,586
51,857
188,247
52,510,513
667,761
642,921,941
236,652
27,939
344,555
473,486,731
412,792
875,962
319,450
97,776
37,240
470,759
196,689,902
753,872
86,550
446,449,568
376,937
220,399,561
74,862
530,754
247,473,673
468,692
348,708
68,874
904,968
351,492
417,462,553
262,581
207,284,807
94,617,968
155,313,605
147,951
824,986
122,774
567,631
312,649
530,588
527,934
746,880,915
112,506,766
918,954
423,815
274,587,839
30,898
276,286
545,870,924
591,762,821
217,450
131,482,660
4,332
730,917
264,741
24,274
137,834,986
140,723
511,635
179,526,880
310,358
106,147
381,594
197,279
380,405
325,572,663
558,905
14,787
10,163
253,512
166,303,795
113,930
26,44
320,388
27,473
946,975
213,273
48,201,636
3,798
2,909
113,597
26,928
493,715,864
293,462,656
320,913
24,399,420
852,941
231,465,478
653,808,816
320,345
248,675
570,947
266,347
334,775
247,468
457,677
132,707
531,534
531,771
430,883
220,347,728
46,139
228,251
250,259
84,540,657
74,636
417,984
135,148
380,811
414,482
596,882
459,554
416,451,522
618,625,980
219,688,735
107,635
353,688
395,732,828
217,246
84,167,311
370,745
14,291
135,368,389
274,941
615,976
302,378,589
58,173
334,431,556
532,745
96,738
551,627
247,526
508,594,906
367,871
354,621,990
123,427
463,767,790
85,298,667
101,146
816,995
210,823
562,877
327,944
313,592
406,929
419,428,914
503,550
107,135
633,684
13,44
97,863,989
25,43,880
300,553
70,925
190,226,952
448,762
80,233,959
211,509
269,312
474,916
23,228,573
104,728
85,659
77,667
50,415,491
96,209,272
430,601
300,703,848
40,364,708
195,948
529,695
115,243
60,468
165,322
57,445
225,686,915
137,824
484,704
258,983
91,443
203,735
367,480
233,392,423
594,853
32,505,544
92,276
40,215,390
60,470
106,592
337,365,395
182,589,592
101,529
664,842
292,701,708
5,888,909
300,761
523,666
613,882
138,734
252,372,985
27,456
13,757,776
373,999
313,494,567
305,507,958
429,478
82,462
417,971
454,715,831
463,500,831
68,385,883
598,723,857
241,263,577
769,911
629,891
127,134
14,30,689
652,701,768
118,414
199,579,827
103,557
253,589
211,544
888,926
101,438
659,722
283,936
252,614
460,863
109,273
45,198,558
136,296
300,870
18,221
1,686
183,929
164,969
464,791,829
335,462
26,439,746
389,542,912
693,838
253,257,278
106,395
496,700
248,645
430,900
368,469
63,219
409,785
221,337
107,122
210,254,309
808,932
720,828,841
64,661
91,501
276,802
605,618
752,759
320,605,650
375,606,705
11,485
118,409
111,645
735,914
73,200
225,677,954
62,384
379,574
363,590
108,814
478,508,579
571,969
314,662
261,307,445
369,796
312,596
403,617,624
207,639
812,854
825,889
450,518,590
725,890
138,711,719
679,761
179,320,843
133,508
212,646
522,624,853
673,732
27,440
427,786
206,951
245,375
17,557
230,468
316,663
816,875
124,748,943
703,738
355,531
660,721,903
341,628
641,673
854,902
232,579
177,753
397,414
860,878
37,929
506,791
268,516
432,445,827
326,706
296,551
118,370,601
409,498,714
185,412
12,44,64
396,873,879
536,612
305,388
594,983
518,832
194,622
308,733
125,177
227,879,886
53,125,730
654,812,954
142,286,469
778,925
258,394
438,857
346,582
102,392
234,897
309,823
397,756
113,201
518,754,984
249,926
108,443,524
291,374
466,997
207,581,869
603,632
755,886
130,298
508,609
461,538
305,938
74,83,421
12,23,230
223,361,737
307,564
370,728
267,427
122,833
63,164,305
735,955
182,403,489
39,210
233,440
300,379,975
30,294,810
601,924
27,894
446,579,827
31,260,269
154,462,590
282,694
136,216
99,260,309
54,421,783
15,432
119,179,561
115,292
52,871,898
410,926
66,169,731
781,814
65,182
135,625
150,292
301,447
425,518
241,253,508
258,305
308,704
82,917
62,361
767,844
115,943
438,723,962
303,448
628,746,917
122,246
75,498
555,999
40,304,337
769,804
66,187
87,349,821
323,884
526,759
943,961
507,875
96,859
504,716
238,445
420,734
203,603
265,736
91,259
603,823
130,267,835
65,327,607
274,283
102,262,788
454,482
392,775,885
171,351
809,943
208,614
334,809
86,256
41,721
347,483,846
479,509
392,950
432,657,761
117,503
472,677
391,754
6,864
539,790
163,499
75,109,859
484,667
565,738
745,827
218,431
359,524
158,782
59,211
138,921
141,747
648,811
282,342
416,623,939
732,777,900
335,527
434,762,854
179,347
374,681,836
42,748
114,657
266,479
679,807
57,115,909
208,468
740,817
463,797
644,653,735
4,328
879,985
295,846
641,883
168,460
82,619,730
225,245,908
750,939
197,374
459,741
412,538,812
391,606,673
170,277,722
60,593
138,599,828
387,949
157,739
102,827
44,825,837
139,286
46,342,452
135,862
588,895
234,681,993
581,806,976
676,943
565,727
512,691
94,368
247,862
226,364,655
240,634
398,486
165,644
611,614,883
151,913
686,714
88,154
149,295,371
160,848,853
18,634
193,585
53,336,627
383,408,439
75,224,847
29,109
138,306
224,776
233,772
183,210,605
74,696
496,767
186,513,931
89,692
338,706
714,880
37,811,884
502,962
206,895
49,414,717
333,740
413,719
407,504
410,707
102,355
234,570,727
307,372,457
319,472,478
129,296
725,813,926
219,944
794,895
356,666
519,840
708,735
134,607
111,880
110,165,725
468,757
581,936,942
90,179
425,506,818
263,615
849,921
15,343
632,969
506,707
325,889
34,644
612,684
449,685
296,770
436,588
531,839
30,254
55,558
343,609,695
121,175
640,844
581,779
167,432
549,971
44,137,875
504,912
687,863
39,195
781,943
506,888
568,824
9,522,723
77,797
528,595,900
337,432,960
113,783
393,564
518,822
423,894
263,823
202,628,636
426,480,603
53,994
567,666
437,602,679
625,826
836,967
65,326
399,479,944
207,655,944
367,961
603,763
675,883
215,444
369,958
843,984
416,533
417,670
93,297,625
227,809,976
187,1000
436,997
114,161,461
56,116,179
459,673,717
453,601,680
507,687
254,426
171,999
237,334
416,733,957
159,212
790,929
51,828
468,502
211,726
89,613
480,678
220,349
103,639
156,843,873
629,799
48,256
829,847
154,940
220,388
109,240,805
75,502,633
415,695
190,905
783,912,939
124,168
537,540
69,77,480
351,970
368,623
390,954
134,735
494,776
475,630
318,496,758
110,576
487,725
270,858
454,963
438,695
505,724
489,752,813
174,363,390
358,450
371,529,563
121,360
29,913,999
77,202
513,752,995
49,70,562
625,713,814
701,717
814,883
426,784
58,65,900
328,447
558,652
301,918
79,634
600,768
37,513,750
251,357
408,807
369,372,635
32,726,811
244,777
227,558
239,859
309,554,937
122,447
465,618,660
76,413,962
3,526
105,542,987
132,719
337,528
202,794
731,800
37,70
167,338
446,548
96,721
327,790
181,206,264
52,600,655
609,758
884,947
447,556,718
446,918
396,677,909
341,638
753,762
239,304
100,177
52,277,611
342,706,800
71,938,943
634,867
316,592
124,814
254,910
681,910
921,963
40,755
618,625,939
245,930
592,690
504,519
215,728
143,795
526,957
164,447,523
115,636
610,814
663,848
247,483,548
943,966
320,842
228,306
198,367,964
117,310,707
383,579,654
173,350,642
440,671
20,89,242
281,763,979
494,536
487,488
495,747
70,494
137,578
565,656
93,748
430,536
102,298,562
114,336
455,480,919
927,958
441,516
10,77
325,901
398,401,753
153,832
212,359
647,930
56,690
784,840
254,781
195,674
674,865
305,679
63,942,976
122,815
112,212,971
372,537
17,658
278,711
347,737
257,927
104,498,545
634,672
55,393
185,190,418
272,899
218,337
544,663
451,723
556,573
130,354
218,674
419,422
13,692,802
4,576
189,267
807,816
581,809
116,286
309,400
868,876
67,68
379,982
461,679
291,489,970
227,829
541,657
153,245
709,858,988
341,496
357,480,801
372,427,613
43,137
18,316
456,571
473,575,856
417,656
593,910
3,247,478
96,453
22,885
462,653
642,837
418,464
105,296,343
119,129,410
2,46,998
554,735
306,474
646,905,966
99,147
77,564
394,407
389,945
297,823,843
26,138,757
140,684
279,930
218,479
294,652
179,187
483,515
455,663
646,807
355,514
586,915
7,366,509
166,353
667,772
155,179
190,656,809
626,629
187,279,924
25,56,223
114,221,502
103,889
157,745
298,467
354,856
81,710,808
742,828
261,551,612
113,603
642,966
296,773,941
672,858
120,292
241,299,702
120,230
399,477,571
309,751
570,650
84,558
33,445
710,857,890
20,814
177,254,753
186,435
202,873
332,353
36,747
135,971
234,438
883,929
268,559,992
723,750
42,318,324
524,876,944
249,506
229,257,945
458,773
357,951
161,855
576,810
356,374
177,268,468
447,965
650,698
284,358,435
696,967
210,812
375,536,856
171,343,432
638,876
208,747
75,516,875
103,255
533,967
62,96,272
347,381,980
180,205
104,533
219,298,893
394,503,715
284,695,947
62,840
252,566
93,398
224,550,925
491,689
250,554,892
106,687,956
566,994
295,484
180,757
592,940
305,564,584
21,783
93,363,781
524,684,868
195,717
407,456,470
438,768
164,549
143,363
258,940
130,782,985
398,663,872
398,887
164,364,573
209,395
89,981
228,930
100,413,986
16,254,973
95,191,433
334,625
225,226
305,693,786
193,368
804,965
73,387,517
55,194,372
806,844
306,329,797
453,621
191,616,900
465,730
190,425,966
650,892
196,346
126,582
678,718,889
507,708
357,553
53,834
258,720
567,774
257,618
62,459
429,748
40,396,965
585,894,959
311,440
582,701
147,564,806
620,631
373,676,899
91,409
22,469,621
279,841
86,590
308,574,590
23,505,788
115,595,749
208,647
18,670
41,313,739
242,643,746
140,619
257,859
106,194,815
400,524
222,857
587,703
206,965
172,377,993
77,419,689
95,163,458
38,853
277,905
679,908
469,680,796
245,277,632
683,800
392,540
217,915
40,171,829
594,744
36,701,971
766,990
326,437
486,984
240,358,758
305,400,968
228,805
208,287,370
156,698
352,365
408,617
428,724
382,415,925
282,664
196,281
110,144
674,873
21,397
483,543
793,867
58,656
450,479
557,853
673,914,937
310,800
103,722
329,422,923
508,561,708
685,870
700,851
770,839
214,559
738,868
70,587
58,244,251
208,486,812
86,854
586,612
79,395
475,625
128,807
434,676
414,850
693,976
454,514
121,395
452,513
273,723
574,886
108,926
352,546,958
466,867
143,572
189,640,971
213,920
385,595
211,620
635,847
156,399
224,405,410
165,534
166,437,692
181,218,866
130,966
784,908
50,160,669
621,902
126,882,969
251,600,753
2,49
572,849
626,775
222,896
404,622,862
716,760
477,721
179,329,870
220,920
424,992
373,522,813
109,281,863
301,625,683
205,983
91,973
410,834
457,604,862
102,734
580,765
93,443
83,934
292,674
327,729,973
204,584,933
287,851
153,928
816,864
792,844
130,536
332,936
137,734,776
636,688
118,701
436,878
100,272
594,958
105,508
118,465,937
648,954
8,631
28,533,595
141,974
25,42
625,907,984
808,832
3,698,957
470,732
401,423,847
435,769,897
75,251,743
182,882
193,720
106,432,683
233,298
433,746
58,101,526
917,923
269,412,487
357,955
481,901
260,930
109,674,802
42,127,875
154,249
21,669,930
413,480
870,997
448,450,737
285,939
631,858
377,958
222,344
135,781
187,647
353,741
576,686
604,737
640,739
220,348,1000
772,877
471,870
46,765,941
501,953
221,361,770
721,991
193,516,709
277,342
85,344,966
56,486,1000
417,937
120,156,972
111,888
326,535
454,534
138,651
791,798
507,956
431,727
44,96,448
193,734,735
407,474
627,742
120,468,565
145,415
733,743,900
501,838
284,332,656
24,286
362,376,413
507,677,812
221,848
522,590
58,536,819
296,487,701
171,539
132,515,699
329,777
689,863,935
311,704
633,859
538,912
215,864
545,839,893
765,858
648,649
198,253,960
12,341
193,701
177,513,988
745,938
711,812
289,553,775
403,714,790
307,670,901
49,190
380,758
634,917
27,306,352
28,312
143,907
82,157
280,616
428,543,644
31,188
333,556,665
86,722
183,357
304,453,472
541,665
360,618,833
274,880
258,393
517,550
66,208
635,718
401,436
13,835,875
37,711
261,457,823
665,676
239,488
162,454
52,838,991
118,335,848
514,982
144,788
9,684,746
212,484,715
622,954
602,959,985
497,772
102,861,915
185,317,384
547,559
480,513,922
330,874
494,912
38,647,850
503,978
117,702
125,197,208
31,476
372,382
408,642
106,519
519,756
84,334,841
234,840
307,740
739,996
247,636
58,929
591,675,887
223,245,436
75,901
240,259,853
210,947
54,644
17,846,954
440,482
188,295
418,704
788,936
54,910
604,967
231,340
776,837
312,952
368,494
494,519,751
248,711
176,220
33,78
301,303
60,712
194,897
562,932
346,887
31,892
251,381
106,841
195,528
293,674
513,582
119,719,973
199,487
396,645,755
169,396
603,734,928
137,378
397,412
12,734,848
211,424,690
610,901
309,486,541
60,360
209,990
311,437,961
438,539
15,457,850
133,330,472
719,743
157,314,579
150,455
235,899
171,581,913
208,910
43,840
650,948
59,252,344
285,851
74,681,738
94,500
436,518
486,698
43,578
44,775
162,607,902
500,566
647,871
4,302
220,904
27,571,641
540,804,907
437,795
139,147
52,297
313,840
343,428,928
458,798,832
109,117
791,946
679,966
382,566
789,863
171,207,463
374,478
339,546,873
51,755
25,419
149,409
641,967
87,292,925
3,439
394,518
21,453,980
361,845
144,679
450,761,828
126,282
446,846
285,662
1,242,534
174,610,716
40,512
21,668
377,644,658
87,502,945
51,652
191,232,757
469,541
141,533,577
200,574
378,736
272,678
224,610,807
136,375
218,615
254,700
497,609
146,278,619
7,153,302
34,138,399
325,596,770
38,482,499
220,417
55,354
357,769
375,596
8,727
339,758,962
415,894
150,818,836
228,416
386,807
40,732,737
229,357
47,751,860
380,825
168,169
63,829
425,778
445,508
517,562
690,858
111,787,959
639,833
350,352
600,761
135,149
6,112
44,511
25,271,940
18,75
114,274
511,895
324,907
527,940
163,617
388,558
113,275,391
434,915
284,615,702
333,689
78,359
84,568,784
926,951
755,999
862,869
158,168
66,580
316,356
363,476,605
220,917
809,829,918
696,980
630,981
285,702
39,586,929
110,193,764
132,211,309
812,945
768,962
340,828
48,496,920
272,589
328,652
194,353
70,762
155,208
358,454,996
173,497
256,398
275,648,699
457,852
126,928
288,458,607
720,814,847
277,289,786
799,883,921
30,431
120,941
592,743,757
1,235
335,777
69,592
354,907
17,255,567
323,440
642,858,863
17,366,642
97,678,719
55,175
425,915
364,510,892
70,794
15,731
547,620,663
359,909
659,711,940
193,372,897
411,519,850
17,805
67,509,709
763,941
55,944
432,479,912
160,179,385
606,720
290,346
414,597
99,203,208
376,581
392,895
13,432,438
92,363
71,604
719,773
175,963
78,805
3,344
200,439
217,626
129,657
672,684
178,380,691
846,933,937
81,358
339,627
68,125
650,783
591,640
250,949
371,372
68,133
114,562
678,890
54,274,758
2,289
795,822
274,381,782
239,774
297,361,546
802,889
720,849
179,322
348,862
38,935
470,755
65,844
12,889
271,310
262,702
286,822
768,934
61,785
33,655
168,339
552,567
84,374
506,511
322,466
108,518
877,925
65,191
339,501,829
7,408
316,882
578,665
34,347
772,958
535,766
27,841
673,730
407,439
124,313,676
124,381
541,694
372,873
339,762
11,850
459,548,908
538,648,803
57,113
152,440,961
561,736
44,446,694
341,818
239,457
25,364,704
860,862
18,486
567,733
63,358
515,780
268,458
11,277,505
753,890
578,607
158,728,846
67,768
449,651
21,649,701
205,585
313,718
47,564,610
116,937
475,586,686
5,459
272,709
116,692
281,719,872
39,573,817
125,724
252,706
466,911
590,919
888,931,972
221,451
547,659
296,517
534,537
293,983
277,904
138,345,714
647,796
510,849
205,528
744,812,823
301,623,793
360,736
277,951
321,727
140,164,970
459,620
370,519
69,710
14,713
457,605
157,851
264,410
460,722
97,744
736,903,981
244,334
529,880
407,571
316,634
43,251,333
458,564
195,512,535
104,836
11,676,960
296,910
259,424,497
103,266
240,311,367
140,603
134,324,949
70,319
122,124
372,935
220,532,699
123,315
347,494
260,436,980
502,701
200,831
379,492
31,530
267,619
229,264,626
319,482,882
83,144,701
116,582
293,425
514,998
33,55,885
267,692
300,712
519,583
145,500,576
92,273
139,511,603
244,809
121,604
473,729
63,218
854,865
41,974
547,692,970
529,562
148,193,853
153,300
231,385
494,787
609,809
240,690
20,538,911
135,377,595
262,343,855
610,785
1,966
527,799
387,973
449,520
321,354
222,461
219,570
114,418
349,618
185,660,952
174,464,866
505,620
542,948
48,546
797,922
7,34,131
804,917
117,274
89,222,514
665,724
293,927
206,223
529,609
478,759
79,719,862
82,114,971
579,962
501,864
30,768
219,542
427,991
625,735
441,652
57,266,820
452,906
54,64
174,841
12,230
265,722
483,774
148,438,811
58,382
118,609
122,606
11,146,388
625,723
176,504
453,611
687,936
802,870
83,215,457
179,853
534,876
82,932
7,704
379,779,785
248,741,908
632,932
500,868
584,614
726,736
49,877,880
437,812
60,140,199
100,340,835
451,753,760
349,398,912
70,378,505
172,824
41,459,796
117,833
375,688,910
514,703
484,764,961
468,849
370,391,842
162,366,433
552,686
642,950
796,878
119,561
291,918
180,441,603
923,935
182,466
289,505,731
676,792
349,934,967
232,898
603,662
109,615,927
19,937
598,955
35,397
800,870
340,373,541
75,845,955
60,736
376,679,681
266,464
286,393
24,71
519,853
36,269,460
417,529
250,371
28,187,199
209,960
11,449,991
72,902
703,733
191,591
365,423
436,737
187,296,479
258,629
629,762,815
65,543
671,773,832
192,301
662,688,697
380,523
146,944
315,958
20,785,791
8,9,875
483,773
517,747
849,858
100,259,302
313,333
292,300
12,916
698,921
651,917
134,694,984
46,303
55,151,251
408,817
129,611
228,497
889,948
399,630
43,211
875,893
678,979
479,814
694,718
122,605
241,820
633,710,884
289,720
734,843
565,938
760,928
375,728
915,964
479,879
340,873
313,457
470,882,969
317,597
874,947
12,235
25,45,834
128,688,947
224,358
420,527
492,721,908
37,502,861
473,716
230,560
567,689
91,410,773
401,454,885
175,523
191,216,341
553,706
721,744
125,479,512
631,670
616,862
310,511
835,892
244,342,970
627,676
180,621
60,181,582
75,502
389,984
272,843
110,619,979
61,316
144,150,306
587,856
641,836
182,376
42,902
494,860,954
326,341,665
24,312,833
298,563
28,1000
584,885
253,501
384,518
450,490
179,201,703
578,737
9,918
855,942,983
266,619
317,576
400,528,779
229,686
185,369
253,823
70,574,722
134,241,554
129,951
265,442,662
141,390
532,694
233,432
771,791
592,860
247,571,796
53,787
164,185
34,62,477
680,927
652,692
821,844
871,874
217,274,444
227,848
124,708
89,295,332
533,536,878
500,845
72,841
337,593
353,564
216,506
413,859
607,780
184,624
392,531,905
186,235,408
706,743
281,471,508
525,540
633,659
639,674,880
29,62,802
67,163,354
344,830
493,818
139,348
62,834,884
114,335
589,900
121,166
246,395
95,186,489
64,521
22,362
75,436,842
263,409,711
345,501,802
28,276
612,780
32,765
419,433
175,467
19,307
270,329,889
41,417
80,551
42,117,669
737,871
49,114
583,850
142,837,845
128,616,726
303,929
735,990
638,649,972
576,649
35,294
325,371
167,971
264,429,967
357,527
146,894,956
74,584
540,580
160,598
99,220
44,101,706
665,672
279,833,850
269,778
241,680
132,316,889
731,925
260,304
428,474,842
51,313,533
140,456
378,478
235,693,850
43,778
95,965
365,522
732,951
92,689
30,172,662
2,529,907
973,999
263,487,675
107,296
128,802
41,937
93,391
284,343
685,734,766
49,855,977
118,412,937
208,823
696,755,925
51,731
53,974
249,265
141,215
232,819
567,802
189,200,537
283,704
787,843,913
731,782,881
143,555
104,890
90,154,471
29,463,749
157,410
638,716,863
277,415
39,248
6,784
595,638,984
57,374
299,569,625
546,927
288,880
214,561,592
79,687
369,374
139,291
126,380,647
210,591
227,405,714
68,595
751,999
330,389,850
692,900
777,952
240,255,922
28,220
165,529,996
419,455
269,561
20,739
56,407,601
129,317
607,825,917
168,208,319
132,402,906
455,497,654
56,749
659,896
758,802
475,604,606
143,616,840
747,783
59,936
63,189,996
21,924
90,934
108,189,246
303,417
62,420,587
30,345
177,325,859
527,579
84,165,610
40,294
160,239
854,963
76,957
260,349
532,661
37,451,557
496,852,883
98,501
501,832,959
20,985
833,856
301,521,733
6,904
548,595,929
65,117
932,971
327,940
403,765
188,201
109,364
16,333
244,889
73,111,966
33,606
496,987
721,821,965
174,641
59,337
215,604,708
230,773
5,175,539
204,604,893
4,779
83,883
376,422,439
460,589
136,162
319,710
307,314,741
646,694
364,684
528,829
423,804
295,553
139,378
53,271,704
823,896
609,671
548,792,883
15,80,253
166,801
390,671
160,832
544,857
434,974
614,889
653,850,890
281,519,863
82,310,432
582,752
317,575,856
28,533
653,843
160,163,597
107,574
402,439
338,695
169,851,852
211,720
207,966
30,927
92,366,419
38,693
330,351
510,814
380,703
776,801
372,894
7,607
183,690
102,266
15,84,764
144,153,801
391,492,782
726,875
312,795
700,953
66,732
69,424
509,560,909
473,878
732,813
399,826
135,783
599,837
199,700
6,909
177,378
99,158
373,425,810
464,976
402,420,655
69,840
6,695
674,903
396,998
119,968
315,338
578,620,763
9,726
45,222
197,241,618
439,795
73,902
323,426,628
157,689
469,554
910,914
361,593
960,999
529,775,946
167,432
588,831
204,550
332,462
381,831
329,946
332,999
13,431
204,668
816,956
600,949
467,880
865,885
33,981
126,543,587
488,545,1000
442,661
144,735
2,954
578,727
43,583
430,600,748
319,322
430,694
665,740
208,282
371,842
527,547
324,927
47,711
296,309,826
324,428,905
257,357,918
9,521
915,986
568,632,732
49,129,762
194,610,978
273,772
55,379,983
218,905
27,885
640,830,983
387,956
126,781
415,628
128,131
331,388,437
208,375
9,282
17,374
288,509
190,911
2,484
299,348,962
93,126,187
174,536
244,502,828
372,675
343,505
383,503
18,132,308
694,912
302,556,578
908,935
276,817
5,392
270,534
769,847
612,654
16,383
566,715
501,977
669,839
676,998
230,683
222,731
504,512
749,868
428,430,508
36,229
19,620
367,514,786
2,657
810,857
266,606,754
221,578
11,169
88,123
374,464
313,622
294,368,513
86,94,934
138,979
327,362,376
52,771
725,799
575,654
75,709
666,743
120,730
87,849
536,796,935
7,324
348,850,929
384,560
213,432
607,627,798
354,502
485,613,983
213,936
22,635
235,723
694,751,881
78,820,869
101,294
98,154
188,744
247,495
10,273
312,952
358,693,973
51,352
127,328
280,334,367
36,479
113,870
206,409,842
723,818
235,890
43,573,730
183,372
122,496
11,406,493
295,801,842
357,577,802
222,428
168,738,892
48,510,794
189,525
341,422,603
513,832
722,956
316,502,786
427,464,927
87,962
609,912
34,788
336,506
40,494,568
103,913
297,701
236,550,949
431,688
87,103
163,747,754
223,399
352,563
31,246
366,581,839
36,715
132,468
706,872,994
799,893,994
167,415,944
281,609,861
590,845
249,364,797
488,942
577,609
42,865
656,978
165,405
189,596
19,269
556,752
378,544
522,790
352,584
193,408,451
441,970
126,241
483,871
315,562,574
528,650
156,599,778
790,800
582,847
201,856
335,379
83,834,948
218,654
800,828
218,655
217,839
461,826
241,444
264,780,792
413,578
446,798,935
945,990
144,320,535
33,205
447,861
122,777
62,600,890
227,911
19,644,826
438,983
16,92,984
154,304
154,739
301,557
102,712,911
591,791
115,680
329,379,743
333,336
540,967
44,178
375,429
491,603
83,158,469
438,533,610
516,549
457,862
815,993
64,449
225,477,744
142,273
60,613
163,270,549
357,458,583
590,956
51,393
450,660
814,965
140,765
349,687,976
656,689
148,211,790
151,263
344,425,974
167,252,782
219,418
160,970
293,770
86,913
84,300
298,551
121,380
39,97
74,287,601
366,406,628
207,343
593,670
103,719
680,796,969
55,284
505,722
410,473
62,817,875
336,421,556
196,692
7,587
608,837
27,429
62,633
369,800
61,453
789,912
191,642
526,569,698
120,571
187,341
19,512
11,26
299,445,984
282,446
134,937
615,847
141,881
120,353
420,653
735,979
95,221
184,382,411
561,739
233,776
190,842
512,584
83,457
308,437,806
77,294
398,651
680,800
507,673,681
163,392
143,727
581,816
588,685
215,869,896
238,255,682
14,710
731,974
218,495
226,688
46,673
543,838
134,380,862
361,954
694,701,860
28,83,266
2,667,991
590,944
733,790
280,611
285,917
590,708,894
6,130
72,290
221,355
513,651
93,735
125,992
370,621
95,443
17,357
758,936
354,364,902
705,758
695,701
45,214,757
58,139,802
329,624
122,461
445,691
20,815
714,718,962
52,347,615
407,453,698
169,967
279,767
112,560
47,502
278,464
222,702
847,983
114,682
45,440,505
68,215
260,596
68,390
381,605
59,628,910
705,896
313,314
194,591
344,902,925
742,938
277,611,795
31,429,972
155,826
785,828
270,928
219,591,909
354,578
16,43
150,186,338
7,209,723
39,438,907
133,404
126,673
22,510
455,678
46,75,421
26,775,953
544,792,976
524,971,993
59,464
122,179,564
379,432
356,585,682
163,710
610,897
95,186
8,78
117,730
55,184
736,919
629,737
620,693
113,873
434,957
43,173
144,407,981
41,169,937
838,881
206,410
224,234,983
494,661
38,588,887
491,628
4,787
247,512
777,878
185,205,580
764,947
337,417
892,963
496,655
498,738
50,397
593,993
76,163
921,976
201,269,823
572,588
163,325
312,461
218,242,664
154,243,686
431,573
128,344,405
618,703
26,194,977
741,791,961
29,283,933
159,558
123,694
583,665
79,430
169,318,721
374,457
692,868
110,334,432
361,663,894
486,782
84,311,806
698,716
520,986
590,601
582,776
219,996
150,628
315,382
253,716
412,569,745
30,77,426
735,850
347,883
284,534
114,794
262,462,609
472,968
422,474,995
2,135
279,435
787,807,909
130,599
478,741,897
362,911
831,864
1,566
429,486
64,91
241,980
135,554,852
128,785
493,540
633,690
108,159,693
413,678,801
498,915
135,169
27,195
251,805,822
681,827
580,668,811
219,330
54,704
344,528,844
627,722
46,75,948
90,92,349
258,866
223,543,835
276,459
7,131
67,403
220,227,276
245,644
823,939,964
294,442
192,918
396,975
36,362
131,382,795
646,837
122,604
379,667
359,827
169,541
165,442,447
389,688
185,335
246,346
209,306,979
692,760,784
382,604
591,766
554,596,759
38,472
515,890
135,361
504,673
623,872
459,547
467,779
282,633
4,437,749
33,929
61,95,341
140,760
660,744
594,689
163,768
220,881
350,567
499,671
575,758
375,421
228,750,791
5,641
757,796
406,838,877
270,633
82,676
472,688,747
164,918
395,816
252,425,905
315,947
276,355
31,319
99,135,738
823,882
262,394,639
374,699
172,859
280,517
664,675,789
601,688
101,675
156,319
350,522
141,871
3,618
351,728
384,780
56,319,962
104,612
182,411,660
16,369
520,863
116,459,478
720,936
745,979
56,266,854
141,226,811
170,386
433,504
203,534
60,775
425,437
125,200,474
138,708
351,603
379,555,942
643,683
228,607
324,332
513,664
699,949
616,793
10,515
112,668
147,910
386,744
122,609,789
412,770
347,820
141,446,915
188,632,912
38,155
69,599,811
228,913
94,326
342,837
150,790,800
88,350
847,997
219,246
221,329
16,521
212,289,747
24,353
80,146,194
7,620,922
70,112
504,812
443,697
546,576,580
2,110
298,647
262,407
393,453
327,860
26,191,395
13,760
617,999
619,874
246,653
65,974
123,284
749,785
284,352,804
715,850
70,179
224,289,298
304,415
516,790
340,342,948
135,154,730
19,430
124,970
521,524
280,704,936
436,972
42,528
570,574,906
270,633
170,372,495
221,608,837
306,351,906
157,653,811
239,396,849
464,804
47,660
192,363,488
47,923
139,950
297,911
382,405
777,939
380,503
274,335
695,862,935
330,519
176,874,915
399,941
746,759,963
574,855
569,594
744,908
813,926
243,963
176,972
735,789
14,235,637
259,279
548,596
91,339,695
631,890
516,706,776
327,992
669,735
5,693
407,747
749,785
209,281,306
780,999
798,803
846,989
126,857
142,665
29,379
196,351,705
323,828
60,729,944
231,436,586
379,382
167,876
135,619,627
437,555
183,746,898
112,473
307,758
302,665
141,469
488,633,776
788,829
373,409,927
49,895
719,850
182,634
425,716
220,314,803
100,187
116,596
280,346,386
76,820,891
274,673
406,862
15,170
119,892
311,517
568,774
452,918
128,410,593
233,335
234,493
98,969
438,513
99,169,886
854,985
158,229,731
38,946
186,764
572,647,925
120,702
55,167,233
73,207
109,269,687
745,819
281,969
44,795
460,605,645
479,888
207,359
59,246
207,879
280,585
434,706
425,436
252,365,877
27,850
313,508
437,942
719,869
263,498
493,526
68,309,596
22,911
691,997
5,237
267,700
361,469
429,597
379,398
20,792,975
40,134,154
77,304
281,668
577,878
482,827
161,315
325,962
58,429,739
144,312,348
110,239,295
80,485
342,853,907
7,130,584
183,251,811
75,193
178,489,555
369,371,854
132,138
84,911,938
117,476
80,590,657
335,785
103,565
122,446
361,923
62,333
199,878
318,862,968
300,459
499,571,632
395,427
74,126
354,948
278,613
56,293
640,854
433,683,928
6,141
362,482
60,845
11,20,999
155,596
184,487
564,725
524,730,951
311,533
848,910
330,770
318,504,708
196,489,557
134,385,498
433,690
565,974
712,727,821
113,605,924
323,347
292,772
59,528
601,935
419,815,843
546,610,799
481,805,808
61,271
267,551
431,502
135,600
645,691
190,753
98,601,863
11,668
344,517
289,959
602,621
575,781,964
433,683
96,308,451
515,828
160,520,834
143,447,986
548,732,870
571,630
202,762
218,365
92,383
572,828
702,730
122,168
242,613
580,700
620,818
656,785
97,196
308,588,888
799,814
64,357
235,371,637
755,823
358,540,766
460,886
37,150
599,603,835
60,880
286,328,853
211,464
660,955
581,678
203,827,915
402,539,661
330,815
471,934
785,792
75,832
335,527
152,331,893
104,587
609,681,716
97,662
83,361
399,913
47,531
196,310,670
370,930
227,497
205,774,821
86,983
144,737
210,544
8,474,740
109,196
575,777
687,894
512,538
140,356,728
111,684
439,741
100,757
593,614
411,798,912
117,120,618
495,959
221,255,940
77,269
783,949
469,745,881
19,90,644
34,994
347,879
5,465
24,347,843
194,841
19,385
171,815
70,239,582
122,987
42,492
108,410,704
5,377,545
152,669,694
776,912
512,706
565,596
669,854
192,254
403,723
458,640,771
105,774
906,907,974
38,941
231,333
240,288
897,927
133,881
134,823,924
32,818
413,678,917
548,612
226,282,740
163,255
727,953
24,176,450
721,840
539,628,766
58,203
146,734
258,282
244,322,549
596,908,910
252,983
80,246
563,933,977
312,757
237,884
166,226
457,898
629,674,775
337,373
652,931
655,727
265,621
179,456,587
522,983
354,900
118,259,940
170,406
484,926
118,125,930
439,608
444,887
20,157
135,203,526
694,930
262,942
238,429,494
676,879
269,473
570,910
253,680
67,502,617
605,653
183,223
151,435,821
127,501
243,479,660
243,619
35,835
31,131,871
520,992
190,409,621
119,385,856
218,672
204,467
348,404
723,784
15,982
74,314
338,386
297,529
245,579,783
580,821,991
251,609,977
319,538,649
277,672
52,102,108
295,910
679,891
192,594,702
410,659,740
23,889
710,784
337,720
699,767,912
104,564
475,575,882
125,188,820
381,819
688,998
264,331,865
230,804
181,773
159,853
490,874
434,876,994
232,381
261,374
144,630
582,953
23,62,433
198,401
3,24
156,694
763,976
847,885,894
9,471
63,359
423,615
615,629
580,722
624,819
151,936,958
153,425
218,649
149,188
206,613,983
924,943
7,509
163,481,917
158,256,820
375,877
112,372
477,754
164,288
360,965
725,802
399,694,904
442,995
329,484
116,413
48,188,561
312,536
99,694,782
149,204
455,898
226,338
490,756
264,387,895
36,223,721
261,908
791,818
446,947
194,553
122,537
114,989
142,147,265
243,339,565
837,846
176,839
853,870
308,698,978
498,842
215,478
361,514,624
500,649
561,991
410,816
7,265
504,737,882
169,732
105,691,767
652,743
192,471,859
803,862,949
167,704,794
161,842
230,867
339,356,440
31,118
840,893
63,327
624,772,837
2,482
347,368,407
448,483,887
230,281,713
112,489,554
560,623
90,754
625,963,991
310,459,510
274,370,377
696,901
189,639
122,558
417,953
174,409,761
189,985
674,780,985
299,436,789
717,876
814,976
323,325
792,875
400,876
280,281
736,848
489,772
450,649,875
112,676
136,142
257,468,504
58,799
371,718
49,181,410
40,681
137,211
127,708,838
410,432,506
459,836,849
84,459
536,706
503,779
509,700
697,738
309,902
31,487,658
750,988
363,796
11,319,694
429,604,851
722,914
389,987
459,653,887
81,463
481,491,867
13,986
50,728
71,613,975
253,946
133,741
23,659,842
194,925
44,448
37,642
448,707,809
559,733,832
354,757
580,590
420,453,854
615,727
599,919
426,813
148,747,769
137,962
109,308
320,488
624,628
8,591
66,203,871
627,787
803,988
918,939
910,1000
115,144,296
318,335
459,685
354,709
101,497
639,925
426,491
73,253,830
76,322,805
164,326,835
5,941
256,349
95,424
323,391
184,211,480
423,739
652,980
112,792
519,820
222,568
34,256,896
94,410,453
694,819
277,355
727,891
15,89,963
326,822
558,932
78,468
649,896
289,491
511,999
481,834
119,883
520,919,922
54,730
915,967
135,496,618
129,174,293
293,395,503
241,457,526
410,808
446,892
655,810
336,714,925
321,322
75,319
812,925
272,869
387,769,809
514,656
878,939
160,800
237,875
403,426
253,838
370,619
215,668
170,524
444,504
646,778
386,451
423,789
565,726
749,986
715,911
951,957
274,912,914
567,898
346,838
168,941,958
365,488
151,933,956
548,919
575,619
19,728
292,444,701
470,785
211,670,672
180,363
521,694
462,564,576
248,375,470
538,679,906
168,571
286,768
322,857
655,791,893
690,752
291,859,873
301,860
140,289,623
110,202,989
298,695,958
221,872
263,319,568
412,519
96,132
497,958
468,814
359,932
445,483
22,899
848,957
208,612,851
186,350,603
167,676
202,791,974
119,124,703
315,534
64,724
45,53,405
227,472
94,902
138,463
89,710
119,379
65,254
339,369
546,768
288,950
527,890
628,633
131,632,751
217,650,774
282,542
168,252,731
17,332
107,124,309
315,507
514,581
360,712
822,918
87,615,960
689,858,863
104,246
309,653
29,468
145,214
510,868
116,939,986
778,804
339,829
189,773
202,369
273,301,617
46,240,784
82,562,865
85,717
65,316,776
636,751
157,737
579,873
92,96
79,402,886
282,318
233,358,696
370,664,685
291,481,863
79,514,573
723,872
550,672
513,813
30,419,430
455,663
335,370
211,834
114,353
179,249,489
293,831
32,697,800
203,327
113,299
191,197
293,593,700
553,947
495,944,955
264,544,984
88,551,794
50,403
130,734,774
402,422
229,542
326,796
551,667,998
274,358
82,346
262,312
628,979
148,665
416,617
460,823,993
162,623
88,882
334,725
786,872,967
64,401,732
247,933
63,237
371,897
216,419
84,590
187,681
614,799,865
472,954
101,441,592
156,738
162,363
443,995
531,664,835
810,850
251,670
810,892
212,789,968
889,950
37,403
294,755,979
557,832,921
701,935
881,991
289,534,566
298,529
120,268
489,537
145,523,899
667,786
92,986
83,465,866
321,965
4,467,874
344,464
252,631
411,525
78,132
100,633,637
796,877
530,596,852
399,473,820
288,302,403
80,495
435,895
83,361,551
464,715
158,852
255,513
595,705
345,522,572
461,575,912
495,809
253,300,517
13,60
633,724
181,611,978
740,817
51,764
292,608
443,458
247,680
265,830
259,350
31,475
286,676
99,318,588
456,610
712,726
532,595,883
798,845
246,834
610,751
588,918
39,512,938
298,927
88,281,593
194,773
719,753
81,510,529
191,325,589
382,954
291,840,907
194,563
413,707
323,445,928
99,543
133,530
281,839
221,857
260,956
33,356
79,768
163,620
329,714,990
181,243
56,428
186,267,673
195,419,775
397,638
48,74,748
212,886
76,672
77,184,776
350,402
51,337
676,726
351,547,816
154,318,380
352,700,820
11,263
203,734,948
229,750
273,840
377,589
123,563
127,768,801
239,437,944
78,140
26,663
323,356
95,761
592,616
566,668,761
339,873
326,466
446,916
243,496
513,697,929
588,856
213,869
779,980
198,837
254,594,945
365,696
580,739
68,179
22,313
233,779
320,737
264,490
8,18
483,505,763
560,788
20,264,454
531,944
514,785
115,215
148,692
156,447
321,813
221,310
140,692
247,674
25,770,827
97,408,522
167,687
370,702
79,614
824,849
289,483,858
151,809
500,963
178,749
34,190,570
872,917
200,500
763,769
255,526
218,219,775
33,278,895
875,948
171,593
65,451,697
439,824
486,507
859,891
508,728
510,682
350,713
353,478,525
874,927
114,246
176,997
32,711,872
323,750,824
147,257
268,327,497
213,434
324,818
807,811
363,970
322,390
380,839
235,262
681,698
103,923
645,735
375,490
492,849
283,787
610,972
80,410,627
210,323,443
897,931
412,968
448,890
709,860
328,433
625,968
61,474
247,296,638
514,553,693
332,500
9,995
466,557
786,838,953
298,427,773
184,594,928
2,742,961
491,790
582,682
336,576
661,963
501,742
294,567
461,492
15,925
437,794,956
352,566,778
359,365,933
127,894
558,866
47,979
882,892
138,919
311,963
186,384,580
88,111
725,861
8,364
51,131
380,558
439,723
308,392,759
3,73,471
459,847
354,438,642
96,680,803
36,490,703
188,612
11,784
237,467
61,820
157,177
307,833
1,418
245,514
376,489,970
382,865
181,563,629
167,958
64,719
12,837,999
520,741
355,906
244,395
167,331
237,348,633
492,915
262,432
68,221
469,752
238,377,653
87,211
277,894
592,849,884
163,797
841,977
618,914
35,233
251,481,692
223,247
753,776
429,870
475,956
540,964
143,210,378
835,954
419,659
90,194,878
146,231
635,813
479,601
169,917
19,363
597,929
100,240,513
159,295
178,488,827
479,812
257,579,823
250,883
162,885
76,167
269,471
540,656,809
92,154
662,824
20,203
22,239,360
83,653
647,728
785,934
278,445
618,864
400,676,700
58,652
131,225,934
13,422
29,150
306,634,726
567,724,849
311,830,894
651,822,898
73,239
366,480
294,547
404,605
186,578
873,989
545,647
79,772
6,638,879
764,958,974
125,912
660,826
185,810,869
552,581
194,722
511,684
305,687
875,996
633,906
874,912
760,857
108,317,694
46,211,921
160,326
134,243
203,220
239,771
264,369,757
30,327
379,947
466,958
690,944
37,797
143,876
107,197
143,866
530,732
518,864
226,304,311
262,386,951
420,974
291,923
455,480
521,822
27,582,688
378,455
614,943
159,571
550,975
41,826
528,959
9,851
123,129,985
516,808
139,923
148,384
166,645
434,904
492,518
469,787
235,522
411,554,645
61,69,164
136,765
49,879,974
243,839,987
631,683
552,949
457,976
659,687
76,821
275,317
647,717
28,840
453,870
656,962
304,411,477
317,775
73,253,655
423,437,864
463,518
202,773
229,375
322,327
728,871
117,223,428
694,883,934
413,442,637
658,954
63,355,847
436,931
619,631
20,576
480,797
956,999
336,404
288,410
121,790
128,568
414,541,554
79,574
98,118
23,831
449,969
269,903
827,846
392,485
511,633
600,908
11,885
604,640
704,926
252,975
422,941
70,377
65,110
72,151,576
287,836,909
402,530
213,388
675,731
117,572
274,311
228,671
551,718
78,441
225,498,782
541,980
160,210
394,427,868
275,396,803
369,858
131,578,749
357,372,784
6,197
643,994
193,424
135,556,970
619,675,762
172,825
46,209
145,479
30,294,513
285,834
728,946
125,475
765,963
573,908
294,431,906
811,867
174,974
127,938
488,498,802
104,696
135,397,732
537,556
544,624
696,748,774
454,891
287,499,526
265,368
450,985
64,183,863
634,898
667,704
276,768
458,884
477,592
355,695
107,790
513,568
177,303,583
56,370
83,308,408
340,840
196,230,549
197,508
517,880
324,391
339,873
431,455
427,805
322,388,576
655,787,901
776,900
16,292,383
631,768
380,439
730,878
795,989
428,842
286,834
296,372,929
265,923
125,915,952
306,610
11,181
175,407,883
324,397
447,872
341,833
263,456
23,50,811
321,417
244,916
352,503,701
454,555
249,370,987
531,880
99,319
184,895
700,936
288,851,920
386,516
691,990
60,766
445,918
24,713,921
583,661
720,769,999
279,825
397,494,908
431,539
375,847
715,874
62,740
691,812
804,896
466,759
15,280
430,668
64,75
159,212,629
562,927
540,830
19,513
16,164,817
408,763
66,141,411
220,661
473,601,912
31,158,525
275,586,677
50,669,725
2,239
27,145
82,366
310,800
434,646,847
319,413
764,772
182,746,948
694,744,878
468,559
275,352
81,916
208,892
546,991
61,160,240
28,367,543
149,556
410,415,551
385,675
669,717
286,745
241,385,652
245,407
1,51
598,866
580,953
241,467,921
182,553,671
465,479
195,786,902
424,670
67,252
120,732,744
115,414
194,871,915
91,808
907,923
736,941
508,859
454,761,844
199,256
25,65,876
892,992
172,189,537
377,728
393,637
22,454
310,835
145,334,385
660,800
185,643,991
172,354
379,693
446,530,554
156,253
503,835
681,689
78,617
484,504
167,183,847
360,640
159,632,907
3,553,765
183,441
213,415
130,297,855
287,449
498,532
315,395,877
156,255,671
949,984
32,712
187,220,565
306,709
223,812
159,225,689
574,829,866
498,722
33,509
594,726
517,529
14,515
219,233
610,621,756
233,283,698
387,531,998
270,448
526,789
431,592,703
525,743
902,903
287,781
331,636
6,20
95,747,943
397,698
289,449
232,757,826
246,498,692
173,352
561,721
92,661
354,710
90,244,486
456,622
276,982
174,827
368,426,584
52,629
340,776,988
67,362,900
152,667,841
473,596,968
391,473
8,13,678
78,470
192,745
543,630
338,367
248,381
506,860
402,435
172,254
61,549
441,474,847
330,450,972
718,770
117,336
602,615
114,558
70,276
650,982
361,615
242,349
144,347,632
157,705
613,642
458,827,912
15,665,929
80,628
265,717
835,854
524,725,886
170,344
358,454,778
487,541
222,287
156,268,899
199,860
525,949
270,600,603
381,551
455,486
296,626
377,420,813
128,171,299
751,964
110,468
196,698
321,679
188,406
27,157
83,99,208
99,532
757,887
256,421,759
47,964
705,839
352,843
113,407
371,537,998
262,503
653,930
174,818
287,738,992
81,310
284,528
31,234
232,966
406,610,846
13,672
174,990
386,978
82,576,847
195,290
124,228,266
159,208
265,713,867
128,935
16,44
608,930
194,701
387,764,989
540,796,822
107,243,618
499,803
252,785
773,829
584,672
131,396
812,925
567,684,863
760,785
912,952
330,454
153,679
117,972
582,933
677,910
326,907
234,788
778,891
172,190
561,810
611,621
146,610
36,122,767
294,893
450,565
102,161,847
90,606,912
594,952
306,689,719
46,322
482,967
519,596
194,725,763
417,766,885
78,706
837,880
6,540
188,964
197,694,716
368,1000
550,815,899
5,469,880
247,496
23,514
604,836,852
45,733
12,101,950
130,920
799,868
111,656,687
52,277,417
18,543
233,668,940
7,191
326,538
30,127,875
21,904
304,705
18,323,607
477,576,943
172,413
425,861
93,811,948
536,984
549,613
1,418,613
298,388,464
373,415,974
749,978
165,656
48,538
127,621,889
350,556,840
247,370,609
841,909
258,324,381
180,251,631
127,468
477,669
758,972
707,934
59,454
170,464,818
146,585
204,794
540,976
399,639,718
471,660
260,707
423,961
272,342
36,354,541
396,829
107,155
189,350
605,703,735
142,265
24,368
51,449
105,112,790
112,214,348
17,232,447
543,830
204,913
850,940
226,770
24,307,612
2,293,682
410,514
13,350
239,500
210,980
150,216,383
184,970
406,831
516,956
141,808
444,752
703,836
63,627,999
16,581,939
464,611,864
109,822,992
520,628
540,695
546,830
298,312,458
689,794
128,369
338,792
268,532
115,203,685
417,880
18,335
113,242,443
208,554,806
189,897
461,759
818,884
115,721
609,881
201,455
762,943
266,287
56,119
203,647
119,811
86,873,989
257,395
22,384,614
821,866
289,780
144,423
153,482
511,941
522,634
368,600
545,919,999
280,650
282,1000
135,568,705
23,661
112,784
232,981
335,657
168,187,739
28,534
242,927
75,736
131,951
547,800
417,484,795
670,744
31,705,929
687,725
87,329
275,461
103,608
7,136
62,184
151,195
258,629
704,879
422,927
49,820
367,462,868
532,836
343,455
212,429,483
244,441
298,925
111,167,435
635,929
76,636,989
405,655
476,666,870
170,570,815
203,622
355,700
417,580,693
172,736
799,877
764,811
499,762
106,994
203,329
242,627
199,934
169,492
2,160
590,868,909
138,364,651
296,770,823
804,959,973
605,619
137,946
43,890,992
601,644
374,871
392,864
286,929
378,441,683
423,543,840
396,674
255,497,666
22,517,722
150,836
150,403,617
183,235
741,808
133,344,697
132,268
940,998
101,966
132,466,802
463,623,783
511,914
153,455
109,354
136,438,557
27,740
726,831
590,612,653
422,578,599
842,922
60,199
448,750
458,752
179,183,599
531,797
351,894
56,502
286,288,361
170,386
163,966
219,391
199,355,814
65,806,962
114,420
225,542
307,625
162,998
6,280
711,733
35,776
472,793
568,577,939
316,354
98,368,949
167,495,643
655,814
22,932
94,252
355,830,866
49,382,384
237,246
270,920
165,506
42,700
646,794
202,970
59,76,602
108,309,573
45,287
33,175
415,993
13,979
619,827
63,558
168,229
19,609
45,382,982
95,572
130,292,596
352,969
251,950
21,203,266
216,422,426
450,751
69,743
256,484,610
597,870
2,268
37,916
275,381,538
180,661
50,633
48,106,998
270,357,918
27,492,981
195,921
56,870
192,374,870
960,985
689,959
178,498
455,739,814
171,943,961
140,306,884
58,253
8,559,857
43,240,724
51,82,831
302,565
218,319
26,775,952
311,828
254,342,442
618,678,714
308,466
47,378
563,936
98,843
119,454
139,709,970
369,393,602
18,87
313,511,783
294,447
395,497
337,520
346,614
734,925,948
689,948
166,851
269,981
154,835
211,941
258,965
195,926
42,368,924
486,494
87,468
257,957
189,974
838,991
522,636
43,889
99,397
201,406
180,244
305,613
58,451
325,619,831
631,949
654,839
414,618
77,132,410
246,589,907
123,321,942
313,479
123,907
52,82
766,786,844
166,454
77,623
114,506
249,661
843,889
142,693,949
534,869
668,961
102,833
38,127,723
322,450
35,727
43,670
39,306,474
132,304,512
606,658
566,816,909
252,540,655
388,893
217,641
719,917
89,649,679
76,941
56,888
3,513
204,747
117,414,783
68,575,931
545,954
619,759
131,908
4,993
849,867
366,955
332,417,578
19,221,364
23,437,952
72,544
943,953
179,696
360,510,531
118,577
170,891
18,286
199,566
70,368
585,953
282,844
184,337,393
340,689
369,977
64,321
4,566,829
326,776
371,809
401,917
584,700
179,605
360,1000
148,936
245,685
39,388
200,219
214,385
61,103
371,725,956
82,437,774
610,876
345,392
147,427,519
685,745
517,693
725,924
283,534
414,731
352,864,879
727,791,792
271,362
82,111
159,212,951
331,737
358,519,893
380,579,685
7,269,367
175,888
633,922
162,249
234,749
341,497
122,203,374
733,778
34,83,754
125,636,644
76,918,992
652,884
292,499
140,600,743
215,397,577
200,693,787
94,559,822
12,750
556,665
809,923
15,145,815
449,908
197,218,801
647,699
637,824
147,250
71,379,982
185,407,718
48,85
123,625
179,307,413
193,935
180,977
688,851
333,675
256,266,588
73,629
96,380
905,960,971
421,739,897
480,655,689
522,558,636
84,237
309,480
775,973
606,653
176,660,774
459,626,876
106,791
568,738
4,167,501
329,659
5,899
793,812
377,897
74,680
8,522,867
420,510
635,704,752
244,274
13,183,810
227,365
88,679,735
632,937
819,900
192,238,607
933,947
282,649
187,894
116,862
802,944
15,227,635
503,668
455,640
423,799
178,721
79,417
502,920
731,777
674,914
708,826
440,570
82,242,720
89,233,438
215,313
73,260
333,552
884,921
77,176
767,820
268,772
201,504,757
378,799
491,957
448,834
502,539,662
398,724,955
294,446
364,790
130,562
184,802
344,585,938
379,712
103,681
400,936
138,256
445,605,660
24,404,770
616,664
279,687
431,560
98,322
529,971
849,999
418,584
75,103
747,748
776,800
49,581
388,424,846
146,553,933
355,876
164,607,628
644,993
110,324
214,449,618
330,517,677
104,313,525
400,712,775
495,514
538,572,730
725,821
94,814,938
411,688
293,734
447,567
183,406
129,854
236,350,923
160,439,861
41,270
130,523,830
86,700,836
464,524
113,495
216,995
280,744,837
66,596
603,955,992
628,808
79,219,679
162,656
400,778
77,337
613,632
331,358,676
774,979
202,463,991
476,967
82,712,847
21,230,239
330,691
481,801
761,817
564,568,743
193,351,606
83,985
4,70,773
274,384
90,938
46,441
231,384
103,690
167,703
207,646
343,517
761,949
49,181,831
216,285
70,985
436,584
257,548
335,931
868,874
268,867
27,525,843
157,629
69,941
250,476
2,130,262
217,625
36,266,883
276,719,917
208,446
749,855
38,523
174,433
245,768
122,226
153,295
371,377,755
100,874,920
168,661
643,999
281,446
598,662
68,136,420
258,732,758
314,703,868
297,335
162,607,976
425,953
749,883
701,955
141,625,648
225,623
133,274,704
44,201
64,236
602,973
116,234
803,999
423,630
447,993
692,976
118,612,783
200,809
44,591
138,412
59,974
706,722,864
125,445
282,862
28,688,934
50,627,733
96,689
676,821
487,585
894,999
203,488
110,463
686,912
622,896
74,717
153,873,963
371,807
34,292,757
682,894
192,220
53,347
497,537
446,1000
660,983
217,240,941
43,76,690
107,465
640,935
2,338
816,914
30,443,945
220,871
63,418
169,790
13,481
538,874
504,691
548,737
520,701
304,653
630,654,708
216,288
312,787
74,525,878
623,697,970
12,452,861
62,426
98,460
18,316,439
317,857
560,770
682,989
233,722
444,680,844
281,341
405,592
37,236,923
542,618
265,724
535,696
97,753
34,732
365,935
185,592
324,751,981
190,516
360,393
206,482,526
147,434,814
759,892
21,767,912
488,882,937
348,429,673
595,617
821,858,936
37,50,384
8,652
178,592
349,685
660,800
12,175,397
724,986
7,802,995
29,206
691,933
619,641
153,237
542,704
151,437,725
417,493,901
256,596
235,617
718,871
589,634
519,653
72,615
676,865
274,882
67,325
164,535
366,564
357,864
242,410,503
766,777
46,433,505
87,186,294
508,647
303,917
24,135
142,957
465,690
291,790,970
243,896
551,736
551,712
61,101
91,564
444,729
148,600,666
738,982
22,615
510,754
5,977
155,490
85,434,869
454,546,629
45,531
398,924,936
714,776
836,842
512,747
189,639
68,187,199
337,868
286,783
110,761,895
41,286,961
182,256,491
572,594,617
2,305,646
337,473
640,771
234,855
131,317
179,756,881
167,306
258,395
120,154,939
391,688,739
362,918
304,446,479
154,606
7,709
14,341
301,841
2,185
133,911
92,683
567,834
603,998
445,788
104,836
45,704,774
391,705
54,332,418
155,355,616
693,742
66,381,466
626,650
430,685
71,788
873,891
444,767,903
659,998
601,770,793
305,337,879
90,872
359,614
7,950
312,824
111,406,975
127,504
885,951
461,738
646,988
112,261
258,761,779
616,682
30,425
253,528
198,804
693,727
382,673
228,654,949
37,212,783
42,565
314,980
9,633
277,614
344,346,909
106,171,643
56,737
270,567
132,684
174,958
343,361
15,764
265,451
408,486,862
275,377
142,354
98,375
124,169,883
19,747
657,955
566,642
511,879
647,661
215,262,452
442,456,483
173,230,471
494,732,908
137,376,613
44,225
510,701
320,508
278,398
697,776
309,704,746
75,383
304,370
264,926
573,898
734,919
419,472,847
827,979
217,421,845
279,535,630
196,863,957
660,981
50,137,592
362,772,828
36,664
20,300
25,679
171,387
302,694
346,650
355,940,966
592,643
200,523
441,482
95,203
221,342,798
378,765
578,918
217,912
333,383
262,308,770
35,641
401,672
356,405
695,958,971
705,770
29,904
721,882
142,351,763
272,378
760,836
244,396
483,927
118,318
110,873
125,201
65,801
654,904,915
447,740
519,846,937
578,820
60,71,991
385,904
251,496,668
389,396
218,640
222,344
155,246
161,965
166,603,751
273,988
459,601,691
297,575,755
311,864
546,973
192,507
205,703
111,149
106,434
452,723,776
265,814
156,223
610,863
132,992
66,226
720,855
63,127
51,130,440
11,958
678,989
692,990
548,827
159,687
390,413
476,618
103,795
506,964
522,757
165,500,899
159,838
835,899
373,564
369,576,814
52,356
167,382,384
439,561
295,298,379
350,885
443,459
583,805
113,220,619
489,572
906,907
210,510
57,399
127,250
616,877,893
269,707
636,782
358,436,518
278,885,991
55,200,282
541,703,752
477,563
693,720
468,638,782
277,693
155,350
325,623,723
534,866
223,672
250,625,752
466,634,802
83,691,750
420,656
143,315
799,933
34,99,472
605,999
142,163,438
276,447
149,637,801
460,601
137,700
209,516,902
180,352,585
322,355
459,608
159,944
468,919
338,609
29,885
90,429
71,533
308,862
361,407,786
87,322,982
319,682
116,245
391,730,852
117,176
694,783
367,878
78,564
4,128,961
348,783
272,428
45,956,961
50,608
192,431
84,398
115,472,492
164,285
68,208,675
127,406,980
230,451,592
408,907
62,72,801
564,933,963
880,894
136,329,594
113,233
155,470,504
424,921
277,598
356,663
136,752
98,744
246,421
124,789,967
62,197,868
441,551
138,872
442,663
428,853
272,419,683
58,858,877
680,739
551,703
218,500
611,769
31,605
24,475,596
575,754,756
308,678
157,858
178,349,618
103,139,221
711,916
19,327,465
345,970
147,359
46,422,465
279,294
17,431,923
196,607
246,576
126,199,691
13,50,723
404,508
29,198
94,566,844
60,807
41,917
162,992
264,561,779
183,294
306,824
156,754,887
501,635,775
86,643
321,415
98,619
190,435
669,759
413,811
693,791
466,805
494,686
550,746
244,902
54,134,860
750,752
114,316
68,378
250,449
281,704
228,608,929
353,823
264,384
144,377
575,781
527,906
100,795
288,766
167,862
333,917
392,814
48,179,320
348,413
111,925
124,415,956
18,697
617,763
622,855,986
122,815
423,632,998
315,369,432
646,775,909
885,892
396,649,830
750,929
208,812,969
95,413,710
220,944
677,717,876
205,590
35,709
180,601
299,850
937,972
478,612
27,90
348,839
325,467,494
46,589
446,530
32,46
222,538,586
110,803
510,681
571,891
144,349
117,855
573,928
145,250,534
216,636
66,318,391
55,930
475,673,949
223,440,858
62,334
436,987
206,926
450,668
212,749
247,486
865,873
423,551
44,835
141,432,740
326,496
943,966
154,575,759
120,220
27,754,934
432,704,932
350,398
84,217
23,150,553
443,927
96,811,837
98,718,744
538,799
888,973
179,272,777
207,655
316,578,957
413,753
72,808
232,919
14,262
410,695
385,470
362,557
173,598
198,888
709,826
140,409,861
509,834
54,783
423,614,933
20,744
714,746
468,474,883
64,285,341
613,742
11,358,815
264,560
164,971
51,79
20,998
360,393,933
415,542,867
81,242,253
493,749
491,700,721
199,823
81,355,629
16,87
494,691
56,707
242,676
119,871
700,855
720,797
56,737,827
345,661
157,969
731,984
293,622
60,290,717
327,760,955
253,915
463,762
30,871
457,738
1,298,947
105,732,935
634,828,931
207,321,897
53,635
437,769
158,744,774
323,519
515,685
211,741
704,743
449,798
169,677,969
48,496
603,853
722,887
320,896
621,916
295,611,982
798,945
478,889
2,205,966
13,303
812,884
12,743
236,898
62,750,970
182,859
535,924
709,923
314,957
526,542
376,710,907
261,615
149,198,947
586,729
570,819
361,460
397,601
378,443
44,329,350
428,685
528,935
245,361,669
311,861
206,841
393,779
279,512,605
329,566
223,989
119,125,368
591,815
289,815
361,860
111,511,622
379,715,719
305,613,981
15,537,740
17,50
50,559
947,982
570,725
301,455
61,70
193,502,776
316,429
192,592
611,830
7,409
452,665,872
272,805
414,599
884,919,990
148,710
32,578
442,890
495,627
76,273
106,165,379
425,971
40,54,492
142,633
147,257,886
552,634
143,398,573
91,716,909
248,461,590
347,1000
62,442,709
144,874
364,906
810,941,992
341,466
269,631,894
218,951
135,505,533
238,648
24,385,694
521,672
204,656
647,721
872,982
336,381
478,545,669
258,635
717,939
155,349
154,612
868,894,905
522,830
428,675
73,804
595,982
163,746
248,414
8,149,352
761,885
80,799
232,684,817
98,317,997
725,913
60,635
112,741
398,507,783
55,791,997
59,446
335,852
121,813
119,479,967
396,509
798,824
75,230,452
191,235
576,933,974
533,896
129,239
160,966
405,688,837
17,61
221,424
199,422
656,749
499,689
770,871,934
318,627,863
168,203
362,740
627,672,757
233,410,715
428,671,852
1,165
163,589
778,895,998
538,923
415,800
164,683
229,361,483
342,668
608,776
711,772
187,490
33,829
79,81
655,771
398,527
143,342
88,232
77,784
55,321,936
270,346
43,667
326,663,734
23,589,642
43,697,743
131,428,479
374,823
38,322
457,499,588
434,785
565,753
17,511,713
41,506
52,153
232,711
351,824
404,654,699
508,759
902,974
419,892
232,447,710
191,741,747
1,284,847
519,918
652,915
306,572
376,642
523,861
97,589
323,448,965
79,506,986
269,406,705
72,788
207,687,722
201,755,918
493,791
413,432
119,169,579
235,709,970
578,900
638,881
284,372
80,993
454,614
663,881
296,627
670,741
142,642
707,891
210,455,683
158,677
604,755,952
24,589
130,891,938
461,699
749,995
762,894
669,671
174,295,695
686,869
340,448
604,860
222,930
807,876,966
77,320
94,334,540
111,153,372
558,681
415,829
84,813
582,655
116,432
829,885
95,990
607,670
2,123,382
607,808
17,942,980
184,655
15,149,203
98,597
255,984
371,484
272,985
380,428
170,188,402
161,524,582
22,865
337,868
397,910
9,216,608
130,649
47,345
121,204
280,315
34,271
162,811,929
394,500,953
358,880,989
318,470,739
102,704
663,743,906
751,853
365,846
662,750
171,864
178,686,774
47,573,765
144,192,783
100,109,306
104,476,747
286,800
99,799
230,857
472,903
7,345
858,875
701,707
127,274
554,776,816
827,846
178,707
7,549
597,645,669
258,780
336,510,762
180,366
246,383
591,764
322,403,642
553,657
488,694
896,914
283,510
262,626
454,518
390,896
462,590,679
34,964
558,770
486,693
16,101,468
205,324
525,985
537,556,955
374,883,984
785,847
260,577,891
217,307
266,774,892
911,942
84,912
493,963
243,761
87,352
229,404
44,448
312,612
62,834
134,250,577
259,801
110,500
239,730
235,594,634
184,644
839,949,995
255,819
79,418
824,923
478,818
305,546,806
54,740
545,735
183,626
168,546,944
410,948
142,329,748
21,47
235,378,505
612,626
292,662
404,873
527,615
243,482
266,836
23,734
478,683
296,376,450
78,451,678
168,245
93,203,756
43,276,665
670,837
155,628,802
427,947
32,97,259
889,935
79,726
838,936
979,997
2,642
25,414,575
542,580,929
445,997
75,333,706
7,743,840
803,887
67,163
540,761,927
209,376
458,599
311,339
465,596,732
145,899,920
31,644
356,853
105,735
117,634
433,848
673,809,940
124,375
311,636
392,482
446,755
90,526
232,447,637
452,777
662,683
141,436
274,472
645,894
10,824
188,944
650,659
195,519
109,337
332,338,809
59,813
120,899
312,411
732,914
181,958
732,756
795,851
648,681
612,742
671,937
14,651,900
169,282
308,317
715,877
206,227,517
80,210
91,755
234,418
503,884
32,219
111,406,936
290,592
974,992
37,127,900
76,637
46,90
362,817
243,515,984
532,728
41,601,671
94,974
184,817
85,956
678,790
337,799,989
430,486,584
161,183,332
62,413
341,629,895
200,253,854
127,182,270
88,185,867
226,402
337,631
341,692,957
18,389
10,480
84,985
737,836
268,524
205,392,657
68,480
662,666
393,463,640
796,967
9,825,995
79,159
330,390
780,821
225,952
59,373
456,990
271,398
516,884,928
251,552,692
506,625
170,603,983
24,504,969
447,706
463,681
237,823
64,676
468,637,800
85,305
782,818
52,545
33,109,273
151,667
401,590,602
593,627,720
570,915
397,665
250,490
22,45,205
552,925
206,584
153,976
465,881
242,270
283,295,344
17,446
486,673
427,580,614
428,738
478,512,703
730,836,914
104,888
168,558,769
298,720
371,770
151,386
89,996
197,365,598
233,629,979
195,599,642
166,320,757
260,882
415,844
300,924
316,1000
711,793,811
388,614
947,992
163,521,634
382,406,484
96,256
694,789
628,837
718,754
294,651,757
490,611
352,698,991
151,906
378,407
85,338,495
40,123,806
277,401
125,199
183,857
5,22,258
423,559
88,920
579,968
85,108
45,611
910,932
131,143,680
411,469,717
726,849
665,992
248,729,935
78,768
30,114
192,241,391
740,889
442,747
68,673
197,672
517,994
196,251,594
506,976
71,667
107,261
304,526,865
21,390
282,304
162,180,520
678,734
215,312
100,349,468
244,502,589
384,401,894
323,366
400,816
865,938
225,477
323,376,990
296,677,850
233,991
378,429,840
69,600
286,489
174,181,277
132,177,303
651,862
320,411
58,572
238,937
585,695
333,489
102,276,979
26,122,961
144,804
365,831,895
398,892,897
154,353,460
259,586,705
652,998
267,999
740,819
647,683
574,787
405,845
92,186
929,963
439,985
425,872
275,586
354,639,935
653,741
400,401
73,553
259,307
63,368,915
231,633
202,693
749,936
105,578
227,517,682
910,949
670,776
1,712
70,107,417
387,447,543
72,557,989
55,856
17,173,376
322,323,723
57,342
550,926
411,508
942,970
36,105,701
8,443
648,658
37,662,790
580,632
152,783
518,951
292,565,894
331,963
59,804,963
259,883
852,915
343,961
10,309,916
994,998
234,700
435,470
234,452
733,811
91,715
640,943
961,978
145,639,998
176,769
271,724
20,418
45,794
301,805
267,996
290,448,631
679,887
221,269,721
544,982
213,246
882,998
437,785
243,809
282,814
675,900
127,701
61,213,556
502,753
354,651
455,701
297,812
170,813
176,519
145,164
247,410,533
358,830
263,954
32,422
425,864
93,513
166,563
110,454
161,242
304,498
867,919
137,183,633
537,806,998
686,986
76,532
261,314
849,905
489,690
665,748
412,653,940
788,925
569,653
303,365,607
200,496
10,366,906
321,534,722
730,833
575,584,625
222,927
96,462
353,862
162,592
19,532
54,287,595
233,850
18,255
115,414
523,652,684
189,720,982
412,895
598,684
512,641
150,793,890
563,891
481,830,921
921,950
85,146,905
466,509
158,738,896
370,763
324,715
828,898
361,539
589,723
443,525
120,536,804
163,403,875
451,652,828
184,222
290,567
170,300,793
274,668
25,34
526,787
286,329,922
297,372
586,629
509,806
131,241
360,562
586,755
531,633
88,851
402,709
180,810
243,350,820
620,823
126,627
181,827
227,356
952,992
662,995
352,427
151,330,924
51,321
257,993
515,649
367,438
761,994
189,655
305,914
258,699,960
11,258,546
150,554
560,742
24,226,496
140,413,438
87,265
132,184,869
171,971
16,327,608
433,817
792,815
155,265
108,369,761
666,978
508,679,862
603,962
156,758
877,914
20,101
536,912
263,644
131,701,731
169,908
201,293,933
167,409,664
139,957,970
352,674,960
290,316,955
748,940
190,590,700
33,836
219,591
129,218,558
368,536
666,962
602,882
471,732,939
294,310,466
50,94,218
668,720
241,746
126,494
717,930
559,617
201,892
238,702
526,874,963
255,793
90,618,823
349,731
162,813
63,176
594,848
46,515
582,804
98,275
181,514
336,913
177,458,875
54,166
774,912
565,754
290,354
103,268,652
386,387,629
67,151
405,506,591
293,507
15,251
513,882
366,521
320,729
229,820
246,950
95,489,539
507,590
543,707,857
388,610,764
47,87
749,877
488,645
724,986
459,475
190,503,804
144,155
969,990
112,899
362,736,919
874,880,899
791,863
227,611
475,737
624,951
473,498,589
559,824
259,335,531
274,420
154,263
26,645,922
518,602,803
37,466
85,417
799,905,976
89,546
558,630,795
104,556
141,797,811
248,556
378,422,652
362,757
160,301,422
31,421,833
495,991
300,657,958
456,859
299,680
301,723
255,323
107,940
277,809
95,103,162
315,553
289,773,985
103,437,599
251,442
461,942
81,373,816
244,828
229,879
29,48
273,328,684
421,645
660,680
129,165,495
437,766
612,647
275,997
793,830
184,926
31,862
62,466,918
11,129
352,870
746,753
394,679,818
34,368,541
45,499
301,726
662,746
80,278
302,637
149,722,786
73,804,835
341,549
253,448
794,899
519,573
124,701
119,802
810,840
803,909
63,91,909
504,786
237,246,400
591,854
670,890
222,588
16,585
139,665
358,675
109,751
816,932
472,952
299,715
207,851
429,526
542,687,755
197,680
360,400
399,483
861,945
93,307,478
405,848,885
224,371
109,799
422,618
167,863
24,368
64,426
209,702,742
346,970,992
150,283
507,664,784
108,380
360,944
303,531
170,758
409,734,776
150,364,642
873,911,958
248,826
570,879
68,94
76,651
520,881
361,721
19,702
651,884
135,360
662,709
17,549
113,397
280,767,965
77,594,875
9,140,798
596,770
629,974
253,304
177,788
76,377,936
558,603
476,836
5,858
148,388,536
34,90,604
137,598,763
136,322
190,583
170,889
13,734
344,663
162,684
113,197,421
757,781
835,884
142,497
677,900
949,980
373,518,615
751,980
84,343,942
269,647
503,940
260,952
17,331
692,941,995
147,250
114,794
545,870
666,772,781
683,982
723,760
95,573
272,679,824
130,915
388,449,939
141,444
20,575
566,905
126,728
499,530,862
212,384,925
239,558,646
137,663,884
230,381,826
427,429,956
327,878
154,219
390,868
553,619,957
560,793
476,851
203,968
716,871,892
82,296
701,949
37,426,859
4,660
278,817
80,181
17,665
18,276
233,346
448,683
650,722
39,186,995
879,973
512,957
33,806
86,283
787,831
430,895
196,320
825,902
846,879
140,235
363,701,862
318,565
60,837
173,201
222,514
201,439
237,905
412,430,759
163,572
372,574,891
73,612
827,875
7,416,959
558,599
225,457,823
208,229
175,205,876
115,910
699,751
909,919
159,932
5,700,996
55,885
347,843
259,786
224,253,464
95,779
502,832
18,438
77,303,948
41,373
544,811
43,230
256,545,730
335,809
511,760
183,310,353
27,296,789
365,555,905
27,412,767
168,414,641
369,418
82,540
679,734,792
417,519
261,595,605
643,786,868
66,632
82,977
356,838
129,445,520
12,389,684
123,865
457,956
294,984
547,802,948
591,965,971
195,588,735
141,672,698
60,459
145,518
668,944
244,661,768
345,672
184,288,872
429,745
211,766
396,595
564,818
385,969
798,890
99,744
94,135,357
315,392
55,836
405,459
236,907
395,410
14,237
418,833
80,232,258
30,929
201,622
188,735
207,609,890
373,760
774,886
365,467,585
319,363
582,613
699,969
616,805,868
448,859
43,62,474
213,627
196,241,653
57,507,622
101,817
282,486
116,581
200,869,979
609,750,962
170,968,989
237,893,944
363,446,981
66,472,512
58,351
209,683
199,417
595,870
507,632
531,880
366,758
634,662,858
208,402,820
59,365,786
26,626
435,656,877
176,314
13,875
457,475
226,839
174,683
296,874
239,410
459,635,706
200,568,745
98,320,751
612,754
300,781
431,541
259,521,832
809,815
119,362,382
306,835
419,524
819,944,958
260,725
42,582,978
660,702
104,571
85,779,807
44,95,765
221,743
342,385,693
809,839
122,182
687,706
132,670,753
264,440
202,550
196,431,817
33,925,999
781,943
240,320
309,981
178,731
28,313,874
227,885
99,836,870
138,395,793
225,654
602,879
70,838
337,464
350,557
293,355,961
185,528,977
951,978
605,671
86,785
596,911
442,603
168,239
98,605
276,318,841
194,459
614,947
142,276,452
465,529
3,910
565,672
232,722
636,702
387,391
729,854
173,288,907
215,463
58,191
285,601
465,954
44,819
463,993
304,526
13,17,556
774,921
90,525,579
720,762
288,395
68,835
75,759
342,386,708
339,635,866
619,836
662,765,863
552,941
268,578,802
427,554
117,210,482
740,913
175,434,528
10,87
60,321,936
93,934
119,984
304,650,883
157,554,685
286,667
44,547,921
56,732
603,661,746
595,612
86,611
232,273,458
120,978
154,541
122,579
284,612
469,832
461,905
136,173,378
29,747
159,780
807,884
812,874
1,653,689
300,333
663,709
582,747
526,718
121,766
683,692
191,403
60,532
264,335
75,882
132,828
124,222,961
432,822
358,975
43,75,230
246,388,537
385,716,949
197,203,314
239,434,682
285,554
408,521,734
574,676
488,490
171,298,337
701,823
355,849
69,659
318,349,737
500,682
125,845
162,679
22,344
540,868
67,560
15,614
6,11
450,622,654
779,818,916
493,613,679
654,774
560,723
576,657
246,400,470
147,816
199,582
479,934
386,484
83,612,718
573,828
303,491
375,976
610,664,996
519,863
157,803
169,396
556,990
466,606
597,730
162,603,678
97,817,837
4,80
239,750
139,258,772
13,682,692
347,759,914
295,813
359,679
350,535
411,465,628
743,792
171,418
512,893
174,591
312,669
39,468,599
154,275,314
103,640
668,945
157,483,836
747,883,904
236,438
173,599,923
403,965
121,535
3,41
117,210,416
179,747
408,444
426,439,918
402,556,662
885,989
184,871
85,336
212,555
12,560
241,588,968
461,691,783
456,892
328,408
79,605,760
48,619
742,965
186,599
265,343
327,838
325,840
316,745
561,594,748
180,802
278,323
543,864
285,784
58,979
301,600,988
277,821
34,587
325,593,896
31,926
218,402
449,893,923
21,588
190,208
372,510
259,795,801
69,422
85,668
4,635,780
495,572
248,625
489,817
212,289,873
469,730,887
236,847
663,764
49,112,773
20,355,679
491,672
283,695
669,981
64,448
150,304
252,865,977
559,560
106,656
564,996
808,901
471,579
749,951
17,955
161,971
56,745
456,561
209,825
164,995
798,872,906
361,777,781
293,872
107,887
298,387
231,516,719
53,651,818
90,107
394,841,991
742,800
166,179,871
696,910
558,993
363,772,794
536,898
348,660
312,314
60,818
303,502,516
210,599
456,774
179,912
272,713,890
26,408,889
50,735
286,848,907
479,745
695,978
60,991
38,984
350,583
280,415
103,357,900
333,845
574,687
20,292,746
413,992
498,581
193,520
358,995
345,422,832
550,657,891
145,803
622,726
143,697,979
296,313
358,957
191,206,520
296,692,992
435,982
204,435,983
173,356,888
227,385,429
67,101,853
195,489
43,318,911
743,753
152,500,920
38,705,833
592,961
64,539,714
50,91,473
85,462
431,462
514,558,814
248,399
614,936
446,840
230,611
179,380
492,954,984
467,943,960
560,909
213,819
486,952
288,323,582
544,786
106,611
86,944
192,274,575
183,198,862
21,437,976
273,439,906
105,912,952
199,765
41,162,225
201,317
350,547,549
273,907,981
103,746
355,458
699,783
840,885
178,352
100,832,921
202,944
558,584
246,560
235,251
544,985
88,823
303,567,640
546,836
335,510,668
445,717
369,876,942
284,566
216,278
503,855
405,502
509,521,672
228,310,628
785,998
97,164
378,663
124,735
74,408,450
347,377,654
278,582
309,532,930
144,543
29,121,425
438,882
419,817
272,995
56,436,677
426,986
34,282,456
848,917
71,932,953
520,557
479,904,935
227,913
590,711
715,848
69,163,521
599,960
20,795
190,950
52,473
72,813
145,151
278,345
403,628
258,857
71,287
200,403,628
552,570
378,399
114,416
476,582
261,649
240,328,811
283,762
42,412,650
158,451,486
581,667,996
93,707
4,246
227,465
534,655
63,212
207,966
643,938
207,253,590
170,569
532,653
147,369,676
158,662
519,538,887
381,823,908
599,659
558,860
157,359,449
179,210,623
164,202
230,468,765
263,848
37,339
517,771
412,881
84,252,975
860,964
12,662
46,707
466,822,931
41,133,874
446,483,680
250,276
81,165,773
812,947
95,821
279,751,904
409,604
599,653,865
829,953
17,430
70,394,994
232,433
113,375,548
163,391,683
44,833
617,764
352,592
405,847
21,674
91,580,724
28,117,134
363,378
292,756,843
173,419
516,528
342,617,753
395,633
274,486,721
406,648
160,197,907
175,589
318,391,482
44,310,424
130,425,483
854,885
331,927
119,381
429,609,745
156,934
388,785
43,990
84,204
51,388,847
31,119
2,379
449,575
832,853
280,367
210,906
10,675
153,260,978
122,923
139,221
62,104,355
34,393
99,910,945
387,435
351,411
800,845
383,823
180,802,986
297,436
150,479
351,449
164,449,650
389,843
139,437
380,625
818,959,975
92,96,828
436,922
199,599
33,84,876
14,50,599
304,494
387,543
433,711
131,800
67,938
444,459
55,781
45,891
527,827
323,328
560,787
962,995
3,454
27,970
113,761,808
358,775
109,753,945
817,924
72,567
235,592
451,996
145,818
12,106,683
135,800
406,564
520,929
539,821
69,726
188,450,636
447,652,709
102,707
643,973
621,678
287,688,941
243,687
220,231
296,612
198,715
41,282,457
217,268
456,961
164,679
30,288
98,304
168,288,579
5,305
117,451,996
263,349,654
359,516
777,931
71,289
781,826
272,898,995
134,883
9,652,988
593,947
128,528,998
572,617
290,695,743
111,973
28,571
150,368
365,587
92,561,993
124,625,696
685,953
288,376
689,890
637,824,907
380,571
135,808
337,406
524,733,969
744,855
127,690
164,485,693
403,617,632
215,783
193,362,631
709,908
566,986
78,322
135,368
522,657
6,242
417,561
336,817
798,855
493,965
54,461,924
135,595
279,513
392,494
147,424,514
508,721,777
21,217
196,521,628
53,776
263,721
69,573
493,808
135,517,937
39,95
397,963
71,806
202,234
334,774,846
834,978
487,681
418,864
324,565
138,372
30,916
495,920
47,58,62
819,925
266,295
217,243
20,428
298,873
112,416,720
223,829
26,376
153,993
345,826
157,688
298,437
398,652
669,795
138,328,610
721,896
32,959
124,997
617,686
131,424
334,943
308,396
106,885
594,972
41,291,647
308,889
196,948
885,974
665,921
264,580,668
309,536
64,192
364,761
105,315
200,405,815
179,964
386,593
312,535
541,1000
172,257
605,776
83,106
862,1000
223,259
329,357
274,512
84,565,887
482,656,978
506,869
55,806
44,583,889
94,423
51,242,983
266,342,670
602,656,785
440,627
226,756
20,700,780
275,866
325,948
30,950
212,865
413,721,759
251,403,857
59,194,467
612,657
718,902
109,342,768
52,734
194,629
97,659,861
160,244,419
600,695
63,83
433,956
264,794
461,680
335,432
394,869
654,919
523,765
198,331,761
38,596,904
562,646
551,844
366,524,781
433,834,974
469,543,626
346,679,855
312,633
618,965
330,483
667,800
818,1000
43,988
514,596
478,648
58,757,795
495,524
314,860
341,638
368,517
68,606
383,768
11,937
97,642
575,721,833
514,553
276,416,527
175,335
300,977
552,715,940
756,760
318,646,943
346,484
431,977
113,222,755
252,742
20,610,993
89,262
202,676
80,312
177,417,996
54,706
32,793
759,970
498,810
53,216
363,575
48,107
286,476
148,312
470,1000
100,273
601,981
98,491
104,462,699
325,481
455,715
324,741
174,224,639
83,203
274,878,934
430,508
678,707
312,919
333,961
406,908
182,549
537,658
66,870
106,570
717,893
368,536
822,828
314,444,647
106,852
812,985
227,656
601,728,908
46,141,283
483,848,923
59,410
187,969
296,326
214,298
168,457
30,302,436
23,489
909,998
88,339
580,886
327,630,952
371,668
362,489
572,723
495,911,996
331,658
3,756
292,862
182,917
152,910
469,571,622
652,681
2,840
673,862
219,682
818,865
166,307,767
748,930
332,718,813
898,942
64,252
16,616,652
393,858
44,196,251
249,843
409,873,877
204,831
618,969
15,792
561,653
758,908
25,45
10,181
9,309
217,469,763
40,707
62,608
396,972
177,637
412,887
178,355,490
293,546,703
354,866
498,952
375,597,850
830,899
81,977
498,587
361,455
348,590
459,647
396,731
265,330
274,630,904
225,299,374
338,352
472,742,932
148,592
651,779
500,664,927
103,109
106,289
60,400
335,614,809
624,923
245,540
74,303
307,389,535
52,235
264,278,407
441,602
352,454
3,746
670,675
137,460
282,677
178,334,945
6,351,949
931,974
289,998
434,873
45,147
290,330,476
278,906
231,979
230,813
672,906
5,55,264
37,364
188,632
576,753
440,592
66,469,691
703,893,950
141,494
99,115
321,722
216,843
85,189,762
410,720
437,640
24,841
569,675,782
344,434
57,862
320,732
187,250,852
79,591
647,691,874
296,705,737
112,523
236,263,491
562,888
695,853
159,204
319,483
466,768
507,508
312,377
45,415
239,880
110,307
109,360,933
447,945
654,987
224,656,749
249,918
220,329
208,648
109,399
436,465
457,964
771,873
305,432
264,674
127,483
268,689
362,462
150,267,912
111,447
367,529
79,456
373,838
893,941
377,561,721
14,172
451,659
17,267,502
416,563
15,885,926
139,578,819
638,770
911,924,983
620,844
832,865
777,942
390,522,755
300,876
92,326,354
157,304,878
78,302
536,677
64,271
854,889
395,442
157,757,806
128,298
354,403,713
108,517,806
495,724
148,478
287,846
764,833
4,147,591
41,478
106,939
523,643
103,513,560
98,653
262,902
212,359,551
723,822,988
433,801
35,140,592
263,920,962
448,596
326,916
3,122
317,689
85,523
271,295
554,852
574,875
101,395
235,693
150,397
355,459
409,416,637
448,911
63,563
743,746
53,314
439,849
375,870
265,848
560,861
185,602
315,516
418,838,932
122,187,542
14,295
160,500,518
243,943
803,838
69,658
245,674,955
214,816
270,353
107,271
430,541,755
460,542
63,242,393
896,980
59,996
554,619,937
716,777
345,430,756
74,663
1,227
335,773,872
539,617,889
83,719,890
539,977
431,573
724,902
162,326,611
323,345
586,754
314,679,801
327,442,505
57,390
649,789
574,854
900,978
17,935
494,517,913
538,729,767
549,760
113,241,752
331,534
295,503,847
399,969
673,787
98,201,860
289,933
183,352,509
606,794
444,478,870
50,62
396,1000
139,954
363,461,914
196,795
305,522
332,373
284,474,829
499,829,919
542,638
374,630
55,761
636,654
193,213
261,320,575
781,900
403,583
44,521,819
97,408
421,596
187,765
12,284,761
439,763
479,820
208,381,730
9,295
305,603
201,595,668
519,644
89,861
71,956
651,920
289,298
13,633
486,608
487,565
185,278,375
220,638
504,630,803
76,957
617,716
635,657,679
318,385
207,224,985
224,423
109,656
150,753,995
36,650
314,370
163,327
158,319
165,507,975
415,874
217,535
395,959
353,467
22,520
483,878
167,985
117,696
345,424,474
18,275
91,252,842
11,93
438,621
293,762,766
270,678
270,271
261,1000
51,129
487,969
345,670,797
116,460
292,351
27,396
244,474,647
668,721
50,848
107,304,385
16,266
446,987
622,691
499,694
18,621
553,905
877,911
243,954
733,810
174,432,847
591,971
19,243,915
593,715
661,992
591,756
125,662
205,431,992
596,728
634,680
348,755
131,217
436,654
308,897
126,478
41,287
602,808
252,656
127,480
405,779,788
58,448
650,937
646,710
597,990
204,528
304,593
93,701
620,837
443,521
603,945
776,913
70,657,975
48,176,675
572,888
435,961
104,482
1,174,715
202,323
26,137,776
5,295
144,444,588
806,938
203,537
367,537,864
120,510,610
30,180,520
358,920
508,605
242,375,572
242,355
41,418
73,275
125,816
58,734
146,188
889,931
360,524,529
2,432,590
736,905
591,973
339,742
299,309,870
98,396
828,925
32,35,522
91,337,936
384,773
143,729
526,695
575,670
360,523,676
41,420
781,911
312,469
648,791
647,898
432,789
204,909
328,471,823
232,648
198,602,965
10,96,573
160,291,857
671,929
163,216
324,587
318,331
280,355,886
641,783,935
648,817
356,873
182,239,861
143,438
256,630,681
502,567
164,648
631,753
602,789
127,516
316,868
1,485
62,257
323,653,808
815,877
94,495,499
114,963
501,655
388,577,626
504,670
34,312
299,450
133,465
540,799,807
259,765
828,962
205,464
241,870
288,962
7,259,750
121,170,960
22,814
8,142,988
591,788
667,771
10,65
107,494,609
7,97,196
43,422,945
639,808
371,762
159,553
175,646,766
99,561
2,937
949,958
285,586,756
5,425
515,600,623
128,485,668
734,944
156,479,984
56,187,531
37,634
773,993
43,947
100,958
430,815
664,711
420,888
368,677,688
155,170
184,749
126,716,912
418,495,722
109,135
1,418,700
189,434
44,988
501,993
902,962
940,968
554,842
422,541
789,952
100,808
550,982
767,895
591,891
19,488
134,767
90,429
46,211,811
497,527,917
225,645
29,627
352,804
163,935
106,814
134,361,967
144,215
373,716
398,621,819
34,98,812
259,651
33,123,194
50,853
705,751
906,942
42,227,360
83,903
314,933
96,140,326
34,117,870
400,586
611,896
189,953
600,898
75,117
219,646,854
92,733
242,503
186,344
117,187,972
53,376
47,271,707
90,275,789
91,153,880
582,636
555,971
316,689
200,343,894
750,871
539,573,617
33,319,841
268,322,753
46,426,853
406,960
72,718,750
299,561
346,985
42,431,478
659,768,790
274,603
69,608
21,548,964
324,330
84,844,959
594,624,754
746,945
233,584
260,749
107,152,491
158,457
121,926
632,670,740
95,584
888,897,926
35,454
113,182,734
319,411,688
92,921
5,655
15,879,933
122,703
259,362,962
17,943
166,314
240,921
45,725,894
319,473,699
99,144
228,732
151,417,593
541,658
111,788
428,723
781,783
600,957
17,57
443,638
261,765
3,426
351,505
555,963
751,781
69,547
500,693
12,957
14,351,714
380,680
748,770
41,915
257,353
843,931
123,199,646
214,459
112,655,722
298,916
704,913
32,721
2,591
395,978
331,446
324,801
288,697,986
267,753
273,524
597,759
190,463
297,732,767
126,728
647,870
48,341,835
119,378
550,863
484,877
145,938
516,948
266,365,958
163,246
766,860
300,469
113,981,997
312,377
26,603,755
136,825
370,820
74,677,846
468,557,567
405,518
158,579,618
219,566,567
134,757
877,932
58,286,757
186,920
58,160
76,77,340
457,649
263,285
371,873
284,321
211,426,641
239,555,838
243,358
133,344
307,680
377,696,702
123,276
74,612,688
353,481
356,576
251,600
329,448,683
9,505
98,851
508,527
164,566
41,992
512,948
18,342,793
164,557,652
55,640
321,585
237,511
232,652,893
157,307,586
318,688,738
279,377
256,526,691
365,371
791,839
475,529
336,939
308,819
142,235,389
160,162,443
651,733
393,491
108,462
540,550
596,915
936,998
55,76,820
116,389
418,640,888
56,643,710
638,811
331,352,495
123,864,977
87,773
19,187,569
192,246
198,204
228,900
509,541,958
136,235,735
116,478,618
271,845,931
137,849
729,867
79,399,657
405,849,934
80,920,924
256,627
18,578,889
142,800
140,457
157,868
122,545
360,362
440,847
531,986
531,830
191,723
44,572
258,591
846,936
106,981
138,196
339,832
137,443
185,679,733
393,782
13,586
410,530,716
270,897
378,583
46,849
521,808
210,865
12,322,513
209,637,928
289,818,996
265,291
253,267
95,308
288,853
116,120,504
512,664
342,462,833
600,720
92,662,834
743,763
11,955
523,824,833
137,629,951
871,952
321,412
228,631,692
436,444,908
311,893
21,804
608,796
91,518
134,223
11,91
156,458
116,589
245,275,512
267,843
547,802
504,701
247,864
400,725
91,523
102,165
129,527,755
211,872,941
143,673
311,807
337,687
71,107,209
585,742,840
416,803
116,986
365,753
498,730
167,580
214,593
16,342,853
49,677,682
162,291,945
342,832
172,733,866
107,782
467,558,976
43,295
294,603
218,584,946
526,781
344,540,994
51,401
646,780
62,549,902
524,879
12,562,675
162,285,522
563,760
369,640
400,518,655
31,979
339,882
650,759,878
549,950
46,88,539
211,261,727
148,659
46,551
739,770,903
517,529,563
144,865
43,59
509,567
607,670,798
91,974
243,456,512
17,177,268
20,337,647
608,810
48,446,756
238,937
82,369,885
607,657,662
780,991
259,802
170,337
233,483,878
579,754
583,986
334,831
14,468
926,946,982
372,779
598,764
277,615,799
728,912
121,458
8,83
155,721
448,623,907
433,663,983
359,807,942
523,551,591
64,281,433
831,923,955
350,743
104,654,823
169,261,860
311,959
527,652,858
336,955
39,624,802
796,839
299,404,862
258,500
247,602
18,746
50,556,765
289,938,943
182,461
370,449,729
354,925
183,665,931
42,499
577,717,791
557,929
65,473
586,969
24,632
240,624,790
440,955
518,975
264,951
120,667
689,857
38,168,671
131,669,824
164,333
737,1000
355,824
798,992
268,941
309,317,987
324,739
407,739
284,654
124,199,610
420,837
402,719,891
353,717
810,814
276,433,837
247,533
225,601,854
443,637,916
306,474
189,656
2,83,699
925,944
293,712
201,494
234,384
175,465,605
70,311
169,543
580,673
400,599,612
93,827
210,285,468
287,571
157,263,353
138,863
759,895
301,589,757
258,928,935
64,211
598,900
318,937
176,215,389
37,765
177,557,979
244,900
520,573
396,421,745
127,527
379,704
440,744
360,934
116,814
156,745,830
158,866
20,831
46,473
521,902
186,720
122,725
167,711,904
76,241
115,323
129,224,503
335,394
49,589
111,151,725
38,483,782
545,558
93,630,969
515,713
369,531,946
171,720
331,418
330,794
556,841
138,556
60,999
99,133
272,692,753
181,955
535,660
298,893
23,237
369,373
35,138,670
552,650
296,634
14,497
139,573
702,903
789,897
357,873
205,294
53,280,983
172,468
489,776
831,868
1,200,227
82,561,897
740,849
645,752
53,510,792
191,802,996
896,984
97,164
136,525
431,628
181,313,991
86,161,778
696,965
269,283
460,839
544,710
651,918
12,246
190,792
449,882
320,543
148,617
208,605
80,335,879
36,445,881
692,900
773,847
142,458
403,651,922
109,129
490,878
959,975
138,281,875
546,911
284,518
192,260,735
549,859,922
497,869
133,317
86,102,581
39,101,196
305,792,877
91,973
449,663
295,503,831
506,991
459,535
575,759
415,454
677,704
4,816
342,398
102,189
435,839
252,687
215,230,577
201,596,638
350,491
425,829,842
264,350
84,379,961
263,479,844
1,219
876,973
422,690
211,608
428,862
103,628
278,869,891
574,793
581,965
280,627
77,322,948
299,708
300,829
269,846
414,478,486
94,393,794
323,869
15,372,558
320,1000
413,709
270,593
63,437
415,720,764
92,601
210,923
306,717
4,80,193
57,124,399
794,949
461,856
31,983
635,715,816
288,957
38,549,632
340,917
224,399,923
129,137,475
77,539,918
67,863
154,772
427,493
162,192,707
214,687
429,755
443,531
314,435
263,874
309,525
136,513,527
109,383
540,622
492,644,915
552,898
654,865
121,490
58,516,800
107,349,588
688,737,744
612,704,894
827,984
437,613
139,741
265,402
259,879
279,626
346,447
608,986
496,798
53,493
224,369,443
192,344,933
442,616
176,476,826
157,391,967
576,958,991
285,763
750,787
586,609,852
209,509
606,729
258,897
655,782,997
59,527,823
558,684
564,686
142,516,520
4,365
81,773
89,218,582
62,497,557
768,868
56,713
115,414,745
297,694
152,206,655
409,720
159,667
183,240,907
549,817,834
88,960
101,550
795,828
137,408
143,950,986
146,379
176,542
441,917,918
179,245
323,662
173,438
180,571
112,295,425
308,746,797
25,192,636
343,484
546,590,771
325,520
641,655,712
276,915
309,710
495,519,565
179,788,852
423,868
10,346
180,603,750
117,783
852,884
30,918,950
391,805,938
568,912
320,968
537,753,890
325,398
361,685,883
369,909,913
885,958
159,551,975
20,484,841
224,551
2,277,337
248,412
288,659
79,394
42,395,911
335,975
93,832
276,627,750
173,607
271,776,986
31,939
454,838,864
480,947
656,670
144,158
33,332,991
222,792,807
290,637,902
744,917
114,257,911
65,633
311,593,994
612,809
11,692
170,559,884
453,754
644,981
316,486,567
57,612,737
327,979
31,409
42,554
228,988
27,266,472
168,850
22,389,454
92,326,817
565,656,850
566,689
117,214
282,322,392
83,513
58,341
102,806
28,74
33,339
289,808
626,764
407,476
174,838
78,328,431
252,654
739,827
55,78
401,900
113,399
791,792
8,383
403,572,835
542,603
86,709
723,857,900
778,999
305,983
589,657
501,780,833
151,573,689
8,249
287,484,771
402,793
397,807
87,210,677
16,489,992
105,968
154,996
613,947
381,997
36,319,781
232,468
68,739
622,965
138,232,672
525,575
119,605,952
329,848,995
30,333
108,462
10,610
252,528
161,982
363,460
290,367,420
374,482
400,869
724,734
666,810
555,771,796
192,645,860
902,928
423,690
110,241,517
124,271,601
69,622
372,392
198,879
270,620,772
420,470,478
617,916
88,940
89,531
241,376
125,526,782
800,837
489,712
39,848
14,193
308,871
294,768,861
43,953
34,701
497,837,950
640,986
174,932,946
691,789,904
11,504,824
609,858
119,389,465
110,570
432,704
306,443
279,789
77,461
401,610,613
27,118,851
431,594
43,988
239,965
180,919
724,773
187,555
200,920
748,808
144,812
73,517,529
734,810,955
333,539,670
24,100
241,328
388,906
150,443,474
291,602,894
299,319,541
263,735
76,150,637
262,960
65,847
444,770
556,808
961,971
14,310
88,615,958
268,452
229,269,1000
142,370,855
263,584
62,593,721
781,828
60,258
188,648
512,548
120,338,518
288,419,919
63,79,940
913,979
26,840
823,924
34,915
54,453,647
347,476
22,895
87,565
137,386
175,742
927,969
333,845
415,639,963
412,702,915
5,909
30,191,808
299,370
515,624,651
202,738
