525,990
471,593,595
304,335
340,424
304,432
284,993
641,783
10,436
781,962
316,810,905
51,702
255,375
485,759,929
12,531
249,649,789
128,459,838
198,311
418,821
186,729
624,783,934
709,932,964
323,898
120,439,857
129,690
427,516
274,607
46,752
317,799,830
845,877
188,440
908,1000
149,537
218,867
372,981
368,864
35,210,418
381,700
591,748
406,562
197,478
496,792,897
542,591,686
860,954
48,470
239,637
419,601
161,565
58,957
192,356,788
289,693,953
374,418,610
306,650
130,385
334,343,705
75,285
521,817
399,586,970
178,447
82,898
493,592
496,766,832
430,749
148,166,979
765,986
15,54,689
417,601
115,743,999
50,540,654
286,477,627
293,773
219,667
109,356,404
442,887
100,777
345,696,998
107,459
449,552,795
185,941
32,573
606,764
256,544,674
17,762
605,865
731,993
928,969
341,792,907
432,443,604
113,226
746,984
924,989
94,765
42,409
628,730
82,267,290
429,878
543,863
359,610
81,785
87,396,470
11,933,977
42,841,982
927,971
637,772,926
224,944
311,553,628
407,784
565,763,978
486,748
403,782
88,409,774
22,319,934
90,168
48,452
394,811
431,981
482,889
406,742
500,736,741
71,257
818,972
326,455,777
499,522
571,660
475,695
451,856
70,73
129,545
505,936
234,527,881
410,735
649,736
406,504,562
808,938
221,247,993
884,925
103,116,232
119,625
701,832,915
30,508
154,161,647
361,574
492,889
249,287
538,747
28,99,890
293,364
387,417
29,911
151,372,544
254,650
55,299
337,592,1000
341,361
392,931,955
160,497,534
265,874
371,758
445,951
719,754
191,268,351
391,753,797
10,206,790
368,827
208,685,863
122,726
315,967
279,579
819,986
219,448,709
132,142,310
521,616
28,561
34,803
192,282
723,925
891,973
138,675,989
73,628
126,998
340,713
417,502
288,740
284,733,798
315,379
806,947
74,543
342,740
526,654,983
65,857
859,969
200,548
67,911
110,398
223,330,353
41,695
297,657,833
296,341,960
389,447
619,688
614,629,831
211,483
348,519
132,376,981
741,926
433,662,826
457,787
200,966
73,589,772
538,752,799
617,732
163,953
56,625
179,815
313,645,790
16,722
392,410
110,880
259,663
432,647,944
376,607,825
247,615
151,482,932
86,979
541,904
92,115
439,949
195,901
503,996
566,656
608,633
616,777
700,967
72,79
289,936
578,752
123,188,284
426,660
150,395
365,635
524,556
201,233,316
72,826
378,572
56,913
29,436
449,539
372,642
74,757,946
499,781
739,858
507,636
61,237
556,942
86,124
75,298
662,890
600,802,818
540,712,953
617,656
633,984
433,447
264,649
179,408
98,157,446
764,948
249,327,802
2,518,640
279,594
361,673
272,772
294,547
108,292,773
631,809
47,849
365,620
11,684
220,388,600
41,131
308,417,812
220,519,845
315,835
124,252,469
389,632
452,715,737
651,682
50,73,147
120,388,730
89,775
225,240
589,902
317,611,698
383,567
534,642
702,926
400,942
204,899
83,332
206,257,845
58,472,724
737,983
469,511,646
88,516
161,658
288,290
300,360,912
93,148
148,804,988
526,551
136,859
535,779
176,374,830
52,782
713,817
351,491
279,569
73,320,553
277,568
13,81
82,179
291,855
249,450,593
308,457,553
864,977
71,956,966
410,632,828
151,215,506
269,333,440
477,774
42,98,391
72,973
115,708
723,955
164,227
527,615
876,955
150,389
141,947
493,534
459,604,742
188,542
814,839
233,525
346,957
329,480
226,287
684,805
670,772
321,619
102,355,719
210,314
196,396
107,833
43,289,338
37,351,474
752,840
310,767
305,876
187,690
259,336
124,750
515,876
350,376
410,992
833,948,995
2,228
825,901
178,277,446
381,486
362,630,658
297,453
111,221
162,847
29,495,497
117,404,653
272,941
77,245
81,776
299,421,684
208,489
58,602
227,241
520,713
166,543
96,716
471,704,730
223,988
581,846
784,909
177,856
110,292
732,918
237,741
204,721
382,506,685
147,384,519
437,917
383,495,654
530,645,878
321,370
511,531
180,662
333,630
73,409,661
1,154,166
1,565,687
194,629
199,203,516
64,144,418
54,815
73,152
709,846
303,786,907
330,805
224,829,944
570,574
419,941
158,789,911
65,895
228,555
69,638,930
56,768
192,815
171,859,978
290,857
194,231
371,402,450
686,884
125,857
332,858,991
94,472
493,501
249,352,586
404,748
238,753
53,622
51,258
58,349,907
15,147,801
11,655
209,637,764
412,703
263,272,775
92,723
138,839,885
658,795
406,984
91,769
530,752
284,504,958
94,107
46,436
176,201
532,960
534,566
781,849,911
224,514,760
239,650
77,189,705
192,467
521,536
291,718
17,134
349,671,879
657,992
101,594
31,604,729
407,845
492,528
357,477,846
420,996
696,820
869,882,981
221,433
15,815
615,814,959
8,68
183,296,542
44,76,636
93,330,655
400,409,468
746,1000
97,511
251,452,505
353,900,959
4,508
657,745
309,888
959,966
221,278
598,618
8,163
198,619
873,947
84,688,836
89,346,582
50,791
374,601
107,170
2,669
133,258
884,927
340,561,743
121,812
212,732
113,399,851
758,816
397,725,931
29,670
415,726
298,487
41,762
78,468
791,981
734,833
97,270,826
816,835
199,287
31,589
26,602,880
45,247
594,885
216,856
127,155,718
16,890
546,893
274,530,830
87,705
728,865
477,730
110,814
474,545,760
360,587
227,958
311,827
671,895
18,170
264,361
438,442,480
526,626,884
69,273
58,59
415,704
633,747
281,303,559
90,476,485
171,207,309
586,935
230,756
275,349
123,539,944
651,973
423,879
56,247,336
419,563,670
286,932,939
40,681
682,764
593,814
459,894,905
14,965
938,945
265,589,991
90,401,704
119,626
55,948
574,712
44,429,605
398,746,898
418,658
246,813,824
695,825
98,231
104,133,550
525,734
558,999
907,919
98,480,900
314,375
73,796
458,699
582,648
546,802
442,785
336,481,882
243,705
203,505
110,336
788,892
41,143,369
187,673
475,797
48,611,944
533,913,959
447,539
116,237,936
645,716
145,926
303,722
172,573
3,369
357,704
442,720
179,649
164,461
335,955
59,293,759
526,552
177,571,809
88,156,941
156,975
303,774
636,655
501,681,934
260,311,684
767,886
336,909,980
134,643
131,298,787
879,896
448,672
480,731,971
597,880
39,173,885
159,887
69,345,802
144,220,329
13,50
127,330
15,61,269
73,398,709
234,520
309,756
464,505
35,456,789
64,350,798
840,846
94,156
159,535,730
217,370,687
48,203,323
388,464,476
228,313,372
216,922
6,878
693,766
155,570
827,877,970
108,439
599,765
375,826,876
77,825
590,865
894,921
158,671
152,327
105,141,393
478,765
684,781
58,230,820
88,194
102,454
306,422,819
173,290,582
644,706
125,406
659,947
582,815,825
101,760
870,987
458,735
388,397
58,592
329,875,954
62,143,327
352,680
110,598,716
53,109
234,783
347,484
671,826
279,705
276,658,883
468,781
68,137
117,410,558
524,954
128,870
220,360,403
119,794
52,1000
80,182
51,293,723
25,868
676,872
184,306,757
18,866
633,798
549,686
229,640
74,672
105,253,473
445,994
432,801,973
403,731
233,384,715
382,934
652,896
298,500
140,721
408,900
321,419,798
61,496,534
207,654
277,363
595,734
347,385
73,218
438,829
122,192,873
270,943
305,459,975
125,215,378
94,358
934,951
149,236,965
534,753
502,540,880
53,202,640
109,582,878
276,623
2,226
397,778
235,317
318,482,741
387,945
317,756
52,720
169,379,854
325,351,586
412,565
159,506
203,429
342,646
726,752
56,252
208,584
197,495
144,679,826
381,821
371,469
74,635
143,175
175,811
61,96,986
298,525,968
312,416
206,971
25,469,531
581,610,887
220,431
71,203,661
35,579
379,699,711
639,720
824,850
984,993
324,566
72,332,683
407,640,661
300,865
481,950
780,919
123,892
426,730,956
796,977
193,562,702
26,981
76,315
162,438
323,604
442,479,991
517,855
363,403
18,714,946
368,422
230,627
341,700
197,917
479,502,985
518,740
418,963
131,166
377,424
366,684
361,377
456,863
22,226,909
404,421,563
537,789
773,785
653,704,776
91,184
47,737,774
367,452,811
133,783
109,775
181,358,662
721,828
59,880
486,946
593,769
624,935
434,770
122,916,978
99,649
157,520,600
217,813
483,620
406,953
352,673,994
58,773
100,134,774
241,711,942
693,973
54,779
83,812
448,871
373,646
270,598,736
128,543,630
354,604
343,400,824
241,266,937
70,691,843
294,341
541,847
38,687,898
136,516
59,342,437
198,474
661,902
634,910,966
734,766
180,208,894
638,930
548,595
590,804
207,993
811,899
450,984
88,820
318,363,785
249,489
430,658,752
377,526,753
563,881
257,518,843
317,543
314,319
173,609
176,337,520
197,821,954
165,248,418
147,641
59,273
487,623,747
403,826
294,516
658,716
72,919,970
173,691,854
220,622
124,590
622,766,921
773,829
599,709,945
261,459,575
135,750
284,574,634
439,938
230,698
56,66,483
544,697
207,397
188,465,918
15,734
559,996
234,745
313,512
758,850
493,803
636,916
62,158,612
739,886
2,204
27,207
205,490
441,644
470,545,563
90,519
608,794
418,685,781
474,564,642
114,238,868
645,814
432,540
58,429,450
53,653
182,946
453,651
14,712,798
545,891
88,297
631,835
337,747
254,568
673,739
39,125,604
508,794,802
35,787
330,804
350,767
51,444,851
633,699
115,910
206,887
761,780
271,423,454
301,326,545
272,519
49,442
396,619,743
745,889
508,509,550
290,690
73,712
125,224
436,953
12,612
25,73,359
35,254
38,789
273,491,843
229,366
850,939
477,702,831
371,750
487,814
830,908
12,39,539
23,166,482
289,309
725,924
4,249,761
68,884
355,655,919
236,607
84,794
233,595,692
248,850,908
70,140
500,553
622,942
27,148
125,637
260,659
63,562,757
682,875
541,964
70,888
179,322,822
129,765
421,522,700
150,191
98,799
17,243
30,79,405
221,863,986
18,217,552
280,838
398,805
32,219,823
631,712
178,698,874
94,753
109,328,562
45,859
10,648
601,971
337,525,915
392,526,898
297,383,937
452,773
260,308
181,575
28,191,911
85,699
806,864,936
355,375
887,902,969
118,600
83,931
799,982
239,415
250,797
193,803
226,233
867,877,926
442,959
19,87,711
159,639
871,966
85,357,364
649,747
206,570,770
4,1000
539,905,915
347,353
48,128,641
2,61
58,358
248,368,933
54,229,800
729,782
38,411,721
582,921
109,282
417,613
441,506
526,710
201,713
28,955
125,256,891
417,435,493
228,658
42,518,887
693,939
40,702
415,981,998
722,866
294,727
394,404
87,323
426,435
311,664
41,175,618
115,764
116,425
372,432,520
37,172,635
779,845
71,406,496
959,967
552,765,804
123,125
48,81,685
188,306,434
471,973
267,524,593
715,802
77,896
623,887
96,233
341,727
112,387
514,613
791,834,952
53,529
48,149
134,659
214,715,742
310,510
628,796
449,929
20,530,704
202,621,939
767,819,910
271,911
15,782
572,931
581,611,614
628,894
66,966
186,388,579
30,304
661,665
633,737,981
252,290
417,621
151,225
122,822
174,311
682,921
367,428
547,964
281,932
109,372,993
669,768
282,631
130,337,406
174,240,524
625,627
37,239,874
196,317,867
230,670
721,997
384,611
10,61,765
407,651
168,181,736
417,850
180,943,944
337,595
53,692
233,319,602
494,853
418,817
103,132,673
353,771
956,972
241,400,545
167,504
185,278
530,545
114,931
225,785
631,855
944,968
316,845
66,470
529,597
400,789,906
65,424
758,874
884,951
340,542
430,715
363,704
41,907
816,827,1000
290,561
118,354,361
851,970
241,406
470,592
223,571
248,499
512,521
26,83,216
177,371
85,792
511,531,696
129,259
99,627,737
106,348
85,504
209,252
503,655
166,279,685
667,725
221,304
438,719
680,860
703,708
514,609,885
531,890
137,260,277
444,813
52,120
132,133
364,518
123,208,841
465,481
640,898
643,730
123,459,867
14,683
606,647
284,668
607,716,754
104,631,950
82,89,407
553,664,698
901,978
82,228,634
269,903
135,945
18,394,924
152,918
110,495,899
558,695
761,904
106,661
111,695,913
77,470,925
225,455,873
169,340,364
327,858
196,429
630,973
46,263
568,690
383,726
90,665
64,545
90,956
209,528
142,457,851
2,545
361,661,975
592,911
79,710
20,59
308,698
424,874
621,815
62,797
117,811,956
6,304,647
468,774,936
459,705
220,740
129,909
38,778,858
19,723
228,642
199,884
274,741
424,744
230,312,354
834,956
310,475
716,832,982
315,422,639
57,479,502
142,169,818
322,491
558,627
499,901
21,387
127,781
327,686,789
307,547,833
30,604
366,657
430,712
44,674
468,510
230,739
209,719
273,459,859
706,932,950
17,959
248,484
203,314,473
64,779
13,892
304,453
61,228
181,624
629,729,845
278,448,651
296,886
609,610
376,378
142,343
341,691,917
348,810
514,519,608
221,299
639,663
126,347,939
780,871
390,449,669
41,84
188,841
308,498
198,573,773
84,786,910
75,810
30,83
131,497
292,619,861
471,502,831
160,541,735
66,820
852,978
51,811
95,604
112,224
223,507
464,1000
371,618
490,956
46,229
306,366,369
286,889,955
46,176
282,580
256,630,761
13,230
70,933
46,489,700
414,780,986
243,557
41,100,556
69,610
255,706
77,756
140,831
186,346,831
152,559
365,464
94,180
287,337
508,645
197,711,934
695,924
380,549
306,409
251,470
517,700
659,964
540,658
48,957
348,404
66,277,356
306,389,494
242,560
20,997
207,264,875
748,820,918
289,674
162,555
579,953
375,719
338,413
484,609
56,670
199,358,925
295,530
356,629
301,928
179,934
517,685,687
120,224,992
469,537
254,871
406,588,875
108,349
673,800
612,861
571,853,882
99,882
458,773,938
222,573
239,930,977
542,780
6,147,236
23,575,930
174,448,912
354,445,826
543,653
200,567,887
47,59,353
128,459
833,907,910
99,565,863
472,646
194,425
359,540
104,400
844,881
430,600
141,338,527
400,643,808
207,655
32,104,529
807,938
160,616,995
425,475,746
316,658
381,397,535
88,706
443,600
314,468
234,905
472,558,575
608,622
335,523,705
495,716,821
191,334,739
189,901
8,821
696,941
100,182
258,308
601,729
213,580
435,944
486,908
604,628
336,508,605
818,866
559,638
12,544
106,306
267,600,954
330,691,956
199,490
708,858
272,817
174,863
148,683
808,984
162,503,544
304,880
767,832
208,867
81,189
86,154
66,111,679
211,945
50,263,440
189,584
111,845
202,276
235,355
237,257
709,787
145,680,960
121,325
97,870
712,937
113,504
101,607
585,885,904
201,651,766
16,368,603
493,551
405,437,669
643,648
684,732
101,529,651
745,852
141,361,664
856,864
403,687
282,421
9,438
73,118,945
493,631,735
238,619,676
310,579
31,71
204,415
56,904
231,529
46,729
571,647
791,853,869
749,793
607,622,651
309,797
486,527
263,352,1000
307,393
78,748
149,288
507,710
109,372,504
25,857
240,405,868
542,750,996
440,923,943
264,360
115,428
375,522
132,202,937
385,545,985
233,414
561,577
83,129,940
101,862
3,91,793
799,880,991
366,876
98,388
441,599
48,193
218,358
358,958
484,501,984
645,704
40,393,710
30,876
435,730
387,522,643
203,647,879
273,710,997
398,566
9,293
3,483
502,792,928
210,533
16,541
295,834
123,738
209,506,792
65,419
126,968
352,710
657,801
66,222,982
681,943
655,853
7,852
163,653
119,684,712
638,780
356,693,713
480,567
787,924,946
29,984
822,879
449,770,783
62,444,935
206,738
566,569
394,811
213,389
332,676,688
225,574
382,543,572
149,615,620
237,297
568,864
88,780
614,984
13,114,988
266,645
217,341,382
138,293,575
209,509
106,315,980
155,164
256,516
408,652,889
144,579,766
79,944
43,185,402
598,837
11,103,534
123,518
50,479,760
97,252,557
507,646,765
369,393
427,495,750
91,131
420,917
13,332,863
683,930
87,678
117,894,988
128,807,912
697,862
616,762,897
333,655
455,530
159,991
133,572
567,755
407,919
683,825
406,720
13,216
678,758
453,853
198,657,923
361,983
439,869
173,845
64,84,909
331,899
121,298,748
766,920
192,605
190,206
93,612,647
225,637
164,384
709,816
222,471
232,279
158,810,851
266,593
314,450
786,932
426,574
764,820
412,623
531,925
137,281
276,410,864
557,835,910
48,940,979
552,684
727,857
176,842
261,505
7,471
749,791
498,773
478,585,658
865,957
170,862
86,223,856
697,947
895,952
364,832
322,428,797
189,872
110,525
25,758
653,760,854
507,999
783,795
362,510
21,239,351
9,998
722,932
249,485,941
135,409,817
301,672
855,897
758,835
149,545
703,909,953
594,773,935
230,856
103,890
385,574
306,684
93,435,804
280,770
526,604,955
127,997
102,191,623
243,697
181,292,314
97,256,289
173,718
458,585
28,368,893
503,942
101,422
118,164
330,356,493
43,946
202,628,953
461,678
335,463
171,346
149,860
223,630
85,350,793
338,493
566,666
299,996
156,532
452,579,622
235,625
710,846
78,541,721
832,931
595,754
417,439
58,414
76,653,799
750,975
180,604
221,892
982,993
489,557
249,369
93,715,788
186,634,832
300,838
515,941
360,753
656,903,964
293,894
138,558,896
910,964
102,912,934
262,702
124,653
203,234
234,506,673
217,732,990
815,953,966
302,947
489,947
776,834
271,811
374,717
712,874
550,663
813,945
171,181,212
147,530
660,750
183,552
709,891
66,279,646
72,868
20,204,329
558,918
302,997
168,178,833
109,183,207
462,928
102,581,889
307,828,919
341,772
455,901
205,841
123,896
397,594,712
104,649
124,511,898
194,835
21,231,280
234,449
125,321,571
562,639
565,689
514,899
336,375,959
218,219
90,170
34,205
379,991
449,599
212,994
86,165
695,986
716,734
226,686
16,747
207,692
271,891
241,502,633
162,562,609
14,520
472,671
103,629
38,580,947
207,715
42,369,735
118,789
273,834
291,352,935
21,184,445
613,728,800
49,385
162,942
166,794
604,750,981
373,505
335,550
548,816
178,457
338,547,850
409,690,758
114,227,723
429,511
580,977
345,714,954
376,467
465,560,917
440,543,926
244,766,875
382,580
223,396
32,343,837
607,989
116,246
99,398
525,694
807,975
129,697,871
113,230
108,765,925
421,928
78,663,910
262,740,934
576,801,931
238,950
439,812,893
68,664
404,580
636,845
222,542,893
428,759
163,188
415,753
182,731,755
187,307,664
32,398,692
269,333,482
358,793
134,490,564
415,967
384,520
510,824
668,911
161,595
692,988
46,169
464,625
4,95
63,361
52,278
357,574
105,536
135,913
95,676
337,873
214,694
2,335
730,747
445,746
87,851
388,442
457,701,785
190,768
35,254
531,806
50,142
810,833
170,743
570,796
204,337
233,414,662
86,181,526
521,792
198,696,968
408,582
94,656
372,453
529,739
152,884
204,482,758
181,193
603,658
53,438
255,723
433,848
236,503
383,556
87,270
468,485
465,658
358,530
58,999
94,97
68,322,425
4,196,508
441,651
643,980
407,843
826,892
352,437
104,855
684,924
195,558,630
600,784
291,294,314
611,883
58,872
265,586,733
22,96
15,685
495,507
392,561
360,741
121,678
297,311,763
2,130,477
228,999
859,981
79,458,812
548,857,921
150,600
33,474
9,455
45,455
175,350
623,929
114,207
475,618
192,512,915
55,141
74,299,639
592,831,939
476,926
65,667
807,920
71,241
370,697
312,974
373,605
240,913
587,706,860
325,331
689,925
172,905
227,294,491
507,647,924
26,52
413,914
182,397
355,555
961,992
24,109,295
50,526
26,823
594,875,971
498,746
34,710
25,660,765
401,666
428,529,835
50,227,674
362,803
373,461
158,457
409,413
356,942
311,777,928
313,576,967
367,939,942
288,782
55,488,890
335,891
226,852
59,172,660
239,942
741,791
471,761,915
495,567
237,791
231,714,926
488,744
371,743
372,610,790
416,954
122,872
438,452,767
882,991
199,744
327,558,926
179,654
65,183,822
293,852
436,847,943
232,478
561,613,957
90,215
75,458
408,712,989
228,892
362,849,911
641,645
9,28,937
525,722,933
189,432
686,693
254,266,988
40,540,704
264,778,799
424,886
136,951
565,677,899
844,890
43,721
416,422,993
6,123
234,494,679
449,456,866
319,543,566
270,361
286,519
80,112,886
368,450
572,937
410,609
184,194,449
796,982
395,915
259,594
337,633
556,579
88,260,807
405,539
38,493,813
602,890
462,884,924
882,989
402,756
640,913
556,723,933
195,590,678
81,352
29,771,803
353,996
453,457
164,714
234,759
375,981
788,885,905
485,655
133,771,839
651,658
107,269
89,747,800
80,729
12,978
142,642
113,185
820,875
158,866
459,821,997
368,880
406,968
869,915
537,1000
346,454,985
190,428,739
300,895
799,822
582,908
393,694,865
48,460
287,375
318,487
152,356
247,347
779,907
600,754
496,562,873
88,690
5,496,737
384,877
423,472
21,132
200,684,706
279,472
137,308,629
360,382,465
560,736
631,750,769
261,745
49,899
132,782
378,400
151,158
184,805
480,651
32,105
205,433
174,765
210,374,415
15,692
160,870,986
290,752,987
424,852,903
15,525,651
589,638
339,844
60,227
550,721
233,358,399
231,344
632,926
207,801,962
243,269
375,434
22,540,565
66,826
372,593
30,836
242,733
957,975
196,723,955
303,869
526,676
430,491
730,989
49,946
682,931
552,998
544,955
324,413
10,468
247,921
266,319,717
298,622
642,723,882
472,541
335,543
353,908
354,386
319,589
217,777
78,526
469,562
470,790
158,338,546
214,574
442,925
44,216
404,776
98,634
674,982
186,793
433,769
477,843,900
22,234
636,837,964
574,653
188,419
255,464,519
723,827
205,694,859
691,710
367,818
131,562,834
215,233
24,823
93,221
185,825,902
1,336
309,594,929
640,984
659,807
104,493
118,628,922
221,482,905
220,342,439
502,822
390,485
295,677
156,302
150,675,907
231,733
403,650
344,364
181,624
617,642,786
66,142,858
57,880
597,718
858,995
180,322
191,941
175,627
150,291
169,295
98,956
293,999
415,687,825
714,906
278,330
271,502
169,272,928
271,652
139,576,905
544,545
561,826
153,361
380,885
275,558
56,935
283,544,560
61,350,799
533,652,667
255,770,966
23,978
876,981
182,598,703
322,693
191,274,997
321,457,915
322,833
141,365,837
160,550
121,281,511
662,895
143,299,864
263,430
589,724,780
374,778,920
191,769
195,533,856
879,914
60,461
534,718,824
253,587
303,411,539
149,239
464,831
443,830
437,867
67,334,789
188,354,570
232,792
389,656
353,579
459,484
365,395
507,813
159,473,903
584,767
554,660
132,380,776
290,909
272,640,737
467,513
667,736
15,391,748
526,765
490,632
34,786
358,469,625
147,569
434,681
175,368
77,478
241,520
500,687,847
88,150
218,735
88,445
408,530,557
174,686
657,868
287,755
100,428,488
367,806
51,696
117,931
136,253
183,597
286,812
172,184,771
400,517
710,836
716,984
724,847
265,346,404
1,72,705
751,951
193,211,649
171,640,797
20,122,699
336,859
577,714,824
465,773
519,673,874
137,546,781
520,573,734
100,272
226,454
88,150,315
345,755
327,774
385,703
841,952
48,660
259,965
258,532
123,271
421,899
229,535
611,916
607,853
458,589,738
17,760
37,510,709
522,950
46,776
256,746
294,727
569,940
587,850
344,956
97,204
177,694
361,821
125,804
251,895
45,438
13,560
233,760
440,876
42,925
54,247
450,503,587
93,278,375
288,292,582
295,563
531,908
96,284,530
129,633
405,632,723
634,963
574,654
332,544,844
299,506
497,663
3,183,904
44,159,807
118,831
18,725
674,887
113,161
447,894
628,817
481,569
125,617
270,386,545
317,906
245,657
346,556
549,966
6,919
214,780,975
71,196
89,357
796,812
280,650
377,411,686
558,759
195,465
12,210,355
41,127
186,521,891
177,732
457,865
640,791
299,739
204,438,520
398,455
288,629
219,259
161,582,900
603,850
477,808
802,844
551,735,881
146,570
310,794
460,794,911
307,355,592
399,942
189,230
298,741
495,579,682
15,584,785
92,676
231,972
464,720
5,297
270,434
333,433,751
266,552
552,580,658
476,777
367,572,808
57,243
33,132,407
429,895,978
176,453
158,617,849
228,565
81,260
39,208,243
12,166,461
193,780
54,954,989
99,308
688,869
428,937
466,648,834
477,640
129,905
66,952
332,618
649,745
468,977
122,759
243,396
623,885
101,853
350,379,548
357,668
86,941
3,876
35,67
552,797
38,326
178,960
669,725
76,599
111,235,465
292,479,960
383,640
303,326
117,504
628,763
749,958
405,753,916
220,671,692
344,951
593,658
531,974,992
149,899
576,649
184,709
754,852
207,670
29,645,676
267,621
227,683,959
293,516
131,254
23,174,652
447,612,709
400,652
639,650,680
463,482,957
470,678
94,219
418,719
296,387
597,797
371,878,995
141,291
2,157,579
408,442
331,440,504
74,95,958
574,594
670,873
233,826,917
538,634,834
726,984
49,288
98,204
727,938
278,970
241,851
318,950
298,744
541,805
347,787
647,715
539,719
9,791,832
175,321
225,840
251,641,655
480,485
102,329
412,689
469,606,852
407,667
51,67,911
61,263,968
869,969
499,663
179,736
852,905
857,895
264,290
303,669,950
369,628
268,568
344,831
228,328,696
48,676,867
277,456,777
160,735,945
131,416,469
770,910
197,853,875
384,471,733
237,325,729
383,607,840
338,341,583
151,947
358,716
505,612,969
350,869
12,892
306,714
429,913,975
25,465,841
343,434,722
290,595
265,469
612,856
773,787
147,305
722,759
415,442
525,857
575,812
547,659
141,969
112,246,552
604,722
116,990
30,551
518,885
49,811
12,919
248,701
672,721
113,439
773,859
531,660
181,671
611,854,860
582,731,873
814,984,991
393,828
138,570
280,918
313,514
473,681
731,741
85,404,953
145,659
860,915
773,809
209,520
855,982
333,697
531,538,584
111,273
513,642,922
160,717,761
523,851
159,186,290
393,759
68,733
318,563
482,902
236,621
260,700
199,370
14,295,825
381,535,699
50,452,822
677,909
121,766
356,589
762,946
27,745
462,549
32,903
70,671
166,319,847
52,555,752
376,703
413,635,748
106,926
432,566,881
216,605,688
167,545
99,729,821
494,810
7,763
622,869
42,281,771
567,761,765
170,298
28,188
36,714,884
473,834
6,741
371,681,987
494,780
569,605,705
458,607,934
339,537
394,710
135,361,732
171,651,798
764,765
41,954
185,452,880
131,781
157,953
698,956
507,527
629,646
465,679
621,886
147,454
683,700
358,543,901
118,125,605
483,566,831
377,521
18,254,424
658,754,939
684,781
53,274,674
239,978
438,815
11,420
47,231,759
124,187
277,493
93,465,952
60,111
926,956
215,572,821
656,774
508,867
837,898
163,179
168,691
625,849
35,875
410,447
467,716
357,597,930
210,730,966
324,839
113,289,316
243,356
504,726,761
197,930
624,818
338,997
619,809
675,893
438,993
224,695
740,747
413,529
13,98,453
556,798,800
764,954
659,751
394,479
370,968,974
385,425,552
197,257
314,644
352,424
667,901
425,506
112,598,756
375,611
236,463
576,999
216,447
364,600,640
405,481,624
310,876
330,354,886
292,373,432
505,750
38,881
323,384,606
606,768
96,474
451,840,983
373,793
286,423
351,986
263,978
626,830
299,546,714
494,637,853
190,661
153,919
5,656
322,731
218,373
23,883
207,420
500,957
49,250,406
163,653
356,438,610
12,772
318,477,847
4,256,655
145,544
434,445
256,883
168,851
399,544
318,323
345,372
286,447
26,520,716
410,448,572
496,796
427,944,955
142,908
203,391,867
84,490
44,323,443
258,939
145,808,877
224,788
138,576
409,682
885,982
505,514
62,201
32,600
215,413,700
47,665
280,360,908
106,972
357,822,982
244,285
523,552,886
347,453,839
730,959
463,597
27,117,238
283,894
90,566
537,551
84,741
22,244,328
322,642
329,436
204,309
46,224,266
243,752
452,465
183,273
453,582,791
149,774
581,745
832,902
698,763
129,894
167,316,853
830,839
340,752,929
140,662
188,949
2,711
297,309,607
646,806
169,459
516,565
87,327,943
165,694
538,782
61,126,699
905,987
589,614
389,782,930
430,785
40,70,699
934,942
289,356,799
657,861,894
216,640
340,450
72,391,685
441,500
202,954
454,586
111,942
737,794,983
904,960
158,769,904
387,664
262,921
465,999
35,104,675
614,692,825
148,251
85,356
939,998
406,624
524,767
9,342,969
72,619
714,852
213,684
567,717
2,171,672
283,668,996
362,474,527
368,576
228,574
364,730
111,571
415,611
514,648
330,371,424
124,227
77,783
530,849
495,785,989
395,860
269,618
442,824,944
53,226,720
290,749
353,701
179,782
785,817
271,335,856
530,981
556,717
147,271,905
235,448
431,665
228,901
137,686
98,287,578
6,473,494
246,315,449
210,263
234,457
191,351
29,515
47,986
448,962
454,891,912
749,768,854
86,697,862
75,398
426,495,900
116,656
117,896
234,259,333
468,553,721
404,534
582,903
527,989
8,745
61,126,340
554,930
371,622
4,251,466
106,986
231,661
98,197,518
613,921
1,324
560,913
489,850
171,922
204,875
578,880
80,688,872
884,988
170,209
295,342,387
706,859
223,400
700,945
149,683,829
518,519,636
15,144,274
521,966
632,1000
236,482
1,741
169,313
712,982
39,679
390,950
70,849,866
74,659,936
223,776,938
256,862
649,851
9,899
23,632
512,726,981
307,885
556,842
491,729
590,710
394,689
105,362,807
432,881
279,665,921
200,626
50,169,309
609,638,963
437,998
297,778
729,852
137,910
456,592,941
123,304,638
507,551
54,82,613
482,666
330,695
519,729
772,777,836
109,730
625,680
389,834
189,594,767
380,498
119,790
252,525
108,198
346,421
903,970,972
205,401,712
88,518
3,68,561
3,158
397,542
139,674
147,440
386,621
313,594
516,671,930
181,227
9,535
224,451
390,919
395,877
460,879
37,268
606,679,708
270,890
34,875
105,676,819
586,918
91,836
510,808
56,143,570
707,913
259,629
572,598
175,910
438,991
566,660
462,997
362,925
29,106,767
468,964
403,910
644,737
441,604,831
346,941
83,172,460
353,714
564,639
309,847
756,852
30,304,466
79,177,278
90,150,864
705,952
338,938
471,563
143,949
256,491,838
398,672,868
247,308
545,848
272,627
354,961
75,434
152,795,803
128,407
76,393
546,984
41,106
421,728
195,961
563,921
373,906,913
602,647
402,531
625,678,968
476,675,950
436,530
330,898
672,961
141,512
632,886
582,657
263,586
488,962
462,741
220,803
540,652
716,883
587,820,935
533,986
96,182,250
336,486,868
581,607
274,958
349,904
480,989
276,796
420,819
403,603
438,501
645,653
204,399
76,949
874,993
349,883
274,356
350,686
183,797
504,788,996
484,567
33,800
444,835
190,901
293,867
467,880
140,383
98,535
432,617
34,174
487,522
510,579,879
349,607
593,824
381,607
137,191,277
55,153
465,560,879
606,1000
154,761
445,768
277,724,778
28,74,677
431,603
350,407,611
115,896
345,636,957
271,457
50,120,436
145,444
53,333,407
310,788
629,679
393,725
566,945
75,184,573
50,394,921
812,975
257,853,991
172,927
519,771
60,466
34,97,619
385,921
397,407,928
723,922
453,766
101,144,229
670,979
534,572
433,720
161,951
652,736
233,496
374,936
207,479
514,600,811
166,641,961
14,22
484,548
305,442
193,925
287,567,885
60,667,894
331,613
349,668
195,205
75,918
50,182,452
4,837,970
28,311
487,639
693,727
409,573
488,597
47,279
396,887
730,910
44,988
143,149
783,910
111,195
191,794
480,994
292,696
100,178,343
469,654
571,952
484,943
164,683
23,694
230,976
122,888,919
329,364
622,830
471,504
68,574,767
406,412
166,642
295,982
175,964
331,419
234,857
271,372
151,299
39,388,870
342,608
107,894,945
261,879
277,706,851
455,690
522,644,771
576,896
762,817,948
387,490
199,940
738,908
174,728
253,836
91,640
205,707
424,523
47,174
322,795
389,876
207,227,560
120,775
242,649
901,935
306,483
50,426,711
35,996
385,578,939
128,139,410
126,277,741
26,45,946
710,768
951,966
306,883,892
261,612
18,155,1000
118,792
136,395
112,580,767
407,790
280,635
162,561
503,535,682
89,226
307,368,386
45,716
194,495
608,882,921
56,304
603,802
542,952
414,753,905
92,125
187,597
239,493,787
428,661
20,257
243,371,898
70,400,736
970,999
404,512
412,566
145,536,767
127,239,794
97,371
384,830
95,114,352
308,409
812,904
242,550,905
509,802
34,275
422,810
291,911
146,890
357,621,928
65,628
666,676,944
132,876
241,288,367
599,797
260,326
233,633
200,244,731
106,588
71,295,991
338,414
517,944
749,803
32,835
491,504
125,313
22,672,969
331,398,553
318,506,876
443,970
627,934
68,461
278,955
192,536
172,289
227,465
241,843
143,379,983
12,801
190,702
92,347,372
344,782
307,502
889,891
28,132
290,675,906
330,451
756,950
76,684
193,427
322,803
297,373
262,316,719
420,636
86,807
211,261,641
6,492
544,1000
718,845,954
545,741,815
2,484
184,730
55,102
324,375,678
47,850
27,269,333
121,213
401,463,613
43,620
253,741
164,995
176,754,776
599,850
93,114,358
54,101
345,400,751
20,842
162,878
791,800
68,625
61,470,580
341,722,803
135,217,387
202,911
763,836,911
47,656
222,441,665
15,822
155,993
429,443,841
347,464
577,758
528,790
81,422,835
192,713
328,347,482
542,706,735
221,722
372,712,928
742,746
89,563
263,573
175,536,735
455,515
526,552,964
339,563
310,740
171,685,905
129,660,694
440,576
173,225,318
80,676,901
560,883
87,232
340,612
57,737
414,750
436,491
40,990
635,886,913
206,659
146,827
405,589
571,773
287,307
50,350
5,967
815,998
778,832
487,567
211,470,868
331,949
555,991
219,305,973
522,760
395,823
474,599
202,439
756,877,975
313,508,827
225,815
667,780
396,414,466
83,114
472,909
834,851
264,906
380,800
315,392
322,382,455
252,289
293,663
353,715
125,216
837,868
17,897
257,364
322,561,927
27,751
608,692,825
366,778
301,673
141,716
27,440
275,447
39,743
36,772
115,788
383,504
651,998
120,287,674
104,515,746
746,771
62,197
63,373,454
523,637
294,515,969
66,760,829
20,839,964
368,938
13,282
100,792
53,596
739,810,851
112,855
81,434,620
438,991
138,419
771,783
361,617
107,166
584,1000
233,658,986
37,153,499
350,769,964
711,735
224,988
79,584
125,957
211,477
203,253,442
666,707
565,647
122,642
350,937
205,605
44,748
159,309
263,464,980
13,238,498
476,499
216,246
123,198
415,856
74,476,763
584,728,765
473,604,988
682,784,939
94,259,723
181,189,370
281,650,748
541,848
53,405
555,925
201,284,831
219,829
747,942
632,946
694,773
31,320
78,308,632
37,413,842
831,943
403,746
263,554,646
182,682
306,556,792
39,69,562
229,233,343
314,481
41,308
5,32
90,737,837
563,754
199,550
737,807
613,857,915
76,396
116,424
273,970,998
393,746
37,88,803
253,410
131,837
753,930
172,684
373,998
375,390
229,726,984
169,407
164,940
65,712
740,883
268,541
569,898
377,541,918
522,662
267,791
37,714
161,537
169,452
57,827
286,705
180,370
309,419
853,887
254,818
95,754
303,395,488
810,936
372,555,902
148,891
370,387,547
669,890
301,332,636
30,59
10,674
474,610
829,984
95,508
88,160,732
247,824,907
77,647
641,646,868
66,919
42,568
7,332,973
337,730
113,800
56,312,757
141,642
774,990
356,372,540
243,355,696
84,542,827
359,503
637,877,893
731,938
208,873
63,895,924
247,578,821
739,990
782,986
399,915
64,535,942
652,890,944
4,713
575,721
672,921
218,980
16,109,797
46,537,546
365,846
431,491,595
286,360
35,493,828
609,704,998
524,658,822
208,866
244,523
252,801
168,411,941
285,566,569
472,647,859
176,185,502
28,598,903
724,814,899
909,915
104,311
82,408
122,182
125,128,177
216,472,543
413,807
320,337
112,846
172,477
397,979
167,763
958,990
859,867
580,755
570,615,634
110,122,673
244,601
498,996
784,986
172,935
94,448,472
576,819
114,818
207,501
79,225
414,489
342,518,989
400,424,485
342,594,958
88,584,974
404,669
220,799,981
28,248
565,712
151,490,597
933,948
13,808
86,694
346,885
107,694,919
610,612,674
387,562,767
126,682
262,693
248,311,746
355,894
176,839
100,319
370,920
538,846
509,557
376,469,931
23,499,872
682,940
941,1000
882,981
40,918
188,509,523
47,128,910
33,597
626,706
427,469
72,656
369,714
604,647
245,940
552,813
392,456
359,716,834
622,755
114,120
93,584,606
50,337
306,390
582,929
231,552
330,840
29,499,557
316,545,953
439,629,830
139,373
221,544,911
265,266,969
321,592,985
828,898
360,955
655,734,892
251,253,342
620,724
452,878
709,771
640,830,883
472,565
408,956
568,775
215,949
70,834
329,458
718,973
256,272,526
97,323,336
262,637
425,820
93,736
508,895
71,385
185,360
297,320
563,680
176,815
118,370
30,208
333,752
36,564
625,896
476,777
624,876
81,111,681
62,222,615
509,949
371,959
152,553
569,968
26,601
296,964
8,905
568,632,1000
170,373
133,577
326,541,663
18,907
571,723,863
306,521
70,89,704
372,538,993
125,638
371,850
166,612,871
138,878
77,269
678,910
309,483,915
602,730
272,832
107,138,211
191,710
457,706
284,313
63,95,314
252,401
237,720
401,424
184,693
545,582
38,187
698,700
53,82,321
297,834
172,231,354
162,752
185,360
625,892
121,736,990
152,326,788
63,630
142,529,681
507,534,703
344,479
293,507,753
18,196
316,821
267,674,741
155,870
322,533
91,905
380,971
132,713,842
260,618
143,786
519,635,968
722,786,948
221,662
112,695
437,709
312,362
718,806
700,890,914
262,888,943
461,867
60,463,694
303,744,935
357,383
165,300,432
275,409
273,566,708
538,847
50,228
420,980
329,885
619,986
168,178,366
275,304,681
601,612
555,706
342,609
823,974
742,820
424,730,965
78,98
603,950
411,757
296,632
318,610
805,850
232,473,572
772,967
161,570,979
961,986
441,827,886
243,338
38,826
154,696
854,857
14,266
470,566
183,528
272,560,906
343,519
776,826,840
618,767,803
200,324
304,697
218,644,979
782,814,989
581,663
207,264,928
629,677
859,925
248,306
108,710
237,724,899
177,354
243,487,615
339,482
727,781
95,164,360
36,587,701
81,392
445,764
267,928
503,658,857
284,501,784
264,942
46,297,502
441,541
59,388
165,551
622,956
352,967
844,973
875,899
249,553
895,896,999
541,580
29,487
572,945
440,554,715
562,578
172,813
318,585
304,448,649
772,817,851
201,740
609,693,966
38,670
306,949
164,979
263,783,836
524,750,850
362,907
581,869
59,265,956
173,969
46,264,896
99,102,485
133,837
766,869
26,966
206,669
150,820
473,722
167,958
344,518
340,404
680,855
227,511,647
16,826
118,984
22,152
698,890
15,760,815
706,811
754,801
77,309,571
437,451
754,800,908
415,421,483
189,228
395,938
699,909
146,294,308
223,482,975
381,995
259,335,678
7,259,972
725,906
116,777
663,836
232,589
174,981
58,93
116,975
310,772
306,617,851
138,913
407,702
520,539
115,147
280,613
154,387
366,926
307,557,858
776,993
498,700
85,271,965
257,340
740,741
2,309,839
275,558
577,889
153,684
78,142
327,668,757
112,517,714
90,592
117,199,336
133,324
388,611,626
342,934
149,831
162,730
336,979
729,920
479,600
474,670
333,591
756,841
484,767
179,301
336,893
70,95
354,472,938
830,944
156,768
143,166,1000
137,492
139,217
128,392
324,459
378,624
367,401,666
426,749
274,992
204,887,998
237,328,756
402,419
578,718
294,648
537,590
43,131
320,561,774
509,841
14,120,545
399,810,817
91,363
82,176,201
282,407,900
23,174,679
568,770
816,998
329,956
576,714
3,641
323,429
368,910
483,633,741
298,769,927
646,679
66,630,809
378,743
293,790
32,326,907
330,335
139,768
108,121,437
141,314,808
245,696,876
194,298
812,873
381,749
467,740,878
218,614
529,568
718,825,922
158,649
40,716
276,595
872,964
244,579
330,809,871
64,326
77,706
458,945
162,372
121,930
684,965
86,896
469,868
182,360,817
522,878
441,464
697,852
616,787
823,917
414,526
359,772
72,316
309,380
117,829
295,487
687,882
78,270,593
358,492
127,918
82,173
12,867,876
23,427
320,781
167,611
140,752
346,589
79,366,737
202,759
389,506,945
622,677
720,772,1000
397,804
487,760
313,556
142,758
130,241,419
803,994
615,833
406,755
62,173,884
74,945
553,820
392,871
304,443
549,784
139,142,891
237,397
522,553,810
36,413
27,136,278
260,299
419,875
796,913
220,225,982
876,922
276,309
837,984
421,545,951
436,511
593,779,832
137,295
329,524
509,824
347,654
462,646
370,818
23,402,435
61,252
563,600
14,788,822
597,988
913,991
338,491,918
393,665,824
240,837
661,849
717,960
278,575
310,394,511
150,745
343,544
436,872
380,523,617
286,704
487,562
214,511
164,429
332,923
665,735
160,334
367,871
177,652
667,886
178,909
341,586
428,989
93,999
610,831
31,99,775
406,873
716,791,792
364,404,462
279,571,632
837,920
466,825
175,473,727
654,764
487,491
6,461,470
45,955
314,785
675,811,951
457,960
374,958
135,412,934
136,699
152,248
365,916
608,799
303,392,650
258,582,615
20,397
584,600
75,310,918
168,534,775
628,739
657,872,912
14,262,337
553,635
56,351
241,289,712
213,398,788
414,551,708
9,835
746,876
472,864
494,694,889
163,176
364,993
486,664
281,381,562
210,773
649,974
451,592,994
245,685,834
283,837,887
872,881
488,544
714,925
153,417,857
267,550
56,923
131,769
530,762
239,636,703
867,910
222,922
12,427,925
568,690
26,294
790,935
327,471
263,610
141,277
471,873,981
358,761
9,845
676,817,888
292,321,679
214,694
241,616,959
157,169,755
55,124
176,609,749
701,767
77,216,979
479,798
177,690
134,603
16,852
87,128,826
381,818
451,756,970
197,887
313,791,820
63,251,765
70,226,704
758,817,866
679,681
256,543
127,363,763
458,958
299,476
674,821
167,204,419
410,541
144,245
168,971
499,1000
439,954
2,281
167,897
213,437,995
461,556,931
762,993
98,276
44,986
161,208,937
101,686
612,671
272,296,591
158,771,932
303,829
95,895
118,422
139,612
75,294,635
266,651,677
90,485
155,615
164,859
283,482,533
88,499,787
645,734
118,205
321,855
450,801,864
267,525
454,742
30,186
695,917
348,561
104,441
86,892
359,388
80,261
234,861
472,957,988
410,889
277,961
556,607
140,479
321,526
201,614
626,738
240,473,768
441,906
537,604
65,138
227,247
140,786
716,741,875
224,619
81,581
48,707
239,740
815,888
672,892
369,531
58,334
652,919
330,360,852
256,944
172,807
287,716,798
822,853,920
244,464
341,877,967
283,448
286,799,926
758,932
252,290,426
581,843
264,457
70,462,593
51,680
517,732,757
160,212,797
227,445
70,442,640
145,302
270,515,983
79,199
57,324,838
234,566,575
350,892
192,628,934
363,797
580,751
214,865
123,459
372,430
15,343
760,767
15,113,623
429,931
182,404
556,719,823
384,411,453
608,888
572,953
226,392
272,292,869
76,352
97,165,838
162,730
12,571,728
172,260,659
64,101,733
165,892
220,794
859,965
359,520,689
648,820
145,990
573,706,976
413,893
538,984
95,321,804
580,985
271,954
442,491
103,151
595,873,995
30,657,999
382,976
82,784,791
78,567
119,412
318,597
211,259
571,924
379,524,608
189,566
209,690
185,386
209,351,806
111,748
684,691
70,693
194,757
20,98,257
430,800
270,363,474
72,563
181,584,715
328,411
111,282,300
225,477,842
515,899
111,505
972,995
323,433,887
396,431
252,417
210,302
297,712,741
122,719,871
38,382
32,435
126,157
892,903
127,746
476,774
372,567,840
437,923
5,575
164,508
178,979
581,582
541,746,830
184,713,823
181,805
484,989
189,278,332
506,680
536,748
99,664
469,987
306,361,561
656,821
352,977
373,396,539
37,121,133
34,696
139,568
665,808
784,842
562,667
495,643
283,495
350,412
263,583
439,574
297,614
312,817
268,401,644
50,64,971
313,814
458,617
293,730,760
761,801
152,561,967
179,848
198,494
96,653
181,531
100,475,506
414,683
28,55
208,307
824,996
268,941
501,909
38,155,758
701,796
362,923
353,872
475,668
186,446,512
485,741
517,599
65,575,694
165,410
690,986
92,470
351,830
454,550
717,913
127,140
732,941
110,380,654
86,311,855
114,163,359
549,782
603,977
55,983
34,164,271
532,777
364,933
488,897
728,896
266,484
174,427,433
51,644
455,888,968
791,823
23,93
161,460
714,890,911
207,241,316
338,400
488,591
407,598
91,836
892,975
173,712
606,812
479,745
124,826,889
661,1000
117,481
265,633
271,624
450,768
446,468,751
350,385
489,690
187,786,949
237,642
613,822
13,16
155,834
14,877,966
377,890
37,576
7,577
703,739
687,951
573,763,846
180,224,482
348,562
416,464,560
661,708
282,734
893,927
229,633
400,441,744
509,797
102,575,616
257,942
256,310
797,952
113,620,954
157,998
74,855
116,805
501,561
897,989
922,940
362,382,903
43,627,661
232,968
843,849
266,380,848
159,613
459,745,841
67,680
15,346,535
521,763
327,359,814
224,871,975
724,932
86,382,935
88,994
35,684
169,788
230,805
202,645
212,411,748
108,871
323,872
4,844
494,865,895
11,663
619,867
6,444,663
431,796
402,500
120,636
413,638
298,938,962
73,365,616
683,694,863
257,374
107,304
734,950
135,749,866
82,560,977
296,326,789
352,763
842,909
138,280
660,809
383,881
577,644
415,956
111,255
335,768
453,626
521,899
678,996
445,663,758
192,533
467,610,702
590,738,991
368,749
155,774,827
97,576
68,558
327,648,849
80,248
465,862
263,515
805,918
230,938
275,429,862
458,755
280,378
310,956
314,401
270,391,636
131,955
241,623
595,848
476,767
290,324,400
578,729
374,951
43,300
122,624
354,628,885
320,486,739
363,547,948
8,438
225,338
155,623
250,260
728,861
269,886
711,900,963
149,335
285,511,710
765,815
730,842
184,999
39,358
69,799
380,935
580,701
517,706
228,301,701
455,650
284,359
40,376
208,286
622,785
324,552,811
282,299,740
81,648
451,907
253,316,538
45,314
342,426
613,852
57,704,753
18,104
318,347,704
181,870
112,127
590,781
313,919
565,652
348,837
292,576
48,286
488,884
723,896
782,977
273,857
986,987
415,811
701,722
166,232
128,470
81,548
562,829
95,315,561
254,678
69,683
425,457
339,739
102,274,936
757,962
143,296
46,287,703
260,815
198,371,660
271,516,801
118,147
41,570
211,666
576,748
439,624
15,824
136,416
165,802
194,760,879
199,470
219,787
38,273
263,359
672,881
89,520
364,621
647,840
480,927,978
168,541,894
84,134
513,567
560,710,913
688,755
171,512,595
171,598,845
802,981
108,652
535,920
238,358,459
204,834,982
57,710,838
329,749,969
132,295
101,364
23,324
198,625
488,617
129,227
269,310,380
369,746
276,784,969
789,849
220,707
222,906
243,962
330,990
205,914
10,434,787
584,612,880
100,616
16,459,530
132,452,741
103,445,573
74,272,322
184,901
305,886
497,815
335,482,649
127,868
349,351
500,977
195,271,293
107,288
302,962
687,800
87,103,970
414,841,979
206,902,929
338,758,893
91,396
307,893
213,521
489,988
151,256,386
159,589
178,918
219,227
59,566
136,374,532
376,445
572,889
462,894
175,587,947
167,734
57,558,707
380,677
908,964
153,322
199,559
13,852
359,465
809,912
129,188,239
328,479
181,356
219,622,648
130,798
147,710
178,381,724
134,390,996
2,59,915
393,934
545,729,873
819,889
173,969
94,809
961,979
59,157
781,991
390,456
436,747,790
199,652,728
404,685
491,825
365,871
281,587,665
600,807
117,818
46,657
517,904
323,824,843
280,823
171,654,853
323,526,539
264,943
83,569
143,485
407,525
143,476
593,929
647,745
863,977
86,300
414,554
110,741
433,922
109,226,730
703,964
86,176
141,354,528
72,638,753
389,670
290,502,946
308,690
45,940
469,477
413,564
228,357
25,269
318,720,840
343,648
600,704,821
743,841,986
574,988
240,853
211,653,906
290,381,621
57,221,889
462,623
597,796
384,426,699
36,596,650
53,140,888
477,853
29,496
512,839
201,391
288,785
122,179,197
135,320,837
446,488,907
655,955
22,805
866,962
252,416
382,493
142,918
215,325,577
324,994
419,994
58,294,461
778,924
226,487
780,876,944
84,88,187
93,423,743
8,969
741,843
120,290,417
167,654,887
73,814
470,916
267,904
72,470,736
248,869
235,657,919
56,562,582
167,915
864,978
45,750
5,462,594
28,348
340,524,921
504,818
131,423,976
235,685
545,578
40,726,959
153,360
283,339
280,789,968
350,539
94,705,761
22,934
116,213,310
18,997
255,632,1000
505,542
13,432
305,488,682
327,490,701
507,535
232,992
554,694
345,678
10,288
354,606
415,644
24,319,496
550,687
34,345,539
140,356,610
17,544,549
493,870
47,468
521,659,770
56,769
424,570
549,556
264,462,833
23,264,342
640,823
56,170
439,778
535,782
261,619
361,605
2,815
590,606,780
368,528
220,758
60,462
785,834,998
323,831
223,624
215,635
352,433,634
158,188,217
243,284,742
379,734
672,996
80,329,742
247,794
549,885,953
769,820,996
73,152,689
8,310
164,723
459,511
112,306,493
249,340
21,98,107
140,367
102,534
132,379,471
120,157,463
221,286,924
86,350,939
27,314
355,819
72,881
53,919
709,932
386,420
395,666
123,335,708
720,827,850
121,849
168,413
539,767
317,492,773
493,777
729,793
296,701
181,695
216,722,785
521,982
775,910
374,408
177,429
391,507,654
518,702
263,275
337,657
343,512
213,701
183,933
38,827
84,559
42,137
42,279
148,343
340,747,959
617,824
753,756
515,829
381,755
562,957
72,551
313,521
114,461,679
283,393
536,588,642
611,621,766
105,897
229,376,672
18,168
235,273,527
294,499
18,599
164,756
74,415
401,933
4,469,576
140,337,406
404,693,788
729,834
231,779
393,483
413,481
82,896
469,685
77,139
293,512,965
13,482
29,47
181,330
119,138,787
420,591
448,852
713,955
20,45,366
216,620
488,646,706
14,477
164,571,856
531,735
231,829
13,415,729
111,537,916
505,726
297,569,591
603,817,860
254,946
111,746
104,686,764
351,552,797
53,567,846
548,790
7,587,997
88,914
604,742
425,449,803
405,665
530,627
448,459,508
856,931,974
496,548
94,550
98,840,855
447,597,930
666,829
204,496,953
802,846
171,442
735,805
537,992
307,557
180,761
654,752,814
144,530,981
584,753
351,362
310,372,421
307,631
45,676,742
51,206,512
187,266
491,789
330,430
359,653
176,441,709
148,763
275,575
347,834
59,226
514,674
255,718
289,951
377,802
111,125
57,635
581,717
262,421
242,799
71,88,833
543,682,757
499,631
28,994
406,879,917
210,287
308,661
651,921
400,407,873
140,237
635,744,999
95,527
404,956
78,307,528
763,980
674,988
415,938
535,770
488,557
167,257
286,450,710
257,654
152,193,383
262,514
464,770
202,429,510
7,39,193
892,965
121,456
58,653
174,919
397,693
128,231
89,840
168,881
445,846
840,880
100,663,781
6,165,898
248,519,908
412,742,781
682,691
204,218,957
86,111
23,697
89,388,622
89,90,674
459,599,680
518,553
279,555
909,937
745,801,959
293,512
802,841
97,491,673
77,435
128,531,863
307,441
80,193,968
5,599,936
224,439
73,940
78,796
946,1000
405,657
13,896,991
48,223
182,502
621,708
240,283
476,895
218,856
526,708
129,649
353,445,618
42,382
473,478,889
142,961
260,315,510
306,680
143,160,616
33,119
542,795
251,662,892
384,834
345,410,988
202,847
764,926
204,531
131,240
488,692
320,599
60,240,324
732,837
254,377,532
443,905,924
121,521
163,608
147,350
254,258
335,859
679,945
217,310,684
125,451
833,962
119,643,899
64,480
531,633
682,830
210,436,661
586,932
112,621
809,853
286,469
331,783
142,591,960
193,511
439,993
218,406
5,579
421,540
585,842
39,531
58,819
731,738
236,279
7,423
265,614
33,40,811
208,232,466
288,453,888
43,89
675,704
662,965
250,518
2,374,613
126,316,491
829,852
233,512
646,981
342,562
664,782
655,894
184,272,857
423,773,850
81,882
171,572
218,298,943
264,496
6,265,328
44,157,538
251,280
408,600
555,759
269,526,892
699,759
23,695,724
550,971
737,916
238,415
385,556,598
263,369
383,415
117,261
481,967
364,951
535,689
121,473,700
696,736
331,810
288,505
358,983
181,427,930
375,560
195,651
144,692
501,510
424,803
755,942
53,495
111,203,987
91,950
939,951,985
294,401
31,641
25,373
244,731
417,940
249,374,927
648,650
359,831,843
342,699
537,561,568
131,277,910
673,715
147,695,985
500,670
108,139,612
52,379,623
624,763
57,961
91,628
287,951
518,928
135,772,983
78,737
186,233,407
627,971
44,319
167,328
17,19
493,705,993
453,755,811
48,539
362,479
26,127,474
276,429,862
18,171
128,894
15,840
125,905
39,368,571
738,869
185,715
786,993
653,779,854
158,490
219,406,989
652,971
175,518
109,220
129,688
135,351
68,538,713
49,436,585
226,300
332,537
191,746
753,959
91,150,990
136,658
21,146,656
31,221,312
88,510
815,953,956
312,339,918
105,486,618
230,534
370,953
137,419,639
165,219
508,695
16,298,762
222,298,541
43,536
208,944
23,127
391,465
784,802
384,506
288,538
225,282,677
189,233
472,871
748,793
54,812,978
554,734
589,726,963
336,891
194,720
383,818
493,910,911
209,361,810
328,720,815
191,937,986
141,231,281
338,477
312,964
86,535
106,296
312,705
64,430
76,188
768,896,987
587,604,605
323,680,733
123,129,818
380,654
644,746
814,993
465,939
458,473
238,330,889
16,312,774
544,924
62,240
4,503,580
116,1000
446,911
261,293
285,658,846
756,961
248,668
570,632,725
32,922
688,817,928
169,185,415
119,404
637,758,939
24,356,942
223,590
486,884
190,195,584
522,646
473,691
528,877
136,172,992
166,409
805,906
182,785
13,440,922
8,185,412
614,834
463,725
417,831
8,347,954
67,947
561,940
803,909
292,926
710,966
56,141
310,503
72,392,646
178,737,777
30,126,145
55,277,588
88,803
129,569
186,731
42,918
311,767,795
388,830,963
102,709
569,576
24,372,779
672,953
132,418,548
158,842
467,702
295,701
147,855
479,487
38,296,561
38,757
103,237,306
252,937
140,411,492
119,462,549
479,885
600,747,848
108,351,670
127,314,332
623,815
769,967,997
420,925
418,715
206,352,541
270,619
143,347,843
13,448
333,816,881
976,990
26,432,522
66,961
69,345,423
757,932
212,859
46,319
88,667
487,514
43,763,868
565,601
493,626
224,238,551
36,213,446
558,588
622,623,900
18,422
283,878
861,939
590,724
127,855
92,812
369,618
168,249,874
452,457
616,770
101,771
26,282
589,989
551,759
69,203
37,836
263,493,899
949,967
523,656,860
463,579
124,415,572
681,889
204,821,909
139,317
441,874
73,637
578,799
282,423
492,905
673,698
384,882,969
85,686,802
311,492
441,733
145,763
277,488,994
233,784,973
233,517
232,330
415,961
131,528
120,407
205,671
174,251
527,728,930
454,683
176,228,442
278,906
650,996
293,883
664,668
260,297
458,585,882
720,744
246,310,521
290,810
396,533
923,936
706,937
498,548,930
254,303
241,280
382,979
2,207,284
470,539,905
49,955
7,835
151,322
364,579
802,998
270,410,666
304,359,508
513,558
575,859,974
45,190
484,498
33,672
370,756,912
457,467
287,787,913
21,444
242,901
568,732,994
331,403,795
405,582
258,774
148,530
299,770,959
256,459
550,914
180,349
785,853
547,802
790,840
124,395,550
406,568
395,661,936
725,871
782,806
716,779
666,817,908
264,856
89,173
47,770
274,812
250,274,477
322,480
462,814
546,808
94,598
434,648,997
592,940
356,674
176,888
20,383
29,514,973
197,613
550,743
55,494,898
116,967
627,994
14,963
8,788
155,636
573,837
639,903
469,571
100,215
286,447
39,469,889
683,986
888,963
489,774
127,468
75,787
518,779,825
444,650
128,819
592,698
207,375
822,875
122,363
328,655
44,806
646,848
572,623
110,241
612,872
330,867
324,336,841
155,397
221,262,917
55,318
75,651
900,905
643,825
289,404
529,618
678,876
270,708
566,892
718,868
237,572,635
50,319,621
221,812,868
455,635,714
804,867
33,326
358,524
315,619
503,844
347,565
308,948
143,988
115,868
748,763
355,765
104,644
16,30,283
418,776,875
400,409,737
226,698
364,701
253,359
6,636,992
349,360,881
472,924
73,285,496
453,693,928
323,703
259,685
101,948
2,260,686
722,767,950
172,776
537,590
21,222,852
113,453,815
197,966
351,505,965
497,751
111,856
119,738
329,438,915
64,270
823,921
556,699,920
112,274
556,625
555,756
272,470
397,825
485,568
330,508
529,918,931
505,988
159,210,905
130,503
400,690,906
432,507,894
493,648,947
204,346
315,401,665
757,768
571,952
567,725
8,840
144,407
259,343
634,863
587,778
208,225
399,608
593,613,839
313,412,875
219,275
685,974
179,496
47,484,954
235,569
518,636
582,875
197,438
661,855
386,476
218,240
26,171,484
28,74,297
63,314,715
953,969
20,210,415
302,893,958
733,945
262,357
54,157
775,851
88,209
255,335
176,376,704
65,955
74,237
580,663,917
90,213,341
36,109
579,863
56,246,476
747,749,878
806,952
472,804,841
328,842
196,963
129,373
285,518
153,513,932
374,812
188,395
505,671
77,481
33,49
252,438,693
275,745
241,513
110,287
192,284
260,477,649
465,707
728,956
286,414
830,931,941
320,732,767
173,738,989
61,555,934
117,149,944
163,401
43,94,959
535,633
35,623
316,914
533,948
789,909
328,404,520
89,379,557
209,680,914
475,616
383,540,689
239,444
335,978
76,596
137,541,943
498,910
595,601
385,518
445,542,580
30,756
184,586,722
679,862
234,277,615
839,969
704,776
261,861,912
792,939
43,975
60,918
655,825
285,839
481,659
248,275
629,691
267,566
662,895
233,663
602,611,814
116,511
129,635,946
841,885
73,945
35,215
114,240
465,694
516,700
754,853
259,695
67,76
312,615,808
250,621
506,902
349,715
471,921
226,807,948
118,768
182,311
184,715
214,963,973
237,582
127,599,795
517,630
198,590
261,584,636
2,132,608
150,611
145,368,941
42,709
177,890
286,355
70,82,563
47,635
81,865
6,765,905
63,730,935
651,682
363,794,813
94,737,919
646,974
211,630
499,827
574,688
201,367
716,900
426,893
84,561
314,604
619,856
358,879,952
123,142,234
476,552,781
10,445
205,641,773
250,791
99,387
37,517,631
198,569,646
166,801,992
83,471
19,741
892,922
226,319,574
734,885
754,966
57,504
227,349,707
272,344
204,345
441,547
476,744
158,368
200,583
142,258
359,719
842,875
96,458,479
41,68,368
154,568
117,469
164,350
81,189,965
19,820
159,847
101,379
514,794
602,778
817,968
225,577,787
230,258,883
27,414
27,165,355
407,679,728
286,739
73,967
446,457,501
437,589
285,593
34,343
243,750
94,423
139,460
437,643,820
84,235,599
204,876
697,844,956
142,645,974
69,745
206,692,883
523,588
126,408
320,428
63,710
294,735
231,919
609,895
670,968
650,829
178,686
604,697,924
395,422
7,275,482
70,857
627,670
357,479,585
52,687
84,103
881,999
92,756
158,631
496,549,778
677,798
189,686,687
249,334
437,995
355,531,891
106,215,949
434,533
253,284
520,572,974
100,330
70,882
451,605
254,515,880
559,918
67,78,262
154,924
392,657,695
220,907
773,949
187,409
210,412,822
206,419,682
284,953
287,383
723,959
298,342
320,468
69,712,817
302,748
159,841
310,566
495,749
213,220,526
189,459,925
438,503
793,973
209,500,550
26,115
94,508,667
271,936
126,941
197,631
207,406,562
62,914
277,281
260,914
491,617
519,874
450,489,753
453,752
231,850
366,563
198,819,889
498,644
208,974
639,746
793,795
273,278
796,874
45,278,844
6,554
352,574
716,839
213,801
235,685,892
44,511
31,635,806
420,921
180,627
44,997
591,914
375,606
322,381
271,345,543
23,417,632
130,309,324
107,279
334,537,714
647,666,814
103,858
374,671
102,234,989
326,764,767
567,601,875
291,391
145,258
713,880
636,878
381,440
1,80
147,165,508
57,627,639
313,491
69,92,472
399,648
326,345
130,133
431,487,788
38,933,990
396,858
193,305
17,376
754,883
223,433,668
169,753
299,398
481,566,696
418,815,920
362,716
122,378
890,945
661,788,878
915,921
163,685
408,667
34,566
683,782
267,471
67,773
75,583,734
193,510,841
198,203
212,525
239,362
181,466
376,579,854
49,297
271,662
142,319
607,752,854
47,134
685,879
472,650
713,730,825
503,878
878,934
8,171,430
435,473
791,978
288,466
298,512
347,854
266,885
327,950
796,833
311,563
4,72,844
99,170,500
124,388
515,950
436,468
622,733
285,340
40,452,710
55,363,515
69,317,494
357,662
33,415
473,637
366,434
267,385
84,577
458,711
437,636
95,539,750
518,750
602,831
167,834
207,847
376,778
333,461
364,856
9,993
166,259
78,775
53,103
612,930
400,676
225,789
784,937,989
260,718,851
361,910
657,871
208,694,973
302,797
130,359,784
387,411
570,618,903
706,978
72,245
484,800
357,690
143,168
76,208,956
347,559
205,452
729,764,972
196,242
33,873
690,783
311,631,827
393,497,980
62,424
87,148
262,336
515,773
297,463
326,747,925
355,863,986
174,363
407,598
181,811
297,465,600
19,741
840,982
85,176,984
554,755
700,737,915
498,569
68,145,302
172,471
138,660
274,377
685,1000
291,803
103,255
29,277
204,702
342,889
73,628,793
347,480,589
378,574
352,563,735
408,993
325,392
423,576
269,938,993
35,866
204,431
698,709,970
747,760,998
329,880
652,745
569,677,847
102,362
220,520,578
386,790,817
280,786,813
368,805,926
293,339
130,510
157,615,763
167,173,665
309,401,957
404,832,847
349,699
722,925
429,469
205,600,947
148,281,319
2,569
813,820
62,387,411
473,625
231,893
120,744
602,764
344,439,480
467,960
194,855
114,292
3,131,311
253,626
299,370
134,538
741,798
640,830
117,678
521,649
771,789
102,479
30,665,694
741,765
72,572,688
359,381
229,844
12,809,844
107,221,636
737,990
585,778
231,352,603
553,799
38,855
59,415,776
129,379
549,591
274,595
108,820
344,419,760
462,498
43,464,996
390,950
198,278,685
75,282,464
399,489
94,433
64,225
530,796
744,998
271,473
28,78,389
91,543
484,990
275,544,571
654,939
61,415
155,192
393,868
31,906
266,846
204,653
522,629
666,813,957
135,541
28,622
157,438
116,265
618,950
182,779,969
832,837
437,538,843
658,759
66,115,398
134,183,460
92,531,893
37,889
125,780
108,198,694
306,841
139,181
6,872,922
226,631
477,887
309,579
365,456
189,847
35,268,420
36,331,456
48,333,463
160,949
123,649
73,380,688
9,652,973
82,950
209,631
68,249,873
760,902
717,911
34,708
647,667
340,840
161,407
172,745
533,944
548,934
952,962
357,419,654
211,636
52,628
798,961
4,111,870
167,442
444,529
340,766
653,821,845
348,718
4,57
421,640
581,673
158,410
77,240
239,409
796,926
74,710
465,770
372,442,559
501,754
292,575
208,224
314,440
109,110
115,469
345,695,896
374,471,674
613,848
140,888,921
126,130,344
495,682,843
434,667
14,133
745,912
640,654,845
513,596
122,885
886,910
365,366
521,884
489,654,918
27,891
149,967
253,471,626
223,440,870
178,353,550
49,339,758
772,907
423,719
126,962
327,639
345,443,967
161,984
282,909
45,801
206,456
98,141
64,159
69,139
503,504
117,205,646
45,638
498,691
625,836
650,809
773,889
192,832
319,912
767,806
73,361,816
456,632
782,868
716,884
469,571
494,588
864,895
723,809
279,472
451,575
461,952,955
275,330,691
166,625,961
115,613
653,874,944
12,421,684
70,417
831,927
170,284
194,444
93,337,780
157,551
96,284
91,772,992
645,815
173,731
309,589,802
377,935,975
838,959
398,534
359,399,471
515,983
605,905
7,605
68,420
218,511,826
77,524
697,780
190,560
695,800
50,119
622,986
676,916
382,612,984
402,417
114,154
221,571
501,782
685,969
191,862
117,275,968
131,259
488,597
25,638
368,553
588,608
162,770
395,445,643
143,425,860
142,252,758
430,601
134,546
497,766
414,619
538,589
188,906
114,275,511
528,646,900
373,793
408,978
106,387,793
208,336
17,767
547,850
7,129
183,917
515,680,996
54,186,885
113,254,644
475,639
734,998
49,229
749,798,942
23,270
899,958
579,966
191,810
285,376,629
597,991
456,836
557,938
211,243,892
442,654
262,282
626,674
793,849
500,603
420,424
90,941
106,353,903
95,219
35,371
402,452
105,494
175,684
158,344,764
287,620,749
664,789
464,916,981
199,630,671
30,159,998
46,811,909
192,866
81,439,822
5,265,942
104,106,155
146,519,990
454,646
537,876,889
278,580
190,655
31,615
141,580
545,626
436,609,813
292,366
113,694,959
274,357,540
313,887
203,506,614
76,313,470
157,674
33,610
536,775
28,586
433,516
105,145,984
58,609
103,422
69,337
361,683
10,312,979
281,438,945
285,674
585,681
179,766
446,577
19,31
57,905,997
604,641
111,489
221,304
141,477
212,506,828
94,437,527
176,485,493
101,811,971
612,913,940
481,841
157,491,653
194,616
568,886
804,866
556,840
720,799,969
82,184
215,692
523,577
629,776
241,843
34,86
179,724
217,334
333,656
339,560,688
12,208,243
412,532
773,972
235,433
353,680
68,616
123,841
314,457,939
463,483,648
583,763
550,553
535,752
62,735
251,271,459
253,266,832
740,782
275,477,842
337,405,780
602,827
70,85
853,929
362,599
339,710
309,614
164,279
11,552
338,724
70,531
788,969,970
383,648
815,953
175,923
272,753
550,628,784
515,568
208,238
134,557,927
629,728
15,167,933
211,710
75,354,618
330,580,721
299,722
150,303
246,542
38,592
116,665
148,959
460,962,964
723,909
719,894
131,762,923
805,977
571,695
112,437,499
143,280
347,937
360,461,551
347,740
596,659
273,884
441,481
665,808
69,138
207,766,788
10,237
7,625,707
309,462
431,518
262,741,942
652,812,901
165,238,505
117,526,571
251,535
340,534
538,658
217,595,605
294,862
143,746,996
129,494
339,924
827,886
66,492,531
167,892
231,395
48,242
159,452
727,763,866
480,926
357,708,848
222,755
517,1000
31,369,949
462,654,711
76,352
134,750
98,232,533
376,534,700
151,843
1,604
613,984
93,970
297,472,685
274,902
329,983
454,715
87,808
89,902
281,698,846
456,498,974
80,604
493,673
104,577
7,53,481
607,669
272,807
2,183,663
740,784
682,799,857
34,707
231,420,940
594,841
58,801
134,746
758,936
15,140,749
417,589
555,920
783,974
6,514,996
657,944
51,553
117,375,818
200,848
3,434,645
452,567
589,637
121,305,803
416,820
389,593
601,622
491,651
304,509
633,991
168,637,983
58,167,660
64,119
223,898
253,853
478,576
172,527
463,770
104,499,635
55,341,457
17,314,754
909,989
394,426
455,586
98,119,977
672,733,888
208,267
278,774
818,916
341,987,1000
17,313
296,498
501,909,946
522,690
350,436
599,752
80,86,688
154,694
540,766
127,540,782
246,778,818
613,653,934
554,801,861
883,971
568,789
57,494
757,907
441,650
57,430
346,354
294,491
254,959
392,744
608,719
69,571,604
890,899
40,492,798
248,416
33,161,503
697,974,992
109,669,707
40,486,814
380,996
334,808
580,774
247,580,617
145,411,536
114,293,753
794,874
261,537
35,105
586,827
235,245,874
274,711
53,219
387,933
268,659,967
419,529
611,677,791
733,954
97,619
796,836
53,1000
728,964
570,894,974
356,477
238,736,765
66,430
221,464
112,954
549,634,792
376,934
23,927
198,959
96,524,653
88,934
673,810
159,163,929
455,685
680,727
44,45,466
306,631,701
790,828
23,705,930
278,567,876
789,932
151,191
223,441
180,975
819,844
634,701
57,208,856
74,134
917,949
697,876
525,792,966
328,482
244,945
223,666
36,228,523
174,400
249,567,899
139,605,678
416,837
265,609,790
175,498
63,243,526
86,274
376,531
208,856
112,930
283,924
233,971
382,475
500,848,902
318,379,689
302,929
502,625
282,545,582
747,971
547,960
316,773
447,630,715
748,772
887,914
303,787
232,987
293,695,968
640,883
681,755
150,437,700
217,268
368,835
198,896
219,933
464,536,960
335,576,765
575,973
67,282
291,557
742,952
43,50,351
317,360,975
228,518,902
761,827
252,253,346
470,818
786,837
23,149
349,516
479,702
376,869
37,320
236,423
498,824,967
324,862
271,813,878
59,363,968
198,838,973
176,845
253,257,284
602,653
507,590
207,452
41,231
567,825
497,950
357,395
404,902
706,949
486,510
221,456
50,613,966
444,808
130,740,899
359,404
510,733
65,801,968
136,276
50,549
23,93
526,894
535,609
243,668
625,650
608,784
194,366
141,326,393
53,376,501
58,961
189,236,688
447,641
238,494,685
257,633,934
80,912
303,575
155,164,736
197,702
494,622
5,620,687
301,782
246,301,656
426,751
464,913
260,659
125,380
704,929
157,788
96,185,899
218,987
37,815
669,744
479,504
50,171
655,780
56,76,996
748,767
56,855
144,589,647
922,988
110,731,963
225,900,901
97,948
19,583,684
198,234
159,427,752
133,798
725,951
192,942,963
275,594
14,256
72,393,585
275,575,912
7,971
790,836
506,563
184,365
84,816,964
292,760
562,740
225,282
282,486,487
577,768
34,447
107,944
230,548
2,385,720
279,318,553
576,944
203,371,996
197,397
545,677
604,835
73,662,748
516,988
297,328
302,306,513
466,774
249,521
501,730,798
374,713,778
355,533
130,525
105,527
62,720
210,438
380,467,626
328,595,814
677,835
393,517,833
227,731,975
553,557
558,641,968
622,798
32,748,1000
31,573,785
141,433
475,698,706
715,844
6,317,350
22,95,182
22,811,839
247,746,860
446,493
429,459
505,724
700,890
257,634,834
172,818
150,196,698
359,680
364,483
518,605
52,290,733
82,250,549
49,631
77,332
372,798
66,331,910
226,425
193,646
318,415
21,476,513
72,310
129,487,794
686,903
21,820
143,945
195,251
249,950
78,725
572,697
48,563
160,564
68,595,640
622,633,984
919,952
75,187,795
554,723
532,542
130,161,716
393,475
488,523,775
592,603
290,343
98,778
201,651
636,938
498,893
530,602
349,630
460,464
222,690
516,829
45,136,470
362,931,994
551,728
124,171,582
455,640
685,736
268,747
290,490
12,369
127,172
92,275
615,825
288,749
44,853
72,560
382,913
174,952
549,981
180,881
733,788
762,994
10,949,977
15,736
310,700
424,500,582
51,104
134,366,771
589,882
189,624,835
596,656
690,699
138,947
261,339
47,588
338,706,709
144,985
304,833
505,629
327,351
345,575,979
92,836
289,783
1,802
69,216
262,418,969
458,545
696,881
125,457
362,592
458,506
146,250
251,861
167,344,666
620,721
310,676,841
297,703
57,427,768
8,408,487
83,228,878
222,526
48,396
102,258,816
47,683
74,226,807
8,526,742
67,142,670
45,177,605
152,425,627
268,899
357,489,997
194,741
672,916
187,280,717
269,434,835
131,441,949
36,50
107,598,856
114,676
247,345,548
410,696,867
308,739
711,845,991
140,979
15,72
796,842
19,36,827
75,963
280,709
64,775
202,237
254,659
774,965
689,935
130,328
652,979
647,809
551,972
158,748
166,261
58,684,822
14,182,453
663,803
167,609
486,651
360,679,970
309,683
405,965,992
298,456,755
480,653
89,123
262,319
442,458
223,610
169,374
479,942
7,448
45,138,234
324,809
117,436
384,415,746
185,651
173,791
497,968
410,741
286,931
430,801
541,635
481,771
203,375,499
341,796
366,659
349,695
888,901,926
217,850
603,926
20,604
244,548,943
297,982
325,983
240,611
80,871,876
321,984
111,118
594,800,839
551,856
137,691
178,445
406,578
54,625
135,172
278,879
201,439,658
662,676
328,601,706
55,311
177,847
348,668,746
400,753
85,162,379
620,712
64,726
353,550,866
229,397,436
252,389
321,590,762
28,301
377,483,853
339,507
349,576,584
293,915
430,512
231,294
112,770
92,570
66,208,300
53,883
89,244,356
44,253,994
780,790
952,986,992
227,442
379,480
228,316
815,848
681,959,978
848,882
471,856
367,715
643,661
665,709
628,977
94,604
546,795
25,402
127,281
205,474
462,554,834
701,877
164,191
244,710
329,755
876,901
257,440
379,507
513,670,936
86,149
174,997
103,331
123,804,871
228,887
16,823,997
28,922
249,703
95,396
653,733,798
170,266
483,701
253,719
43,231,794
769,897
493,523,616
264,357,875
533,696,804
496,951
267,372,791
815,851,908
75,837
163,538
58,196
128,243,387
770,784
209,334,420
556,701,812
71,326,689
668,718
3,88,648
8,277
274,511
300,349
68,627,810
41,559,936
676,907
286,761
67,150
211,286,620
296,807
150,686
11,506
424,631
193,278,844
659,789
811,845
125,282,709
459,708
141,696
606,960
55,416
461,896
126,484,607
287,970
444,744
80,167
284,512
270,527,595
131,455,560
166,919
655,796
251,531
27,872
485,673
137,324
36,343
301,685
2,882,943
740,834,895
282,414,415
530,831
196,410,750
281,639
633,815,958
656,929
106,132
187,213,362
468,596,698
109,350
170,303,342
243,605
122,186
100,254
572,625
198,253,690
425,837
240,925
76,441
178,446,547
574,598
709,763
153,923
501,830
411,771
717,924
665,764
203,621
484,753
1,417,655
548,936
29,997
273,497,952
275,511
379,593
537,959
545,634
114,214,339
56,425,804
403,870
211,554
722,768
258,557
189,401,963
70,702
690,990
384,421
240,966
490,706
557,762
304,660
897,926
472,678
36,87
370,876
104,163
48,370,928
256,953
51,389
218,863,930
100,377
164,728
79,127
220,274
436,579
616,681,959
58,705,961
290,359
449,835,927
592,827
45,325
162,337
64,221,470
188,708
21,196
22,629
433,465
136,662
88,514,983
594,890
52,419
356,928
67,81
585,667
768,810
187,924
708,789
550,994
247,536
371,524,535
552,910
836,916
34,745
165,332
269,348,897
244,257
217,738,996
278,916,944
128,534
3,390
85,567
58,292
105,306
917,997
430,622
368,785
371,641
452,954
51,685
640,834
303,949
43,975
249,411,817
68,209,680
302,933
467,583,999
204,821
431,540,621
270,660
66,494
405,629,794
39,317,829
512,738,937
704,906
32,918,994
230,695
294,321
91,294
200,880
295,368,644
280,395,903
38,478,819
127,707
364,609
753,876
645,863,996
168,640
60,393,984
438,503
337,770,790
472,705,852
602,912
199,705,919
549,731,985
239,491
134,368,517
120,203
406,595,909
250,417
680,823,945
620,954
147,710,999
652,870,895
126,720
753,912
23,198,688
142,146
612,724,865
8,347,832
559,878
57,286,423
384,953
18,737
41,709
303,320
202,471
815,858
314,790
45,345
341,926
248,445
148,856
239,907
495,563,942
328,676,901
697,745
265,362
418,965
511,925
431,611
213,484
87,432
520,589,822
370,557
231,248,532
89,693
160,638
38,513
22,677,993
77,865,867
488,728,996
141,317,377
174,931
333,482
314,949
76,578,742
12,355
340,877
64,398
93,664
573,824
277,833
4,66
276,958
493,920
884,909
109,274
574,622,993
21,410
230,891
410,669
343,426
327,626
133,260,603
862,911
413,424,591
476,938
172,368
15,532
328,604
173,687
131,841
569,972
576,667
505,761
740,840
694,780
90,493
307,641
294,835
515,953
836,893
210,502
63,139,588
126,267
257,596
128,566,922
421,555
40,595,729
332,531,861
670,786,797
403,953
32,941
121,737
586,874
663,911
627,876
114,392,759
233,555
385,857,883
149,624
49,525
14,290
602,693
106,518
270,583
285,316,865
360,623
50,394,418
826,927
70,204
742,906
152,413
469,576
124,804,867
294,592,635
940,988
128,375,697
467,713,900
416,836
362,559,944
929,987
208,812,863
145,845
419,978
130,144
400,459,573
380,454,488
350,622,875
612,652
7,654
43,107
605,952
309,971,984
571,736
75,888
166,572
100,239
241,339
92,279,323
261,742
252,625
415,631
314,764
197,766,899
358,841,925
571,801
375,826
276,752
777,876
557,832
335,429
209,272
622,692
396,410
84,729
360,877
502,905
370,429
300,405,671
724,987
175,397
805,995
245,377,777
250,677
530,611,752
24,26,565
199,238,894
425,553
33,171
356,683,928
877,886
899,929
692,693
818,867
451,503
324,708
258,509,532
430,452
97,109
5,86,871
490,698
782,947
451,544,728
277,308,794
266,354
204,615
630,961
75,278,463
518,857
502,565,711
142,629
289,417,535
111,408,536
9,276,406
119,559
131,787,923
811,975
450,729
512,593,598
242,776
7,676
104,752
483,503
57,910
123,345
162,473
485,614
109,607,815
276,386,890
846,916
157,648,968
110,514,821
736,957
119,614,691
104,830
218,948
63,123
339,856
197,786
57,304,469
919,925
154,922
57,708
828,872
56,469
293,646
317,370,957
907,912
758,881,947
56,722
356,689
944,959
615,638,747
47,767
159,185,991
552,627
733,792,966
201,318
399,993
216,601
329,388,749
35,816
388,821
199,458
160,444,673
36,698
147,925
204,329
487,524
318,407,942
153,228
285,334
141,353
369,475
514,971
33,364,711
253,631,998
490,926
49,231,253
762,910
95,304
156,509,586
168,488,666
578,896
242,304
131,277
324,988
125,465,481
122,255
458,514
128,901
77,330
2,650,825
7,940
890,917
34,265
61,163,297
991,993
732,789
203,423
7,806
417,526,531
248,392
233,731,921
9,20
578,857
705,991
255,644
254,904
387,485
422,732
178,937
326,671
61,279
511,743,881
18,62,351
802,918
120,350
369,751
188,744
192,942
133,155
176,711,766
108,715,863
183,188,394
609,622
98,842
22,900
101,119,834
42,923
314,494
514,662
155,507
347,683
275,508,924
174,279
139,295,882
529,576,737
907,951
62,424
480,856
412,449,964
75,643,735
386,817,976
42,309
353,418
229,495
33,740
442,553
479,598,601
78,106
343,813
97,821
38,705
37,64
80,240,662
18,138
405,753
25,942
395,937
257,845
231,398,823
58,967
159,593,915
83,373
144,262
1,108,360
87,279
467,672
293,804,933
612,818
293,876
833,937
279,543,872
68,478
10,678
320,609,631
60,644
517,536,977
20,532
218,336
203,261,314
304,815
885,942
211,426,962
443,612
302,615
51,392
353,983
115,317,912
271,620
348,864
581,963,991
140,593
434,474
43,68,175
517,699
58,569,732
505,907
138,239
132,530
651,956
57,867
210,836
432,696
482,885
301,597,709
31,296
848,953
187,807
110,262
256,719
13,673
821,937,971
496,763
332,349
198,323
154,886
153,218
255,517
329,734
130,154
229,496,581
177,375
407,853
132,448
297,615
85,577
114,144
191,693
177,769
24,226
438,563,589
386,837
667,908
193,606
443,576,636
129,649
720,993
212,596,714
664,817
464,802,850
90,135
634,779
122,734
342,690
200,229
158,926
362,561
794,946
420,580
246,798
430,598,720
62,497
53,399
31,802
416,775
22,119,622
625,960
391,819
249,585
976,984
221,856,925
540,702,769
438,670,978
350,582
160,735
317,675
128,450
384,556
116,675
382,744
377,718,748
338,422,661
88,817
12,459,749
363,632
219,972,979
613,633,845
193,974
250,652,960
386,587
177,409
488,582
435,662
264,976
245,927
911,923
119,385
91,390,757
104,215,907
406,782
642,706
717,748
111,133
639,945
253,728,932
483,535
503,967
18,597,618
217,754
532,690
424,836
269,543
471,937
340,464,618
894,901
404,993
619,657
464,794
34,198,448
169,206,712
314,658
776,785
54,412,452
251,278,508
490,874
470,501,974
703,733
245,358,438
439,811,883
374,825
302,386,777
156,570,772
358,469
52,100,812
140,176,794
581,779
205,590,916
64,477,556
350,415,677
10,813
619,647
1,56
189,216
359,658,846
12,801
201,540
464,637
536,674
694,723,898
165,826
733,930
208,675,732
434,816
275,472
96,527
55,285
215,277,532
130,530,915
257,563
60,79,208
544,913
78,575
285,836
126,417,848
741,937
273,392,572
68,296
98,713,929
252,610
64,991
379,953
480,788
115,259
737,772
236,284
134,157,906
635,670
126,579,932
696,905,999
546,597,802
431,549,782
180,316
227,292
271,695
110,567,831
715,838
294,343
39,371,704
432,679
355,780,964
79,450
52,87
341,833,858
410,931
672,849
412,654
69,199
76,361
768,826
52,655
54,387
223,515
180,660
223,572,870
531,982
5,376,755
355,423
476,924
80,583
574,634,934
143,405
582,677,747
644,803
461,994
310,356,415
388,503,842
154,898
624,999
367,897
161,407
459,987
803,869
252,602
337,344
43,263,700
108,470,494
700,991
308,523,874
852,948
303,556,679
361,861
174,414,677
247,550
814,993
253,371,670
14,214,385
593,881
412,574,958
147,544
95,861
3,330,518
183,885
268,847
506,573
310,990
179,769,912
373,624
94,205,708
42,160,320
55,253
814,859
48,218,894
453,814
142,294,434
150,363,438
8,253,600
485,855
526,898
164,375
251,620,930
270,833
363,950
541,927
517,664
34,180,965
455,698
374,404,600
100,770
233,880
141,515
716,842
28,962
218,492
680,820
243,463
139,300
576,641
694,802
243,979
194,781,950
422,529
19,645
702,716
347,477
648,849
271,522
237,548
581,682
25,297,842
837,917
230,279
124,216
60,111,931
135,187
267,342
273,584,818
236,373
366,901
5,477,730
39,937
658,984
383,393,973
124,208
89,293,822
331,851
345,638
107,111,305
277,650
332,558
147,957
36,272,298
27,759
454,784
161,522
611,717
462,529,572
315,907
248,799
507,750
755,981
384,684
138,286,679
209,597,980
162,356,702
76,178,725
276,484,502
348,397
609,821
424,690,748
507,879,898
595,616
174,675
757,837
83,638
679,856
179,394
658,887
332,391
130,747
492,539
761,889
760,981
5,200,921
430,866
429,605
713,777
389,899
308,320,684
284,408
157,672
117,636
45,139
535,963,982
369,938
215,474
170,936
540,840
17,809
28,485
164,707
81,972
441,640
112,678
249,769,1000
508,655
472,616
176,545
398,970
1,809,952
489,950,991
407,557
381,471
156,315,950
308,649
160,709
176,719
358,649
289,635
127,163
269,742
326,893
465,613
310,751,976
178,403,951
200,752
209,937
55,489
395,696
181,689
85,834
286,435,870
25,317,968
249,592
505,539
4,154
10,499
548,596
94,605,916
370,654
725,933
86,398,829
19,127,553
57,620,655
69,280,920
198,614,947
274,845
483,504,623
293,667
25,216
220,613
97,323,473
131,751
90,105
83,433
129,508,924
392,705
1,279,461
255,800
78,732,751
544,641
416,449
46,458,821
489,868
893,951
834,891
309,979
451,655
507,710
210,496
306,497
258,551
811,851
341,983
854,958
195,278,815
471,848
714,949
228,574
747,890
608,634
266,623,869
573,735
318,951
136,944
68,142,1000
308,522
587,898
476,638
265,406,845
176,608,704
491,766
69,358
130,467,958
43,53,409
415,894
310,714
308,356,382
454,736
67,341,680
297,836
91,515
22,313,367
17,933
794,953
217,970
225,432,741
242,378
411,564,762
555,821,920
327,680
138,652,827
944,959
569,943
544,871
408,713
286,941
50,223
96,336,722
946,990
396,494
216,694,696
44,190,636
297,600,607
233,431,547
620,979
16,793
350,369
690,998
213,744
518,668
397,716
764,993
555,623
300,452
60,551
126,715,835
194,493,884
237,369,678
108,195
819,946
331,342
90,160
262,838
545,611
692,822,898
350,636
293,998
504,663
2,233,439
521,549,764
99,322,927
337,421,825
452,579
366,557,713
214,505
361,828
257,612,764
384,483,530
96,328
720,811
472,930
36,722
91,488
393,476
154,570,602
196,305
95,218,533
63,405
87,128
137,833
509,835
398,770
563,970
476,589
187,938
144,585
270,461
445,476
178,626
607,713
277,534,933
6,73,738
296,994
337,622
756,828,839
504,599
485,976
124,618
535,563
422,914
313,504,848
399,564,777
620,753,876
277,298,823
125,366
323,747,819
92,94,660
540,648
844,920
329,866
210,774
306,492
88,227
358,544,894
8,309
491,936
282,345
730,790
35,142
59,276
684,990
580,938
385,788
804,925
654,699,943
275,437
113,900
543,697
1,212,487
298,937
211,602
83,538
37,71
621,953
55,317
455,783
261,569,987
281,906
119,885
164,620
66,557,751
286,641,768
736,957
143,909
123,279
202,520,984
645,656
79,736
130,530,658
803,849,964
682,730,882
37,277
473,492,912
553,962
482,944
231,338
488,965
745,936
409,552
131,846
420,497
357,611
121,485
492,764,837
575,897
245,360,812
390,977
243,360,402
224,924
352,843
936,953
788,842
88,281,967
235,795,950
476,805,973
199,819
111,492
801,998
340,718
41,506
721,875,935
175,463,894
193,435,944
153,550,941
294,330,769
354,403
539,647,705
286,687
385,647
117,586
272,467
288,831
500,712,854
75,572
225,414
278,427,689
244,600,776
136,411,724
831,993
482,758
393,718,994
284,834,966
41,388,876
160,788
883,920
636,872
25,387
102,437
60,124
528,886
43,726,968
15,193
180,330,773
367,560,648
236,844
194,355
576,618
306,403
601,622,880
859,867
82,528,804
155,635,642
139,448
79,953
87,180
257,583
561,855
642,805
607,608
451,737
193,251,441
126,550,919
159,367,598
42,363
901,940
208,487
165,540
573,609
359,430
177,473
247,388
302,903
157,915
513,917
430,492
681,748
478,973
197,342,815
510,520
174,235
494,696
192,265
712,943
35,892
209,303,460
425,621
200,377
210,518
339,355
97,814,838
20,407
83,347
383,898
224,680
525,652,702
353,483
20,288
136,542
221,909
81,790
708,865
11,268
129,581,721
458,538,900
108,190,385
381,763
418,497
742,969
113,754
244,714
249,455
167,741
65,433
189,392
360,753
775,914
324,612
188,255
252,763
395,583
663,931
670,940
285,290,734
119,909
855,863
121,284,698
726,770,880
79,164,539
434,725
155,890,900
74,257
84,669
342,347
217,296,913
452,503
508,988
47,434
929,939
201,347
618,673,977
304,999
144,726
620,898,912
209,528,851
164,920
702,717
854,874
194,990
33,244
61,182,843
891,981
253,733
267,727,951
265,729
474,489,748
217,774,886
891,993
324,628
12,205
835,960
861,952
77,333,638
422,926
210,610
422,457,995
323,852
772,957
199,578
278,300,879
439,578,692
31,112
278,974
302,420
221,823
144,543
404,447,807
262,830
168,420,890
23,84,192
909,916
251,615
166,651,938
652,818,861
25,63,447
325,413
174,211,355
373,433,957
907,989
229,469
785,929
150,770
700,858
163,834
171,472
69,710
257,286
87,551
180,572
407,586
813,932,977
102,781
491,600,853
112,480
864,967
600,995
52,959
91,668
14,133,822
114,378
46,518
59,628
355,375,604
55,60
82,729,800
397,491,798
193,689
112,566,963
233,629
76,451
148,471,702
382,648
871,874
355,662
117,533
56,331
57,808
120,748
150,722
779,968
130,982
730,1000
401,966
7,714
214,957
405,634,916
593,928
338,701,767
176,455,820
22,82,404
16,807
14,920,954
9,495,555
172,673
9,309
492,541,844
416,854,968
382,395
160,688
154,551
643,891
641,898
132,525,540
318,406
229,512
360,981
183,627
238,913
341,927
743,834
79,221
20,343
214,620,841
837,874
204,788
100,178,629
85,985
188,851
117,927
358,959
293,358
406,810
336,349,804
238,429
50,501
603,951
524,678
270,530
633,986
250,640,963
712,984
313,857
275,360,361
827,851
93,740
305,728
129,448,533
484,593
108,415,446
675,789,962
111,941
68,395
315,789
360,702
568,741
791,815,909
309,738
928,993
172,684
520,825
301,879
35,239
772,925
47,394
24,479
350,477,645
224,662
603,903,983
174,825
598,688
439,526
101,921
409,861
235,959,968
195,844
148,452
147,641
79,769
246,827
119,229,562
113,125
526,809,959
11,553,803
639,877
11,732
135,215,216
54,614
213,235,403
173,387
102,310,449
205,994
70,427
88,445
63,567
239,455,660
116,820
460,702
476,510,825
506,918
62,468
770,786
543,750
82,487
93,378
967,975
361,932,941
318,711
43,91,806
266,419
400,505,701
251,451,743
742,844
323,961
694,801
226,452
184,673,923
391,420
495,831,854
121,153
84,141,437
404,483
806,807,874
377,420,780
726,817
124,864
111,810
340,991
407,476
249,268,802
190,818
58,303
447,784,985
185,294
83,695
108,671,750
119,729,843
514,932
70,774
807,892
532,668,823
554,926
160,807
349,556
106,474,714
161,499
116,455
225,250,356
294,735
171,456
244,266
383,832
45,75
146,866
97,818
227,324
581,1000
144,571,893
527,625,711
566,885
564,781
48,198
281,330,897
11,448
53,329,381
193,907
828,943
391,459
129,423
122,456,607
42,194,904
457,519,642
286,612
528,926
102,231,929
480,963
406,944
369,668,770
554,698,818
728,862
11,366
11,285
25,689,909
328,999
152,648
81,965
316,610
343,875,945
297,609,1000
557,970,987
735,789,948
653,689,880
424,601,859
520,913
469,617,853
502,826,853
628,770
347,733
130,792
311,807
354,522,669
129,520
147,891
220,581,703
250,691
442,815
349,999
43,962
565,629,821
237,439,754
127,477
119,651
24,661
527,880
169,644
427,801
169,775
125,695
62,806
495,921
149,702
170,650
6,854,931
292,730
317,829
358,952
422,488,561
278,566
272,817
290,383
88,107
432,450
73,807,907
440,715
252,581
695,863,919
245,825
12,107,865
596,597,686
102,189,603
330,576,862
351,877
469,631
1,350
298,746
51,641,887
508,557,584
183,505
197,499
299,509
165,203,867
859,892
634,853
32,457
508,695,861
84,616
177,320,922
431,956
101,548
734,788
174,465,657
6,164,533
575,782
185,974,989
253,989
582,658
179,265
82,93,348
449,762
121,841
394,815
21,890
672,741,815
410,902,952
37,844
80,208,676
187,265
845,912
92,461
312,553
529,932
11,301
75,133,395
92,703
80,600
291,464
96,549
101,428
548,753
261,551
129,247,403
266,963
8,348,877
78,99
175,526,722
132,875
19,542,559
344,504
611,692
264,785,928
622,682
282,413,955
251,975
421,824
439,747
195,338
356,377
188,767
195,765
241,244,888
4,270
86,930
497,727
553,816
211,241,514
176,421
140,225
224,324
136,533
47,570,732
344,839,954
692,857
543,695
303,534
289,518
81,922
335,869
126,585
50,866
58,518
550,639
701,799
890,971
209,808
162,385,595
389,752
397,408
399,692
293,624
95,216
86,328,617
512,867
963,993
238,586
282,304,648
66,173
317,526,952
441,786,805
410,588,759
349,402
137,547,938
24,98
271,443
180,197
267,654
190,339,959
425,475,744
52,218
203,533
87,361,687
38,954
8,397,887
151,368,714
471,716
749,811
188,668,980
324,834,991
449,541
8,830
622,847
305,400,741
532,929
110,121
688,868
7,410,868
710,879
80,227
231,615
260,851
548,998
385,640,651
483,857
190,531
34,342,776
555,602
144,204
116,617,936
200,887
10,635
585,689,830
297,465
263,808,997
71,963
114,234
117,283,641
313,388
49,229,495
211,339
499,982
141,931
256,999
544,865
83,93,473
265,804
139,572,912
17,572
283,605,912
54,869,939
57,391
737,908
53,498,632
180,695
269,270,895
417,752
21,923
322,817
471,505,551
340,688
99,687
24,359
1,439
321,647
15,484
46,603,878
266,319,699
87,687,839
85,397,880
646,859
36,587,617
26,92
499,589,896
402,566
21,670
86,153,281
240,324,473
44,527
97,169,968
257,542
279,925,930
525,713
18,129,738
61,651
118,537
496,859
112,840
53,583
76,224
39,652
71,388
101,228,981
630,930
31,858
459,710,916
533,815
125,352
369,621
329,885
177,350
282,318,483
115,736
532,769
95,829
182,965
438,593
205,819
211,220
235,454
193,862
253,347,654
34,304
377,530
349,470,619
436,782
636,852,924
254,541
400,639,861
342,786
462,487
231,384
359,529
7,944
321,974
496,899
453,680
497,636
311,439,908
85,257,854
482,576,646
477,853
287,634,749
152,371,874
47,155,489
435,576
294,904
308,447
692,928
7,338
409,682,953
581,956
379,492
436,993
492,905
418,993
436,653
382,410
535,954
791,958
269,305
5,462,498
686,795
66,93,330
265,673
64,858
73,142,725
204,276,766
46,95,227
188,615
567,599
299,341
264,319,885
52,766
516,975
88,507,703
61,845
459,821
240,429
751,988
310,521
701,941
520,985
128,273,856
402,801
50,186
348,493
10,808,926
547,721
198,458
525,625,673
289,411
57,168
51,800
398,914
40,154
319,452,608
391,463
387,982
20,26
729,815,842
10,727
242,473,931
687,995
753,846
509,999
75,532,918
215,763,777
82,921,989
2,442
427,868
271,441
134,425
116,631
570,985
383,545
751,772,886
332,928
724,892
803,942
112,322,615
270,394
576,959
68,954
154,682,914
431,440,905
89,857
457,763
304,987
179,486
368,463
907,942
303,910
347,674,795
356,595
32,840,941
40,822
27,238
46,412,418
155,950
127,331
410,829
372,832,853
185,548,814
446,803,833
77,224,317
163,991
360,861
139,872
366,781
562,937
124,792
321,612
357,589
330,405,566
29,636
265,682,864
707,980
57,249,402
141,287,454
151,739,960
672,784
737,848,915
602,779,993
9,440
40,202,621
45,300
28,371
304,319,435
848,857
261,618
849,890
500,680,751
134,509
462,943
178,263
702,902
612,753
229,860
535,589
27,728
750,959
913,939
150,741
433,761,970
11,485
279,481,681
577,589
740,854,924
333,970
501,958
443,761
164,269,433
126,563
124,243,662
7,468,599
822,985
73,615,996
597,739
289,631
365,573
48,79,879
208,487
774,834,975
49,558
36,886
190,478
363,437
79,391
438,920
300,378
764,836
60,83,279
718,787
429,508
566,748,971
530,664
351,497,980
225,305,952
161,574
623,816
130,167
211,479
731,839
764,992
79,924
391,845
101,825
223,465
553,639
261,425
59,168,722
113,502
249,849,938
43,527,910
31,175,615
431,458
614,699,719
100,263,884
711,741,891
695,896
383,802
219,243,819
597,932
459,584
618,774
218,780
486,864,932
101,212,332
72,429,876
371,387
336,653
131,515,874
320,522,630
48,63
137,405
78,628,669
4,561
81,102
776,952
70,140,442
65,426,731
119,609,985
353,360
47,387,528
86,357,362
92,913
705,765
164,543
309,409,664
108,199,768
539,756
188,416
443,571
27,606
15,84
544,944
134,158,564
134,226
110,821,974
81,612
301,850
459,572
74,366,701
278,359
243,459
48,756
369,387,500
97,259,273
122,588
59,235
246,703
130,497
267,589
579,762
189,414,460
44,216,666
300,965
340,792
224,931
368,973,974
906,938
306,747
49,634,699
572,804
255,886
650,724,786
270,944
465,469
166,862
399,502
173,968
194,927,967
462,579
16,521,564
316,394,799
222,513
37,553,675
604,860,997
408,537
198,711
339,585
378,465
381,600
295,927
757,840
84,194
189,238,728
325,727
303,390
169,971
66,898
363,498
162,471,730
502,819
463,655
189,227,765
94,138
311,763
114,526
730,853
227,275,554
2,120
724,939
624,819
272,748
528,714
704,991
77,643
23,975
109,900
669,836
532,663
48,117,768
282,613
161,316,318
224,968
675,808
356,431,920
564,581
256,894
382,893
6,33
134,749
151,491
260,302
99,234
144,663,960
696,907
438,595,755
81,987
314,944
119,196,217
100,516,651
804,961
7,39,743
366,833
65,638
377,583
267,319
171,840
195,999
525,736
92,111,443
93,527,728
227,254,283
58,753,865
142,507
28,324,471
89,211,246
256,986
697,846
246,474,894
288,544
518,988
349,505
464,822
576,953
71,303
572,829
252,645
709,860
359,418,467
348,849
444,785
333,639,756
465,815
791,834
441,490
176,202
624,742
60,94,669
489,552
158,330,561
121,536
297,415
531,876
464,482
4,475
739,1000
68,330
861,922
556,730
4,89,731
65,666
623,674
664,748
361,377,547
243,514,971
323,539,952
590,847
583,917
65,685,916
114,822
330,450
364,578
528,927
682,889
296,837
55,865
16,423
382,902
143,310
392,559,825
428,803,941
495,588
202,842
286,948
85,495
194,420,938
769,914
591,593,608
313,593
191,320,365
479,935
609,954
437,635
80,87
134,552
123,423,891
709,921
212,419
8,192
157,870
529,660
780,865
82,270,773
205,275
435,593
518,712
418,905
37,762
288,915
84,154
329,623
162,828
111,355,633
508,774
244,884,986
39,87
803,935
536,646
841,988
176,714
49,295
210,233
132,622
223,287
414,743,804
303,325
516,753,756
568,845
274,611,958
272,499,587
567,702
417,512
78,339
78,568
188,480
290,734,843
95,345
140,545,614
795,844
683,952
646,889
335,809
443,812
549,587
184,476,727
620,721
145,721,938
725,767
183,435
240,360,850
466,692
291,426
419,601,741
264,729,984
566,671
893,926,933
348,930
144,601,811
588,735
358,808
322,353,661
26,997
469,697
379,989
111,265
629,966
423,987
194,886
120,685
344,565
95,114,999
512,545
696,844
82,654
76,808
347,368
181,344
421,743
221,735
114,883
402,683
148,694
286,979
631,768
130,637
244,309
865,922
607,716
609,645
442,582,814
32,160
842,943
471,655
124,708,913
103,372,573
48,955
5,309
368,932
368,716
7,451,916
247,450
306,481
258,326,918
190,302,532
727,903
629,716,778
350,514,579
420,788
254,456
71,971
384,677,726
56,281
635,746
115,205,643
63,140,909
799,939
305,478
91,488
528,764
280,320,620
118,278
657,960
127,898
365,841,932
653,825
506,663
140,880
31,110,334
628,849
459,863
543,852
506,740
385,546
143,330
551,935
484,921
13,339
163,412
454,773
49,70,734
520,720
515,683
181,746,888
302,386
3,460
297,525
8,471
48,391
250,730
114,171,907
141,499
345,801
39,243,809
254,656
436,556,703
628,921
458,693
264,929,993
162,549
68,635
338,727
443,560,681
196,219
465,613
504,698
6,77,572
766,882
30,164
508,638,821
650,911
144,579
1,481
100,532,781
122,290
39,242
542,797
310,530
477,888
755,832
74,675,735
30,896
312,991
500,606,999
141,285,837
303,901
321,773,930
589,779
476,818
190,363
554,975
577,768
12,114
739,803
240,829
368,745,805
585,645
300,659
495,943
142,939
56,767
536,665
308,796
90,168,977
37,761
250,262
371,551,931
87,572,844
213,727
354,499,515
192,342,645
104,556
32,142,303
266,476,928
199,879
467,598,692
195,705
51,553
290,674,734
566,694
363,932
421,689
98,295
216,235
127,980
478,620
392,870
503,788,886
312,698,721
87,643
787,796
256,533,566
585,601,998
469,728
613,645,726
143,860
240,335,609
361,384
141,893
216,641,867
523,941
193,466
263,356
77,115
359,484
9,89
145,522,827
339,623
417,832
33,202
330,827
132,768
439,629,731
356,832
159,213,985
190,378
583,725
500,828
483,656
140,747
671,984
14,812,929
22,450
388,520,614
8,180,325
228,307,552
444,661
302,875
305,892
160,529,771
303,664
76,561
321,786
150,484
91,573,947
835,995
8,734
512,700
287,613
55,74,212
259,910
771,836
277,369
730,843
277,864,910
115,332
69,269,970
42,150,858
454,947
186,973
399,572
215,395
435,505
110,754
313,380,608
334,646
383,490
837,918
233,286
623,981
929,998
73,327
204,494,688
381,520,711
148,370
865,921
304,721
27,832
652,809
355,918
29,116,137
327,782
105,153,280
78,457
512,839
21,673
50,566,676
165,763,957
46,705
195,862
185,647
183,252
15,401
50,302,948
631,769
450,482,940
80,903
98,458
310,553
107,370,429
486,724
151,631
68,700
247,960
538,722
296,716
761,898
567,578,848
562,798
585,811
175,927
346,525
218,567,938
194,226,446
696,899
252,273,896
223,336
225,971
241,487
242,410,604
517,962
87,728
451,477
488,828
150,810,872
229,956
122,290
286,461
447,895
30,678
127,225
314,539,636
671,758
610,654,741
124,304
58,516
204,223,291
644,926
454,498,787
261,974
808,941
276,845
196,713,816
53,477
670,714,766
414,726
393,592
93,925
675,799
449,723
912,970
516,609
350,593
544,925
713,966
81,783,840
593,755,799
507,648
465,696
518,559
145,386
4,129,765
141,638
396,957
96,483,726
146,687
143,203
344,379
451,975
326,692
43,886
554,803
376,885
181,516
112,656,661
179,242,687
168,752,775
241,900,939
305,506
611,822
201,720
305,370
600,629
127,559
154,666
329,423
357,818
455,534,912
21,398,837
292,333
688,988
67,989
585,735
191,327,946
184,409,441
8,872
101,237,704
535,692
270,705
278,279
800,892
32,420
268,471
396,705
14,185
322,890
44,881
325,437,542
130,436
711,830
374,738
178,292,847
681,975
157,491,873
14,754,915
2,175
251,258
256,621
484,863
238,360,624
321,605,790
69,641
306,736
234,543,804
50,712
861,973
441,650
306,750,789
290,639
196,506
32,199,277
592,661
257,739
174,647,898
357,821
480,755
524,872
177,371
284,760
74,661
703,977
123,560
113,130,229
166,701,984
435,715
125,204,485
303,794
251,580
206,235
582,645
839,895
52,563
245,447,922
455,568,790
327,400
646,647
86,975
443,940
566,655,801
269,794
36,41,673
308,623
142,618
562,787
424,557
200,717,800
840,892
62,796,836
219,646
207,479
450,777
722,802,851
78,153,846
148,641
402,819
117,787
455,740
259,360
230,310
771,962
182,840
838,970
135,523,645
41,675,767
69,153
26,176
81,895
171,217,328
23,80,190
198,318,572
98,936
661,708
774,906
436,514,798
282,357,520
507,575
164,205
218,728
149,423
64,605,808
178,819
414,916
141,806
291,918
353,695
60,345,478
374,729,845
155,644,669
78,298
508,775
140,501,723
610,651
475,779
394,408
165,527
738,934
618,886
24,277
283,673
143,588
929,962
551,624
438,741
627,740
116,472
374,693,993
467,530
657,905
239,475,672
961,969
141,960
120,321
66,965
628,659
784,975
169,262,834
71,210
898,992
591,860
42,878
192,357
609,791
578,691,712
176,519
189,755
10,109
118,506,873
26,716
476,510,643
404,969
55,493,665
328,939
12,234
324,630
561,662
243,244
340,439
85,224,473
153,796
223,432,647
616,794
368,565
26,520,937
610,622,981
536,866
72,391
408,523
292,707,891
68,75
521,526
26,749
442,753
403,546
37,280
433,646
602,633,928
541,690
700,732
48,652
394,989
606,780
200,518,920
265,730
60,129
225,726
691,847
154,196
72,123
251,653
145,439
219,540
58,438,739
380,888,968
4,450
581,682
13,834
322,960
120,269,498
240,494
256,305,685
865,922
661,702
333,646,652
318,689
853,956
593,956
327,536
18,872
818,963
340,619,829
365,935
428,529
564,743
401,428,901
191,519
533,896
722,906
530,608
162,658,814
178,936
10,640,684
46,779,899
173,585
283,605,707
39,461
197,253,344
534,927
509,529,967
452,785,847
45,547
214,245,433
249,990
227,709
174,783
58,505
208,292
37,175
226,260
197,206
454,940
17,722
372,458,778
691,730,998
382,701
316,953
678,930
126,156
227,631
185,549
738,800
620,895
79,80,245
25,467
739,833
287,469
504,943
212,254,401
638,838
149,251,638
260,329
373,620
263,927
848,920
102,808
227,516
557,947,950
257,528
165,597,808
529,812
348,596
174,554
638,673
85,399
149,313,793
57,975
322,417,512
438,778
468,506
159,791
539,625
70,162
405,789
114,636
260,418
435,468
24,749
60,165,214
560,959
794,933
378,505
358,604
188,334,922
511,662
560,921
89,721,904
262,359,726
823,903
396,679
191,539
378,988
427,861
33,680
374,635
37,721
812,927
207,703
773,811
39,124,590
92,278
10,280,853
31,657
367,434
830,887
427,676,745
599,713
262,364
72,736,867
36,401
64,484
39,994
335,505
293,347,688
240,701
575,834
14,302
131,947
10,57,738
506,835
128,371
309,768
154,284
154,539
435,494
108,672
50,173,981
612,905
770,907
870,913
96,626
113,267,611
237,799
60,569,759
218,685
614,638,988
81,978
21,761
24,263
173,816
330,685
187,471
27,227,783
527,679
206,274
30,647,978
791,946
23,806
100,254
237,241,831
888,934
280,523
275,705
481,892
157,937
13,236,321
890,977
232,286
488,950
103,690
297,812
501,702
121,831
376,689,731
159,370,890
227,505
381,393
1,431
520,591,668
16,129,833
199,456,573
218,275
867,876
123,860
52,364
834,875
31,449
84,347
119,554
25,166,913
115,203
92,253
54,545
786,996
144,444
487,883
192,436
421,823
524,608
620,909
49,480,971
18,102
307,758
585,608
19,337
175,627
286,305
351,798
287,564
801,819
79,865,884
229,750
524,876
390,714,855
42,227
79,275,572
652,750
214,447,894
421,520
47,547
91,133
103,331,967
10,663,983
145,197,912
76,360
3,187
91,771,781
78,665
358,429
290,579,968
302,904
26,811
319,840
310,468
167,712
573,690
22,82
342,612
550,680
196,973
694,707,992
591,668,739
578,779
6,86,124
672,705
320,414,889
36,557
52,148
318,670
279,333,891
569,897
616,750,995
213,917
115,122,256
444,665
274,514,966
838,971
406,847
273,378,455
164,590
125,198
583,675
249,797,997
561,793
61,202
32,50,240
141,698
4,296,841
223,255,327
959,992
352,457,849
635,774
113,281,742
386,389
388,924
170,403
372,404,457
439,846
443,952
622,854
260,976
97,125,205
681,697
200,379
39,373,572
632,729
70,161
324,657,978
357,719
58,812,879
307,933,935
204,525,888
488,974
302,308
42,323,903
374,991
238,287,811
144,822
406,562,778
73,416
569,700
87,916
111,138
467,593
169,755
174,410,606
240,405
23,124
286,708
221,227,507
159,374,719
202,231,575
518,805
58,742
159,210
922,925
168,246,874
245,441,857
413,446,762
159,573,884
413,878
159,276
558,647,872
52,119,458
181,715,728
228,262
146,424,763
534,793,923
738,943
641,925
524,593
203,505
160,475
238,922
417,820
815,900
190,452
16,254
361,372,851
165,772
243,427,506
185,375,743
151,422
405,651
326,455
399,798
288,520
321,694
155,937
445,628
411,721,899
495,863
326,987
487,530,610
477,595,920
338,997
259,989
516,868,896
459,642,820
407,462
99,306,661
690,938
279,292,463
191,249
157,646
563,569,956
651,953
77,198,227
144,791
277,698
661,940
442,963
420,804
717,798
692,966
495,744
383,658,985
92,767
419,671
192,345,819
237,484
583,612
588,715
284,430
120,297,373
451,465,694
228,689
10,761
238,370
892,972
210,287,502
547,668
466,481,818
348,954
587,588,686
544,624
115,167,820
103,573
627,971
214,923
287,581
402,801,879
92,798
240,694
60,992
103,690,967
144,535
320,577
686,795
268,564,980
211,396,908
10,19,37
465,558
127,724
45,588
755,953,958
264,716,832
46,969
107,749
53,609,821
220,775
899,966
194,871
237,372
765,858
331,570,683
412,842
563,689
473,783
217,577,946
184,807
169,697
60,123,410
755,968
630,955,988
347,552
344,792
511,968
440,657
434,906
108,293
89,195
485,664,797
491,926
421,477
170,735,849
51,304
168,196
745,970,988
264,461
174,334,690
441,573
683,994
643,676,990
609,994
228,951,991
428,644
679,867,905
774,999
87,289
97,278
102,301,547
557,684
424,448
325,897
28,686
860,954
446,864
198,373
366,386
273,970
223,847
158,362
151,669
104,813,911
166,357,539
771,834
24,537
131,995
183,416
31,413,541
135,966
24,400,580
312,619
343,564,858
535,774,983
170,670
234,450,655
154,646,676
435,940
419,572,945
592,782
716,880
699,848
279,737
178,763
18,982
461,756
31,389
736,964
678,872
442,899
848,958,966
190,675
161,355
117,360
485,763
322,333
59,207
285,536
266,776
300,386,526
71,217
48,643
184,813
273,323,427
58,848,934
192,740
490,795
126,726
949,994
89,241,483
161,847
465,845,882
295,430,520
610,815
32,343,807
38,994
18,668
357,934,963
595,754
72,648
259,768
80,405
775,942
358,576,898
526,683,703
63,237
52,538
57,59,643
28,877
116,661,946
371,565
344,602
209,611
203,742
158,783
60,964
31,310
133,282
92,659
490,639
136,183
587,885
291,580
241,811
415,675
311,329
40,872
231,718
82,228,525
96,966
414,924
236,276,668
666,736
256,819
97,221,507
394,538
427,960
9,889
514,878
602,747,825
441,760
3,257,714
447,652
466,867
345,605
175,270
722,817
30,446,579
199,217,659
17,422
515,725
433,958
741,745
74,770
585,717
421,783
70,162,167
413,705
191,650,663
768,912
110,863
148,345,527
645,799,875
11,578
149,690
279,576,705
104,160
188,352
421,998
521,675,855
541,800
509,949
137,386
534,783
881,923
792,856
16,827
122,562,730
387,645
194,403,823
722,786
244,878
82,512
311,910
219,524,752
84,88,411
283,948
17,76,904
171,595,755
81,423
708,745
142,194,511
178,258,627
195,261
696,749
23,391,872
533,534,582
563,679,850
295,935
257,305,648
160,485
474,741,961
119,417
137,976
445,544,815
218,278
16,84
505,768
870,986
57,71
339,638
484,645
613,814,815
480,491,740
258,835
566,571
149,259,636
119,324
220,518,595
14,169,741
498,803,948
20,82
85,126,859
245,450,697
244,518
253,815
47,116
4,663
74,588,647
802,897
238,466
164,564
459,740
180,551
675,680
562,705
234,778
355,450
215,596,686
203,396
139,896
278,551,894
17,795
80,565,672
3,902
287,815,971
193,238,516
291,532
229,566,923
193,624
50,136,302
242,661
15,764
619,919
582,788
169,834
555,880
640,719,882
614,971
158,516
139,898
165,323
615,639,835
71,421
106,725
645,804,999
63,440
11,322
157,842
362,792
38,207,273
100,310,449
94,429
690,787
269,544
274,342
657,819
32,232
93,360
223,360
207,623,788
62,260
64,149
341,837
104,670
464,786,856
799,875
136,369
393,617
174,708
10,133,310
118,293,405
334,529
274,821
108,871
221,780
32,596
194,659
570,886
628,931
219,652,940
157,474
409,621,622
558,696
14,163,585
44,741
8,163
350,722
289,799
126,388,406
379,579,778
184,482
947,960
392,755
446,885
212,425
266,319,921
229,518
20,318,438
142,212,767
166,463,961
365,926
3,77
128,955
921,997
97,454,844
365,520
392,626,885
334,922
86,823
583,705,780
701,965
126,409,614
825,966
251,303,659
483,873
31,897
133,893
633,846
587,769
248,588,923
95,173
616,831
298,546
25,459
465,665
30,116,228
401,549,944
388,589
371,443
376,661
500,864
284,442
163,518
208,321
341,488
676,768
333,358,511
637,828
163,613
257,876
193,236
4,30,65
571,945
148,912
89,164
212,274,738
364,913
102,327
342,594
247,417,512
334,680
481,804
61,755
50,542
253,765,836
289,832,937
459,517,942
93,566,863
164,590
134,510,806
417,429
161,458,578
254,354
587,921
475,668
657,667
634,851,928
619,734,770
245,756
449,563
490,866
388,418
520,719,981
298,311
146,620
563,696
932,997
188,198,461
596,950,997
74,945
350,695
126,854
251,451,639
2,14
366,664
99,214,228
377,984
65,799,994
674,721,947
365,446
375,823
272,297,836
700,763,892
2,605,903
746,983
125,286,710
759,891,944
207,626
631,964
759,891
486,921,990
391,881
567,998
255,287,435
349,384,879
72,128,476
386,494
312,754
219,465
218,987
350,376,579
66,332,410
304,432,516
492,999
749,764
93,511
184,822
203,214,269
207,915
438,720,954
444,739,789
487,974
277,946
184,210,225
71,982
394,793
267,570
19,577
614,819
14,307,713
329,370
152,795
141,476,694
365,687,995
86,826
198,235
449,723
406,587
350,484
792,799
173,214,471
551,724
763,990
803,932
299,425,783
349,862
86,873
159,266,853
488,635
231,369
550,822,989
15,119,920
624,978
483,578
231,959,982
73,426
769,808
135,212,744
191,541
719,840,900
674,823
183,632
563,939
516,896
256,385
83,841
839,998
395,828
478,652,925
63,894
632,693
454,988
320,817
46,442
740,830
210,248,876
22,357
3,823,904
184,264
244,299
118,396
516,710
292,861
223,414,891
28,82
171,553
55,983
766,887
431,563
654,1000
127,568
51,616,725
383,712
886,983
181,359,382
235,652
232,535
176,677
413,637,668
5,911
44,324,481
198,778,961
44,812
396,423,481
446,926
850,941
474,534,914
760,973
403,516
592,662
826,875
257,812
583,884,1000
672,707
754,878
264,384,419
407,601
435,775
350,873
629,738,749
214,868
374,580,692
382,816,866
380,712,752
137,593,876
525,811
382,681
367,844
216,679
192,885,942
122,598,634
118,234,413
1,79,551
67,850
136,405
230,557
242,633
151,568
129,711
213,292,458
241,408
62,996
558,778
567,717
197,402
483,523
671,724
124,322,774
155,772,860
697,765
232,952
680,975
132,252
666,855
534,891
221,279,804
18,425,701
465,667
185,713
514,798
609,702
872,955,990
354,938
217,806
21,145,277
48,79,440
304,979
421,563,853
627,739
251,660,876
233,467,954
705,797
458,548
423,688
354,418
305,429,477
45,727
284,834
399,487
23,951
881,961
57,531
211,753,879
325,338,862
678,945
118,970
260,690,769
76,693
105,532,914
101,487,984
188,940
291,416,639
490,939
253,324
460,807
382,386,437
552,815
109,700
166,726
81,308
22,699
417,482,871
65,196,657
189,324
27,205
759,832
568,701
652,979
614,981
849,875
196,685,812
140,969
48,81,892
49,483,634
307,441
288,462
7,294,913
646,988
791,963
25,63
741,998
725,780
369,696
288,907
96,209,719
639,710
394,728
807,921,987
157,880
96,126,415
172,363
578,581
142,990
425,874
503,578
83,126,486
311,633
635,684
246,701
420,603
508,941
366,697
262,948
62,378
370,935
500,953
4,223
106,356
7,81,829
348,725,846
79,736,831
31,327,907
439,615
108,759,892
53,839
438,981
554,555,793
337,952
7,571
270,466,809
407,931
192,766,951
643,770
104,698
191,249
225,784
458,937
36,240
53,555,779
555,812
265,790
156,816,820
78,142,701
159,245
459,892
272,653
606,990
190,333,666
566,966
185,830,984
69,293,718
336,657
413,864
162,699
77,830
454,755
114,219
36,354,1000
462,723
837,854
218,450
107,391
12,461
58,466
410,879
407,834
118,380
178,803
236,283,987
334,743
129,165,251
205,348,464
232,794,832
254,510
470,745,862
166,505
234,652,812
377,836,977
112,449,858
292,905
268,318
286,764
264,677
535,703,853
109,801
550,663
139,168
281,597
66,733,781
470,919
545,601
342,435
42,357
27,999
474,803,897
375,533
420,486
174,482
308,890,901
414,469,739
855,983
193,809
720,824
78,393
186,321,823
873,989
138,970
33,313,658
719,999
492,723,872
87,913
36,65
86,399,458
119,853
128,283,988
268,687
205,993
189,623,665
168,592
144,972
52,660,743
380,399
152,318
21,437,687
28,482
239,263,700
288,487,602
281,466,829
374,419,778
11,175,950
818,869,934
272,592
742,961
295,847
272,816
666,683
876,889
424,497
512,763
195,438
2,54
77,304
38,564,616
267,603
64,551,918
179,348
1,590
122,285
212,213
360,544,715
625,953
76,124
609,981
56,353
615,727
248,772
64,557
99,258,802
175,281,665
186,446
573,690
45,392,487
163,406,840
429,913
323,781
378,465,558
70,421
433,630
46,130,369
216,758
549,778
637,943
156,294,917
336,978
263,506
499,783,935
302,983
149,339
217,261
82,453
281,500,983
41,75,330
145,553
161,307
161,379
15,997
78,858
3,193
217,899
37,699,844
311,476
326,886
105,637
593,691,875
512,565
475,521
541,906
27,581
150,239,498
200,233,682
891,970
60,566,696
639,980
272,618
514,941
79,602
223,922
332,957
440,752
382,413
85,655
227,727
731,957
797,972
275,380,556
322,639
450,566
164,384
18,38,158
11,277
296,301,589
484,722
17,153
97,547,677
31,709
345,655
139,242
126,453
7,305,872
804,948
728,913
274,621,741
305,894
620,641
27,194,455
546,580
103,813
443,662
139,533,829
358,762,952
455,536
817,971
175,782
265,518
263,277
209,690,727
57,358
819,844,918
93,324
235,610,723
650,810
543,620
386,414,454
109,538
284,724
33,824,875
42,480,510
563,645
773,916,931
637,950
281,307,411
217,343
238,558
141,722
336,348,793
196,730
321,346,615
919,941
259,271,630
197,453,658
155,995
463,488,585
111,598
205,796,853
419,928
198,259,681
99,982
82,967
201,415,954
251,355
62,394,519
401,588
449,848
684,737
221,575
361,820
348,519
739,783
70,476
863,941
242,410
634,840,854
55,413,807
702,960
263,789
326,678,897
591,705
115,190
151,616,721
395,528
173,374
584,861,959
571,901
529,611,883
625,876
180,952
116,580
658,738
3,775
142,566
663,762
652,961
453,589,622
685,721,873
732,967
800,900
180,442
424,468
210,581,611
668,816
35,813
461,541,667
143,796,948
213,272
281,500
107,236
116,737,891
323,339
227,979
103,222
629,786,955
394,615
404,450
274,556
97,505,527
637,836
356,384
909,987
627,630,780
385,893
608,900
330,724
154,562,943
57,111
268,897
419,702
470,477
605,685,707
585,938
309,486
133,249
581,619,974
764,849
539,582,709
539,601
833,835
225,729
335,994
643,828
383,729,740
70,171
408,821,883
431,776
235,236,988
204,394,610
346,554
737,883
377,662
456,850,946
172,466,754
840,873
120,430
552,750
48,219,443
668,999
93,530
325,597
732,877
105,461
442,749
58,707
11,717
54,74,914
734,887,991
426,609,653
210,925
569,613
244,589,847
461,721
538,622
165,217
594,775
883,887
354,725,777
585,608,691
126,998
74,879,972
727,818
41,858
378,907
358,612,667
452,956
475,517
215,632
649,695
746,753
453,601
488,789
59,868
269,717,949
266,687
47,343,376
265,765
288,347,981
276,559
41,526
307,783
341,352,424
220,565
343,618
484,540
143,532,709
86,765,912
19,519,927
634,766,963
188,325,501
87,504
202,230
356,813
73,556
371,975
123,211,896
93,289,748
165,528
83,234
471,549,888
381,539,854
444,979
859,888
255,296,351
385,479
14,257,731
263,744
312,517
547,787
108,728
24,682
368,575
285,668
528,944
339,384
716,941
20,741,984
104,408
760,889
545,659
684,840
35,611
71,452,998
294,377,910
200,628
517,953
28,918
275,427
8,344,525
561,635,817
494,636,856
52,660,862
406,621
113,959
50,869
175,599
466,868
582,933
255,846
322,935
458,530
635,771,903
605,944
216,567
220,611
203,277
266,700
73,526
65,130
206,237
66,776
207,562
307,480
16,482
659,664
378,446
215,709
394,989
171,561
136,167
168,546
35,793
201,210,342
41,430,678
60,702
490,643
81,205,881
760,793,875
398,794,1000
85,876
695,839
204,252
411,911
159,171,442
282,799
26,421,760
481,527
704,751
598,829
557,642
49,495
252,548
763,927
233,711
50,622,624
477,815
297,741
260,744
489,574
70,840,982
380,645
154,936
291,293,961
342,353
230,334,933
395,452
260,681
762,790
211,780
895,982
537,978
735,796
532,547,573
279,742
138,984
39,81
45,203
141,835,846
15,305,400
73,783
61,110,244
693,941
279,635
68,351
495,755
154,741
347,504
180,903
177,714
367,712
35,680
416,659
147,809
110,790
353,390
206,290
72,821
138,859,889
36,536
362,899
276,919
391,423
27,159
590,707
247,312
54,579,899
250,587
584,685
152,742
188,729
362,489
623,672
385,740
313,427
56,774,787
639,817
622,942,975
245,257
614,708
513,933
647,773
97,623,744
828,860
163,993
61,477,501
237,958
160,698,813
79,566,947
266,528,583
116,735,897
463,841
371,804
626,721
21,311
652,887
391,423,708
37,743
379,776
124,412,553
369,964
699,869
191,521
863,970
13,643
168,758,771
219,432,708
324,829,859
406,968
322,338,947
666,696
73,823
79,967
378,415,773
495,959
446,565,791
116,890
11,626
39,987
207,682
211,428
305,965
444,631
94,753
5,304
721,923
76,424
193,336
434,687
36,874
388,834
455,767
264,346
495,623
26,130
175,678
198,340
560,584
120,754
770,813
213,750
235,314
91,838
901,913
552,938
171,527
93,333,461
94,756
591,661
340,887,985
509,669
511,891
51,308,769
95,297
350,727
537,930
490,631
460,846
82,842
310,996
618,647,739
80,491,815
113,791
3,564,701
311,918
194,833
606,780
61,192
192,340,821
165,373
503,674
46,79,659
219,336
276,529
482,506
466,801,894
149,710
80,305,590
240,435,925
40,210,778
208,279,986
257,897
592,850
65,522
420,769
108,324
831,878,899
653,654
87,856,871
186,225,415
483,540
333,861
332,649,979
653,956
410,719
228,399,815
694,912
358,469,647
421,689,691
80,895
320,583
309,319,971
769,817
216,478
70,385,760
380,786
108,871
322,605
257,474
616,962
38,707
504,734
156,587
439,776
338,542
148,528
218,985
110,252,505
244,853,969
152,468
97,336
475,706,980
700,983
94,757
162,665
302,701
780,965
9,952
24,601
59,554
282,749
283,955
126,870
668,835
177,441
98,778,998
84,899
12,938
826,988
200,988
257,762
70,110,446
412,575
78,933
404,713,857
686,718
16,212
314,573
37,525
45,944
128,492
282,501
125,132,390
118,402
70,703
837,945
325,738
448,753
343,354,786
581,922
81,136,472
445,813
241,499
58,391,838
548,967
273,655
615,853,872
623,981
579,622
75,778
31,636
13,633
57,838,871
546,936
174,319,381
210,814
162,608
667,844,916
476,831
89,453
130,462,792
158,361
210,629
125,750
219,378
138,928
154,215
32,547
110,159,854
207,677,800
510,687
9,89,96
226,431
221,286,891
283,724
530,552,1000
253,961
5,152
187,796
516,542
164,188,784
395,744
742,804
522,880
474,617
470,930
534,936
121,319,340
127,893
290,753
277,517
666,892
755,954
98,732
534,566
624,985
59,485,754
416,668
643,849
302,918
784,901
357,600,840
631,781
611,687
54,549
244,246
689,712
135,393,908
135,456,964
206,223
275,297
221,345
382,807
524,636
761,905
248,672
50,565,815
80,818
76,877
671,780,916
417,430
276,512
85,312,922
431,920,958
274,555,726
220,276,863
250,902
363,513
2,220,840
492,718,936
77,955
800,887
72,283
105,142
602,977
878,893
23,34,204
401,587,797
384,666,825
326,354
256,443
421,514
639,997
482,910
114,583,634
34,610
645,891
161,524
747,848,991
330,695,892
439,693,976
799,878
226,297,731
122,971
214,560,901
123,819
200,498,789
37,156
425,517,553
311,770
1,978
880,884
122,730
124,259
375,657,862
886,936,972
91,714
11,263,308
16,208
132,176,288
550,945
82,107,509
582,888
62,395
133,559,735
143,312
697,924
153,995
465,511
34,859
167,192
24,318,830
297,412
298,403,769
403,855
208,850
830,949
264,308,487
23,472
54,419,658
322,979
477,663
124,169
420,434,832
406,815
236,975
14,711
11,205,790
294,802
315,583
565,579
124,195,756
162,691,853
494,761
276,825
71,611,788
426,736
68,235
720,730
494,728
156,354
716,720,737
215,262,754
643,698
31,155
40,110
724,789
254,577
453,734,776
120,683
336,419
35,194,864
613,989
118,138
110,888
202,596
413,449,642
234,420,621
126,587,640
248,950
190,208,868
188,532
709,904
232,375
30,973
315,790
140,295,929
21,183
188,322
520,521
120,383,602
688,824
198,527
59,453,613
259,572
211,641
156,528,837
171,471
7,781
35,467,963
744,790
221,621,900
762,926
217,809
287,713,741
410,901
158,338,816
468,632
683,841
345,874
432,443,516
320,967
90,573
102,338,452
534,789
538,614,704
457,962
592,660
137,413
23,624
589,951
538,869
415,526,628
356,878
258,847,991
105,325,490
675,906
618,825
94,381
89,634
762,914
313,720,892
241,359,811
541,962
58,394,709
581,902
185,843
933,968
4,189,261
660,662
375,736
400,698
252,337,622
385,500
515,598,623
388,885
58,269
52,664
326,573
394,404,876
940,957
282,602,653
509,781
478,666,876
327,946
30,287
114,925
171,306,846
68,420,446
369,969
532,640
211,232
745,876,894
75,431,671
373,952
57,348
178,198
33,359
24,520
488,936
80,251,683
251,856
641,670
19,749,940
594,713
300,432,868
95,584
381,467
404,800,944
124,671,979
239,505,654
7,183
526,694
448,990
132,782
34,87,482
338,653,977
149,219
114,688
113,384,713
408,595
351,643,858
405,667
230,444,550
24,815
188,991
170,933
384,607
690,866
24,227,951
35,729
142,601
72,242
94,232
865,894
414,867
154,473,829
251,324
420,563
458,572,960
816,963
654,811
772,907
516,576
208,710
156,910
296,806
166,391
727,996
64,264,265
81,655
616,874
13,139,542
110,956
327,696
307,827
160,709,824
273,917
130,816
270,292,750
179,374
22,313
445,583
508,900
24,344
343,851
81,305,317
255,690
75,340
458,516
751,781
157,228,241
61,276
480,971
283,666
363,977
224,259
267,796
398,947
175,574
51,390,766
261,728
432,676
708,978
220,502
27,183
125,478
821,950
52,449
46,832
737,797
134,163,201
40,577
195,448,895
279,625
84,656
397,712
27,39
196,788
61,358,546
690,884
681,826,972
228,882
360,662
350,776
385,788,909
365,523,877
628,673,988
334,787
270,544
339,944
221,821
376,820
138,141
245,295
76,186,997
460,475,515
617,698,836
68,180,750
524,889
148,501
85,536,575
228,251,452
229,840
776,855
40,53
106,137,334
677,943
251,741
28,967
230,642
628,983
297,497
68,254
60,621
119,192
105,194
141,383
253,261
502,614
406,634
229,939
427,532
8,462,729
153,205
388,431,626
415,857
427,968
278,430,749
129,870
62,158,348
305,560
400,553
62,249,631
601,621
496,885
74,918
129,164,531
359,761
514,565
281,320
282,824
383,732
167,246,982
585,748
318,778,966
45,939,975
473,961
519,735
257,442
234,415,478
167,733
741,791,951
352,567
108,123,323
291,519,786
588,817
91,807
247,628
102,848
32,910
116,601
438,602
20,734,788
238,620,708
256,759
49,356
388,436,943
268,938
314,913
503,887
199,777
204,740
377,860
143,183
44,124,286
309,527
264,593
840,916
158,466
3,502,682
235,251
569,894
13,949
199,612,890
104,864
286,511,906
490,522,714
92,612
450,924
233,465,688
305,865
44,972
551,971
457,771
565,840
67,654
579,708
146,170,992
430,604
260,355,727
201,319,623
39,655,841
86,972
413,648
718,922
477,607,658
724,923
923,968
693,993
34,57,333
613,653
540,862
242,273,973
258,507
356,968
349,454,879
659,922
141,668
275,578,748
380,483,779
364,430,458
32,957
23,138,323
154,208
125,267
235,639
383,605
659,904
420,600
317,811
50,174
666,801,981
651,788
719,842
39,473
48,165,683
361,657,927
534,852
435,451
164,187
333,961
148,332
72,171
705,759
435,620,660
56,127
197,982
158,772,946
178,673
25,579
199,779
35,499
144,200,854
223,554,607
581,626
451,473
75,485
175,792
203,905,924
112,905,984
177,697
318,426,844
336,922
152,570,850
142,763
298,942
326,931
101,798,899
375,421
373,726,733
38,306,906
112,500,595
436,704
236,646
130,461
244,565
222,564,789
447,463
753,773
601,628
52,902
230,727,877
878,928
394,834
350,608
119,328
117,676,988
433,698
348,656,933
52,225
166,960
381,451
164,492,565
13,165,912
73,322,994
233,261
173,228,816
215,304
213,620,902
800,969
213,614
224,641,705
613,869
614,702,906
29,950
32,668
235,526,797
256,506
278,892
454,455
480,594
622,766,842
424,607,746
37,379
398,493
457,713
67,587
498,523
66,786
55,353,938
703,806
144,415
463,865
294,940
323,490,614
92,902
30,218,245
206,920
290,351
489,541
258,344,991
114,278
241,676
169,682
341,485
55,137
607,880,921
66,355,511
154,597,918
215,795,797
201,989
183,258
126,184,286
856,903
307,946
288,674
216,753
3,94,513
215,599,995
880,883
525,882
419,776
88,945
206,831
178,602
369,596,846
164,196,321
61,957
268,513
150,280
100,302,795
487,623,827
439,953
952,961
127,310,542
108,148
598,704,800
61,140
812,866
393,732
803,995
40,77,721
278,970
18,718,769
249,904,936
118,235,481
765,831
128,219
25,419,498
171,905,919
252,584,831
268,920
127,390
115,332
201,716,743
124,527
456,536
300,606
280,629
200,814
401,654
500,758,857
383,477,565
150,933
89,140
283,863
81,198,270
189,204,439
50,953,974
774,817,904
506,517
482,576
125,890
320,855
126,483,755
25,494
60,646,901
345,492
214,872
103,871
374,640,969
193,897
106,445
342,620,784
490,833,837
419,702
105,222
192,754,921
351,527,737
18,619
4,685
413,962
788,875
154,527,889
98,198
168,488
36,878
203,768
254,532,786
162,367,943
367,857
29,400
660,812,940
579,798
367,779
137,139
423,936
272,441,675
77,238,852
534,652
185,689
127,523
364,512
169,297,854
62,73,389
97,370
160,808,903
66,454
413,795
454,617
42,961
121,568
15,383
64,855,987
364,381
125,196,974
448,515
408,748,903
620,803
425,882
35,334,722
167,798
302,322,500
414,809
520,562,733
213,996
192,386
258,704
62,564
316,791
90,682
400,560
825,952
211,852
77,196
543,886
47,952
643,764
264,380,471
503,754,840
161,404
551,831
509,559,770
144,540
553,668
419,488
83,759
31,116
101,265
104,188
230,416,675
690,945
478,525
71,318,462
600,811
536,649
528,739
493,805
280,326,616
544,999
355,538
64,200
330,510,680
144,376
766,857
412,589
42,72,404
14,512
86,222
3,972
566,683
292,572
5,276,384
710,766
12,607,785
450,505
337,699,717
232,292,333
330,641
203,819
226,704
374,424,773
116,291
132,219,364
6,457
316,1000
587,937,978
17,313,909
440,503
469,863,930
256,365,373
66,68,917
310,757
334,758,817
324,718
275,450
888,943
214,332
939,951
586,624,710
277,612
189,616
96,496
515,814
363,514,744
147,717
462,496
622,625
289,352
169,731
158,168,949
131,378
2,825
518,884
95,924
110,354
319,503,613
19,222,506
602,660
198,434,960
623,693
440,450
186,202,885
94,195,934
609,689
405,709,930
192,674
75,489,708
608,948
66,676
254,390,751
3,308,918
127,791,849
189,304,396
318,985
94,473,812
22,250
195,605
512,732
178,709,746
217,573,671
162,241,417
632,737
262,902
231,282
340,782,885
219,496
385,883,985
174,612
562,821
218,227
160,687,902
50,252
408,467
549,915
665,805
433,628,673
317,323,891
316,876
263,550
770,907
58,694
219,724
414,416,586
156,456
99,121,665
70,412,885
310,769
300,678
61,726,811
575,892
572,937
184,499,721
542,788
343,510
296,735
130,692
312,807
191,701,817
447,501
645,857
595,674
142,158,941
407,642
119,388
329,981
16,39,583
384,726
45,114
441,851
363,611,792
190,962
740,799
97,692
479,748
321,474
124,219,451
511,773
137,448
242,711,713
183,509
313,514
35,73,714
536,755
296,315,557
750,832,846
81,980
87,203,324
62,497
579,622
461,863,930
438,512
971,993
524,574,869
104,302
42,411
457,937
452,626
191,610,940
54,802,935
50,828
196,479
136,690,726
6,745
503,830
31,423,512
227,422,427
160,714,962
298,979
465,652
535,785
728,962
11,886
141,353,546
961,986
368,640
314,789
91,390
465,949
239,504
505,677
275,937
446,455,627
421,613,993
1,243
254,364,390
198,508
105,724
226,343
470,576
52,762
211,558,905
31,249
382,663,746
490,770
295,766
349,743
81,450,526
35,795,870
376,394
14,656,736
196,953
46,383
143,802,956
556,677
676,970,973
725,977
646,912
280,441,457
20,318,991
356,499,589
34,187,892
396,539
662,988
82,462,839
127,794,813
92,317,885
789,980
50,380
80,81
440,598
321,469,879
119,413
111,511,602
188,189,344
73,738
139,278
430,869,963
231,746
696,987
276,287
814,859
264,709
249,703
217,680
292,574,945
67,858
125,760
84,217
183,528,639
345,781
227,300
355,978
586,972
360,470
374,568
297,394,942
3,773
153,706,828
181,221,667
326,342
75,182
129,185,724
49,322
294,904
346,779
84,191,437
8,110,840
495,847
90,222
133,341
88,521
201,225
216,761,861
126,581
272,1000
260,519,910
42,249,894
200,301
68,789,875
836,917
26,244,651
446,996
219,275,286
430,653
237,673,694
99,498,964
601,607,800
417,928
130,876
522,589
67,603
109,956
16,281
639,707
430,720
120,629
396,953
844,981
619,685
501,610,778
361,500
183,327,805
401,615
398,468
436,608,981
52,391
318,567,594
85,361
18,275,481
392,780
269,345,576
350,574,900
102,341
327,842
272,813
78,893
124,125,979
80,81
631,750
9,881
469,861
43,152,718
259,965
113,944
441,466,681
447,620
136,305,913
115,260
851,933,941
210,289,779
258,362,796
240,671,683
43,834
92,314,881
260,389,499
87,681
59,504
176,921
72,822
30,63,892
491,734,865
400,822
7,286
9,938
76,116
287,600
115,472
785,937
441,456,858
300,592
110,883
264,877,987
86,612
218,872
280,815
438,685,910
529,559
168,446,688
146,910
481,569,826
96,791
70,520,871
401,451
218,727,828
27,526
745,829
761,809,862
18,121,363
400,583
458,549
106,166
245,410,809
282,669
199,414
509,722
623,788
33,289,610
248,972,981
1,216
376,687,718
490,890
502,711
586,687,786
305,443
102,515
640,931,960
65,171
85,600
599,825
25,960
80,667
111,216,865
295,327
27,198
734,779
407,438
896,970
420,758
144,720
938,941
42,51
369,995
262,741
58,537,940
250,651
523,584
260,767
305,494,895
357,869
207,666,873
269,685
21,444,797
50,416
481,694,783
15,462
244,854
451,569,868
75,126
645,815
483,641
208,641,655
60,107
602,704,887
144,457,968
96,212
21,135,727
222,392,826
190,305
334,795
148,493,683
443,708,955
98,839
126,137
69,728
49,51,586
347,412,581
463,931
897,936
17,452,743
327,390,725
17,997
397,533
164,535
115,688
850,932
681,960
229,966
85,167,471
153,828,1000
238,481
273,584,737
214,332,676
173,264,399
46,674
621,951
187,646,656
266,621,792
106,390
47,897
48,120
325,364
185,459,994
220,487
267,789
731,779
700,855
178,232
769,897
145,494,688
321,770
85,971
169,720,792
774,808
393,475,587
87,138,657
208,337,654
50,730,822
45,257
311,387
527,809,944
28,103
15,699
381,717
668,813
133,201
179,985
176,196,525
339,649
35,884
198,472,876
336,985
297,728
80,470,481
341,570,642
294,962
703,991
42,173
71,155
599,717
368,473
832,930
63,1000
97,211
302,737
387,416
330,409
212,560
342,549
298,448
340,357,726
420,800
56,377
721,842
865,937
507,987
82,297
22,154
717,797
242,608
106,338
241,253
33,538
803,828
2,312,373
222,249,439
129,880,938
93,278,427
159,518
598,704
117,887
172,244
5,502
76,183
249,311
733,943
491,969
249,400,534
62,212,441
347,538,858
51,132,631
148,235,572
105,415
33,719
372,681
388,550
372,766,814
140,623,885
703,723,831
377,507
370,759
594,818,999
37,500,995
272,648
135,225
459,507
79,109
166,589,912
280,944
331,607,794
197,304,643
547,650
29,255,661
226,731,845
43,589
544,786
459,473,508
151,320,568
95,537
126,406
967,994
375,483
602,784
139,348
608,953
11,151
250,756
76,960
112,191
197,729,899
55,803
244,719
22,811,854
539,831
546,709
861,986
188,675,725
608,833
131,493
367,548,835
89,702
385,831,920
4,318,919
466,575
98,942
463,465
41,513
252,340,702
227,256,856
826,931
29,298,324
492,710
110,229,649
119,162,755
567,670,923
186,549
73,693,742
108,279,944
66,401,932
538,778,840
293,491
108,154
462,713
220,452
455,594,744
707,759,892
447,696,881
348,582
34,99
223,867
79,925
107,879
565,676
282,752
86,887
106,934,946
176,852
105,266
502,565
838,986
517,721
119,330,870
66,350
694,898,903
216,310
676,842
199,639
819,900
403,631
256,332
118,450
109,294
612,619,765
495,885
4,809,931
87,129
470,761
393,547,949
648,658,805
117,501
702,779
149,181,959
76,321,518
539,837
944,965
176,359,525
153,816
78,673
73,735
335,836
14,82,408
20,395
758,995
94,212,887
29,536
589,734,785
311,805
355,787
38,665
508,562
201,287,842
45,206,568
372,437
106,803
98,651
631,795
95,335,521
130,593
308,552
427,921
662,992
141,796,977
26,794
242,636
281,737
60,396
264,397,436
406,822
253,314
124,214,450
265,821
567,705,897
480,600
1,128
8,211
175,608
199,931
80,486
20,179
249,845
873,905
9,26
284,738
680,783
82,200,374
490,711,931
240,315
443,905
16,859
683,852
15,839
236,273
476,890
179,532,541
46,658,674
200,356,882
386,486
597,707
339,375
157,282,387
272,793
59,645
42,156
890,964
693,737,846
613,815
209,831
399,891
225,875,953
192,362
183,691
826,844
91,155,306
139,590,862
37,846
319,438
57,659,904
514,614
462,582,910
239,449
233,484
343,449,757
307,409
110,344,480
381,645
70,477
98,162
253,993
76,864
14,497,888
162,357,875
203,275
76,744
584,604
45,305,314
379,834
297,611,699
77,391,742
542,628,918
281,984
421,942
518,608,778
380,930
346,418,555
165,655,728
860,933
500,557
13,208,892
507,767
397,756
234,941
255,265,879
411,673
130,407
474,669,805
117,243,773
562,605
211,448,992
569,612
20,929
225,462,832
703,951
391,487
138,959
75,515,823
129,646
129,854
770,836
552,668
327,368
458,624
572,905
740,875
172,763
194,496
681,985
610,752
146,464,561
300,955
478,796
363,883
242,419
270,959
541,715
16,306,769
409,523
76,436
738,989
663,910
148,573
339,856
20,726
795,929
63,691
44,288
599,906
324,841
228,699
344,953
103,116
358,931
964,970
307,361,714
176,662
138,144,397
130,473,513
695,742
186,538
574,682
58,842
356,664
46,691
1,269
462,825
718,938
433,779
597,627
59,204,555
20,306
181,199,355
288,915
68,693
840,989,1000
67,635,793
329,384
655,747
203,234,571
548,754
422,440
230,941
550,885
231,362,935
857,998
416,962
84,112
366,583
288,384,887
96,973
187,244
11,400
140,264
172,814
113,174,238
566,938
118,882
215,421,558
66,575
289,520
96,276
444,884
343,568
422,424
404,837
533,708,930
335,806
333,498
391,849
444,949
647,819
772,796,837
622,959
762,823
167,340,693
312,568
316,512,717
234,759
4,147
158,159
201,318,608
258,737
534,628,816
772,860
522,532
483,959
172,929
133,793
181,466
301,367,875
504,796
209,686
760,779,943
443,635
93,576,891
617,913
334,524
701,725
30,332,753
436,719
266,419
731,836
14,921
480,582
13,410,435
225,426
222,353,688
220,281
422,528
670,965,967
277,881,974
338,425,822
261,286
322,744,808
449,802
645,951,980
76,400,938
357,608,928
262,394,555
899,974
310,338
743,774
146,416,902
113,431
227,466
494,650
79,339,925
792,943
49,56
124,465
264,517
128,469
200,363,405
486,943
311,797
505,827
307,579,786
309,376
212,306,519
500,966
87,388
320,482,829
595,627
634,722
190,463
77,324
119,626
701,803
594,699
633,899
478,895
34,243
833,893
360,944,987
230,872
127,770,914
103,936
531,715,819
919,950
674,822,942
63,86
253,674
89,617
957,965,987
172,431,452
279,895
528,687
175,277
69,81,224
40,70,790
329,773
231,706,950
54,96
296,824,857
109,840
502,934
234,270,630
605,987
225,654,878
184,517
55,482
404,872
40,672
80,114,317
152,725
1,23,34
69,569,961
822,885
653,755
94,643
58,819
567,822
311,315,411
56,237,838
127,260
399,834,934
610,641
773,899
618,632
277,567
498,797,952
93,264
113,883
225,347
104,837
33,545
21,893
240,777
404,559,858
894,901
285,344,929
794,967
172,614
629,637
506,616
485,554,997
301,570
491,832
81,641,818
172,588,745
358,734
251,903
733,803,938
425,610
110,340
145,763
140,313
108,421,883
257,998
958,971
435,727
33,101
212,369,418
118,501
748,863
145,387
35,852
211,480
514,976
675,981
645,749,847
27,129,459
108,248,380
435,724
236,883
591,757
598,679
25,678
313,386
609,897
43,78
287,332
582,624
489,570,967
256,420
107,241,585
162,873
38,406
346,763
99,936
752,973
328,921
722,824
361,560
279,286
525,530,803
268,586,771
179,481
12,173
58,330
767,933
470,766,828
497,631
63,590
130,471,734
414,668,854
179,411
51,116,849
24,101,491
641,901
178,936
420,628
295,702,882
647,698
591,721,817
106,112
623,834
40,120
374,765
339,948
800,829
46,171,495
102,560
22,285,290
149,235
234,478
63,203,743
32,976
222,470,601
124,569,715
149,330
82,524,971
62,390
347,716
732,885
116,569
113,186,252
335,509,746
17,154,822
375,606
231,325
110,721,761
223,694
323,637
636,657
594,794,977
92,256
174,872
320,633
440,459
796,908
338,777
530,790,917
90,446
277,640,897
438,487
187,427,832
391,872
170,769
171,943
43,163
224,515
449,763,927
407,483,840
366,787,980
665,686
346,568
602,919
634,885
70,822
217,503
128,165
171,182
67,769
742,768,809
408,623,814
292,874
253,653
11,657
628,962
32,858
461,590
57,505
860,941
658,722,788
606,715,986
122,661
51,178,338
99,767,910
217,291
214,324,745
315,696,934
266,431
636,994
466,901
550,662
809,862,979
111,848
16,272,701
109,719,961
495,693,985
371,391,543
19,178
254,274,473
256,502,955
93,128
36,124
948,989
57,533,710
87,558
317,472,678
266,431
181,333,336
309,634
193,451
59,285,909
192,201,882
140,549,723
101,580
202,462
16,696
658,953
506,584
391,743
124,414
141,178
178,484
812,829,973
266,573
202,394
132,349,606
501,594,983
90,868
67,362
212,398
94,481,590
94,880
410,851,865
142,627,732
616,949
263,497,698
576,865
857,927
240,981
69,216,405
458,748
482,826
111,861
538,831
57,332
107,818
39,910
501,611
235,919
89,656
102,566
72,466,992
676,841
51,398
153,770
155,684
98,293,623
231,381,847
271,388
68,489
344,419,943
404,463
293,922
92,736
514,995,998
181,530,754
705,910
799,896
48,879
175,807
188,559,897
478,590,604
657,870
50,520,755
516,591
118,334
138,719,939
260,339,413
233,961
116,814
497,531
231,393,403
388,796
102,123
253,298,963
51,184
191,298
109,438
495,957
564,644
139,567,964
286,605
163,383
207,776
7,531
162,747,942
23,474
456,840
248,871
381,621
454,543
43,143,455
171,717
269,765
327,949
459,473
333,584
117,184,661
265,493
596,798,937
9,122
103,794
230,769
16,963
39,208,842
493,570
151,557
773,838
119,953
521,766,911
150,944
213,709
16,596
329,597
152,721
101,422
396,458
328,875
812,829
534,958
53,85,383
265,583,888
188,191
610,812
809,826
134,174,663
122,586
378,876
170,561
373,841
219,282,647
386,552
169,713,956
415,566
185,887
605,862
455,848
228,827
569,819,965
349,988
98,565,790
41,184,698
138,224
264,285
493,896
90,771
37,464
608,834,971
650,990
192,693
582,602
2,487
258,311
98,495
549,578
159,593
83,108
678,708
357,754
140,210
200,829
154,511
187,656
51,552,699
633,742
746,855
34,123,454
275,332,916
843,902
463,548
443,553
161,892
169,350
30,724
177,292
110,785
307,718
61,524
237,581
499,737
467,624,658
166,243,551
707,791
39,270
76,599,781
497,643,781
124,371
182,411,749
149,333
929,989
97,415
206,253,752
194,258,884
463,968
721,960,967
320,996
25,305,849
611,699
334,475
345,482
60,251,440
267,461
77,820
223,525
49,266,843
64,372
330,871,957
53,399
617,813
275,838
58,383,433
37,323,668
766,788
400,855
619,695
160,640,810
442,616
198,511
353,983
16,127,485
324,373
612,727
230,373
106,444
465,773,841
404,817
17,861
161,903
160,748,833
380,714
228,754
745,850
123,255,601
319,875
629,832,883
575,807
772,948
166,205,624
174,309,820
198,655,986
826,833,981
538,629,791
55,129,382
555,634,943
113,144
204,634,689
56,852,989
227,679
779,859
124,857
249,869,1000
196,447,604
351,416,803
588,811
655,750,901
257,719
233,945
596,672,726
87,753,838
441,547
278,894
152,377
17,137,810
248,510
675,713
577,648
151,990
27,605
518,821
285,381
389,731,871
700,896
143,334,706
327,507,845
804,899
226,709
36,338,494
177,676
846,944
558,647
146,255,559
59,574,726
221,646,862
773,881
603,631
278,605
146,160,564
114,392
356,878,966
60,973
742,961
73,276,964
641,716
768,801
523,881
347,385
413,673
438,850
778,971
280,541
107,359
609,694
11,311
400,492,995
242,639
158,400,984
89,982
142,739
470,554
3,84
719,839,882
19,37,789
169,178
408,902
314,916,979
349,619
285,739
75,222
437,603,686
111,696
640,692
289,551,666
477,779
341,390
262,772
196,293,470
188,565,790
533,870
117,944
406,699,790
40,295,621
785,888
413,686,849
814,833
228,677
15,747,984
261,732,770
272,693
522,570
26,768
743,861
208,959
379,520,594
141,151
5,706,732
299,963
50,144
299,718
743,761,901
405,510,855
98,110,593
530,601,798
267,524
210,496
479,482,862
17,308,374
80,278,392
689,888
22,407
55,99
601,864
269,780,931
332,337,828
312,588,748
79,973
492,708
303,898
647,649
275,332,569
35,758,935
7,968
705,882
144,210,621
253,585
601,692
148,191
107,259,660
264,287
660,697
173,491,843
1,440,977
211,894
199,431
147,217
12,631
19,709,721
507,743
302,827
75,513
66,429
276,573,618
10,146,217
459,470,492
4,427
93,378,558
348,763
183,291,621
202,984
207,645,650
20,267,712
118,742
199,588,811
49,241,393
535,993
393,455
83,856
147,940
79,87,371
355,560
543,974
381,822
512,618
153,178,529
22,349
190,236
231,398
107,551,630
55,150,597
204,408,651
77,581
601,766
215,403,510
326,642,802
21,326
442,909
154,681
713,981
388,455
545,754
815,958
1,558,870
160,424,661
467,841
604,766,772
135,312,995
238,801
625,646,987
123,778
146,790
498,659
67,476
495,921
652,879,898
66,370
46,851
20,822,909
57,466
7,780
137,446
833,928
294,385
214,360
752,833
119,250
65,161
167,649,723
190,572,819
812,939
383,384,857
63,508,724
378,392
63,123
203,743,988
402,533
384,578
112,840
398,950
260,457,712
61,915
140,568
91,628
37,351,546
427,963
552,708
382,568
710,994
5,558
69,567
184,524
247,632
127,762,981
157,202,467
475,632,941
320,753
124,760
565,892,934
43,744
336,836
41,670
54,924
158,632,845
54,364,607
362,628,976
164,339
471,652
143,997
317,661,843
37,939
289,514
549,679
288,493,621
571,745
76,636,898
39,774
509,945
254,735
729,933
318,848
173,703
122,813
556,720
554,630
451,667
315,817
634,984
32,322
638,988
88,125
243,259,572
247,389,700
224,314,469
477,717
903,995
429,677,728
870,989
848,890
27,605
198,216
346,951
423,865
76,617
36,99,946
63,660
439,834
244,367
769,945
38,202
160,325
619,952
376,831
455,665
338,523,907
357,651
200,298,692
437,519
4,428
186,585
268,668
292,928
56,272
293,605,809
51,884
86,405
346,503
330,626,883
542,775
188,272,907
133,618
358,600
75,138,532
829,859
575,867
253,766
71,620
61,126,179
98,428,441
85,106,820
196,822
679,801
565,578
657,724
702,749
924,992
19,506,616
289,932
120,397
237,282
197,483,487
562,712
647,696
125,837
527,705
91,315,833
205,312
473,919
753,919
467,842
62,583,923
361,368
268,361
225,984
265,318,887
169,294,783
146,336,541
724,868,992
368,923
146,400
462,682,847
221,871
152,168
559,851
362,678
154,479
277,846
479,888
279,623,711
239,652
58,339
656,1000
38,648
55,640
47,191
233,699
729,792
404,468,590
176,382
221,630,707
298,429
304,649
223,914
430,689
45,508
196,387
39,604
414,612,636
226,397
178,994
228,231
467,761
283,506
101,220,419
691,756
118,537,912
794,855
245,625,894
202,294
83,968
81,801
671,944
395,618,948
21,258,960
1,223
533,997
603,781
163,834
448,638
330,527
407,630
29,470
17,635,668
376,521
398,719
253,629,800
125,174
403,617
186,784
57,630
195,399,480
60,965
899,920
80,147,987
361,701
76,721,907
173,843
186,919
71,295,792
196,616
17,175
28,330
340,405
710,919
248,802
642,917,927
453,747
497,787,926
68,119,266
260,446,534
441,948
30,295,383
328,738,747
429,753
506,737,936
702,720
130,274
319,883
244,399,453
292,301
579,888
158,418,766
100,664
586,767
81,182,193
637,911
630,736
568,592,824
67,319
87,705
25,630
160,680,767
54,633,969
293,609
402,521,967
38,150
339,808
65,889,944
216,695
784,985
228,797
434,672
338,632
167,504,754
280,639,725
308,643
243,456
84,886
165,939
396,641
185,364
175,468,946
189,982
210,672
316,516
127,411
559,959
55,859
218,584
80,691,774
382,911
67,967
221,704
73,762
384,888,953
179,674
328,511,762
544,919
523,904
80,533
16,206
218,971
58,912
282,375,999
479,775
812,868
261,423,695
923,939
431,953
511,913
260,561,732
8,250,546
311,769
668,727,827
193,458
418,540,982
383,523
3,84
379,651
79,612
61,797,951
473,952
274,772
256,544
643,823
213,661,751
199,905,968
333,371,801
364,385
582,887,981
554,715
33,933
645,755,953
232,725
33,328,799
630,818
14,426,471
584,629
171,585,589
245,759,947
720,769
141,400,500
686,911
132,831
577,605,697
689,887
619,742
530,742,863
383,785
222,250,773
835,908
166,423,891
142,570
109,407,579
738,853
437,473
395,737
144,322
549,981
213,935
90,239
868,917
655,968,999
263,523,770
312,327,637
901,965
53,95,855
34,508
159,628
149,511,931
383,566
80,404
525,749
232,551
570,744
682,813
10,105,997
55,709,907
281,346
722,798
169,462,954
577,748
48,336,414
691,869
360,361
530,534
86,242
604,985
892,916
433,612
66,224,360
146,353
250,921
33,717
368,521
54,902
266,768
182,772
339,646
241,248
382,552
254,716,733
35,828
429,636,761
45,79
111,435,537
485,902,991
640,873
311,949
136,378,638
48,335
294,918,945
481,664
612,773
68,390,849
121,307
208,328,843
295,309
65,148
118,243
206,890
511,794,992
82,267,873
500,540,997
559,875
503,617
167,350,504
418,740
620,627
573,708
87,317
278,393
228,792
632,976
48,104
622,958
438,736
24,385,788
551,647
47,297
305,452
47,138
62,183,424
505,543,697
75,849
378,466,987
249,306
397,632
227,323,410
234,998
631,663
53,162,458
260,659
248,620
651,817
483,531
454,472
697,861
460,754
49,143,855
615,765
328,342,609
409,935
623,915
21,74
109,572,832
340,444,532
534,547,553
545,633
197,996
202,465,494
194,833,976
550,669
740,782
343,490
212,813
807,904,907
19,302,425
285,442
624,662,912
506,547,886
644,771
259,821
239,886
378,619,879
320,401
377,912,927
148,196
170,886
193,240
155,399
319,853,854
189,409,452
527,638,818
492,753
728,804
606,779
651,995
397,555
390,454
326,615
322,996
106,425,445
718,983
20,417,711
318,528
262,473,600
427,756
42,309,488
93,854
119,383,928
622,956
235,345
169,825
230,764
24,549
636,958
197,234
100,279,774
850,887
427,744,926
374,821
321,668
215,455
198,584,859
197,634
85,440
717,821,853
97,128,841
212,813
80,271,743
144,612
114,171
38,336
128,527,871
204,287,755
34,606
238,279
299,343,893
487,554,831
159,872
346,674
248,547,918
42,156,748
321,362,822
817,1000
131,569
319,700
164,537,576
321,970
236,494,743
180,985
196,443,761
566,875
218,658,812
263,628,664
134,570
248,704,717
282,887
35,436
212,694
101,187,912
475,579
331,932
6,136,332
658,673
521,653
281,684
292,423
557,902
173,430,752
242,736
802,847
35,73,302
140,683
448,854
802,811
64,936
597,633
37,510,777
664,721,781
275,952
113,929
153,617
105,732,945
557,945
165,736
183,481
73,315,354
87,890
400,626
540,796
116,576
24,562,982
25,105,423
71,426,790
146,382
291,663,859
394,790,918
56,206,897
240,377,648
721,947
50,417,991
761,965
289,387
936,942
408,887
685,709
640,985
243,699,856
556,963
72,676,894
397,458
273,454
131,145
364,439
323,876
380,526
214,826
221,423
120,699
683,930
665,678,715
574,981
223,982
10,996
454,889
102,783,989
653,920
126,626,754
58,571
270,278,638
149,218,324
64,616
684,810
125,578
24,738
8,30,556
361,558
72,238
69,764,897
141,769
679,886
183,587,807
49,592
52,376
93,757,935
138,545,692
187,403
560,736
83,930
405,953
16,18
692,702,971
115,629
168,936
786,955,959
828,914
745,923
30,961
306,458,548
265,993
150,958
343,362
30,269
402,472
423,773
375,764
303,312
457,785,798
259,879
203,516,544
17,116
339,384
109,417,837
21,206
66,236,396
290,953,984
192,792
45,114
267,704,731
52,99
316,408
17,488,519
308,401,837
109,610
120,241,520
373,414
335,961
35,366
174,200
450,940
276,496
35,185
604,974
747,900
281,322
536,727,949
377,935
83,292
34,919
776,815
627,886
96,954
625,775
368,617,700
132,703
820,834
599,679
659,892,980
345,796
159,399,520
76,547,632
313,714
350,430
390,631
423,467
186,622
396,761
509,871
471,519,766
436,754,900
349,652
676,727
598,874
728,870
180,629,749
160,383
39,125,494
696,778
22,928,954
191,762
319,814
13,483
653,830,873
113,830,902
361,536,897
189,429
89,126,778
328,776
563,842
98,101,487
64,623,785
243,810
584,892
358,655
340,869
611,656
315,637
409,623
143,521
74,485
717,807
243,764,854
321,350,864
379,848
710,761
220,281,522
329,520
79,447
274,649,742
414,641
320,617,940
5,271
104,291,568
244,703,878
318,380,982
276,462
242,854,890
356,392,553
360,454,575
386,586
234,361
123,129,575
260,322,900
200,778
1,533
334,591
36,504
488,941
385,992
519,877
78,573
111,131,435
153,456,789
178,578
15,692,703
796,813,851
303,686
852,952
190,585,721
21,192
214,724
73,172,568
918,997
431,948
290,337,674
438,478
38,231
680,715
481,936
453,598
192,726
385,608
103,468,823
502,811,875
222,377,420
609,720
238,477,659
72,271,807
141,154
540,591
60,286,974
936,962
109,549
606,904
678,940
624,746
627,893
446,577
723,724
342,831,875
529,567
132,766
524,654,740
269,455
298,897
8,200
29,377,519
92,450
355,626
49,171
159,609
333,842
305,347,703
60,707
496,578
101,392
129,956
628,820,825
350,815
146,533
2,202,244
474,615
111,890,918
167,784
383,703
155,156,553
194,828
69,899
242,931
161,730
195,773
759,837
623,692
48,753
621,740
578,699
120,225,504
594,835
219,983
45,123,478
65,270
704,874
391,566
201,234,555
527,697
83,235
441,681,757
46,131,414
10,97,289
202,899
345,609
656,727
56,316
635,914,997
258,373
417,453,762
328,364
14,814
243,483
129,432
576,845
349,620
734,986
166,407
58,293,987
298,409,422
302,727,858
507,515
299,512
605,916
574,880,887
135,254,586
191,387
474,870
13,754,876
160,403,983
326,648
96,305,993
295,487
50,535
489,835
496,833
235,241,835
57,826
426,730,958
114,661,691
425,721,936
106,943
465,466
961,969
67,572,931
360,768,952
702,800
676,766
264,367
672,962
39,214,432
53,483
308,688,745
68,928
284,680
637,918
469,568,661
440,834
377,637
206,476
651,822
278,986
461,856
155,890
508,829
639,718
376,403
510,769
162,567,971
297,988
14,483
90,850
128,163,776
176,741
514,993
41,275,966
210,475,773
439,484,702
13,667
676,917
250,421
61,289,632
92,364
815,941
272,515
353,871
365,477
59,230
264,950
310,715,768
134,738
14,520
28,239,534
184,959
475,732
198,504
149,452
389,996
251,461,662
602,782
622,963
431,436
94,440,544
318,713
256,444,964
178,190
264,574,840
32,153,656
373,448,988
393,500
164,547
297,705
158,537
139,226
73,793,809
490,743
355,612,859
295,329
186,555
328,887
154,657
51,803,850
13,455,771
32,803
9,663,917
695,898
171,174
223,681,959
45,236
209,773
76,584
39,378,959
525,891
330,588,866
353,668
449,546,938
215,857
153,955
80,485
139,703
127,577
609,885
329,407,574
315,868
645,733
12,605,723
36,839
452,785,981
433,662,931
63,560,862
300,610,794
244,329,480
391,905
106,415
475,639
459,462
80,818
362,450
354,361,440
189,193
361,627,758
16,177,397
570,812
23,197
33,338
60,743,862
836,849
700,771
496,503,785
716,774
270,394,443
184,842
56,235,768
391,636
123,218
309,518
255,596
349,793
448,531
176,287,760
290,673,859
27,465,516
249,389,588
298,618
386,389,746
182,535
163,289,419
24,116
113,501,545
359,562,921
655,753
364,596
159,169,185
277,486
29,568
718,765
223,818
216,723
356,600
178,635
319,585
5,266
218,891,972
224,261
493,529
216,671,905
554,571
257,398
767,843
511,829
61,109
808,906
71,541
606,901
158,411,618
454,998
148,726
45,657
192,617,896
327,358
758,990
188,254,532
427,569
221,428
321,768
45,124,128
521,954
66,862
63,901
51,294,963
268,387
420,642,680
480,882
717,817
113,135,858
71,903
436,648
184,189
560,744,889
31,95,807
939,947
257,381,954
27,117,819
372,383
41,220,506
408,591
260,313
78,742
380,498,582
902,977
342,995
384,583,791
88,740
774,926
689,847
836,918
101,670
128,458
444,615
352,794
759,856
94,125,336
772,996
607,900
46,508
91,178
551,649
206,356
276,926
139,988
776,882
271,863
230,459
4,859
122,755
335,418
584,683
189,535
55,302
168,637
38,62,532
76,523,904
283,418
160,406
273,580
179,225
44,465,930
658,740
281,361,587
476,950
43,685
199,850
269,667
235,450
221,454
199,572
342,538
803,851
162,824
116,994
47,938
22,306
362,675,680
67,289
136,181,278
443,544,590
162,374,418
910,933
566,719
137,658
190,451,804
707,826
116,475
204,652
62,103
403,587
96,762,994
364,415,418
50,854
212,742,847
542,685
430,594,904
110,453,998
223,484
168,960
289,937
393,907
10,277
486,557,910
41,184
52,151
121,361,926
188,366
216,273
406,857
181,286
919,976
663,706
530,940
276,717
540,948
852,957
97,715
175,424,661
164,710
153,337
574,931
331,757,868
525,651
294,647
362,502
80,685
440,624,809
267,275,555
378,622,815
262,689,887
753,764
492,543
44,741
863,992
96,598,842
234,971
422,990
289,365
14,653,855
63,248
261,605
300,799
470,494
471,507
196,571,723
899,993
133,268
737,879
46,124
7,45,742
463,894
335,551
179,348
89,120
76,93,598
876,930,999
275,333,605
138,930
391,816
522,849
547,635,816
89,157,426
323,965
839,842
256,624,940
497,760
347,381,431
554,827
858,935
259,765,921
25,45
61,98
225,347,608
33,229,842
190,856
118,183
270,492,765
399,596
346,834
338,534,591
332,940,959
378,507
52,491
56,194
421,785
66,993
246,769
624,660
727,737,994
524,684
201,570
641,910
73,868
234,583
591,707
38,159
394,426
655,896,912
336,391,540
397,602
353,572,918
524,790
109,578,969
72,576,646
599,708
56,743
674,840
498,944
134,528
251,473
18,310
560,756,961
405,895
264,265,963
123,335
485,967
12,453,554
336,406,604
189,708
402,429,902
48,892
73,328,553
532,611
107,384
123,860
146,827
670,727,797
171,695
826,827
564,721,748
740,842
412,784,839
63,224
100,642,684
62,263,271
118,473
282,316,593
394,813
406,740
87,235,243
295,494
861,924
256,465,532
417,530
595,966
343,908
75,812
72,115,454
243,306
349,881
552,935
130,442,497
172,891,915
16,577
222,976
330,856
113,206,483
61,625
632,785
55,837
442,800,938
53,359
17,536,823
363,938
432,596,867
256,955
628,962
27,191
117,580
126,292
268,523
415,691
591,925
365,641
42,669,938
414,685,812
162,989
547,718
97,666
188,866
469,999
459,619,826
489,779
201,503,659
17,75,632
524,954
3,917
685,852
201,677,993
273,560
389,855
473,657,862
46,630
411,542
281,405
123,387,796
752,875
604,813
160,191,860
242,396,725
20,135
511,925
697,977
555,807
508,782
207,430
506,908
325,326,866
436,675,810
159,436,520
418,613
819,935,997
55,614,696
267,309,956
321,737,963
517,864
17,123,293
540,694,724
65,465,924
389,493
392,780,963
83,360,859
197,229
481,999
124,419
498,889
31,119,267
280,797
309,941
376,726,788
316,830,937
542,585,600
7,755
365,468,817
96,749,760
146,147
765,838
582,703
378,534,643
64,259
633,890,918
229,539
552,926
296,591
85,442
275,343
301,973
673,894,939
36,389
55,252
484,699,963
22,536
257,363
8,609
78,763
37,260,833
200,295
278,396,765
460,509
210,656
176,192,989
245,961
463,531,688
171,492,574
39,92
489,858,933
581,665
491,535
49,784
567,691
113,415,518
453,563
146,837
320,401,500
497,643
204,671,945
500,773
957,958
864,911
349,731
232,678,728
360,623
211,762
107,270
496,747
864,892,959
418,426
318,652
212,698
442,668
217,341,643
578,984
16,767
50,236
40,574,791
181,866,1000
479,798
587,997
109,167,262
844,917
204,380
22,340
743,779
56,518
136,605,992
418,823
202,610,815
55,302
578,814
518,537
57,255
85,101,889
224,526,694
413,424,553
926,968
514,713,942
268,283
370,427,826
186,512,893
271,275,652
448,818
268,489
413,781
701,866,996
102,790,815
429,713
539,637
60,819
859,896
362,757
298,311
202,309,672
615,806
146,810,997
38,917
580,982
168,489,862
10,428
82,220,512
70,883
351,519
609,611
669,815
845,910
248,343,764
65,660,942
154,438
525,825
812,826,975
573,644,925
775,882,928
265,713,741
263,746
44,236,473
338,677
246,776
609,670
145,474,528
