830,909
196,878
224,362
495,647
99,117,801
678,682,687
158,604
163,770
464,718
106,109
416,579
647,922
392,703
713,752,951
443,930
511,527
301,974
442,966
116,146
29,781
66,548
81,829
133,604,679
36,555
36,191,683
74,531
353,721
76,756
689,699,902
13,903
231,402,805
440,805,979
138,292
382,978
464,874,879
368,750
248,855,895
414,672,731
123,220,807
653,1000
151,167
107,560
478,484
273,643
176,572,870
565,901
532,730
12,939
414,643,881
528,965
140,563
35,60
472,697
320,915
269,429
537,786
459,888
303,597
420,945
475,512
86,304,564
694,744
821,874
250,494
381,484
166,603,752
211,373
414,971
224,546
282,926
738,897
737,741,863
291,700
518,788
22,535,954
333,875
216,591
278,534
80,831
512,771
338,818
7,608,777
619,984
235,420
182,779
406,517
289,689
874,929
229,439
75,581
146,286,769
45,449
661,689,908
189,371
516,739
248,495
503,831
601,885
569,860
99,273
514,737
28,726
143,825
249,829
142,354,888
69,505
571,760
313,474,532
389,883
46,535
139,484
355,831,945
558,850
330,540,864
518,831
335,465
190,950
745,875
354,535
498,791
546,553
342,716
472,725
208,397
641,931
209,744
337,832
255,614
472,597,890
161,754
786,888
191,647
490,647
329,369
707,972
223,635
159,709
61,581
122,962
172,841
148,925
557,619,855
91,97,438
540,621,969
40,285
761,796
125,639
316,322
25,419
737,740
397,536,846
686,962
167,565
284,819
270,828,834
227,300
263,859,868
925,934
451,911
341,449
143,166
418,852
7,772
234,757,898
347,547
47,91
207,545
141,142
30,737
264,277,875
127,952
245,780
231,333,455
112,346
580,590
524,543,964
593,962
174,286,578
243,861
121,368
715,942
150,643
784,791
189,270
305,387
407,842
53,363
52,377
209,365,379
184,917
613,720,837
2,452,827
194,784
280,692
855,940
32,943
87,713
252,350
181,239,403
106,305
91,669
29,445,535
11,561
742,917
57,161,978
318,517
387,714,964
603,636
227,710
732,906
533,851
79,814
369,448
96,263,281
672,772
350,470
563,604
2,114
190,316
407,612
82,458
232,980
665,687
64,349,787
166,206
198,463,809
220,708
285,450
380,627,802
152,241
298,353,828
373,898
120,246,654
162,842,878
582,990
842,999
69,409
76,800
43,489,917
187,340,510
289,492
361,494
67,498,657
435,639,972
326,374,730
172,556
386,420
656,799,884
473,637
185,681
154,548
228,342
114,455
419,969
120,160
129,711,892
241,764
425,576
520,735,835
186,380
631,828
261,739
429,982
230,832,901
115,191,760
542,596
790,798,957
433,780
121,842
356,357,483
458,662
349,699
83,332,661
181,948
181,288
274,609
939,961
110,587,671
80,749,902
19,176,842
57,489,571
682,964
244,852
256,661
59,451
425,573
712,755,846
252,457
452,458
18,138,349
39,98,519
17,603
276,628
228,807
473,784
959,999
333,745
4,614
93,402,711
76,711
73,171
380,462
103,942
610,620,740
213,385,817
670,704
69,263,986
184,755
118,967
15,102
125,701
294,697
136,172
279,483
349,402,674
153,253,781
567,638,844
4,400
276,366,862
143,886,960
145,786
204,477,605
216,544,744
752,920
352,891
112,183
11,301,735
554,645
124,212
269,494
548,560
498,584
5,591
179,881,995
258,662
94,345
31,335,419
11,701
347,486
46,343
609,784
347,369,409
147,482
467,801,829
128,872
197,884
106,712
121,525,805
706,935
240,394
155,929
95,882
118,765
503,715,988
661,672
578,933
256,693
633,925
743,823
491,861
624,907
206,344
504,668
183,725
344,604
372,643
855,875
250,471
431,643,735
289,606
9,162
472,813,985
422,562
32,338,505
136,660
204,840
77,119
257,353,384
604,828,858
514,688
262,481
238,651
66,809,845
399,585
431,680
216,379,573
160,298,900
119,999
36,534
95,215,990
82,293,764
541,570,645
292,838
335,498,904
258,957
202,761,972
46,690,734
52,136
598,821
703,808
223,450
26,172,653
447,796
82,298,686
359,919
784,879
439,447,730
885,977
135,246,658
572,583,690
5,316
33,276
194,202
805,938
280,666
187,501
41,853
129,431
225,518,706
22,381
828,935
682,964
253,836
477,767
635,910
437,930
675,876,935
350,558,769
9,988
636,986
375,621,930
104,354,570
652,849
92,958
364,802,900
200,853,878
334,795
319,548
206,808
201,333,841
116,684,985
582,585
104,441,594
55,335
268,804
473,733
267,575
449,855
568,593
327,793
620,667
39,141,416
216,290
392,677
481,576
330,804,969
364,666,757
136,993
8,434,780
173,623,651
519,665,739
720,985
241,971
476,605
624,857
109,275
246,986
268,429
355,826
668,877
77,279
64,593
488,535,693
217,997
141,145
591,695,758
642,869
604,849
78,152,884
260,273,870
150,516,963
676,773
116,940
96,221
40,562,992
44,467,508
562,627
740,788
430,598
73,413,667
11,691
332,674
446,799
382,489,993
61,998
61,732,764
311,665
233,507
925,969
457,663
671,699
536,730
84,407
94,999
22,852
139,214
53,817
820,932
517,728
599,676
313,404
95,308
435,651
167,917
181,466
363,869
373,810
68,117,234
97,98,788
193,582,668
686,736
5,173,543
585,831
335,761,917
35,680
834,937
504,601,844
275,331
274,962
357,378
708,738
416,603
114,740
369,468,713
674,966
917,978
145,821
642,904
346,751,887
368,382,839
47,230,886
73,478,662
262,716
325,425
158,786
523,724
513,995
273,550,675
38,211
803,837
230,382,715
308,376,843
98,217,418
85,103
419,706,744
2,914
234,325
82,300
640,754
442,521,871
19,530,590
575,788
620,657
713,998
358,474
624,780
248,809,902
199,369
151,292
142,435
564,686,972
531,912
355,673
152,548
43,900
256,596
654,994
2,792
573,622,789
15,995
140,205
17,73
18,319
35,648
324,343
191,436,684
127,927
129,418,631
329,362
417,880
36,753
501,700
175,744
55,313,636
73,246
383,817,867
166,260
396,687
55,733,740
838,940
493,494,682
548,653,916
158,253,579
249,837
184,215,382
414,575
412,789
216,433
415,618,823
120,877
185,289,660
631,838
363,438,565
400,901
169,237,928
412,632
217,686
97,320,729
339,924
385,993
105,712
301,916
248,796
372,621
153,659,930
77,310
345,467
80,893,975
365,581
19,71,434
126,664,732
171,375
202,299
136,705,874
302,564
207,695
70,110
490,768,917
338,603,607
143,836
83,278
97,614,860
414,452
387,840
153,158
134,144,524
179,312
225,620
10,366
30,302,390
226,299
427,596
218,405
22,359,704
207,750
162,657
378,799
472,599,808
336,891,952
18,728
391,596
584,777,799
492,986
85,630
294,639
329,357,560
30,397,826
507,825,883
323,640
141,156
552,591,602
560,728
365,758
322,623
455,593
51,201,259
167,446
133,333,502
429,532
191,751,955
164,236,406
7,901
521,750,783
753,915
148,756,945
556,606,629
6,36,169
244,774
334,619
651,887,942
282,762
217,644
438,507,531
405,891
250,777,835
578,956
138,480
29,592
334,654
282,909
486,931
374,683
494,635
698,812
173,621,824
742,793
309,827,859
224,342
172,790
307,336
45,408,907
276,284,397
371,554
1,169
272,689
699,799
33,241,930
626,938
249,393
261,890
683,830,911
39,346
175,817,996
162,828
505,744,747
100,432
22,202,974
63,748,803
599,813
652,944
374,428
346,765
368,890
151,372,918
253,266
163,221,744
294,936
795,910
17,310,494
858,992
668,738,991
59,773
677,973
656,766
103,981
523,717,761
105,413
601,725
85,865
215,887
615,697,732
578,933
81,942
491,653
719,802
114,889
97,238,397
606,740
350,571,733
273,566
287,894
518,940
65,426
445,493
28,470,516
554,687
215,430
265,570
345,686,882
516,589
187,526
446,578,582
387,630
145,368
132,265,347
299,611
118,503,892
23,981
217,258,497
627,733
134,870
354,952
189,588
474,922
96,109,433
697,774
211,855
503,813
76,355
54,885
34,442,812
405,562
230,818
631,856
733,839
649,715
390,760
106,249,326
340,435
644,833
31,91,197
448,538
8,923
261,885
316,824,1000
72,680,948
701,965
81,745
550,682
145,220,876
687,768
421,988
361,687
284,529,760
56,96
430,710
746,823
361,385,901
407,643
251,636
146,640,713
789,885
193,338,546
371,913
484,720
52,60,278
121,840
102,719
720,756
163,710,951
795,844
9,485,694
808,978
522,847,954
2,463,892
26,174
489,813
326,340
14,224
701,968
689,841
218,386
293,626
441,594,822
406,625
24,895
28,620
370,498
459,756
46,185,495
69,591,691
104,840
713,855
684,789
127,952,964
427,852
587,758
150,174
180,280,698
453,660,968
386,694,977
120,541,711
113,510,633
97,760,964
805,979
143,748,777
781,857
581,671
399,686
370,822
495,890
126,584,963
352,606
67,265
103,844
278,531,956
3,275
108,682
17,680
505,671
534,926
433,730
111,382
323,378,966
95,261,824
372,764
472,939
355,678
48,107,500
429,505,731
4,756
364,955
69,421
313,356
505,533
282,897
260,295,615
349,393,809
379,427
339,696
106,203,512
483,821,884
28,521
797,972
126,501
293,900
273,994
744,749,766
24,274
47,195
733,823
129,178
321,557
165,883,960
185,911
418,982
652,913
253,255,333
420,940
104,796
277,742
703,958,978
278,910
306,307,573
59,819
702,999
213,836
567,731
368,907
210,507,534
172,350
83,886
38,114,441
757,837
242,827
206,676,964
45,491,775
788,905
48,394
97,926
816,949
95,896
137,235,817
179,301
505,582
509,879,929
536,621,760
4,274,770
628,840
166,882
699,723
66,430,691
72,177
597,611
651,930,1000
328,740,845
377,574,762
251,714
899,945
186,203
668,708,955
95,178
198,998
170,742
149,297,538
374,651
52,323
378,497
137,706
126,471
186,935
144,272,513
907,974
25,590
164,803
146,463
390,592
876,937
696,935
249,491,633
362,823
23,421
536,673
222,756
273,460
111,550,901
164,681
239,316
83,127,848
522,745
64,436
320,547
282,300
184,676
57,86
266,464
101,521,529
384,645,961
53,463
319,584
41,548,925
343,619
376,411,520
179,557
266,966
778,901
15,706
211,498
1,306
671,940
187,609,746
586,808
102,622,731
566,931
286,721
68,984
255,595
222,536,677
526,571
379,680
162,789,996
196,217
597,690
189,311
173,515,846
521,913
146,651
18,694
849,916
607,884
253,473
482,875
579,939
203,640
249,713
43,169
445,463,541
533,629,809
288,726
428,865
217,718
723,750,994
114,315,380
763,967
360,607
83,309,860
61,624
670,695
112,415,423
117,366
393,668
33,67,275
111,280
30,682
592,739
169,294
405,593,878
67,241,906
570,850
747,989
676,678
512,790
46,284,383
651,708,745
434,645,776
9,199,373
190,959
35,852
207,314
20,102
115,617,964
637,848
795,846
178,242
360,420
198,748
324,424
121,488
52,214
430,460
170,688
240,302,409
184,792
84,689
138,731
87,516
37,517
52,540,755
98,113
63,950
86,717
794,989
142,844
130,159
162,506
342,919
276,927
83,108
36,95,495
639,821
793,794
353,476,896
447,579
29,924
40,683
255,630,878
584,664
87,798
34,902
18,647,778
19,822
396,510
65,174
534,891
125,216
118,288
320,330
139,291
539,972,973
518,582
504,941
590,998
404,411
259,325
10,479
650,971
6,706,881
570,835
93,776
646,648
169,483
301,584
147,742
82,686,925
65,637
506,701
484,801,907
748,768
71,392
359,845
387,527
557,847
108,402,594
457,801
604,777
226,576,751
415,882
148,598
304,474,868
428,868
225,312
156,327,355
143,338
148,255
710,873
100,330,996
195,708,960
300,522
512,912
643,731,759
123,922
44,263
249,587,949
29,168,590
171,496
574,960
140,477
270,643,764
719,946
123,785
2,242
101,810
303,315,570
403,724
247,619
80,195
183,497,990
255,916
434,625
84,610
345,604,618
456,547,624
597,705
358,519
461,630,701
614,976
133,231,882
11,492,662
600,811
42,86
138,436,969
229,291
466,582
765,953
421,445,464
625,834
475,663
27,582
373,655
116,189
192,292,840
198,245
260,852,903
749,907
68,122,499
223,407
459,855
639,856
155,633
87,904
429,940
192,968
571,817
66,542
225,487
49,733
95,526
99,368
376,507
561,607
151,405,954
79,834
324,498,741
691,981
244,837
554,956
199,829
272,516,939
723,924
72,206,695
122,483
581,966,988
813,906
569,752
115,926
97,470,893
226,289
71,254,594
51,270,562
645,979
433,594
79,327,821
219,274,699
140,557,935
760,854,860
139,377,696
444,821,941
445,887
282,546
618,691,799
192,828
162,627
534,568,575
117,595,882
236,951,990
670,836,993
171,825
3,30
242,785
123,241
435,458,898
832,910
360,866
188,436,854
34,813
138,991
33,180,812
142,522,594
82,391,542
43,451
35,664
445,733
179,407
393,565
740,843
242,331,891
476,684
64,133,462
496,510
58,464
297,391
32,269
540,567,568
386,701
838,907
9,226
232,899
419,927
88,468
685,763
88,583,646
500,704
473,687,802
14,406
38,499
394,576
162,315,929
558,572
563,616
394,593,815
120,759
153,415,473
119,825,960
39,822
741,845
634,939
59,826,987
178,218
386,462
23,229,687
51,861
212,337
264,498
887,961
819,883
537,861
310,583,763
469,873
765,783
433,889
5,212,994
291,938
835,896
437,726
733,879
568,806,967
265,799
133,403
218,851
580,601
53,112,357
218,277,692
458,923
158,230,335
445,722
316,354
440,526
54,111,680
99,388
409,488
92,377
54,567
392,558
306,338,758
293,954
417,959
289,295,448
25,118,246
36,865,972
371,722,918
351,916
93,821
961,979
62,988
605,690,814
282,389,928
716,888
18,583,753
643,802
527,691,832
257,541,947
38,333,592
63,394,789
557,666
413,515
631,718,785
200,500,914
252,384,933
322,514
180,948
679,938
212,482
531,932
158,405
831,943
512,823
499,537
486,596
267,283,486
688,830,848
463,984
782,911,952
239,302
136,853
512,554
128,886
194,498
117,590
278,322
144,692,794
552,620,650
497,585
425,928
142,221,400
577,802
714,854
262,299
713,995
324,466
28,180
313,503,622
442,737
111,997
133,590
72,688
270,763,805
164,542
86,221,346
137,590,960
325,812
385,641
383,462
296,565
189,821
47,481,540
226,576
24,399,753
503,920
592,981
384,668
323,465,719
502,963
348,767,865
172,329
121,857
735,750
23,205
460,466
249,965
292,410
152,172,591
10,473
740,970
379,916
326,479,763
723,751
258,611
121,390
480,941
384,984
164,443
807,995
675,764,795
260,265,902
410,701
230,898
191,719
410,447
319,468
169,447
34,952
674,896
49,234
135,358
213,502
728,825
457,718
150,813,914
184,378
251,277,406
536,950
28,373
81,109,531
255,828
263,347,608
12,989
639,979
588,964
343,887,943
340,696,928
331,694
274,802
200,541
75,682
487,503,608
202,323
808,830
293,435,776
175,785
259,695
169,410
258,912,982
226,625
97,157,285
31,761,886
74,210,912
262,878
257,308
695,856
318,950
715,877
344,476,492
579,751
650,840
55,225
85,862,887
50,594
128,649
464,933
377,937
585,734
367,953
66,563
320,831
433,838
404,451
162,192
401,427,434
93,455,618
17,707
932,951
75,828
325,450
226,895
508,902
445,579
385,414,819
148,970
230,441
222,678,1000
604,643,964
774,782
324,915
350,578
152,233
668,744
102,743
431,985
557,829
97,750
415,517
473,838
424,682
524,824
156,290,672
411,784
608,761
341,516
498,516
865,897
388,455,666
470,621,1000
299,540
9,344
649,950
381,526,637
725,863,998
480,567
776,848
202,404
31,754,794
298,972
701,765
592,821
191,394
728,927,999
646,876
416,815
333,989
448,612
67,691
152,271
153,497,866
536,671
604,876
314,317
196,258
451,507,683
381,432
851,916
158,809
535,588
103,754
54,783
341,755,901
403,751
492,535
171,670,752
224,604,806
667,760
88,700
93,671,822
114,240
223,326
22,122
460,505
199,648
84,739
542,739
295,730
100,641
494,837
680,967,969
248,341
340,463,520
232,526
234,562,890
91,919
469,786,790
639,687
479,1000
812,868
347,544
620,936
456,532
409,475
25,377
788,909
404,884
144,677,824
372,492
194,410,449
174,794
534,648
120,425,720
320,761
30,708
401,506
197,371,728
77,972
380,643,647
336,501
284,566,952
38,53,231
151,538
156,474
192,506
611,818
13,54,342
178,197
114,632
147,972
148,763
231,252,504
291,392,790
457,578,790
40,471
44,508
287,805
645,786
412,444,671
766,905
483,527
105,784
328,883
457,852
208,547
547,650
35,133,556
164,495
48,108
714,889
247,364,650
207,491,927
81,680
193,608,875
510,806
207,468,880
133,538
516,874
362,974
628,960
88,269
378,656
468,971,987
206,521,698
181,431
521,667
240,331,384
681,684,972
111,183,684
674,962
551,913
58,229
637,844
279,519
10,321,529
330,475,521
542,596
281,622,691
342,647
581,878
98,521,954
40,116
267,498,790
440,598
140,742,784
232,424,930
231,918
68,593
210,480,832
223,525
158,319,526
38,231
99,170,579
185,885,924
710,788
337,507
734,871
544,657,671
571,812,854
87,119,276
372,549,957
163,208,845
290,452,905
339,540,624
605,680,946
322,753
542,847
268,438,535
193,447,668
280,524
393,905
4,832
170,314
433,697
463,579,815
329,759
88,421
337,750
289,747
347,423
62,733
453,646
437,458,580
487,582,903
240,557,966
479,750
244,977
748,914
248,689
358,372,512
380,511
28,452
39,346
805,836
81,448
151,240
217,303,441
169,219,607
216,572
359,420,698
167,306
275,349
305,433,690
156,486
737,970
12,939
183,352,928
153,450,469
185,934
29,525,828
12,784
306,776,855
65,365
521,848
322,418
225,468
270,567,927
378,545
434,437,859
857,928,974
224,623,829
118,349
349,611
90,127
190,371,910
11,919
22,28,581
69,134
584,588
294,305,419
578,817
133,839
703,833
309,593,961
287,905
631,750
47,91
477,488
53,613,764
324,590
640,722,828
107,531,779
60,827
187,224,628
659,908
100,511,956
44,292,843
223,714,953
152,193,620
710,791
259,712
75,851
79,129,644
266,451
64,331,418
299,459
5,89,487
191,286
161,926
16,759
79,99
310,838
711,980
221,382
377,799
613,913
81,903
383,704,761
317,903
649,662
311,532
136,357,833
240,298,405
310,554
53,82
529,652
833,966,974
140,889
281,515
42,482,688
113,117,693
148,306
512,789
649,846,926
234,835
48,116
504,874
534,824
20,59
459,905
260,420,612
427,553,631
67,249,845
15,689
618,892
43,343,742
192,652
95,170
71,844
351,427,467
475,505,752
354,461
248,439,721
502,948
842,929
490,615
26,543
462,728
145,885
471,800,954
28,993
309,645,866
15,374,979
267,464
142,663,681
249,712
362,585,961
595,834,934
741,743
85,455
337,659
9,475,710
736,815
200,340,674
235,675
526,853
630,872
439,791,933
183,988
220,678,842
324,559
41,769
406,771
130,875,973
546,653
93,938
132,873
230,275
269,335,870
290,575
108,205
172,664
174,927
657,672,753
118,958
182,275
154,219,683
247,555
358,800,926
308,732
687,814,847
154,291
594,685
416,934,937
674,822
46,475
450,945
212,417,846
250,451
292,694,875
429,866,879
779,968
532,787
163,259
601,856
162,807
103,557,874
5,688
209,324,624
332,454
117,939
73,649,923
461,984
499,522
353,423
170,314
86,930
512,532
28,339
472,539
118,830
306,689
248,419,957
125,900
115,465
98,280,882
422,618
554,892,966
120,840
204,896
60,967
177,798
373,887
486,722
123,220
254,542,701
295,756
503,867
11,265
321,551
185,729,883
248,347,512
421,790
160,512
203,514
805,929
66,307
153,504,631
43,531
554,925
695,722
497,908
482,897
5,846
2,786,990
183,408
912,1000
493,610,764
116,624
51,406
66,311
394,975
537,870
457,705
212,358
67,109,512
562,966
50,670
500,842
552,689
29,122,230
230,261
460,721
368,716
464,663
327,605
22,535,606
82,277
92,445
93,399
657,780
801,989
497,555
19,998
542,711
320,934
640,665,811
838,929
358,943
63,926
51,472,765
3,233
449,907
434,856
349,532,559
724,986
30,504,877
518,987
350,548,727
165,201,280
587,668,873
940,954
177,200,477
435,630
261,396,895
171,996
153,461,990
347,546
372,505,706
10,824,875
501,654,721
128,355
655,789
29,54
458,495
288,716,811
44,179
142,561,973
248,632
432,450
338,749
131,151
313,441,663
541,892
164,538
701,879
446,468
11,875
322,807
608,843
105,774
370,621,729
500,812
209,289
122,517,664
265,426,608
228,317,716
532,736
42,730,796
403,613,861
815,919,938
483,486,489
10,726
717,919
108,363,684
249,716
337,979
225,881
344,489
391,423,937
428,585,689
317,842,925
22,784
60,613,887
253,771
93,286,758
324,858
127,246
227,323
76,155,869
85,238,658
160,168
650,749
16,664
885,886
677,952
88,992,993
286,294
27,73,190
473,679
338,848
63,997
67,80,232
483,580,696
392,635,637
705,946
172,721
214,536
757,999
571,973
1,135,830
807,872
175,479
224,444
142,937
448,819
542,941
51,304,722
284,793,812
162,568,634
250,511,676
659,665
811,897
66,532,740
484,875
252,423
487,975
273,608
23,249,995
326,379
85,360,831
578,700
154,963
55,119
165,482,511
44,415
70,299,954
28,512
439,591,820
450,1000
166,373
213,714
541,999
329,529
208,691,789
114,528,763
516,957
608,623
113,117,702
676,956
227,575
306,620
102,298
552,743
445,649,902
55,339
448,855,940
119,120
232,299,535
485,516
20,410,441
68,630
625,796
218,821
415,576
651,955
307,763
195,681
36,50
261,950,985
468,708,810
8,52,382
375,660,964
547,768
727,741
114,593
827,947
6,28
660,952
46,139,342
386,419,678
127,566
231,612,782
22,687,781
8,906
129,957
900,968
272,399
379,730
563,925
281,705
372,923
110,365,647
648,946,964
903,970
301,348,904
566,572
62,142
567,635
487,494,627
362,802,954
364,435
140,561,747
5,873
100,863
637,725
82,736
4,24,86
523,617
75,441,897
293,959
80,653,957
780,870
47,840,954
155,716
326,468,915
267,544,927
126,729
575,988
7,109,893
121,199,1000
177,418
604,725,853
320,406,914
53,762
466,690
78,509,840
349,430
778,780,981
12,906
697,759,991
119,789
110,547
225,468,518
405,423,967
134,999
335,735
312,865
666,848
617,985
392,790
45,90
360,535
12,408,473
186,506
339,529
358,894,913
913,989
31,115
262,856
393,516,655
100,143,854
515,717,978
45,882
521,959
698,819,973
5,636
265,459
767,933
419,651,769
32,575,719
451,837
638,740
802,853
146,165
42,452
191,300
281,379,788
188,430,703
701,967
57,158,492
179,671
8,257
31,192,691
666,946
317,544
530,992
357,676
557,660
66,126,349
84,446
563,634
498,710
88,229
34,608,932
758,963
833,890
305,550
211,627
32,287,681
259,406,698
74,361
118,119
428,599,900
620,850
949,957
519,800
346,753
144,788,869
122,545,687
244,502
52,456
265,790
544,719
102,802,840
639,801
243,848,945
104,496
465,532
310,569,884
361,656
13,513,820
150,322,534
723,841
519,648
212,748
197,238,846
4,581
743,816
244,492
105,562
475,657
108,160
293,522
270,981
667,728
40,763,808
82,555,827
560,586,605
407,816
132,449
326,851,876
433,687
140,255,424
597,604
169,478,980
105,185
802,805
764,802
495,741
37,425
200,445,581
188,757
639,711
26,335,603
214,630
259,692
328,689
260,602,731
283,568,694
218,603
652,666
235,372
257,616
560,826
60,156,276
188,507
137,297
85,371
471,871
47,652
83,543,985
193,348,893
274,930
343,465
364,396
313,981
588,931
355,683
293,452
123,546
65,859
436,845,933
41,68
366,521,548
773,854
180,300
33,909
320,597,632
28,699
278,865,872
244,657
33,469
3,17,831
18,332
144,277
217,231,932
502,503
426,561
556,599
96,648
203,419,741
499,717
742,761
166,502,971
36,990
547,787
443,824
525,827
13,912
620,758,920
534,742,953
115,534
355,404
502,719
630,815
64,631
315,597,751
89,404
190,688,912
31,389
108,504
192,907
85,658,699
92,368
66,130
217,488,839
19,128
350,674
53,338
89,424
137,332
331,430,835
277,914
554,719
387,859
102,542
166,211,855
147,385
162,459,571
116,354
495,517,699
271,519
348,607
382,926
371,446
332,384,562
303,608
41,326,906
45,631
237,785,984
127,229
136,477
242,458,863
199,957
320,865
495,791,994
689,716,969
45,634,966
186,197,876
259,912
445,927
421,735
510,701,821
755,820
318,658
35,97
52,168
942,958
175,239
185,762,953
447,826,848
355,869
150,797
692,819
51,955
441,703
28,190
314,319,335
199,970
40,605,926
406,426,891
800,930
264,324
156,972
234,802
84,743
460,631
81,347,505
11,213,612
130,220,683
677,762
248,672
734,935
852,868
185,841
443,564,783
534,750
525,594
354,981
421,841,893
263,394
264,433,798
411,717
643,964
5,586
111,127,134
62,619
481,651,869
313,638,670
29,676
50,736
191,642
637,705
624,987
68,378
182,798
373,566,898
170,876
216,219
48,195
327,515,837
134,610
63,751
633,843,852
337,928
455,626
412,966
9,124
403,997
165,283
255,453
372,963
81,327
320,398
240,776,903
565,814
133,252,457
46,110
312,712
342,473
68,968
196,525
594,838,839
186,662
210,471,708
437,770
679,986
482,536
208,767
455,553
319,493,603
128,619
205,942
371,529
429,513,549
691,890
405,829
205,428,552
85,953
644,823
322,718
64,823
433,508
560,586
175,564,663
784,962
449,450
394,767
833,961
291,612
768,802
168,815
223,751
147,651,750
646,652,848
303,827
457,631
138,944
771,793
47,221,233
91,469
269,318,815
388,702,776
432,751
497,632,939
760,798
9,216,433
300,830
773,994
10,165
81,643,711
834,863
61,289,491
192,444
53,122,554
217,308
257,618
270,338,422
204,332
79,878
213,259,738
122,360
98,684
16,260
204,998
412,494
536,625
326,608,713
586,598
129,376
678,680,944
905,975
412,472
373,736
73,128
934,985
1,566,737
150,740
200,395,998
86,395,604
401,938
96,331,994
61,953
110,302,583
768,909
41,779
677,709
701,976
388,941
709,723,985
122,527
214,637
586,872,968
442,551
44,711
689,756
146,410
125,252
242,934
689,842
303,351
385,531
320,453
759,977
736,829
111,337,748
245,871,917
269,380,629
195,259,574
224,842
24,910
60,521,574
165,667,760
611,790
221,307,372
104,108,910
396,882
87,193
332,963
717,755
99,125,332
422,475
243,752
161,277,536
213,675,908
547,675
93,925
850,974
298,355,483
177,225
357,833
64,265
14,807
96,619
791,867
33,371
441,562,942
213,739
148,441,839
430,672
90,249
581,592
487,893
27,471,953
237,332
163,228,441
167,398
149,902
158,467
162,297
368,483
237,279
112,654
123,987
497,934
215,226,385
110,413
258,635
63,188
418,840
224,890
20,332,815
214,600
103,380
862,930
223,251
414,653,957
471,975
141,397
127,500,551
770,949
320,756
71,394
344,353
60,329,961
161,839
392,892
139,542
304,737
286,655
518,638,927
539,824
605,830
23,209,927
406,988
58,319
611,966
27,684
534,589,981
375,778
290,699,850
348,573
814,874
261,278,794
489,913
683,887
187,524,887
22,644
133,806,835
715,972
358,373
525,785
124,130,952
522,623
132,410
414,816
78,633,790
327,371
213,672
110,729
91,797
512,558,646
378,786
370,406
119,321,708
7,226,425
459,873
77,724,808
185,917
648,993
726,857
42,310
868,945
465,516
660,880
242,494,684
77,434
694,940
67,374
49,228,574
255,626,805
559,949
271,766
40,365
335,699
312,991
178,242
368,784
105,474
125,684,828
230,768
652,740,838
340,685,896
676,992
79,645,801
367,889
50,829,939
683,899
507,856
599,978
796,814
73,215
830,943
147,155,168
536,964
66,283,670
675,689
495,620
555,950
128,239
67,421
96,166,719
73,496,680
489,865
354,461,541
724,732
142,616
33,230,978
378,430
102,109
639,964
685,828,989
124,617
64,612,921
46,289
54,803,912
117,435
583,841,920
524,930
249,275
387,542,796
668,752
444,714
89,108
433,573
72,440,643
324,525
59,171,773
71,288
529,649,726
45,473
367,940
37,371
96,365
48,484,817
28,482
40,385,394
516,965
526,556,938
454,542
374,700
444,876
171,355,358
200,828
479,910,986
74,356,661
147,854
589,757,855
313,575
572,689
164,580
317,905
250,651,885
470,713
91,975
217,402,626
265,465,788
200,218
827,832
42,92,272
123,317
91,842
328,410
263,610,994
756,792,794
126,911
278,451,699
80,921
566,730,928
208,615,662
167,739
61,595
318,580
494,989
658,792
474,729,996
402,612,895
323,744
56,267,916
114,657
472,765
486,523
28,330
280,358
486,985
96,949
56,997
95,891,998
396,458,566
749,752
601,859
21,589
626,768
94,774
5,223,826
25,408
183,288,896
103,623
135,644
416,805
207,398
53,604
356,508,540
42,90
165,599,958
201,310,755
437,444
330,355,385
565,896
58,836
425,669
126,331,460
62,467
22,345
242,529
106,274
87,635,671
99,313
706,804
199,446,738
330,778,994
225,643
536,565,664
169,659,775
549,561
125,776
540,589
405,473,592
643,665
263,949
570,814
455,952
1,449,776
533,624,916
442,524
156,462,978
235,503
17,868,985
681,860
102,123,435
536,591
350,399,881
9,823
120,168,939
757,764
31,436
157,284,885
589,723
166,816,927
374,377
77,97
199,738,795
438,970
333,386
203,792
388,767,818
235,572,840
22,35,354
530,990
506,716
750,771
169,179,844
116,897
342,595
425,829
95,580,856
150,706,893
377,402,604
599,636
208,818
245,510,766
55,472
329,705
486,678
353,532
352,767,776
445,733,962
71,852
497,545
8,585,711
300,602
82,956
673,754
645,840
351,592
553,875
386,634,882
484,538,562
19,922
13,850,949
185,393
84,369,752
906,981
6,877
549,974
329,546
260,738
104,832
572,973
383,507,997
551,621
150,681,881
7,223,750
435,463,992
399,479
728,939
776,839
584,869
427,939,992
165,264
679,973,994
649,901
158,387
37,169
610,745
91,613
79,801
505,923
816,895
344,417
257,322
135,287
269,333
49,155,785
65,156,834
733,998
332,418,964
215,864
193,773
271,919
114,149,194
35,42
69,211
74,92,499
262,444,585
487,561
38,132
170,831
364,606,937
360,909
390,548,550
673,841
63,782
225,957
381,568,980
97,849
179,655
286,730
438,916
97,156,238
441,784
314,809
145,548
612,626
564,930
176,954
54,490
448,675
156,258,818
250,388,592
23,965
563,840
582,699
545,579
525,818,925
293,394,424
144,491
182,369
143,479
5,976
81,383
64,248,289
151,606
352,852,998
78,599
301,573
524,794,985
432,782
267,396
867,902
69,664
160,345,627
553,990
314,401
32,369
334,999
51,714
227,336
114,970
20,133
214,437
271,612
817,927
169,528
514,677,703
726,903
328,670
221,690
179,239,851
53,700
124,167,934
59,319,562
217,592,821
270,607
223,551
40,669
546,667
146,546
372,501,743
60,486
129,842
8,129,416
640,750
390,776
54,184
201,586,714
189,671,743
202,342
160,609
46,278
88,561
296,684,718
361,694
283,643
239,703
509,898,917
227,582
565,746
155,962
240,734
58,726
462,540,809
52,301
421,505
64,66,369
277,354
146,567
297,818
180,709
698,724
808,860
131,377,542
231,639
432,737
440,592
79,628
464,995
442,737
296,645
605,683,956
669,714
162,233
16,593,764
73,472
201,985
340,578
792,911
211,421
639,814
500,586
524,714
575,670
141,701
179,813
123,338
40,177,994
370,457
352,570
284,437,695
248,820
556,771
16,820
49,449
252,609
217,298,606
387,961
789,827
329,431
226,333
582,610
856,968
370,678
219,547
441,600,889
509,630
53,178
227,462
339,466
583,824
255,527
134,519
632,863
354,750
123,868
323,706
581,785
332,598,824
72,584
144,354
134,756
323,466,667
137,138,958
721,790,802
54,119,258
675,697
275,981
646,664,778
674,868,946
364,672,980
450,683
393,452
336,622
41,852,898
512,895
244,844
171,531
692,887
118,522
265,940
636,931
19,559,823
138,774
396,550,873
364,815,828
141,396
640,721,908
190,533
848,927
915,986
52,415,839
365,461,964
165,195,960
318,986
131,395,687
121,162
296,478
264,571
644,980
452,553,818
369,492
89,512,743
7,850,952
302,807,819
594,912
253,590
207,700
30,317
73,239,308
196,783,964
101,489
199,921
566,930
60,432
164,442
775,957
234,983
414,799
58,221
29,418,627
576,703
209,809
408,812
37,332
208,382,951
46,418
653,924
50,194
818,932
162,891
395,410,684
234,253,685
272,536
148,515
516,691
202,533
385,655,656
463,796,907
4,792
286,817
104,559
660,661
164,561
431,635,846
642,918
794,958
893,930
589,773,938
535,966
141,421,719
138,700
906,910,973
187,240
704,791
205,510
345,597
105,516,635
571,959
230,793
397,486
418,617
186,705
805,858
293,667
78,740
228,821,989
22,539
203,392,505
40,357,749
350,622,916
160,593
418,552
74,649,872
147,780
297,772
467,639
644,785
65,692
575,612
207,254,414
778,987
450,813
535,666
312,576
323,487,656
290,301
136,408
844,969
389,909
143,540
62,394,519
23,240
690,867,965
123,278
854,906
38,934,979
430,512,841
306,603
40,238
13,377,415
225,235
199,834
158,315,401
44,598
733,931
102,843
220,225
184,520,773
169,179
707,957
167,211
215,645
317,618
642,765
420,671
241,683
396,510
255,315
492,657
245,681
616,847
421,447,884
132,459
380,425,685
448,501,552
502,689,870
315,821
668,992
497,540
435,437
341,494,909
38,980
160,388,786
200,779,818
215,360,482
660,912,996
262,576
157,658
979,992
609,838
458,630,892
22,714
323,878
128,680
689,735,895
240,815
204,705
225,552,893
744,957
65,458
529,997
334,576
312,933
177,391
557,881
424,455,734
876,915
491,521,674
723,733
372,830
333,477,980
473,851
486,774
439,552
217,646
252,296
505,981
31,205
718,736,897
178,925
168,791,800
145,679,842
50,631,955
47,189
163,931
47,442
44,616
709,832,886
432,993
128,406,443
131,663
327,721
329,407,867
594,696
558,823,916
413,438
113,440,810
527,738
35,741
385,539
378,732
69,304,874
23,199
128,450
240,459
491,699
40,406
650,904
322,463
415,418
438,587
104,937
75,342
489,588
146,387,451
300,910
319,338,845
319,379,775
371,754
391,528,865
740,883
67,84,587
164,246
326,550
144,710
110,602
14,340
128,986
455,681
299,930
94,568
185,379,480
778,967
325,985
158,654
194,702,899
851,894,982
527,890
52,763,911
267,448
23,983
167,561,723
420,606,667
303,852
245,344
309,827
285,667
886,909
344,525,568
101,614
269,336,465
475,608,820
106,307,572
91,94
131,817
203,409,870
212,959
78,391,945
320,726
466,647,933
611,693
701,857
359,552
471,748
703,711
150,199
437,510
600,805,866
660,761
97,462
475,844
450,995
441,968
62,932
595,804
34,225
171,868
46,260,372
422,482
343,582
887,973
481,581
92,254,510
304,830
266,434,444
439,475
398,815
121,626
12,262
484,761
79,169
231,672
169,575,885
920,995
10,335,872
191,202
476,532
248,996
219,795,981
435,601
728,973
60,111
217,929
141,341,726
419,444
18,429,547
129,607
79,449,545
601,702,897
86,436,773
259,330
508,764
1,966
188,756
771,912
369,527
3,348
504,596
690,801,802
75,694,743
262,293,645
21,737
43,432,966
269,655,731
134,330,511
428,950
310,485
325,887
223,985
473,878
42,898
746,838
788,795,873
335,572
550,583
671,923
3,138
59,620
453,468,809
547,576
811,985
407,447,622
11,426
87,544
665,683,982
846,958
280,422
745,920
83,97,467
260,424,787
935,942
344,419
344,921
158,596
384,608
42,189
394,889
249,664
690,970
32,209
420,583
44,568,743
108,733
425,570,783
391,811,878
131,432,606
217,525
457,759,761
306,469,772
66,573
761,905
17,765
254,776
537,647
72,126
76,777
278,997
4,745,760
324,369,798
605,960
766,976
119,260
291,730
445,996
15,321
71,122
19,835
260,280,317
446,663,749
241,575
663,768
848,909
951,971
484,707
486,721,802
121,649
344,600,720
137,586
116,561
19,815
225,494
259,519,755
138,181
224,604
187,567,746
166,884
156,804
63,869
239,739
458,990
226,466,727
697,855
429,873
163,359
426,859
153,308,661
413,569,866
70,251,555
67,513
69,292
283,528
323,884
306,619
415,509
557,942
121,186
194,716
3,5
569,817
133,387,457
135,707,804
193,746
646,768
210,238,571
34,691
57,883
352,853
839,984
115,728
219,690
471,808,955
35,742
532,970
745,953
293,353,522
520,579,839
350,936
447,949
490,901
530,775
174,747,971
862,996
99,983
511,868
659,927,995
763,804
358,722
27,181,712
140,893,940
298,962
388,449
349,373
135,861
253,419
437,562
388,847
345,821
288,854
230,327
249,727
255,786
87,738,789
235,655,732
107,201,964
834,840
195,464
236,967
516,903
547,647
151,330
617,975
393,953
202,968
589,851
494,688
327,588
112,554,625
284,384
702,815
362,905
106,470,753
407,738,849
18,421,532
273,360
466,563,603
498,813
462,648
735,855,975
165,337
218,287
768,862
9,281,933
474,490
647,659,881
442,856
445,609,718
61,532,890
40,207
186,831
823,1000
380,829
123,770,813
376,743
784,941
289,585
549,977
162,570
307,587
328,904
351,557,898
61,769
905,982
252,922
7,574
53,310
209,782
135,865
663,763
352,815
46,390
206,573
154,638
468,620
99,609
676,757
899,960
223,400,726
95,938
98,141
856,961
170,609
124,226,462
804,938
501,565
605,648,964
736,880
25,760
84,206
61,374
418,793
865,881,955
46,498,870
380,870
178,526
669,879
28,699
446,448,583
669,762
110,640
544,623
36,560
250,762
20,526
194,783,932
132,616,622
107,258,279
31,263,812
359,898
241,930
545,990
610,769
313,508
355,464
48,539
916,925
88,146
29,68
64,583
299,737
74,372
391,590
97,676,683
142,773
237,792
387,691
153,170,177
198,282
474,669
55,721
46,91
131,415,440
404,471
216,893
570,708
191,910
210,370,682
365,943
248,778
414,532
262,402
667,836
327,950
46,61,629
293,962
187,208
439,833
81,86
318,891
415,998
289,944
177,446
124,608
345,786
742,854
427,742
194,217,458
133,520,954
543,936
837,911,950
329,386,734
31,864
529,945
331,522,667
576,976
95,530
621,933
317,620
433,691
776,826
345,797
243,786
423,733
659,790
893,936,971
180,361
194,731
149,467,633
231,364,822
213,345
201,666
691,987
290,655
466,526
335,584,949
832,968
307,578
172,248,735
130,922
568,594,784
369,580
859,983
367,837
264,476
48,931
370,599,648
460,801
410,587
852,945
379,622
119,336
852,859,938
338,823
161,453,810
324,521,680
224,865
444,652,931
208,582,769
654,707
209,987
194,696
255,388
316,453,792
150,747
476,769,890
477,838
222,826
587,965
330,581
402,557,562
353,354,954
627,698,786
99,122,968
456,699
364,556
208,602,670
435,725
12,545,934
107,553
103,684,847
228,807
845,965
313,487
307,374
136,530,934
236,490
512,663
139,262,376
504,765
690,849
666,837
279,671
514,666
199,927
67,256
477,718,853
183,942
311,463,498
633,634
228,553,879
222,456
155,289,783
179,824,938
524,614
449,454
77,230,830
583,695
75,925
35,260,504
306,448,656
428,822
49,802
443,967
201,774
388,611,874
673,750
135,648
60,745
306,371
669,770
286,975
261,486,969
333,606
268,473,538
97,714,832
126,952
2,644
747,984
111,989
223,236,279
49,562
165,959
268,476
215,660,931
687,752,785
59,886
273,870
710,961
256,954
305,394,599
68,262,380
206,485,911
506,702
424,568
420,521
792,891
89,690
101,475
320,947
861,917
233,491
102,336
144,717
455,640
10,479
57,881
180,197
451,909
303,485
222,891
279,462,515
508,542,710
473,626,736
313,409
10,319,978
582,908
112,232,932
420,731,956
612,738
116,493,610
542,578
357,458
598,725
230,400
325,648
754,851
589,734,819
150,587
482,488
180,982
479,661
78,278,952
552,864
80,263,903
858,961
504,779,979
328,781
350,668
108,718
720,780
328,827
68,877
244,350
656,838,945
454,782
637,796
78,690
225,372
97,127,875
111,611
121,240,767
218,423
96,119,373
20,94,450
254,326
270,975
142,504
712,894
259,360
75,306
333,765,943
887,934,985
140,473
303,842
8,91
492,820
1,667,952
228,298,802
150,169
528,624
206,964
423,437
68,559
129,784,858
257,354,919
263,355
276,875
319,470
120,626,779
190,700
944,999
393,780,890
52,534
316,462,688
361,377
121,324
63,872
126,471
174,305
107,932
44,727
302,773
521,768
281,286,536
132,562,734
313,359
265,430,585
427,525,600
564,574,812
119,899,924
602,775,904
258,499
423,637,725
396,587
62,711
426,632
174,466
76,152
91,760
46,607
414,452,501
403,603,783
54,222,917
14,368
92,639
156,227
538,542
330,617
43,432
9,286,446
116,178,530
219,304
146,414
231,616
246,389
211,780
54,478
349,921
59,692
428,481,768
94,680,737
98,473
323,970
103,828
252,705
333,375
583,751
558,940
232,416,476
252,428
559,668
874,987
29,834
143,258
246,474,722
852,970
333,812
492,814
686,968
112,454
453,996
894,985
773,842
347,645
172,414
541,686
701,705
38,201,778
64,420,921
577,929
407,513,850
326,513,872
303,410
626,786,829
1,24,773
135,517
149,824
513,718
231,335,959
134,182
551,808
46,329,640
402,411,822
38,353
67,365
13,698
321,793
16,772
12,889
439,612,706
220,576
464,845
21,392
237,550,705
186,239
58,106,269
47,689,1000
98,464,891
706,836,933
7,470
111,493
391,394,570
76,86
245,355
232,693
155,357,569
785,950
343,663,921
629,638
170,297,499
10,202
65,141
797,865,914
75,398,943
136,504
172,295
305,940
62,317,821
803,891
229,393,549
154,968
416,905
678,945
202,963,979
563,633,790
164,575
142,877
36,310
78,262,939
296,595
443,571
408,810
175,330
441,618
145,716
514,881
246,849
439,952
391,661
344,554,998
730,754
14,292,445
94,641
44,410
319,480
60,367
760,765
141,717
588,703,808
714,782
200,741
575,603
244,809,841
208,862,882
615,860
73,251
167,264
82,352,776
8,562
547,671,769
14,288
81,326,699
353,874
129,705
825,901
149,623
554,570,979
326,549
307,616
259,533,671
5,312,682
197,498
659,919
82,457
503,744,752
294,747
589,710
556,984
418,716
546,691
479,524
50,554,802
2,119
610,655,961
39,669,692
695,855
459,948
194,373,845
37,185,403
130,159,948
204,395,685
586,845
116,756,916
86,592
459,980
18,69,741
295,447
7,466,655
229,775
97,641,875
455,598,856
411,490
52,128
326,495,809
461,967
321,979
578,667
367,737,793
561,719
114,411,992
263,603
406,625
249,460,957
366,762
680,862
541,632,943
134,803
579,632
420,495,855
647,820,884
416,838,988
134,330
60,714,826
312,699
265,390
359,694
159,913,950
228,521
60,348
292,470,714
644,765
305,347,653
186,348
417,867
276,729
336,752
282,669
43,52
48,511
335,446,469
631,705
32,313
17,278
939,979
262,949
130,175,521
115,134,397
452,883
113,612
214,480
471,574,887
194,418,499
391,781
264,536
67,452
84,624
201,877
133,292
256,881
149,573
169,949
295,301
374,567,710
530,937
313,977
481,759,862
146,772
144,361,472
158,466
103,345,942
682,759
226,604,646
326,619
250,622
316,848
48,77,191
343,494,532
196,857
58,460,902
395,927,938
352,854
10,688,899
317,628
383,642
629,778
53,897
251,694
35,574
271,738
706,764
600,809,904
629,868
45,888
2,397
207,254
85,108,596
179,713
780,893
622,764
375,745,794
326,343
817,996
16,183,745
477,989
539,648
170,319
316,364
381,733
548,673
7,927,951
517,793
34,346
49,630,857
226,613
142,161,513
542,577,725
647,672
157,251
344,461
630,643,981
239,513,657
272,680
98,604
45,842
272,998
133,989
216,260
34,307
624,788
109,273
398,536
741,749,799
666,741,891
832,868
692,812
5,610
223,375
128,531
181,994
277,985
348,531
615,882,890
126,320,955
501,710
761,774
305,323
384,437
258,402,886
280,649,914
480,728
764,765
132,942
269,318
598,778,932
345,801,859
184,922
404,583
518,759
88,159,476
292,518
138,442
763,881
594,932
74,960
521,596
433,547,951
360,774
365,844
169,189
52,184
249,305,647
2,811
467,522
255,373,441
129,178
16,754,802
404,755
325,707
266,393
170,226
196,634
801,984
65,290
200,644
685,792
780,841,908
425,785
64,980
29,478,965
622,695,795
309,661
331,553
3,898
11,965
115,712,773
211,249,343
162,537
823,897
408,526,867
101,234
29,661
41,454,853
505,979
344,579
30,88
123,760
166,502,739
149,980
574,614
219,518,572
250,651
729,824
187,368
619,991
796,974
400,451,955
115,755
202,462
9,268,471
15,113
299,776,785
333,353
580,970
440,631
701,779
825,857
340,355,496
2,961
903,920
368,604
426,520,597
239,432
37,829
189,624
129,205
39,387
595,739
512,936
841,975
545,839
103,349,695
435,935
438,605
554,936
809,867
222,341
689,841,965
63,471
665,867
473,510
24,486,566
618,944
158,465
660,771
221,664,904
129,949
361,642,644
351,892
31,708
594,684
111,472,678
142,428
132,704
277,450
131,155
42,400
142,176,892
139,145
861,942
291,414,567
411,944
802,826
307,657
388,842
114,939
519,849
528,549,884
470,732
113,829
454,630,680
139,822
466,473,794
7,735
648,757,856
261,973
23,99,858
84,207,426
281,480,743
150,550
92,170
343,689
122,867
263,945
446,987
24,962
12,215,364
511,551,678
76,398
814,858
102,788
254,693
335,387
738,954
473,989
366,857,892
421,870
369,516,873
33,879
400,899
231,477
10,135,537
603,839
290,670
5,369
665,959
456,578
620,972
422,715
268,853
756,895,944
124,237
136,174,220
346,918
291,694
709,930
153,806,954
37,165,842
184,325,524
419,727
513,890
329,515
422,967
242,288,411
503,505
336,709
433,546
314,912
245,855
146,797
438,520,626
299,594,601
25,626
129,493
146,374
244,417
179,672,893
32,266,276
292,377,798
107,258,794
632,998
599,740
46,663
231,416
82,989,998
272,419
574,689
329,502,547
585,593,645
250,372
344,879
283,583
43,201,869
491,830
787,994
413,668
196,390,679
445,925
87,152,747
9,914
711,929
311,335,593
618,685,736
401,630,838
398,774,953
794,904
445,925
332,660
300,350,447
145,824
98,363,415
255,315,828
449,726
138,711
458,510
47,105,506
514,621
53,345,997
227,536
352,870
463,966
32,56
12,633
585,672,807
583,908
308,436
111,681
652,843
415,907,935
77,421,967
381,979
201,688
125,151
121,187,289
229,244
513,898
47,813,997
141,612
246,698
320,563
40,768
135,913
642,944
540,996
313,643
6,77,955
743,855
141,501,544
353,975
538,734
263,587
45,268,401
314,949
131,156
365,809
711,981
271,393,517
57,891
107,259,531
339,691
840,965
497,702
69,267,337
771,887,955
161,527,996
150,809
369,646,971
471,766
657,832
351,810
35,380
18,20,239
550,836,908
712,761
118,326,577
217,554
256,391
212,794
353,876
200,525
596,677
219,836
308,580
588,661
258,978
528,679
60,231,744
958,999
350,373
574,819
569,628
272,326,895
18,338
78,481,589
86,997
191,561
696,1000
66,101,239
244,399,855
25,128
637,783
105,750,757
372,991
19,353
537,789
90,310
517,622
96,275,638
408,984
376,418
163,407,699
35,110,132
87,752
637,941
727,768
194,633
521,569
6,185
286,338,426
357,840,998
715,799
333,472,819
291,296
803,936
52,953
494,605
418,911
98,515
785,838,858
562,850
135,712,860
45,769
545,961
632,986
162,774
101,819,969
306,367,640
788,983
80,780
302,765
353,937
196,745
103,278,539
56,260
237,687
454,923,991
301,519,558
10,143
350,842
287,804
624,946
297,309
169,982
745,972
4,837
528,689
189,921
287,517,635
118,571
305,468
48,128,883
626,721
434,664
580,805
246,539
44,242
180,586,922
380,721
489,725
160,564,715
333,897
84,114
337,678
142,565
551,943
155,171
286,572
477,593
733,926
441,746,912
249,809
651,853
354,617
149,557,793
571,911
173,712
172,267
53,418,842
108,127,306
240,626
58,409,915
240,805
270,551
172,615
563,980
263,655,987
713,857
205,615
270,426,766
838,926,975
505,759
23,558,695
411,774
368,392,888
39,420
135,823
38,553,857
205,568,693
548,958
348,367
901,950
50,840
921,934
58,502,743
6,420,850
108,363,609
245,703,707
698,911
76,233
6,550
733,777
367,409
338,789
392,734
323,328
297,460
505,509
83,341,782
169,773
193,508
252,363,521
691,778
62,361,723
106,929,951
230,543,742
61,488,795
529,989
80,850
231,579,827
629,822
334,698
643,690
117,253
301,587,656
396,905
256,604
314,925
511,839
2,805
371,633
697,963
149,170
264,339,451
44,866
703,748
107,417,742
781,846
292,441,596
106,227,711
592,696
446,748
424,455
309,527
295,981
120,545,874
332,581,810
171,854
553,559
152,306,884
209,813
374,926
648,973
336,752
891,917
523,726,825
1,181,750
546,710,740
212,868
47,159,185
473,538
111,370
36,455
287,485
233,527
454,560,981
443,605
212,617
542,990
750,778
547,884
688,725
275,973
279,728
72,99,308
259,641,851
722,782
227,426,795
202,592
189,415
421,905
395,842
168,214,378
72,460,805
554,858
683,948
1,720,875
239,340
82,142
36,375,688
954,996
300,489
135,171,754
221,225,336
207,567
158,697
678,919
154,602,957
373,743
49,579
19,805
132,418
147,996
570,821
191,790,828
595,929
88,359,870
538,607
552,973
380,811
74,259
187,363,364
256,864
487,769
525,666,738
700,908
311,403
23,717
332,344,592
653,890
277,533,994
423,736
312,903
349,802
284,943,996
256,811
145,303
137,719
291,797
548,558
451,596
143,569
360,384
329,472,912
106,936
586,824
131,270,310
168,759
318,460
44,299
209,505
151,609
37,245,722
15,272
307,730,775
507,758
703,932
5,57
19,427
66,399,981
821,935
61,273,790
130,314
108,606,992
54,118,698
84,163
230,658,747
332,892
711,844
396,513,612
20,435,784
40,529,933
196,378
29,363,968
563,674
163,401,874
868,944,945
890,987
314,791
323,626,699
99,112
168,863
221,561
402,509
395,717,872
2,178,810
555,921
2,170,580
294,367
379,644
23,364
533,650
172,395,758
555,602
133,301,927
40,472,885
903,963
98,514,521
468,784
199,679
177,592,637
14,253,299
264,952
380,900
54,901
299,810
53,202
171,843
128,906,972
66,584,727
344,463,507
134,678
598,731
161,920
682,756
138,250,978
462,481,922
369,603,769
202,556
242,687
301,736
691,878
134,621,738
869,944
202,231,932
103,497,937
527,900
976,982
27,443,566
444,877,918
110,221,731
183,538
40,541
145,445,963
100,953
140,551
284,871,944
594,878
65,670
166,374
568,936
479,945
198,855
67,630
68,907
76,927
18,247,890
203,217,254
33,78,960
457,974
72,283,601
686,835,856
487,591
56,269,759
150,466
9,764,920
53,630
115,418
113,400
39,161
274,678,858
127,832
288,435
128,800,834
115,566
221,730
82,311,525
367,460,505
524,532
405,618
38,889
548,772,790
4,73
469,690
769,880
238,355,955
306,591,778
390,696,889
372,664
610,619,933
550,981
162,347,348
436,794
37,949
65,764,789
531,868
64,275
163,349,550
17,539
94,776
148,705,938
130,792
493,975
664,884
173,641,724
193,459,809
246,579
245,783
106,260
48,551
220,508,543
161,573,912
628,665,966
374,603
15,664
29,571
37,978
475,675,730
879,993
656,915
190,825,831
110,393
45,842,983
64,409
86,195,832
101,175,652
8,257,357
58,290
196,312
58,546,612
252,526
71,337,821
839,942
540,922
204,256,966
122,693
440,802
115,314
119,906,999
382,521
442,621
668,705,759
145,630,998
655,855
71,835
438,663
39,707
474,836
565,601
640,688
542,632,853
359,802
46,172,503
442,978
276,746
592,597,927
714,803
48,825
106,904
392,894,943
607,877
102,375,803
252,961
287,909
188,379
393,460
99,253
69,189,773
219,603,629
138,959
244,439,855
53,262,882
376,458,606
101,442,864
437,696,733
104,117
465,573,578
127,379
92,669
27,307
110,267
351,827
326,750,935
488,669
557,763
909,956
544,829
384,696
613,651
459,772
201,723
109,189,485
811,897
567,694
116,668
51,85
692,761
394,857,962
563,934
301,772
268,640
561,902
88,868
37,123,868
161,978
699,844
702,938
476,806
485,923
151,477
7,372,446
155,715
550,923
309,660
630,819,854
572,616
7,983
385,826,911
355,444
149,829
540,731,787
295,725
109,213
272,369
66,907
25,850
340,364
632,645
229,864
687,825
463,637
114,601,822
220,615
45,983
178,234
104,555
305,629
512,608,741
935,938
114,266,712
269,448
513,850
875,956
364,519
152,374
321,560,846
278,411
889,983,984
53,170,847
289,546,759
764,770
261,277
616,733
92,938
217,251,693
418,768
261,432,996
168,609
182,620,977
217,615,872
87,265,893
54,105,777
405,862
306,664
672,995
63,282,967
410,928
491,987
522,579
273,592
231,555
677,844
370,790
391,718
159,330
614,926
28,295,373
24,221
111,334
422,707
598,780
70,163
650,822
45,92
135,667
139,633,725
209,283,547
110,618
835,858
297,455
373,942
197,228
560,564,792
7,616
377,866
383,717,946
635,834,879
80,636
738,970
84,179
788,895
196,900
580,713
493,534
94,111,651
215,654
368,438
825,978
119,484,725
161,813
411,972
334,654,809
751,998
139,877,996
261,860
279,887
624,752
542,633
706,956
478,826
605,823
202,874
104,935,968
487,663
65,266
686,815
227,855
272,625,692
302,333,705
438,946
616,767,859
834,856
727,876
15,786
423,695
686,940
247,607
526,600
727,916
369,833
52,302,523
601,947
37,539
221,759
597,745
237,878
65,399,740
14,488
313,490
54,777
249,795
292,427,437
391,992
151,390,633
299,781
26,166,903
40,969
149,194
128,614
473,626,658
157,776
9,116,643
810,869
28,348
488,929,989
405,577,843
68,880
175,760,763
71,460,769
143,782
243,675
362,811,965
590,598,618
296,345,842
734,842,879
729,817,950
65,186
277,864,952
513,526,645
724,810
192,463
78,594
294,365
237,890
216,620,659
104,377
378,895
25,565
146,550,921
351,545,984
234,684
88,418,617
465,550
461,902
385,388
21,33
72,694,699
649,658
36,197
58,755,793
11,627,663
393,433
964,1000
53,930
316,379,716
285,692,808
712,824,851
568,630,732
820,936
365,392,468
371,651,813
47,119
889,957
153,445,553
125,473,768
470,871
212,955
223,248,864
343,657,951
121,151,297
274,614
128,498,825
398,898
413,523
120,239,569
27,505
272,730
48,660
377,896,944
223,453,923
411,718
500,551
583,600
5,264
254,256,441
827,925
139,483
44,896
113,229
1,409
603,823
283,559
450,622
84,932
61,396
206,626
219,545,832
41,265,329
203,638,758
344,545,781
343,650,665
437,604,876
294,331,855
760,899
905,965
280,366
10,277,985
54,253
30,300,871
347,719
219,582,904
275,476
468,604
17,107,958
229,596
346,911
549,579
314,550,890
230,929
466,472,994
187,288,839
454,725
268,284,318
589,877
537,923
527,689,939
313,585
802,821
183,423
71,655,860
783,999
78,806
188,459,900
91,897
373,444
888,927
740,905
610,882
249,373
539,695
363,571
41,246
259,412,794
81,275
297,766,970
13,657,896
467,686,896
102,885
211,608,759
178,805,891
368,655
529,757
144,445
167,753
59,931
74,928
484,626,907
117,394,926
293,776
96,349
225,307,759
650,798,809
528,662
940,942
303,963
235,840
269,933
378,705,706
689,799
66,614
198,451,515
93,730
348,657
92,152,712
267,355
338,367
471,886
843,963
526,628
681,972
757,831
719,723
428,672
184,316,490
132,142,782
404,699
523,745,760
310,849
3,980
203,684
185,397
215,646,788
595,725
400,824,923
609,876
124,296
59,757
280,788
11,249
614,755
391,473,863
673,804
441,545
192,418,687
11,182
374,493
144,358,851
150,301
185,579
8,687,866
80,226,787
75,88,881
96,379
730,835
354,445,527
228,324,408
514,839
293,761,794
199,468
596,625,781
222,742
241,760,950
167,540
464,935
666,883
167,674,850
229,566
854,872
292,904
832,925
40,165,370
22,767
56,528
466,727
691,975
240,292
181,948
446,916,944
271,841
341,433
62,408,898
471,973
143,251,422
230,436
101,341
558,638,836
22,975,976
388,841
33,80
223,635,864
20,755
410,727,924
472,707
353,415
271,944
65,169,778
182,624
65,466
379,532
108,205
39,475
285,477
167,614,803
192,593
78,708
567,650
495,760
43,188
738,764
952,967
220,421
58,485,921
50,490
24,413,891
10,320
11,440,864
460,572
886,950
45,202
149,424,530
145,785
55,501,782
78,710
841,963
377,607
133,388,822
125,478
192,745
682,911
136,971
415,996
155,882,941
4,486,599
542,847
360,436,864
157,864
232,526,702
166,221,493
136,512,741
416,988
266,563,628
132,336
471,686
534,566
320,635,944
164,545
210,450
267,788
370,540
150,501
224,253,538
18,649
571,749
556,561
403,742
55,263
223,385
165,541,818
243,524
646,791,867
903,908
561,697,902
37,103
567,881
463,762
104,127
828,890
402,758
774,862
202,939
395,457
180,667
118,621
357,833
622,730
448,753,936
183,342
48,564
144,248,817
449,711
346,551,911
873,987
485,572,714
68,124
303,954
301,329,947
156,167,179
72,527,742
26,508
135,825
292,509
148,248
574,621,894
510,730
180,667
60,178,781
301,587,980
296,445
659,732,738
595,934
355,886
18,387,911
776,955
866,878
75,807
654,955
222,417,971
107,462,931
527,865
317,478,806
947,980
868,928
273,548
17,885
62,734
633,785
501,946
732,789
83,223,688
554,959
475,691,823
91,191,614
116,452,981
435,537
826,914
487,670
66,182
747,775
116,772
455,474,618
426,806
264,569
383,645
352,708
38,257
74,551,555
89,450
384,829
27,909
393,398
132,909
110,775
627,858
421,780
460,464
674,856
283,342
295,386
601,692,776
894,933
284,400,870
267,977
280,655,958
39,636
738,893
184,846,861
581,893
500,676,698
450,471
387,441,679
824,836
272,973
331,638,646
32,461
425,800,943
347,516
568,680
295,459
325,954
180,635
150,581
202,416
237,958
100,698
165,342
56,220
136,541
19,345
672,953
251,924
708,934
3,190
317,409
29,95
592,610
27,73,450
803,862,900
149,415
508,706
172,182,719
39,115
501,952
786,961
501,706
7,199,732
182,350
738,888
1,424,981
236,720,783
83,370,519
440,746
662,720
312,588
216,399
80,787
86,115
480,788
433,900
469,788,904
218,907
87,190,372
821,970
2,408
22,266
263,493
152,447,936
150,235,548
340,611,874
736,989
70,567
436,536
543,604
98,232
67,324
116,791
491,963
711,746
129,530
20,182
421,945
358,630
551,808
343,985
782,855,891
680,945
381,577,857
470,951,988
77,511,830
177,458
236,657
84,649
709,734
935,968
197,712
72,533
383,854
162,279
60,86
107,813
71,183,645
472,511
498,575
14,984
554,585
704,853
204,872
332,362
679,818
242,321
385,564
245,804
343,494
130,792,986
88,110
573,987
122,254
234,802
495,612
7,70,374
17,603
45,512,546
433,498,665
360,509,533
947,966
122,303,484
546,587,715
487,735
434,527
146,267,855
384,441
421,466,895
266,410
397,420
710,792
171,843
347,907
127,334
578,924,998
120,827
340,899
402,736
194,274
191,692
96,291,924
251,964
6,290
159,872,960
252,923
99,213
19,317
637,879
80,134,891
432,778
419,923
236,496,958
114,992
123,658
48,502
448,665
534,762,961
40,300
232,857
355,769
326,392
714,917
268,954
445,876
296,585
20,109
32,994
193,498
597,607
625,782
11,294
22,883
145,428,974
769,837,979
482,486,753
330,768
821,954
228,887
910,948
96,738
391,866
43,748
176,384,937
77,724,996
96,577,681
12,565
87,433,743
68,332
248,788
293,654
103,336
197,198,813
17,822
515,883
138,185
54,639
647,780,824
774,919
128,539
219,823
542,873
198,486
318,851
631,806
214,579,947
44,387
647,930
151,344
480,968
106,157,789
258,387
152,747
266,687
392,606
586,677,717
348,607,747
66,111
725,825
539,763
293,339
236,274
771,958
259,399,852
518,639
233,339,768
130,738
490,551,891
187,200
462,861
194,357,725
280,917
128,704
370,985
175,885
393,404,850
116,365
426,659,749
737,910
43,935
470,691,704
144,913
36,249,275
100,851
494,815
256,868
173,321
845,882
262,480,611
43,412
29,298
353,530,568
541,725,733
889,922
324,366
191,945
141,764
397,634
129,966
269,336
186,818
153,616
279,515,946
14,779
128,144,720
616,946
431,741
273,369
141,208,572
347,452,620
390,598
482,917
314,690
458,557
350,817
225,890
46,203,468
268,581,735
80,348
178,735
534,957
239,710
67,664
299,411
157,449
428,723,771
615,790,832
287,549
107,397,402
327,403,514
107,353,771
151,509,815
483,538,954
497,613
481,990
29,71,767
764,825,954
224,702,822
270,339
240,322,693
294,695,706
527,998
290,330,734
325,781
303,425,782
601,992
353,759,902
242,524,824
383,764
436,658
651,899
20,192,976
588,907
373,508
64,478
23,81
250,697
889,939
47,65
263,273,664
2,848
244,289
498,789
658,667
429,493,577
696,733,938
730,753,994
730,937
114,716
467,473,989
526,585
31,717
6,379
112,833
7,116,600
454,810,878
208,225,747
198,630,1000
278,654
676,730,920
28,172
669,751
410,415
672,987
7,46,981
107,250,539
168,992
80,820
84,419,492
227,275,697
657,823
931,959
45,380
215,598,609
174,622
760,813,881
417,526
583,901
346,873,885
220,281
134,904
144,188
192,386
118,735,942
152,561,599
220,336,715
344,390
407,412
551,819
208,394
393,963
168,733,822
267,425
699,810
655,823
233,367
870,940
235,550
288,311
509,570
43,545
583,650
5,663
161,705
284,285
407,503
207,367
79,676
56,799
185,409
368,678
174,337,773
151,498
104,240
48,357
685,964
33,111,123
347,672,836
79,478
469,898
368,925
59,127,883
628,895,963
847,900
500,931
167,482
406,761
434,928
269,473
930,976
347,414,460
112,133
118,519
299,917
114,779
126,495
664,820
524,982
27,702
329,544
198,619
875,942
95,834
220,585
358,440
883,907
600,699,769
361,492
539,784
44,206,306
807,976
711,853
77,177
362,623,626
561,836
704,916
464,689
447,708
340,570
523,577
6,169,372
624,971
168,980
29,878,938
379,509
110,200
297,824,982
544,844,948
644,969
70,492,515
216,977
847,980
2,262,515
403,404
88,648
384,634
903,940
634,939
163,247
172,315
957,995
186,259
236,406
326,419
266,723
332,490
126,207
410,592,711
283,880
512,802
795,872,891
237,983
14,996
338,347
599,864
221,290,691
122,381,609
251,861
862,888
257,884
267,607,809
536,728,972
217,277,825
520,665
337,894
240,984
125,499,506
2,40,750
238,712
350,787
476,692
103,183,801
358,912
184,800
184,278,608
717,868
91,681
604,859,860
284,302
753,845
491,734
599,955
32,395
348,468,895
116,550,749
82,410,805
251,472,948
177,593
230,745
175,212
526,893
381,991
359,409
81,178
152,307
156,813
457,794
437,483,701
48,153,711
76,398
871,996,1000
989,1000
68,477,565
12,782
323,901
683,901,985
328,535
468,662
108,242,848
295,487
132,409
148,442,827
13,40
211,547
233,667
118,976
320,584
389,504
281,505
187,486,970
384,746
515,931
901,980
155,572
85,673,878
116,417
11,12,529
48,729
385,754
480,737
265,772
553,990
62,581
701,734,822
172,227
273,800
437,653
408,631
517,636
74,76,212
406,506,897
853,890
32,196
288,368,802
35,201
522,641
862,884
534,683
618,821,992
688,972
578,932
334,502,973
516,965
76,325,358
728,825
389,635,924
51,737
76,375
327,574
554,732
219,553,762
127,346
189,743
227,235,848
222,972
126,433
244,285,858
303,433
572,582
391,779
285,842
406,824
109,116,643
584,752,780
71,693
214,767
6,347
372,464,921
582,691
292,308,384
148,394
109,312
543,712
773,783,993
65,516,587
318,887,959
536,735
146,832
173,576
677,894,922
165,792
571,688,993
505,940,971
164,517
282,537
360,694
741,923
783,914
105,322
41,852
74,621
100,370,438
339,443,705
755,862
685,827
75,422,564
118,361,648
550,800
296,539
70,485
472,490,1000
274,309,455
407,911
561,884
154,700
358,946
67,381
504,930
104,459,928
382,541
502,998
479,652,851
845,994
782,945
120,362
64,775
53,445,674
88,612
2,22,634
244,557,802
344,437,686
209,211,655
235,306
29,990,992
90,248
22,201
202,368,604
171,797
535,829
336,727,971
514,669
189,430,448
704,904
278,489,659
15,375
680,966
9,46
195,245
70,108,940
1,54,681
107,449
440,770
579,696
356,418,427
6,25
40,756
60,94
322,536
86,956
244,488,597
2,416
268,473
93,240,416
357,510
31,872
184,652
131,180
15,487
252,282,933
65,79,211
576,677,745
272,686
4,951
153,596
226,724
38,82
313,646,995
107,693
102,313
647,902
9,291,991
553,974
35,578,964
299,311
131,148
535,693,842
722,825,849
73,573,631
148,939
184,474
459,629
335,629
239,635
10,43,658
379,496
288,376
410,611
193,608,672
7,801
509,942
449,530,545
323,858
299,601
67,335
507,744
37,91,969
649,925
622,699,927
681,924
168,560
339,366
427,687
914,958
368,440
28,789
415,889
176,716
260,385
29,330
307,632
103,603
851,982
23,699
825,993
280,536,956
493,734
226,238,793
54,142
92,634,718
616,848
382,569
97,139,820
134,518
27,535
370,462
301,921
857,882,939
131,134
443,935
317,684,853
600,658,799
204,297
191,543
128,439,656
160,608
311,386,935
35,556
99,933
550,957
467,792,949
864,940
69,661
559,615
271,699
453,617,999
609,746
11,32,638
208,244
2,481,987
289,927
495,620
220,753
86,935
345,844
223,394,436
259,751,792
422,652
506,839,998
44,700
168,555,684
170,929
308,356,492
222,865
199,362
346,537
273,559,916
14,742
508,954
416,744
62,853
128,360,804
488,801,951
741,964
366,709
343,464
369,949
281,977
774,792
259,462
820,854
611,828
274,391
362,965
459,809
87,191
138,472,783
203,640
288,384
350,539
48,800,917
11,324
511,824,883
282,606
453,474
749,873
144,797,875
262,506,876
489,861,943
588,726
679,805
951,993
40,397,524
489,609
55,137,556
243,438
18,493
261,614,688
249,567
681,854
9,314,492
25,411,537
4,57,750
67,229
677,864
368,696
673,995
337,449
190,318,507
118,651
339,496,681
476,549
206,576
188,251
774,945
548,549
208,715
173,826,864
445,587
972,984
719,895
276,562
216,397
196,394
192,391
359,469
227,490
306,407
528,737,782
12,262,942
32,644
297,796
218,332
650,814
300,571,574
359,374,772
864,950
71,577
383,489
444,863
162,424
295,389
243,883
601,785,811
372,991,994
458,928
244,796,984
198,946
101,656
389,502,671
111,605
82,375,865
274,676,845
175,553
153,734
543,698,748
226,436
158,919
554,818
28,294
624,655,772
536,707
244,323
148,506,579
124,258,382
81,360
91,302,999
289,493
278,842,971
272,877
767,866
25,600,954
339,342,547
490,782
229,772
129,954
346,970
268,633
389,443
542,605
708,862
946,960
440,957
30,389,419
304,371
709,969
174,877,887
360,762,886
784,877
255,354,835
208,978
380,530
115,978
128,494
36,157,159
4,24
236,310,482
388,574
254,256
20,686
305,393,940
169,196
111,134,279
333,570,856
508,663
730,933
400,403
94,647
401,896,925
537,665
66,298
59,319,769
156,825
738,878
67,305
532,575
697,850
519,550,674
99,767
235,880,940
197,344,797
270,399
505,804
465,908
218,558
658,778
693,711
423,458,852
496,709
23,664
440,711
512,578
209,985
137,375
470,769
255,563
500,661
314,668
607,671,713
61,759
189,547,662
732,888
139,377,579
65,639,654
941,942
282,797
125,928
877,918
574,761
43,59
246,754,837
8,726
518,700,881
11,512,719
148,268
12,101
36,392
313,339
296,440,847
236,800
217,900
161,345,959
66,286
115,445,980
131,363,639
786,871
380,877
226,868
284,862
232,827,983
201,543
381,907
481,729
519,681
120,330,629
211,442
31,112,129
166,537
134,217,484
7,272
209,566
301,908
473,950
233,755,956
284,968
420,572
312,459
571,755,886
103,522,815
159,707
705,819
318,923
66,863
429,691
3,320,649
248,608
22,357,562
45,997
608,836,880
137,951
89,318
497,556,767
79,435
568,606,801
462,552,742
272,462,974
529,751
99,381,492
37,842
114,440
156,912
161,848
70,148
439,641
795,834
26,505
374,572
493,697
79,299,525
67,813
91,793
407,548
315,412
449,571
97,678
460,688
93,765,771
266,461,674
291,908
249,946
666,716
83,855
158,562
295,901
169,199
96,665
263,956
214,898
26,336
218,611
156,681,982
385,689
700,830
166,493
592,773
122,850
26,780,922
913,962
207,715
104,309
425,906
820,842
230,953
32,647
58,372,640
527,597
251,923
75,774
324,687
805,896
236,909
623,701
510,549,552
188,371,872
325,453
637,727
569,922
342,548
396,719
142,380
404,452
438,865
832,997
877,993
207,714
727,791
431,858
77,159
331,447
136,829
354,705
254,770
331,508,694
62,112
415,427
361,635
285,397
232,308
33,413
777,794
219,260
473,484,896
349,799,823
175,583
822,880
255,419,582
754,789
193,575
240,957
138,294
280,964,979
161,793,944
243,751
68,228,441
306,312,795
193,318
51,431
472,730
602,853
79,353
269,662,973
310,358,588
660,737,815
381,873
420,624
392,488
626,633
262,345,701
77,574
44,230,567
353,625,628
148,410,580
317,542
103,211,556
206,685
484,919
208,960
240,323
937,964
615,772
285,869
546,704
383,534
54,124,337
23,498,514
67,219,487
32,470
372,399
38,79,684
168,472,987
375,826
377,926
388,779
87,244
409,419
406,820
285,978
364,573
212,452,796
20,71,445
787,921
163,217,872
51,103
16,611
8,859
700,727
55,505
358,505,1000
522,563,838
76,86
162,380
730,857,907
723,920,933
376,622
321,578
153,573,745
660,773,943
572,787
203,664
199,836
389,794
126,163
553,645,925
27,515,723
192,718,858
483,627,859
254,784
78,899
125,345
150,840
188,521,901
142,363,630
265,921
307,338
708,712
243,803
439,747,781
13,363
485,622
129,609
251,576
117,153
259,310,560
64,357
51,135,777
156,750
769,945
240,445,600
209,830
570,838
86,565,648
371,779
93,776,857
87,713,731
306,675,789
813,835
35,383
687,829
206,223,341
365,870,994
64,452
291,991
283,646
431,580,937
289,419
151,633
419,697
342,992
549,816
312,584,841
43,388,736
20,974
255,484,625
230,615,902
557,590
39,267,840
299,651
144,174,621
270,502
489,817
171,699
323,512,602
308,375
271,421
157,751,777
567,918
298,635,648
292,939
133,696
127,802,884
111,824
20,330,530
313,503
436,698
292,509,642
901,961
696,896
739,797
642,918
230,310,540
462,964
530,696,938
880,922
300,717,865
179,508,744
46,670,987
233,689
245,681
385,451,574
511,765
269,313
591,694,995
174,767
452,540
750,875
699,845,890
219,273,583
184,712,964
232,925
197,686
357,883
307,764
35,72
183,452
492,689
548,657
701,921
592,853
443,745
592,751
212,529
99,166,741
45,706,865
760,839
3,52
123,745
13,379,880
193,522
174,789
667,742
8,228
634,992
106,657
231,364
377,581
1,386
280,349
102,461
119,295,923
208,365
93,888
180,688,737
141,220
313,888
590,737
14,140
138,783,830
928,989
941,966
61,319
368,781,996
32,427
301,905,916
2,175
238,670
480,885
515,586
219,533,607
268,463
126,332
210,750,805
57,302,792
13,578,978
442,950
507,563
610,657,671
155,217,701
835,941
15,921
533,811
729,896
363,888
9,16,949
247,317,517
832,929
321,431,754
31,783
203,219
120,242,526
141,717,842
533,845
38,477,843
154,449,748
92,320
101,233
141,477
44,219,623
93,112
133,509,594
112,820
101,237,559
76,472,860
701,786
121,177,570
243,748,997
39,862
24,128
181,403
20,329
802,937
274,476
188,455,855
829,856
423,916
97,385
256,555
136,845
455,530
24,498
376,463
325,718,742
786,825
33,135,894
888,918
138,707
202,914
376,998
564,655
323,971,991
153,387,998
448,533
206,669
906,974
148,217
441,477,597
245,808
137,366,877
503,615,638
108,158,563
230,320
470,946
481,561
308,435
89,963
383,400
259,413
379,821
408,906
548,700
442,480,963
696,847
727,820,953
371,478
758,772
33,195,824
38,248
21,865
273,386,666
5,107
614,810,955
395,652
627,959
380,668
688,782,893
291,578,694
148,436,495
160,309,731
537,569
126,653
377,469,507
417,623
303,569
566,614,804
331,698
5,906
116,555
894,947
15,104
238,539
621,792,955
90,276,688
83,824
828,889
93,408
357,940
840,844
345,440,942
71,274
569,591
510,874
268,756
777,870
181,319
263,354
334,676
402,829
568,601,843
547,693
119,400,517
1,883
95,902
166,459
84,199,647
331,848
554,632,926
226,280,770
1,822
371,856
661,920
176,368,378
204,358
575,848
251,986
920,994
737,741
53,297
362,789
99,122,776
188,824
684,866
913,946
520,843,984
6,937
206,915
661,881
45,925
34,703,714
133,324
286,518
124,707,770
306,439
335,505,552
276,304,922
47,191,865
325,666
168,736,827
205,928
479,867
377,506,634
382,762
350,608
480,892
36,893
19,593,718
225,323,367
578,864
631,984
207,379
424,976
80,544,904
558,743,957
22,288,892
527,998
85,780
25,506,618
230,605
593,987
235,374
385,438,745
250,756
290,684
28,572
507,730
518,694
166,459,629
807,852
225,233,448
95,315,988
141,584,735
511,956
719,926
171,606,911
79,454
497,810
102,547
674,900
697,707
529,756,948
365,888
636,1000
328,757
189,293
230,997
152,587
48,811
158,717,796
238,692
422,906
73,942
678,861
185,819
37,817
3,398
214,718,892
324,820,935
620,893
51,846
326,508
544,963
118,131
2,842,975
600,717
489,862
368,378
146,456,905
443,863
61,726
93,242,461
363,925
197,341,511
282,631,930
116,615,675
405,965
277,708,869
752,991
377,440
277,335,669
99,962
377,527,815
457,593
319,659
417,760
639,828
129,347,915
278,480,910
306,908
37,964
527,896
234,779
161,686
509,942
206,768
260,903
99,139
491,893
233,374
36,900,948
199,833
482,870,995
63,680
54,55,269
56,211
348,548
868,906
489,726
358,636,668
208,349,619
833,838
485,683
48,462,691
196,919
248,619
360,445
357,874
772,989
172,910
460,493,584
487,787
498,546,987
375,782
141,849
537,598,658
82,683
66,671
327,758
209,653
96,414,715
313,610,622
49,863
312,908,933
330,842
18,248
460,512,665
530,926
376,821
124,175
590,896
9,799
159,173
305,558
39,144
659,944
215,567
201,690,698
427,736
594,607
411,711,863
23,211,549
516,641
317,545
438,649
174,738,749
41,434
210,774
385,562
10,683,707
524,606
298,992
200,404
371,523
171,225
239,872,960
609,654
38,639
392,459
249,902,991
5,436,832
464,502
580,725
915,917
515,626
100,782
426,800
809,954
652,771
733,879
219,741
177,911
64,96
402,673
106,291
415,637
457,678
282,736,803
247,301
364,548,780
40,236,930
189,760
125,169,513
517,708,914
258,566
436,736
781,857
29,354,750
178,468
80,498,586
216,543
106,592,762
469,550,692
101,836
225,270,951
280,361,677
784,810
266,543,953
351,874,878
24,569,960
357,363,467
362,385
515,865
504,781,928
149,480
73,654
577,711,776
108,941
274,566
65,328
638,643
631,901
88,963
376,596,733
32,584
552,617,855
6,888
144,258,397
654,826
271,512,518
359,893
669,961
178,716
14,843,866
694,836,845
685,822
201,225,510
627,810
426,492
86,242,315
60,676,943
32,332,807
364,966
121,595
28,177,423
850,964
678,917
327,426,768
211,881
257,823
928,938
76,945
336,421,446
611,631
394,965
727,734
61,106
22,497
522,592
828,847
99,415
103,483,661
199,681
258,771,871
489,490
37,911
457,563
860,959
580,793
376,889
246,854,924
85,577
146,735
640,695
119,785
27,86,358
63,400,471
789,825
190,327
266,291
11,948
300,510
359,697
445,882
554,618
451,967
333,962
152,264
21,703
67,69,836
83,500
7,657
124,709,982
106,334
86,620,717
808,953
358,716
247,552,731
421,981
174,421
161,453
321,621,733
759,826
272,289
173,729
32,512
110,313
571,922
284,472
805,934
173,648,750
320,909
554,651
4,606,809
696,797
26,93
414,694
276,277,413
239,838
116,472
214,871,904
109,222,324
247,980
106,313
914,918
69,158,944
246,429
67,171,713
266,625
327,621
679,932
505,694
142,693
589,726
129,227
7,403
541,604
486,501,833
196,378
239,517
25,242,600
72,520
408,807
130,669,837
121,678
732,873
408,465
478,562
17,234,930
112,508
153,231,545
19,627
126,129
231,685
85,278
257,490,622
412,912,978
432,678
349,902
35,883
407,607,650
490,739
409,758
660,735
244,657,721
599,726
591,816
51,742
478,639,834
793,988
78,381
708,891
218,746
37,76,922
16,83
664,991
256,368,907
580,722
829,977
419,428,480
417,448,456
590,805
237,255
361,948
184,244,977
819,956
362,525
468,470,749
152,505,790
406,620
508,572
570,736
183,790
329,359,825
122,153,685
833,894
440,978
199,271
546,648
210,614
31,514,831
76,311
292,384
424,892,932
552,991
151,220,612
640,719
650,694,740
314,494,896
308,683
663,758
141,719,821
455,914
213,867
433,518
141,349,516
229,374
75,92
335,407
34,810
401,731
371,521,765
494,770
329,355
96,190,474
91,273,573
149,762
341,441,935
461,697
204,288
129,298,346
255,512,813
461,934
415,467,919
114,434
482,709
326,492,730
264,534,883
202,401,554
86,291,848
366,588,666
178,811
323,823
321,908
16,465
483,828
478,573
138,190
626,851,852
389,517
187,759
142,388
336,349,662
250,320,897
676,862
262,465,854
54,732
207,642
150,841
410,497
245,320
10,358,482
663,962
198,335
424,969
667,737
3,261,771
204,461,526
580,902
90,403,866
246,739,819
243,406,627
154,401
28,674
197,524
117,805
36,147,930
226,735
31,673
432,483
388,889
312,704
303,370
338,728
348,694
126,219,575
162,170,932
338,802
717,930
168,311,598
300,515
167,228,983
55,760
10,167
48,388
540,877
336,801
629,799
715,835,885
49,943
638,657
482,922
392,738
152,326,465
83,709
32,907
230,267
769,991
20,405
524,586
12,108,693
221,613
49,122,689
446,699,891
224,497,696
27,714,918
61,102,459
248,675,759
582,893
108,162
6,789
240,939
448,626
280,812
530,727,928
62,432,602
317,639,990
503,731,921
157,320,726
651,947
106,174,548
341,479
739,887
674,896
53,517,815
435,656,823
553,857
57,93
89,131
244,558
473,627,897
11,962
476,746
23,249
97,277,851
368,959
674,811,857
330,999
80,747
455,476,966
478,891
129,299
238,388
191,891
544,908
204,443,614
154,485,764
308,596
127,951
638,850
649,765
29,136
346,999
479,631
589,673,937
104,780
188,730,744
2,396,445
846,851,989
49,96
446,662
295,338
825,832,885
22,441
92,781
545,645
646,999
151,226
32,420,561
180,685,769
360,813
60,67
183,356
205,660,911
130,801
66,566
963,981
375,810
371,658
440,497,509
314,379
438,451,620
52,134
100,111,470
6,552,670
92,227
81,667
769,948
51,926
740,819
280,566
689,997
142,303
287,525
34,772,923
88,435,576
519,714
335,372
68,499
232,620
712,848
168,868
380,517
130,171,792
51,355
395,733
132,744
792,943
103,375,895
171,250,885
765,892
22,802
141,562
134,490
75,807
324,367
567,936
28,624
102,575
35,156
152,430
352,859
685,762
591,933
30,563
473,594
10,738
542,601
48,181
12,133,814
556,604
234,539
462,913
390,527,840
301,888
452,673
798,841
128,947,962
20,683
241,394
313,614,959
278,471
144,632
231,591,828
23,653
348,452
198,471
252,931
476,803
304,735
24,94
617,653
318,916
199,753,758
388,684
690,757
25,535,970
217,243,858
528,715
95,673
763,808
364,687,966
473,938
102,294,690
166,753
194,892
182,807
332,483
112,681
138,782
741,745
321,918
220,905,915
705,919
308,815
466,816
110,965
351,418
317,343
253,844
244,713
150,283
587,900
172,285,745
362,404
123,230,462
354,507
116,901
716,810
485,688
146,321,930
680,970
34,362
370,669
544,876
715,742
684,818
210,956
119,389
13,87
522,692
52,958
58,620,710
807,870
168,637,983
359,583
315,867,991
422,756,757
278,397
608,836
177,530,990
222,837,860
83,165
536,797,817
88,314
287,367
70,873
65,640,699
703,770,812
167,754
337,797
672,834,963
574,825
508,982
393,721,995
287,455,580
492,503,704
48,667
511,555
342,381,814
490,502
416,473,484
568,579
281,713
283,595
362,596,852
167,813,830
165,274,934
223,488
322,415,429
66,80,721
441,966
330,853,974
153,495,710
219,679,732
454,501,784
150,730,908
568,646,919
587,790
471,490
141,349,561
147,293,558
55,679
201,721
254,687,833
714,848
284,489
92,736,934
408,837
398,714
392,795
198,241
108,202,988
590,613,875
113,333
134,666
124,287
214,554
11,132
289,816
643,715
208,319,713
199,558
53,333
132,421
116,740
473,758,760
277,413
161,861
652,894
213,757,996
136,288
409,464,587
16,940
168,214,784
79,729
473,759
580,636
128,310
83,682
10,80,639
636,978
26,629,731
353,435,609
805,811,857
705,810
124,215,277
17,54,299
16,695,823
246,986
786,840
324,583
654,660,891
463,767
85,897
542,594,802
285,543,649
128,350
879,992
534,636
166,447
422,988
61,643
131,330,799
42,87,241
168,593,725
207,778
613,667
115,297
501,662
641,717,872
592,758
61,644,854
453,762
415,907
809,971
164,436,576
128,851
56,715
461,496
120,332
50,852
640,905
245,507,918
6,328,578
205,227,594
69,697
46,845
454,806,916
139,746
409,451,826
311,423
221,607
166,452
89,914
128,321
62,373
98,387
212,928
351,979
270,279
139,853
329,586
270,484,738
432,956
110,399
48,667,952
49,340,562
190,919
210,642,956
102,572,730
422,848
113,356,626
313,570,733
105,559
141,410
98,519
380,424
253,625
699,878
274,523
106,680
365,775
129,910
335,994
662,965
222,567,694
427,889
326,608
24,357
775,884
474,695
409,456
83,419,526
582,636
295,749,804
319,393
164,355,914
205,655
852,928
69,544,587
695,963
285,768
330,628
271,609
411,786
16,204,883
21,361,681
188,201
637,905
607,846
574,869
254,520
4,153,660
125,418
455,801
115,477,502
364,582
119,977
273,575
208,654,695
482,589,599
363,718
52,817
13,220,619
217,342
700,702
101,543,782
145,944
789,970
213,235
779,844
381,718,843
121,196,590
507,610
177,806
206,926
248,477
263,700
29,497
203,958
457,852
86,922
712,745
251,299
66,349,657
464,963
272,573
230,302
116,768,878
181,649,803
680,827
10,762
251,313
217,999
157,682
328,646
277,316,887
608,640,949
396,564
650,977
48,475
197,748
469,781
252,388
681,828
480,625
229,323
99,368,834
532,790
48,108,750
108,990
176,386
171,717,800
458,953
184,278,803
531,666,869
156,894
197,421
92,814
475,841
6,241,998
192,292
280,453
69,664,727
281,429
537,826
432,924
747,787
13,290,575
656,715
96,433
338,592
162,506
60,936
234,263,890
458,580
155,236,896
493,855
176,526
24,107,754
72,886
30,341
626,998
50,546,778
159,175
435,498
203,400,472
25,564
224,364
549,744
6,271,650
347,399,970
580,988
595,609,859
610,697
43,976
144,516
212,303
168,488,598
226,666,978
286,653,982
657,764
390,432,559
67,575
98,484,639
4,212,883
65,392
226,737,967
26,139
215,346,886
343,578
727,757,802
311,440,581
26,513,895
663,956
460,662
482,486
62,710
393,544
350,796,947
242,345
51,720
83,300
211,492
136,600
42,745
481,651
410,686
37,742,1000
119,239
159,594
217,811
249,491
552,573
466,612,951
402,405,810
2,639
804,845
381,727
306,323,335
82,377
410,522
218,856,857
371,591
396,690
383,827
31,658,849
319,593
47,337,708
374,640,954
611,731
165,908
448,944
328,547,991
257,437
116,117,900
765,832
298,876
514,759
531,673
522,565
83,365,960
97,309,779
669,835
439,558
62,836
126,591
46,61
75,628
30,86,191
312,893
755,809
514,531,998
359,516,657
97,398,917
221,306,393
69,347
112,618
573,955
49,577,674
15,987
184,754
312,867
471,937
631,842
523,619
136,218,387
643,809
737,944
289,335
56,700
138,436
415,437
273,532,656
130,382,846
103,597,771
167,210
414,426,602
479,715,909
448,710,743
810,921
532,556
718,781
58,213
607,990
637,834,929
71,120
34,89,872
505,699
152,231
564,763,777
7,605
166,866
374,967
342,461,555
192,609
237,705
217,356
588,722,878
216,719
729,877
231,522,806
542,662
587,691
191,479
603,780
510,570,878
222,902
4,514
146,150
149,272
324,841,986
263,487
288,423
167,399,950
594,632
613,909
391,814
163,665,722
429,518
209,318
384,448
384,434
408,866
205,359,503
125,998
477,884
186,480,859
23,705,991
168,925,974
390,558
393,915
239,621
604,611
51,210,569
177,497,519
509,527
681,798,891
265,289,624
32,957
48,271
205,847,924
627,896
205,233,829
350,613,974
441,811
230,630
559,903
692,926
94,188,238
399,551
265,592
222,472,865
757,890
435,711
193,696
173,580
35,581
109,528,622
502,753
740,862,947
547,649
958,985
706,721
534,806
406,717
37,489,676
490,905
379,999
429,890
149,590
148,381
251,774
300,455
163,818,857
164,745
136,886
617,748
539,566,589
155,592
385,462,605
480,550
166,751,965
459,684
156,717,861
147,453,489
79,296,879
208,753
555,785,959
241,948
33,78
231,737
315,956
116,368,408
85,146,477
13,150
78,761
68,244,900
850,949
273,284
702,786,882
135,591
541,634
189,355
650,693
18,60
313,977
777,794
175,355
424,858
10,43
584,617
65,419,552
35,602
301,529,972
367,448,921
537,870
380,568,857
262,895
476,966
35,500,682
261,751
234,907
796,908
110,332,505
576,616
307,649,835
178,895
649,966
149,396,753
128,287,913
763,875
221,915
481,599
24,522
116,491,528
232,279
917,959,997
794,956
145,520,526
528,738
154,350
361,449,463
17,649
110,548,575
894,901
176,381,966
10,742
95,752
374,429,850
17,37,576
148,183,968
99,456,653
448,640,689
170,876
523,678,830
85,90
364,643,798
48,442,891
97,173
318,692
588,982
437,541,785
260,664,715
188,844
194,212,307
331,699
405,481
397,833
240,727
79,237,909
249,549,665
4,707
12,336
454,937
45,600
372,677
288,811,928
305,785
98,547,669
45,597,952
95,520,966
208,398
189,283
379,498
40,119,712
192,598,618
396,603
84,743
12,843
678,695
574,975
768,896
704,799
90,197
478,806
404,971
355,669,708
400,612
296,840
467,485
824,830
81,640
263,893
20,108,471
512,845
164,458,545
426,881
146,743
498,951
337,415
285,774
752,823
498,629,749
214,747,929
584,873
284,523
513,787
62,354
519,540,901
644,744
179,392,567
49,505
594,785
417,513
59,60
427,434,527
932,966
217,344,570
148,821
189,433
716,943
75,925
128,808,987
263,711
48,413
340,437,853
155,624
480,536
34,676
478,625
489,728
293,309
233,797
669,754,926
36,803
630,878
229,539
635,722
96,417,498
593,666
516,984
537,689
278,861
304,929
452,730
12,345,565
92,177
334,787
768,818
484,573
291,497
513,620
149,200
486,910,983
541,611
57,934
40,536
589,876
13,532
259,371
318,925
713,888,916
577,896
129,606,852
386,857
2,408,858
68,352
253,618,919
80,95
572,675
47,243,771
815,907,932
273,319
337,774
412,481,999
71,266
396,710
191,647
111,185,666
331,388,705
341,756
57,796
166,851
372,708
305,653
624,787
238,400,571
192,444
244,498
175,702
857,934,980
392,664
280,792
471,845
499,847
227,820
450,627
149,353
524,596
502,798
92,592
407,581,660
369,558
356,593
142,631
239,300
360,708
403,930
661,939
494,999
410,524
148,194,626
136,879
32,307,691
172,306
475,965
476,606
489,635
4,760
278,667,901
35,65
307,532,733
131,336,641
715,921
210,434
251,551,997
68,683
86,450,636
641,934
538,632
103,136,395
87,178,223
520,527
183,584
452,549
110,750
321,830
419,558
599,811
216,433
627,761
763,858
272,503
823,997
371,591
57,471,812
8,858
473,564,840
269,647,855
371,986
548,638
712,986
81,282,558
602,650
124,208
196,720,770
24,582
39,236
244,373
50,92,529
60,157,472
898,983
139,194,801
815,847
667,746
6,671,905
141,665,895
275,466
50,131
160,398
208,367,915
221,420
558,853
564,956
644,928
666,958
24,436,765
587,698
298,971
478,998
13,323
406,576
27,83
109,823
190,757,930
183,639,674
392,880
295,924
105,756
391,503
635,675,797
26,396
286,373
131,317
320,991
554,555
270,567
153,178,556
144,648
294,369,798
185,505
428,877
123,918
232,947
448,837
685,858,876
364,565
532,583,766
417,880
351,440
845,920
398,539
111,531,660
1,621
38,649,786
479,937
210,903
280,724
260,619,647
364,526
184,909
660,745
33,420,991
334,427
66,584,841
454,606
558,704
32,313,655
424,711
42,720
145,784
306,895,963
489,958
31,736,752
421,646,738
118,321
159,1000
160,617,993
170,600
377,431
118,674
406,929
310,861
468,548
152,399
8,192
610,806
151,591
143,250
717,793
610,620,916
208,671
523,837
24,982
561,806
451,974
21,125
385,418,692
487,668,951
150,329,758
22,966
533,924
498,747
238,358,586
628,724
166,791
456,877
75,415,847
364,436
24,197
559,778
91,676
422,813,914
78,765
137,406
437,901
282,439
475,547,582
890,915
19,140
322,408
665,732
442,896
380,437,606
495,714
36,198
557,633,711
482,880
334,588
738,759
13,790
11,699,716
567,944
40,933
5,197
63,774
256,786,897
223,762,808
571,973
165,223
37,277
688,781
45,168,932
101,993
557,928
141,407
15,81,772
286,335,836
249,587,916
254,364
120,874
605,715,858
85,198
175,636,837
98,679
422,886
393,414
511,765,851
308,317
112,369
872,947
178,802
123,720
717,889
109,237
29,74
1,540,955
740,940
621,956
392,656
25,295,564
433,461
98,978
168,568
94,765,950
308,972
403,760
692,891
364,644,711
65,670
486,691,815
331,667
69,254
144,758
124,533
383,960
669,789
698,746,816
353,845
763,957
685,764
121,210,519
100,925
494,703,997
55,426,933
595,611,627
145,684,896
56,488
723,998
264,877
469,492,583
365,993
818,989
42,85,215
224,916,954
309,603,766
242,519
328,578
353,818,966
716,938
468,642
213,620,905
250,321,569
49,255
335,342
96,951
314,602
731,802
829,871
383,677
99,551,666
434,969
179,695
335,766
424,526
248,691
760,978
141,414,727
288,801
81,487,622
78,966
148,204
684,801
231,297,817
204,475
123,127
21,324
649,771
420,624
288,569
60,539
643,840
242,295
424,721
948,993
326,423
263,730,798
530,594
304,586
799,809
340,357
318,605
21,624
125,136,387
511,948
142,626,796
345,357
276,904
732,971
246,739
211,890
133,141
97,803,808
271,475
810,980
28,90
453,648,761
547,643
412,881
87,421
224,688
13,859
97,564
211,337
203,294,977
191,461
580,784
140,892
678,932
266,354,454
126,675,727
67,305
113,897
122,865
281,991
648,923
141,981
449,822,919
353,461,802
122,900
806,978
480,790
452,830,995
164,877
220,582,970
378,571
346,576,628
577,672
659,705
29,79,336
268,637
156,330,901
343,396,691
76,648
300,903
170,984
428,641
733,829
24,120
143,296
91,694
64,505
331,701
280,892
12,801
166,730,744
15,951
522,558
441,982
86,114
462,505,645
574,678
60,81,104
353,510
244,805
412,859
489,642,849
283,689
298,377
510,577
28,281
64,338,788
151,422
674,977
354,733
8,890
63,645,742
47,336,511
310,667
59,540,726
292,401,968
46,194
522,542,939
244,468,881
23,336,719
238,264
828,945
134,257
102,850
131,483,725
384,686,983
204,322
480,931
64,791
25,610
480,708
63,143,259
10,899
375,940
585,777
149,202,293
232,441
257,411,424
244,482
472,692,825
93,799
124,706
283,491
375,985
445,542
175,959
18,220,874
83,383
57,236,334
205,368
253,262,937
21,554
267,272,313
218,809
38,108,779
691,917
794,982
150,466
513,971
786,829
570,725,998
534,923,976
201,792
109,132
176,628,934
138,173
13,777
322,947
439,633
392,775
253,822
230,972
16,452,764
50,876
157,656
844,846
20,947
61,433,456
253,785,961
720,747
27,613
604,916
316,438
84,359,893
3,197,210
304,676,677
199,324,957
308,509
98,897
57,945
391,670
115,708,922
155,403
135,571
308,821
135,707,982
252,411,687
100,639,706
137,885
205,333
685,806
458,905
663,934
363,406
107,305
627,642,779
178,394
51,464
378,848
448,628,759
50,333,696
240,938
311,518,576
398,960
560,586,757
71,114,384
256,266,932
29,288,591
354,627,628
117,594
72,781
44,645,856
475,760
347,776
5,514
196,840
5,103,507
543,842
655,697
337,993
401,562,625
553,634
108,477
207,762
318,442,824
314,926
723,960
68,879
275,523
692,800
159,472,654
285,671
265,295
15,550
403,967
121,476
105,298
431,534
356,364,434
119,707
204,364
219,484
593,986
433,918
310,817
351,465
450,517,703
846,922
11,487
291,364
459,558
183,440
140,964
828,983
117,549,767
243,924
60,321
211,769
175,819
508,600
267,872
138,316
681,922
126,364
253,461
258,887
41,870
136,578
505,822
19,247,700
420,468
447,584,764
47,953
70,343,662
6,379
491,904
291,451
419,610
426,470
362,732,978
274,292,394
274,604
596,711
507,623,886
575,880
769,816,836
388,557
26,674,931
48,371
175,302,765
207,758
227,591,655
256,388,579
220,493
426,448
259,304
403,603
157,256,799
476,866
302,792
338,502,699
73,212
111,119,531
382,795
114,979
27,543
2,879,935
61,272
548,559,881
637,938
202,568
132,225
348,399,855
594,834
576,929
615,636,874
634,848
112,322
93,101,308
797,909
92,431
538,654
177,736
47,646
525,675,761
396,879
450,925
270,319,759
541,562
238,912
28,315,540
106,512,522
503,901
387,752
748,951
137,921
67,70,493
407,506,615
715,890
804,969
82,311
393,775,915
120,551
99,556
62,223
406,481
404,588,765
256,774
165,281,708
385,798,870
15,46
148,466
284,692,804
720,826
529,709
73,404,658
620,786
514,748
305,575,655
21,365
49,515
139,515
67,289,502
516,846,981
249,662
334,586
469,716
375,868
103,477
152,216
552,827,981
69,240,636
683,926
410,966
333,608
385,652
370,632,836
19,253
749,915
6,715
3,282
558,673
731,820
203,379,549
787,791
709,866
147,256
701,776
252,545
426,430
503,565,800
224,802
852,952
206,515,945
530,807,833
626,922
487,652
231,286
59,472,777
78,286
42,589
334,462,654
264,792,854
41,647
172,919
156,813
138,822
202,931
389,591
329,662,819
617,899
90,342
376,523,846
559,689
212,494,851
410,866
249,462,615
247,484
126,780
284,956
310,913
189,456,823
717,990
34,683
841,994
548,732
373,533,972
401,679,805
417,546,938
98,373
220,271,908
21,773
121,716
425,755
229,246
559,994
356,555
40,76,366
62,155,467
32,701
375,973
176,464,946
145,189
309,364,767
57,114
179,421,663
115,621
341,703
250,296
448,503,691
193,956
248,488
119,942
258,608
308,580
126,193,475
895,996
273,780
57,570
812,865
295,500,887
177,340
191,720
722,726,812
31,263,783
238,463
80,235
582,900
876,900
564,828
153,792,902
13,206
306,386,687
312,608,884
13,905
295,831,969
266,473
546,951
745,999
798,894
335,717,859
417,453
415,488,504
447,460
45,711
78,553
758,965
11,604
704,903
110,489
495,670
130,384
455,512
709,804
455,853
48,257
490,745
84,404
93,183
138,961
259,305,822
462,770
314,622
498,581
627,740
82,549
48,642
705,834,935
92,354,786
754,766,852
323,577
11,448
12,381,424
507,1000
362,923
510,556,631
728,865
884,914
373,511
148,480
17,703,913
334,369
721,908
168,467
659,697
97,832,868
584,870
144,856
648,917
583,647
286,923
885,886
79,869
753,841
491,809
821,925
390,592
311,535,702
404,752
807,954
607,974
192,685
852,925
415,642,796
40,588,967
66,615
251,300
493,799
704,709
462,967
419,528,612
882,911
677,916
596,612
225,262,869
20,636
518,704,799
73,343
629,920,936
236,482
505,937
140,301
255,313
273,667,897
370,692
50,190
48,115
296,606
383,986
63,261,722
689,846,861
470,874
363,776
304,532
12,274
276,564
758,940
35,105
202,778,813
232,916
704,778
329,529
487,638,936
408,834
18,644,653
10,111,221
295,331,379
1,305
863,907
30,538,612
295,878
314,329
586,726,1000
166,263
248,904
449,827,942
109,209
273,438,871
53,240,827
359,393
587,791
539,977
90,371,864
720,900
266,768
576,842
53,288
795,916
422,957
277,521
217,467,934
78,181
96,109
200,669,783
385,930
228,369,441
140,405
153,773
256,961
209,850
42,678
222,644
91,570
212,864
194,262,919
591,915
83,720
328,952
613,907
307,469,740
204,731,902
106,810
344,533,933
461,640,778
520,673
488,992
389,808,865
653,760,930
514,910
280,531,773
148,449,701
244,417
317,411
800,871
636,707
162,315,889
113,321
191,282
93,930
680,748
804,908
184,222,762
518,668
270,304
308,493,638
5,486
912,926
522,576
141,598
694,749
226,530
39,755,946
296,866
37,107
434,910
287,572,824
272,908
426,547,890
70,518
20,467,703
755,870,969
425,868
38,166
67,326
2,492
162,946
362,727
301,653
740,920
442,798
162,467,898
495,675,850
20,875
215,749
233,750
409,447,469
63,83
40,896
78,130,946
536,686
579,749,785
439,633
442,443
27,932
561,681
691,704
122,625
114,565
480,911
184,651
347,671
347,369
236,402
42,545
313,913
429,675,747
50,834
396,464
28,225,732
178,618,850
225,406,879
562,840,858
572,949,971
385,787
450,774
559,828
868,960
537,619
227,881
192,362
148,447
224,862
282,994
359,419,700
401,464
192,223
338,390
331,498
27,36
578,715
343,381
33,455
198,223
46,189,313
121,473
345,541,585
99,882
175,763
600,724
451,922
798,970
62,833,992
20,857,866
804,829
281,305
180,246,285
286,338
38,319,434
25,217
399,801
31,85
248,549
87,742
627,711
239,280,324
9,294
31,361,745
805,997
629,691
118,571
261,969
260,909
154,518
280,714,986
329,710
548,954
543,569,751
797,862
474,993
27,74,963
191,689
106,537,582
385,640
306,392,855
195,564,877
228,579
80,350,622
645,746
340,591
52,239
313,623
70,502,602
259,641,808
334,782
283,359
678,962
821,986
167,516
391,984
71,821
381,396
1,411,996
107,872
144,750
159,894,909
722,820
369,517
392,845
188,705
436,803
49,240,455
537,700,903
416,487
701,781
101,144,398
12,364
327,813,917
394,700
643,647
404,500,955
280,576
25,852
603,820
100,583
370,642,673
126,485
194,874
10,660
486,753
16,980
418,950
107,198,972
590,995
391,684
127,913
215,489
5,40
464,594
379,752
177,934
196,617
187,581,866
116,870
328,530
265,495,552
179,528,607
144,732
202,316,321
127,740,841
320,720
36,413
118,250
904,909
626,730
20,357
468,747
187,274
294,717
32,169
423,439,593
296,784
72,201,958
317,679
230,384
675,823
501,823
897,929
676,867
515,660
472,736
767,796
90,782,819
4,254,318
130,155
80,995
83,631
684,848
116,159
240,633,664
487,491
156,744,927
101,197
458,900
210,747
454,856
114,868,999
708,757
163,324,933
189,193,655
531,917
843,884
170,177
29,363,898
560,835
46,69
750,761
397,522
281,916
149,449
314,747
66,691
42,83,320
81,607
117,164
243,442
361,703,808
207,769
117,230
59,909
556,921
491,730
54,923
309,896
137,497
498,1000
492,505
1,971
265,439
121,136
247,452
305,546
245,432
85,222
131,261,284
65,468
128,444
791,995
140,759
688,875,923
38,299,457
271,838
426,700
726,822
414,731,890
387,942
82,556
568,628
120,484,801
142,484
640,809
179,221
282,917
9,537
97,646
618,889
861,945,976
477,522
457,932
664,923
294,465
447,977
416,579
73,617
105,182
167,717
441,685
898,928
87,806
120,600
931,999
1,341
328,510
72,310,698
274,542
164,292
299,743
18,163,731
493,897
314,715
452,474
88,144,440
117,394,734
17,350
512,990
671,880
237,627
199,325
229,240
205,704
336,349
53,149,928
276,913
588,610
566,791,921
246,780
336,555,938
473,612
67,836,940
500,786
170,363
266,966
506,876,928
37,72,894
534,692,748
319,359
212,705
384,828
308,678
377,598
22,977
424,863
565,776
515,765
40,557
234,297,651
635,821,834
48,517
505,587,963
57,969
520,538,685
109,281
195,472,474
831,906
316,577,865
509,981
64,548,998
96,977
379,729
132,719
513,727
198,268
490,571
21,761
90,211
165,521
722,774,960
480,644
379,446,904
448,513,741
160,925
124,901
554,720
824,872
118,758
113,579
198,777,803
106,643,689
316,711,943
645,677
639,992
107,336,741
471,536
601,906
266,440,579
120,228
48,279
203,316
95,253
751,833
67,292,797
80,797
99,397
357,565
230,325
818,876
529,843
197,923
144,383
96,739
64,282
16,225
104,746,892
125,642,960
363,556
492,567
751,978
8,360
462,696
444,621,626
450,471
519,950
437,779
337,978
63,245
31,449,689
400,930
282,479
138,869
136,293,633
618,995
610,828
269,573
77,993
188,197,662
82,925
21,190
360,366,910
327,413,881
517,569
117,205
251,602
259,452,564
307,997
278,334
367,735,963
295,582
297,555
49,177,435
438,724
252,725
403,999
305,435,615
187,942
233,792
148,589
221,399,505
305,495
561,965
247,805
136,194,362
589,830,868
20,611
61,944
718,859
60,456
277,425,773
324,981
29,796
798,836
603,766
344,352
72,101,613
102,816
283,921
479,951
83,708,804
667,742
106,157
432,826
316,885,931
980,985
448,860
134,251
155,196
140,214,538
387,598
472,479,952
119,978
80,963
51,729
188,451
78,428
353,390
212,678,819
37,569
178,633
303,441
377,783
384,448
280,310,517
309,942
614,670
347,602,715
653,743
593,703
172,596,711
41,151
654,762
402,435
765,994
160,508,535
525,572,953
100,339
16,697
264,339
744,800
61,209
4,517,993
599,794,888
186,939
425,797,982
534,901
722,894,953
738,841
255,821
612,991
774,846
11,338,857
404,994
213,949
647,848
55,374
67,338,532
112,947
65,479
433,721
355,588
627,994
84,505,659
268,770
219,590
13,213,289
57,115,157
76,637
260,663
441,814
453,750
60,313
358,767
508,772,893
374,399,421
190,497
58,270,359
20,178
990,993
75,142
41,275
260,512
176,209
173,562,735
508,734
401,461,839
561,671
321,868
612,860
597,663
203,430,823
4,200,562
725,840
202,853
562,646,892
41,510,947
162,338,955
715,780
28,258,995
161,193,278
170,858
32,89,404
224,373,626
393,699
360,561
11,552
128,251
208,324
693,752
715,719
87,908
282,355,763
213,304,633
778,984
767,868
429,869
393,981
146,919
142,718,989
40,722,999
2,25,394
84,311
46,80
498,530
174,263,414
159,477
275,324
731,799
2,639
653,851
407,920
490,547
379,824
325,540
17,703
113,701
358,419,679
217,833
324,567
266,796,815
187,249,906
843,877
487,643,916
290,740
304,773
49,590
239,399,831
192,929
183,297
127,255,613
229,803
132,289,646
581,830,922
144,250,372
572,642,852
127,425,515
165,794
275,502
375,660,698
410,451
449,641
379,386,451
146,318
11,336
144,431
171,938
409,832
75,634,818
688,864
716,838
189,948
376,871
202,333,910
228,822
406,511
220,679,875
41,350
560,782,914
126,325
378,837,952
471,509,760
53,578
607,896
228,633
484,898
321,844,972
434,974
374,472
151,750
796,898
822,983
356,526
209,559,957
417,715
395,545
559,656
365,400,764
77,474
50,605,616
469,946
224,311
215,337
923,960
97,191
186,825
224,296,829
72,107,524
347,647
38,86
809,850
83,489
624,896
344,899
784,919
655,700
642,901
714,819
321,551
827,843
71,160,691
387,510,701
206,519,698
31,250
484,759
479,885,912
491,753
55,747
317,988
60,325,883
575,789
687,763
326,370
182,594
121,928
153,650
311,416
348,602,656
565,641
357,611,822
36,181,339
288,388,833
405,786
87,247
382,500,521
75,248
762,812
414,919,955
346,822
533,700
2,368,807
914,959
4,304
117,574,838
113,751
410,965
4,489,707
518,530
241,287,435
300,757
188,517
392,463
37,631
9,13,752
461,653,725
111,494,641
295,899
332,411,974
227,502
30,197,688
533,799
37,673,763
631,693,954
237,445
211,662,995
163,283
276,555,970
87,686,943
534,852
465,780
647,715
242,746
128,804
356,362,784
22,626
887,910
391,876
179,384,725
508,557,730
260,872
316,629
61,133
216,592
573,820
103,384
670,710,744
383,543,969
74,195
65,203,419
485,758
92,317,733
132,594
190,782,808
310,963
428,575
80,319,558
16,824,825
453,565,747
182,238,607
246,265
910,967
569,977
127,325,830
132,816
227,269,372
211,512
120,563,878
114,348
203,903
548,845
433,502
236,361
211,326
575,990
396,492,772
366,398
115,569
244,549,689
441,859
101,371
449,759
60,585
514,818
399,518
577,628,633
303,790
589,864
238,999
119,566
171,762,958
342,443,645
145,644,853
550,560
18,457
566,717
316,330,742
615,788
238,961
244,965
48,531,613
16,912,986
304,831
143,490,1000
288,600
449,959,973
130,146
696,898
507,678
802,876
9,294
67,407
401,493,509
607,921
493,539,870
660,830
234,939
404,672,841
335,916
562,598,935
195,660
52,269,811
339,655
763,848
204,735
67,696
19,956,989
336,761,767
165,312
443,497
386,554
17,334,375
199,205,604
209,754
160,273
208,348
271,715,928
204,984
615,716
25,806,983
150,646,895
287,488
439,499
141,306,591
328,921
119,754
74,679
693,812,935
163,295,766
51,432
430,647
334,730
853,906
34,681
107,869
478,700,761
245,634
77,253
333,998
319,816
532,909
286,311
228,759
232,344
308,822
245,944
257,932
328,396,936
553,815,844
557,862
502,513,759
347,630
425,651,730
112,160,935
346,508
493,899
372,491
838,935
527,738
235,624,809
142,506,618
59,425
408,701
672,865
134,666
564,819,979
346,519
378,930
384,716,939
230,674
751,959
530,632,983
616,954
112,829,858
522,932
198,800
48,680
157,666,967
301,591
385,514
61,346,433
291,512,653
696,797
400,931
441,565
338,927
186,322
215,568
46,164
736,819
462,608
287,546
329,561
370,998
603,695
47,198
368,522
760,873,926
130,737
804,925
399,921
285,722,959
84,813
52,55
382,799,908
402,879
152,903
520,794,891
253,928,929
452,977
20,242
590,843,874
282,699
677,817
385,494
233,955
158,625,935
798,904
834,961
665,898
161,972
320,382,946
883,958
556,738
93,390,784
371,986
194,604
201,793,819
160,386,736
643,879
258,474
95,524
797,958
296,716,918
666,708
122,387,579
10,868,883
601,725
624,649
826,948
51,54
148,900
561,749
561,607,759
31,724,924
830,877
316,665
634,721
26,225,965
188,548
69,270
531,533,950
22,28
533,688
123,515
63,837
392,595
192,393
345,639
94,105
197,239
421,727,909
441,445,859
489,912
340,446
602,623
56,229
406,479
609,779
60,254,920
271,434
320,510
70,756
603,666
108,556,580
14,500,827
23,92,138
113,386
386,988
36,52
745,950
104,829
256,455
226,536
214,248,265
219,551
600,727
139,745
354,631,776
355,395
154,409
639,910
37,486,588
216,503
404,662
112,390,594
567,778
260,456
55,711,839
651,667
198,750
219,662
65,227
18,349,646
410,815
541,601
380,793
611,781,879
61,423
577,739
357,985
485,619
54,577
175,258
62,279,759
496,874
103,842
171,728,804
180,936
399,573
9,23
188,784
279,523,862
752,888,994
134,708
172,405
448,728
254,540,807
188,374
31,536
517,633
230,997
465,905
348,647,933
229,731
637,658
366,393
306,854
689,780,811
817,933
289,407
109,247,531
369,377,455
232,520,839
19,136
40,518,667
33,986
652,741
502,532
660,948
23,483
104,553
180,287,406
300,559
286,339
580,649
523,975
218,805,858
68,357
299,424
343,611
95,467
282,909
374,933
159,393,537
411,553
93,363,786
732,747
203,267,583
340,477
199,815
379,528
548,702,894
45,456
231,408,796
4,320
32,434,509
69,91,489
137,472,920
538,834,928
553,609
443,851
93,878
332,342,604
578,700
489,669,910
159,169,294
75,241
333,364
311,577
832,920
388,736,939
24,999
487,713
708,728
342,679,934
89,985
298,403
84,851
475,747
140,344
166,211
582,795
20,441,527
336,706
453,745
54,285
3,737,871
135,964
57,159,830
281,810,972
625,857
206,849
434,911
132,260
336,816,893
247,248,420
774,995
256,736
589,729
27,963
798,823
186,296
43,844
411,834
210,346
157,282
200,423
104,242
270,608
480,705
200,723
591,904
162,228,413
196,478
232,391,458
547,695
186,568
23,866
181,557
296,898
506,969
314,469
28,58,921
722,750
54,422
160,685
252,480
133,148
27,81
223,527
314,852
192,962,999
338,495,657
470,927
403,422
586,968
32,553,651
327,426
32,150,593
37,302,754
152,414,942
62,897
302,762
35,50,911
290,338
53,566
507,536
214,636
121,288
235,457
128,534
50,723
510,885
349,452
525,696
750,793,848
11,713,775
284,724
41,214,645
29,45
540,894
237,829,954
135,330
199,518
854,946
794,901,993
142,411
167,436
844,900
295,421,838
208,343,741
604,852
209,244
14,968
225,879
223,334
209,909
970,992
278,727
13,426
253,657
129,625
549,933
483,670
303,627
77,327
110,269,789
219,225
137,824
32,185
237,482,962
32,350
132,708,755
6,419
744,967
237,477,989
128,606,668
654,862
19,445
206,274,812
142,720
199,292
255,480
345,469
85,616
541,630
403,864
313,749
90,212
48,667,885
481,521,986
895,975
126,343
141,734
239,376
27,138
14,394,746
212,948
513,557
125,186,802
369,844,898
77,454
397,443
904,914
600,967
655,662
6,663
281,690
300,794,817
228,518
515,886
595,687,992
146,717
582,725
58,453,579
378,879
74,384
498,559,867
108,814,989
670,735
188,930
391,650
280,835
294,479
98,211,889
911,950
441,957
529,873
163,420,841
196,661
232,285,870
133,718,935
607,994
420,870
875,911
919,988
137,635
299,613
308,828
34,775
207,890
636,956
340,852
13,64,787
6,18,975
732,991
3,519,654
118,138,304
402,616,639
354,405
677,839
482,729,885
240,358,719
245,389,649
112,899
488,833,834
98,562,842
245,824
119,164
129,355
419,467
157,519,973
264,865
128,946
365,880
55,266,631
256,332,959
286,425,905
84,695,933
391,579,857
639,690
318,774
509,857
275,343
234,963
666,998
137,762,910
472,959
393,451
91,868,986
32,66
582,766
426,533
11,987
497,879
355,511,993
590,601
277,903
97,115,651
464,911
695,795
289,710
492,561,578
84,958
289,350
57,443,739
11,745
215,614,709
511,556
448,661
631,745
232,313
352,485,634
225,567,624
57,173,474
461,604
811,896
427,451
716,932
286,585
257,371
214,935
68,545,934
377,807,857
424,912
104,879
381,784,807
15,314,790
25,356,935
216,998
577,594
247,483
10,27,442
249,546
131,925
145,461,711
316,617
307,732
23,641
38,640
408,810
556,725
98,897
165,240
33,369,708
595,598
737,808
480,682,967
246,748,973
61,141,439
39,300
375,382,451
79,139,925
56,323,404
170,322
324,380
12,261,380
295,794
338,664
68,872,878
659,747
124,330
563,580,856
36,54
237,678,683
60,605
673,981
422,752
593,681,772
328,550
251,808
170,280
73,524,875
644,825
121,455,878
147,230,865
125,684
445,520,822
610,993
408,432
18,218,651
647,710
147,185
675,916
364,544
199,642,788
339,639
646,780
718,979
302,359
247,374,550
216,294
214,631,716
109,466,546
37,432
509,867
113,853
275,313
305,652
44,801
668,758
509,601
789,799
377,549,697
95,467
214,434,767
219,407,629
471,783
273,855,975
350,389
787,903
684,928
358,993
208,471
92,898
74,190,487
42,138
861,910
150,971
336,561,789
44,450,929
343,421,558
1,117
5,848
175,276,945
137,986
249,688
563,966
597,818
459,877
696,807,974
379,835
32,226
339,526
504,555
288,455
155,932
882,983
186,616
88,598
76,213,305
310,586
761,972
141,227,881
500,588
203,318,716
192,381,860
314,870
426,742
500,972
29,58,819
456,996
2,843
76,133,790
132,707
205,900
103,989
231,493,779
385,761
340,471
271,670
66,235
372,951
186,188
160,336
161,813,985
193,638,657
820,837
577,900
45,101,576
160,449,863
374,691
305,506
60,726
590,900,910
517,654
865,967
440,880
366,403
294,417,713
497,828
309,463
254,380,495
960,996
104,266
713,895
426,651
143,219,522
24,261,997
215,222,636
115,782
20,467,833
442,653
256,980
58,422
118,127,415
276,854
162,725,934
53,504,989
73,937
247,769
28,679
665,880
95,461,746
274,767
456,948
25,590,705
91,926
811,880
410,761
206,566,917
266,937
927,965
331,906
356,378,530
239,598
684,963
670,752
530,647
354,595
549,575,936
336,562
637,954
43,160,366
84,620,826
746,853
170,456
389,521,658
310,952
365,672,726
692,946
425,549
197,850
406,551
581,732
270,353
329,435
794,797
459,830
273,838
537,543
694,923
14,857
70,260,787
904,983
690,796,810
699,930
422,649
102,893,905
511,882,941
704,775
501,898
301,340,648
46,373,582
21,201
6,470
507,599
50,194
388,805
197,767
340,999
80,718
107,226,628
281,430,965
807,990
79,303,395
633,815
395,857
421,546
570,596
396,775,927
424,608
242,317
276,650
173,431,817
182,675
626,769,857
203,220
262,480,756
103,228,467
287,666
128,291,384
22,689
515,864,921
160,516
48,985
55,334
229,374
206,871
150,406
385,576
69,272,623
222,241,382
115,688
316,425,471
46,344
150,529
360,490
569,993,996
35,278,812
295,638,780
30,428,500
79,243
665,940
387,473,497
12,98,733
409,801,896
320,895
657,823,867
28,316,988
20,705,767
865,978
27,667,917
49,257
81,920
560,641
296,405
281,712
583,820
497,639,987
594,637
190,711,719
2,98
3,122
275,482,668
11,553
585,632
382,428
662,771
171,759
567,622
292,342,424
68,538
239,803,813
295,818
525,601,892
314,693,973
74,90,692
151,458,473
371,473,894
29,114
419,952
271,763
306,528
21,91,950
614,782
701,998
150,312,543
654,769
424,807
550,910
408,734
216,743
837,953
212,534,825
614,978
491,766,780
75,842
337,906,930
162,259
299,763
127,307,498
408,988
548,610,664
325,819,868
135,276,682
54,419,668
393,439
490,875
415,789
187,353
97,708
92,411
489,982
171,233,327
342,874
160,220,826
292,506
231,425
114,601
358,688,794
153,191
76,450
459,957
322,609
388,461,866
707,951
660,906
208,335,916
851,955
123,502
28,358,527
34,860
51,62
400,584
302,569
114,810
284,556
755,973
69,102,677
163,565,831
506,540
123,765
390,843
381,530
395,718,856
245,261,529
320,756,827
17,389
504,596,625
174,443
543,927
442,939
847,901
296,562,579
431,899,928
648,668,967
510,569,852
345,682
360,560
625,773
176,631,852
344,401,488
133,478
166,963
749,769
375,850
399,475,798
298,314
368,916
239,782
219,434
824,975
757,824,830
14,122,504
39,760,862
595,807
163,452
71,240,275
806,947
351,637
668,699
467,498
401,979
56,801
1,225,315
247,694
191,614
541,590,988
587,735
317,565
93,621
291,850
544,936
101,198
637,979
56,788
215,645
183,477
28,433,927
636,787
126,743
565,872
333,598,625
683,931
141,166,908
183,444,838
227,544,640
553,626
191,466,1000
43,190,762
375,622,994
139,175,493
515,978
91,302
340,472
103,346
291,904
529,829,996
237,510,565
9,227
344,354,811
448,827
231,686,705
169,307,331
772,855
177,449
151,365,863
228,828
702,805,979
316,761
474,540,913
343,691
450,875
47,372
211,448,927
341,635
132,231
224,627,746
352,595
178,636,920
839,904
514,709,793
699,706,976
145,568
413,871
131,415
280,597
12,440
44,49,637
614,774
128,379
218,858
111,471
864,946
31,278,930
163,326,446
112,182,693
17,952
6,457
103,834
884,957
399,987
379,691,908
339,633
151,627
310,436
178,232,678
429,671
521,748
4,816
337,864
164,681
249,590
830,999
150,870
574,636
378,770
53,961
313,982
415,806
15,793
71,477
75,511
555,796
81,652
45,579,993
802,882
69,619,884
80,732,904
80,271
405,983
173,695,797
174,469,875
946,999
130,768,960
285,539,729
261,702,904
221,355
1,185,960
245,582
107,742
414,638
315,535,807
61,128,428
19,840
149,254
396,483
77,155
82,275,280
74,576
558,741
428,481
44,484
708,782
723,1000
217,435,990
314,456
616,871
374,451
95,125
744,881,927
695,739
24,803
472,606
639,644
584,646
73,597
110,775
99,134
374,741
97,922
837,947
249,648
145,480,852
53,178,961
265,359
386,843
123,233
261,382
536,563
76,546
825,1000
379,449
64,269
155,323
941,980
732,868
26,327
37,299,921
723,771
853,939
242,395,834
94,526
171,688,868
326,495,963
50,390
116,532
206,243
147,257
317,363,701
457,538
539,560
369,909
274,383
654,985
84,590
23,359,970
331,409
651,942
382,996
697,749
704,887
689,876
28,730
117,416
285,757
237,292
720,842
91,652
200,532
437,712
412,612
612,639
129,430,913
9,477
380,821
47,320
19,485
390,642
140,253
460,549,749
35,894,953
366,919
332,480
449,564
301,414,508
736,942
866,876
814,936,997
15,550,902
377,540
10,783
759,874
680,788,972
358,579
349,547
57,344,404
787,982
219,638
424,984
171,602
136,160,170
732,778
628,718
288,857,980
550,958
560,576,803
222,980
391,536
772,813
779,841
454,455
83,159
273,923
646,743
445,711
310,888
220,318
655,844
550,556
565,766
198,960
178,679
75,195
412,843
354,637,983
546,870
670,694
300,742
197,763
481,646,799
217,257,935
68,308
615,670
4,137,930
413,521,893
692,858
95,997
19,391
184,745
379,694
223,779
263,269,622
396,520,756
6,442
556,699
198,666
237,777
609,999
476,527
29,609
349,943
635,820,966
34,564
423,570
78,104
20,131,167
345,562
385,617
99,654
92,182
267,396,732
10,61
198,667
178,468,884
517,808
107,280
403,599
21,330
167,868
827,963
202,434,542
124,239,777
131,595
530,632,847
26,70,904
172,607,905
292,725,829
701,879
396,623,754
81,108
74,81
513,587
151,383,662
218,932,938
2,151,596
331,505
96,281
336,343,638
443,649
514,628,955
616,648
461,628
675,725
133,140,805
87,995
512,741
529,860
431,496
198,837,923
567,927
453,684
7,513,602
207,619,675
257,930
717,759
576,800
143,560,658
63,134
692,946
214,337
137,943
782,837,986
91,516
48,176
31,958
757,979
660,797
427,537
128,628
695,703
180,303,699
308,848
385,773
753,925
571,715,760
66,803
378,843
223,792
501,991
251,771,922
24,683
40,653
437,483,556
520,619
77,251
157,246,428
611,795,847
420,620,787
75,405,416
529,666
743,999
156,287
607,880
246,803
683,892
39,295,665
504,522
235,560,895
856,990
467,580
612,790
106,748
184,720
124,646
72,282
164,792
575,735,920
860,946
422,876,960
14,318
699,780,795
640,789,905
141,561
553,857
64,336
187,268
12,45
237,538
826,894
24,560,931
593,984
334,560,783
319,474,612
23,820
185,712
22,954
458,538
11,117
588,946
317,981,989
795,903
175,455
96,323,646
421,548
265,342,942
281,552,963
663,781
777,921
204,632,896
643,816
131,322
337,374
459,575
90,950
306,464
71,228
497,501,827
462,893
412,585
786,939
16,196
344,933
23,235,836
119,605
612,749
281,686
72,546
329,550
358,800
33,540
14,23,713
474,677
758,787
509,628
275,421
149,705
547,690,893
559,970
365,457,461
551,636,1000
195,494
616,772
11,426
50,235,763
483,652
33,377,581
682,820
280,722,973
482,724
338,434
483,607
625,842,919
63,952
44,332,463
239,599,648
279,430
950,969
132,606,682
349,769
289,365
65,109
253,743,906
36,576
241,403
122,704
304,745
47,245
81,583
188,421
270,378
127,555
187,525,597
747,989
608,872
376,605
567,753
319,392
35,894
267,675
292,331
224,455
366,482,658
120,408
284,442
303,784
27,366,731
87,203
587,880
585,892
34,946
109,513
61,166,546
66,69,116
267,372
176,941
401,455,476
312,388
297,656,822
879,897
204,340,580
240,791
635,681
128,698
304,454
2,441,833
274,974
72,490
41,416,827
169,719
457,781
76,704
382,569
107,673,918
759,884
121,599
128,406,614
369,743
224,927
193,635,816
246,693
57,300
380,580,858
363,711,857
215,621,938
13,295
841,929
356,595
153,376,434
136,376,701
761,973,982
540,803
153,702
496,531
568,760
303,454
162,604,633
322,385,894
492,631
180,973
637,781
807,990
629,700
741,933
208,550
188,550,744
347,544,798
92,484,962
146,791,836
310,668
379,485
234,825
211,723
399,912
111,413
46,326,820
874,942
862,969
323,780
314,816
703,916
129,235,279
32,342,878
98,251,376
943,953
113,187
312,873
297,395,674
223,737,810
63,762
16,547,845
250,337
855,902
225,469,809
349,685,944
353,484
713,913
285,521,797
278,438
733,807
40,771
324,608,920
750,794,926
586,906
112,862
12,570
488,548
135,637
113,554
199,839
564,604
119,215,871
355,688,851
228,288,989
247,820
489,793
474,870
1,302
113,131,662
615,790
53,315
179,533
146,966
5,564
381,762
1,452
445,711
38,524
120,493
148,202
343,721
137,754
211,409
168,582,685
56,288
168,594
168,776,907
672,801
453,984
458,976
502,867
384,626,966
78,819
156,496
221,351
148,692
116,338,753
104,416,689
181,824
267,547
71,193
667,854
417,468,670
545,924
130,278
11,582
422,950
89,227,732
630,909
250,742
280,351
249,705,981
282,747
233,852
263,851,885
163,507
820,873
304,766,842
285,985
26,670
742,982
394,506,542
355,688
72,215,519
59,580
251,277,680
667,765
828,928
289,963
213,706,790
580,941
832,885
289,558
341,376
112,968
34,972
199,340
405,730
182,672
784,844
68,806
198,647
403,748
194,499
255,613
174,958
344,951
239,250
336,668,994
132,247,890
10,258,955
490,914
521,930
626,877,932
482,682
354,831
264,680,707
656,718
214,410
400,622
42,237,745
180,817,872
364,604,923
324,920
473,802,843
192,525,856
419,719
210,489
213,995
202,863
873,984
351,523,668
801,866
291,558,956
600,919
311,900,994
45,563
145,996
310,771
678,926
422,540
452,640
93,404
550,552
46,87,662
352,988
255,541,889
61,109,704
228,346
582,587,624
497,876
413,781,968
122,246,399
441,788
373,374
190,290,710
572,647
502,704
461,851
862,918
816,940
275,289,963
207,221,780
67,192
29,176,322
137,318
382,470,549
62,856
299,919
703,804
466,912
457,957
125,207
180,667
112,914
427,450
81,197,227
650,822
446,867
576,837
537,629
347,522
821,932
33,69,864
27,649,887
163,417
126,533
31,566
364,989
299,345,631
3,749
208,697,921
199,868
95,570
132,895
32,348
381,600
8,22,510
69,70,920
224,255
592,724
155,757
28,71,630
724,826,997
218,294
72,169,937
335,415
273,735
6,198
128,614,885
655,715,933
331,993
737,891
176,252
185,481
86,100
93,153
917,990
240,394
179,445
788,927
55,221
397,763
203,630
242,679
647,663
30,621
495,788,836
904,949
248,324,949
601,616,886
11,522
88,909
32,267
21,474,560
160,737
281,353,713
281,808
134,910
259,466,521
457,581
138,721
102,548,730
75,204
484,559
210,261
8,625,807
316,389,746
8,618,695
860,969
522,529
365,392,572
712,868,871
92,687
720,797
274,466,625
401,983
881,964
87,372
256,921
8,29,998
18,335,461
227,616
542,562
188,973
312,372
186,713
91,792,861
1,227,922
209,243
233,773
725,805
175,327
215,313
341,750
131,139,919
105,712
6,558
6,949
163,193
430,610
66,76,417
227,244
131,262,387
410,840
201,443,555
461,604,775
269,336
419,797,829
357,497,979
88,550,643
14,783
685,860
404,646,719
177,302
253,298,767
80,87
133,449
149,410
152,742
554,839
767,928
12,949
188,227
412,859
795,797
82,705,900
203,372
224,839,942
64,267
397,745
310,376,923
218,634
759,908
460,790
687,877
55,281,582
261,1000
37,464,657
92,296,781
129,131,463
471,814
820,840
64,760
659,850
594,597
83,738,760
85,135
377,467
881,936
173,837
352,580
586,958
547,936,957
97,708
55,416,975
109,227,758
298,563
592,833
354,1000
463,766
817,901
342,353
247,485
450,541,784
379,689,713
305,978
119,722
340,445
146,658,928
761,832,953
331,744
657,789
472,651
299,565,834
200,233,985
713,753,775
317,829
138,913
204,302
864,917,931
592,988
17,19
280,673,707
319,424
12,717
295,426
82,632
803,986
129,889
641,862
494,756,812
59,682
160,812
364,951
290,335,721
649,781,988
20,415,935
261,911
649,698,946
69,331,469
129,616
820,994
296,844,954
237,941
433,532,582
83,539
41,395,856
375,476
575,747,798
263,971
538,878
200,437
113,265,447
18,281,643
353,506,782
326,893
27,654,676
122,675
188,828
125,252,631
394,568,616
292,449,581
382,564
223,382,761
163,433
64,179,235
147,966
249,502,735
16,45
104,412
165,366
338,709
391,696,983
258,783
239,524
897,976
299,478
593,685,919
416,514
739,1000
454,786
495,952
199,686
80,326,659
283,619
627,674,732
16,347
665,827,884
53,911
833,882
257,573,695
744,934
155,232,363
188,794,819
375,515,914
8,497
209,213,429
175,429
520,853
337,592
351,481
231,381,627
101,888
153,336
65,716
463,745
94,285,462
189,226
199,904
3,800,883
565,661,878
69,587
7,65,106
16,842
220,295,664
547,695
579,696
56,720
208,210,314
49,542
726,973
320,646,858
232,520
101,340,884
465,732
65,172,766
904,945
312,776
159,481,750
832,919
455,802
406,651,782
198,230
356,437
113,811
162,794
811,937
64,169,798
554,941
554,781
824,973
291,348,971
105,184
603,735
362,843
604,761,945
101,259,826
416,926
70,341,973
311,501,557
305,572
371,770,978
412,548,931
729,780
9,612
833,962
108,298
14,308,796
148,331,988
240,559
77,529
77,523,909
514,745
268,853
851,919
191,470
466,469,512
497,739
36,707
231,292
22,734
384,654
324,421,603
314,496
275,505,695
69,371,964
669,986
169,643,991
115,159
462,627,650
324,880
165,538
462,635
225,247,567
498,520
11,936
15,715
224,274,805
108,563
92,758
18,715
674,874
419,572
483,976
489,836
509,876
317,434,864
433,751
133,550,886
547,573,888
124,805
360,588
520,961
297,940
190,775
488,581,932
8,857
549,619
129,674,900
169,638
48,726,967
98,196
388,427
127,309
240,867
8,12,95
101,783,901
268,671
353,553
665,732
33,695
501,622
248,373
13,495,547
163,340
471,846
108,627,907
30,40
211,512
463,585
378,898
630,704
39,123
561,662
504,892,929
453,549
572,764
101,690,925
57,284,636
116,335,503
621,640
117,830
502,706,981
50,954
284,813,946
46,294,433
745,1000
646,719,809
193,408
146,312,477
174,841
673,720
844,932
228,506
213,655
10,621,846
169,607,643
272,275
256,541
134,595
423,983
152,544,800
5,126,297
684,843
357,683
133,420
255,889,1000
479,948
399,933
97,472,913
206,605,804
754,837
37,816
114,147,532
78,862
249,348,487
37,490
159,610
96,721,888
301,748
225,622
422,519,589
885,918
409,719
226,648
437,643
191,832
256,543
403,678
364,767,928
405,446,883
658,824
266,994
254,317,527
242,592
96,573
435,503
243,412,462
560,833
283,749
127,887
239,453
303,765
300,316
424,999
83,246,599
783,837,937
489,777,883
239,976
113,146
218,386
505,752,963
654,866
715,732
418,712
333,447,608
182,446,949
184,371
324,615
25,574,613
236,300
90,962
516,636
196,232,779
99,131,293
532,618
233,824
172,332
695,701,717
437,545,878
67,630
795,958
546,735
292,405
320,865
5,233,366
452,623
632,828
342,821
29,611
240,843
434,879
50,736
413,708
330,877
344,915,931
59,748
30,531
99,853
207,260
467,476
159,825
236,917
408,418
290,798
193,619
431,955,989
847,997
488,669
10,277
96,404
352,434,630
925,932
310,680,748
32,550
534,780
665,953
733,989
292,554
777,854,901
500,777,792
171,421,766
104,266
192,682
111,613
12,870
161,514
93,577,705
442,449
211,212,536
97,243
168,776
265,603,738
70,727
304,959
445,941
108,187,334
259,886
796,834
388,696
936,991
710,993
68,104
25,292,444
441,527
42,511,551
347,775
149,961
289,407,487
7,709
481,486
534,692
175,210
98,378
437,509
202,633,919
398,832
69,827,1000
82,711
768,919
36,569
71,480
48,776
143,737
486,542,634
488,696
482,720,910
260,308
82,579
343,790,987
853,876
289,771
115,188
29,661
222,575,770
103,762
523,955
23,537
251,680
411,833,866
709,739
161,383,613
377,788,994
225,251
315,559,653
188,371
544,732,788
18,189,290
92,93,702
298,974
356,556
88,193
235,464
135,681,912
326,491
888,936
369,787,961
474,588,708
140,441
953,973
4,178
440,596
468,784
136,574,920
82,375,901
349,795
799,903,999
88,764
287,330
510,576
677,880
282,682
152,520
72,287
753,893
75,554
12,336,987
52,77,119
104,974,979
133,908
293,649
525,779
61,267
696,779
95,615,721
71,342,686
403,1000
775,799
216,475
246,320
657,850
114,646,708
390,580
263,477,886
413,967
494,618
170,526,942
456,860
238,757,831
305,874
25,640
348,456
217,483,762
90,111
83,562
761,812
211,410,860
385,922
288,344
128,491
19,835
14,990
97,160
306,469,788
160,687
330,635,642
627,650
511,945
408,484,630
339,392
374,417,421
128,355
479,669
253,568,698
562,809
247,820
557,907
171,175
242,739
162,303,527
565,874
390,568
492,733,949
11,870
202,298,896
733,961
25,45,454
507,838
397,720
67,673
537,608
264,318
193,334
419,632
91,316,950
248,379,657
579,668
744,905
21,588,654
106,126,225
286,866
302,755,948
830,910
38,363
70,986
5,443,517
574,688
259,463,778
238,355,837
189,841
582,941
137,224,826
12,631
369,650
269,628
330,806
222,985
909,919
575,818
53,755,949
635,856
122,368,473
110,383
390,404
836,951
371,389,871
84,371
363,701
137,886
40,540,654
412,912
125,352,873
814,848
608,766,949
67,322
61,248
9,949
119,513,771
203,757
208,867,940
102,350
72,910,958
400,773
228,911
2,563
587,971
66,100
97,287
505,617
145,462
890,949
245,468
472,744
98,905
271,823
862,981
426,901
833,971
370,636
22,601,629
378,785,935
626,879
238,544,751
349,532,615
370,515
635,924,943
78,300
323,374
496,923
744,947
179,922
195,510
208,505,904
305,602,647
444,843
296,484
57,918
178,254
182,498
136,839
279,874
219,684
38,316
727,841
50,103,829
329,845
391,814
222,320
541,894
745,760
152,870
528,575
100,755
105,402,855
862,951
42,106
515,825,831
774,801
34,952
3,576
262,476,645
26,508,904
344,693
332,386
208,612,916
403,703
31,930,931
377,594
61,912
406,743
10,712,770
298,590
129,379,553
315,526,632
188,318
348,462
545,702
16,417
263,573
44,868
43,197,875
35,245,523
647,890,895
59,688,765
447,649
567,753
308,391,999
714,978
35,999
181,238
133,913
585,810
285,912
2,332,746
47,274,978
340,344
124,586
385,484,761
220,500,514
20,776
363,608
138,937
298,376
12,474
313,626,870
210,826
114,979
160,863
182,704
240,809
468,478,986
16,769
53,353,592
234,344
277,280
806,846
164,978
121,568,974
80,249,806
150,275
18,643,689
438,737
59,198,887
191,686
913,931
322,966
708,717
283,685
122,262,292
638,661
304,717
414,456
71,302
241,863
414,844
159,171,300
489,582
149,616
742,919
391,609,879
253,818
329,700,786
114,355
50,536
375,571
447,743
260,513
24,659
554,839
297,821,890
198,588
153,592,684
491,510
120,296
26,490
541,600
90,200
236,433,773
20,535
154,352
568,598,807
502,662
499,682
268,930
97,250
162,563
33,851
289,313
322,546
11,218
252,833
171,831
192,358
591,932
525,876
638,969
159,310,831
305,686
317,953
452,911
69,350
300,602
665,905,977
421,664
541,592
229,735
832,848
350,544
55,544
654,739
99,260,303
105,910
93,876
312,888
458,595
281,313,890
363,998
205,853
209,493
43,548
18,182,809
33,319
819,875
110,324,730
412,846,877
157,725
327,419
450,795
137,946
128,201
203,710
18,174
605,765,819
581,606
561,728
300,523
61,89
142,338,485
55,533
66,254
203,951
533,694
29,378
30,555
157,485
478,541
136,293,554
47,838
326,350
544,704,873
707,765
94,987
75,541
470,778
458,674
292,984
23,407,502
141,680
56,382
59,163
125,363
9,326
194,440
127,665
24,181,756
426,823
354,859
424,703,858
427,574,754
652,908
760,817
159,479,834
421,561
333,829
156,744
26,591,967
266,423,796
899,911
452,803
217,562
280,555
269,895
78,763
296,434
105,797,829
68,136
481,778
448,549
917,976
985,995
105,116,304
756,989
92,623
222,534
349,419,860
825,972
728,960
247,888
344,653
69,71
386,857
485,967
141,392
32,887
162,268,781
240,450,877
684,875
149,621
260,537,732
352,792
452,951
102,487
637,801
97,327
263,775
503,914
347,452,645
647,761,769
666,945
546,727
30,703,849
422,494
26,549,963
29,266
474,515,678
497,563
452,867
455,839
23,201,641
335,813
338,850
751,893,909
769,893
61,764
34,826
1,479
67,289,944
722,997
186,373
8,263
473,664
91,483
353,504,929
218,776
171,862
161,519
493,607,919
538,714
525,988
258,417,747
887,896
400,442
324,699
251,375
237,345
433,469
240,381
166,516
218,541,694
155,988
425,865
66,296
527,609,693
258,909
82,251
17,121
200,298,853
182,994
452,697,880
371,637,957
450,1000
209,213,416
707,878
484,584,781
208,873
334,974
119,168,437
238,794
74,540
656,689
93,593,936
455,480,932
53,593,696
73,759,815
288,402
150,362,466
211,867
241,924
464,976
100,678,702
269,465
49,200,393
556,959
272,710
62,104
298,541,568
646,711
222,435,509
120,205,876
71,661,687
403,489
553,998
192,962
264,739
598,754
231,664
151,603
955,956
505,663
480,814,897
49,354
419,464
59,74,757
359,668
810,844
610,671
310,522
12,530,606
329,705
393,544
474,620
154,764
20,322
754,917
316,724
471,482,720
17,563
162,252,715
308,524,860
143,986
632,696
64,78
495,798
246,894
93,966
445,568,852
248,700
109,987
740,981
278,431,703
387,616
137,851
517,910
142,545,979
141,636
376,706
345,420,780
29,395,424
211,965
598,704,833
342,452,843
31,63,130
261,755,808
542,765
201,708,933
656,873
712,815
535,980
229,561,955
370,651
749,809
295,823
420,533,920
577,625
176,418,509
265,583
399,710
193,552
61,769,809
93,332,633
497,787
409,612,790
759,816,965
673,938
118,447
473,525,776
18,710
33,34,997
694,965
440,563
146,498
11,487
439,672
658,711
383,412,826
365,736
423,525
380,440,616
14,16,85
679,680,764
357,560
223,923
187,416
73,540,854
46,189,753
351,379
236,483
840,896
585,686
78,426
184,277,894
90,519,891
365,419
134,728
369,550,569
224,786
485,561,657
768,774,865
182,512,699
35,144
260,760
394,918
130,841
416,514
4,460,715
607,656,719
576,653
336,358
580,932
31,76,251
241,383,808
362,730
182,186
242,856
259,950
84,176,763
322,919,962
20,963
66,875
434,467,687
133,170,297
190,567,660
834,979
4,753
230,538
625,814
130,966
165,444,530
3,226
211,628
385,666
19,889
275,615
141,778
267,854
82,242,954
1,21,310
161,939
2,592
60,677
298,356,484
344,823
9,775
80,367,485
74,127
81,256
321,836
468,860
357,734
582,615
134,191,285
300,831
36,138
325,885,934
169,464
222,540,831
142,488,876
547,560
112,846
464,690,880
53,842
44,219
192,411
901,947
533,835
36,930
633,891
137,413
130,953
454,545
129,876
760,773
439,727
217,898
469,921
81,466,532
181,236
394,786
297,499
500,953,982
638,650
123,462,837
310,735
422,543,750
157,515,955
192,210
650,668
567,757
390,779
272,326
280,479
72,683
287,571
388,761,837
820,874,908
444,961
67,329,940
101,412
252,932
123,573
888,936,973
247,704
298,922
253,522
747,845
5,651
72,465,815
407,470
114,386
125,827
21,69
455,523,645
351,932
800,811
534,993
504,763
490,608,953
105,676
428,886
658,969
430,821,846
106,331,873
237,912
152,423,574
613,654
5,450,914
49,368
209,550,883
644,793
504,611
123,706
51,58
828,852,936
67,297
619,911
219,452
396,513
543,771
35,682
875,943
363,535,814
32,152
141,311
104,592,594
138,800
564,584
255,596,990
363,545
65,248,470
280,459,782
443,621,762
26,950
83,923
92,988
345,405
213,547
387,688
198,538
237,410,476
474,760,865
272,790,866
307,668
25,633,863
349,482,833
8,412,980
82,807
157,238,342
912,996
127,521,635
288,939
159,315
553,980
124,227
216,867,888
43,854
122,619
213,738
6,179
248,731
384,545,589
629,719
304,370,848
111,823
23,283,788
581,795,894
642,800
498,640
261,737
47,531
845,971
272,388,966
208,244
529,566
274,511
254,431
60,772
11,903
485,588
44,701
313,663
562,880
488,874
250,560
511,560,840
147,269
340,766
80,295
77,285,868
276,729
529,934,999
163,250,523
71,594
744,819
18,421
236,621
207,534
40,868
407,546
192,342,513
85,771,854
273,568,605
551,765
727,916
185,487
299,566
463,786
879,892
124,233
254,494
58,994
248,720,790
262,364
696,807
58,374,873
244,537,928
569,803
164,698
293,378
172,744,788
205,611,939
276,422,1000
417,465
412,609
67,345
271,950
17,465,925
367,498,928
429,662
498,875
43,241,652
51,472,750
67,550,775
338,478
748,794
115,325
51,382
907,954
892,956
428,441
782,901
105,750,973
390,590
29,955
181,517,946
570,767,868
559,903
45,476
533,900,978
641,768,808
254,838
844,856
266,482
335,619
202,274
813,996
19,716
243,519,822
175,185
574,682
469,894
46,448,518
127,136
216,219
364,814,962
4,720
194,852,907
241,290
228,453,644
132,516
88,286
52,720
15,855
133,357,390
198,806
669,849
329,429
276,353
206,538
68,145,497
573,863
1,952
229,887
335,619
508,999
51,327
108,538
177,321,551
191,852
721,775
478,882
80,587
136,150,404
245,436,513
192,714,957
202,818
510,892,968
329,772
31,884
550,704,735
462,490,922
405,757
87,356
188,455,970
573,601,824
322,562
492,693
490,728,803
89,305,570
575,820
440,857
318,393
685,818,925
580,848
128,165,789
424,847
69,870
45,483
752,793
399,764
229,575,582
343,689
261,745
324,706,884
325,849,880
110,289
90,914
820,890
175,698,717
430,661
200,661,877
299,340,556
64,316
731,780
580,627
527,990
175,908
174,254
226,442
129,928
35,380
474,636
157,660
580,941
896,907
82,162
356,597
22,190,902
308,593
103,623,781
584,997
754,940
222,479,531
468,855
435,796
97,153
347,704
101,647,830
478,831
295,430
206,524
546,737,968
56,248,994
511,960
376,380,585
148,595
779,928
18,886
253,699
310,673,851
289,991
652,876
71,411,844
156,251
108,303
53,82,565
57,502
115,282,922
29,277
545,930
261,756
418,440,629
186,433,893
258,442
440,857
62,581
130,670
152,597
654,666
802,857,966
5,297
405,674
38,93
571,826
647,902
25,625,857
602,897,1000
47,98
150,791
77,760
623,985
190,621,804
369,816
566,649
400,830,848
379,836
13,35
159,571,729
210,859
229,752
823,936
499,561
300,817
575,775
464,841
253,787
458,610
236,800
368,717
197,985
287,770,952
313,620
430,781
589,720
444,702
140,185,699
806,872
436,574
92,225
365,498,735
5,931,957
535,929
591,857
330,654
166,331,672
185,264,551
584,963
212,608
326,409,871
83,455
279,402,815
12,339
630,632
359,452
92,153
679,822
771,930
675,687
585,675
875,877
310,611
139,875
99,303,954
93,363
258,910
212,883
472,623,819
57,120,297
286,895
475,817
208,546
620,672
114,460
653,710,904
909,944
198,752
964,1000
253,345,634
256,389,734
769,833
606,607
426,574
37,335
232,623,833
10,601,653
131,351,837
55,464
187,506,811
750,962
95,876
133,582
80,777
685,947
158,457
146,837
252,484,618
600,750
154,607
240,554,900
284,780
569,926
291,879
182,303
595,973
424,592
464,790
339,621
51,980
790,970
246,749
120,405
141,154,495
283,713
476,839
387,752
429,982
44,391,499
5,357
788,949
434,786
280,358,531
218,380,961
231,633
233,279,371
62,271
515,742,803
81,640
152,831
603,704
136,717
395,604,626
881,991
52,559,933
474,874
42,519
123,376
916,958
479,515,808
766,975
140,878
116,791
299,342,381
17,223,436
91,773
462,997
451,849
388,563
207,915,981
430,913
77,617
573,584,697
40,156,894
420,485,744
464,588,742
402,580
353,810
953,958
503,828
75,490
121,679
185,737,755
481,890
57,765
76,127,982
60,595,666
280,928
122,155,477
68,645
521,643
52,886
93,621
65,102,719
295,936
94,328
308,332
647,890
421,459,460
270,986
628,860
148,604
213,503
32,365,484
768,837
237,240,807
419,916,971
175,973
384,484,626
26,153,736
347,880
599,796
154,515
155,322,506
293,497,805
335,905
246,797
407,672
802,892
327,622
15,914,965
629,683
396,949
106,578
139,971
171,584,881
480,949
235,359
31,634
210,540,641
318,431
127,880
112,877
444,716,898
857,979
86,222,913
506,536,758
64,286
63,297,785
526,839
26,313
339,867
796,878
262,303,862
13,193
463,723
508,825
391,741
970,1000
700,779
172,389
38,936
101,474,517
149,422
126,393,470
339,755
364,461,557
307,687
438,467,977
253,534
49,310
259,760
413,681
544,561
618,695,749
31,511
198,292
444,529
179,269
133,242
295,409
617,683
219,734
563,937
29,159,311
126,323
189,920
196,828,928
112,745
197,676
396,464
390,546,925
193,381
120,423,542
585,794
370,861
148,385
630,839
16,601,880
319,659,936
265,789
444,497
64,904
144,854,862
506,923
12,236
264,564,993
564,723
337,566
407,502,864
47,830,860
663,664
399,807
387,749
358,614,926
255,527
349,761,927
291,338,490
593,857
226,805
44,113
247,971
427,784
343,895
167,175,373
416,480
173,201
91,200
308,541
83,113,301
171,560
580,938
301,817
296,613,806
280,378
255,405,801
56,798
52,581
72,865
83,483,549
681,750
84,142
464,612
813,986
338,374
58,208
98,113
247,544
329,420,532
121,357,368
319,583
526,567,745
397,866
138,215,656
792,800
226,873
3,547
878,935
475,802,877
331,426,905
639,673
422,761
128,867
777,851,854
450,560,950
47,924,982
245,647
128,837
31,35
132,295,426
86,523
338,875
269,271,331
47,345,405
89,792
506,843
235,464,704
7,144,720
518,833
382,660,709
18,182,582
417,907
221,819
32,751,755
23,608,788
400,789
96,905
543,800
680,686
117,233,813
226,800,912
744,901
384,827,876
255,631
585,785
657,728
138,921,982
773,996
84,458
439,489,901
726,867,896
270,301,395
64,226
412,475
328,456,691
15,58
57,165
788,870
127,652
274,808
536,635,786
623,961
42,83,673
91,399,939
179,646
651,996
34,367
208,935,962
8,353
269,624
879,983
219,729
238,605
235,495,903
143,222,241
619,871,981
340,373,513
283,775
99,875
25,878,988
50,796,879
665,772,970
598,674
478,772
491,964
332,659
123,617
574,600
247,996
916,950
488,696
331,668,920
486,876
101,515
278,450,750
21,413,868
33,983
309,776
513,694
539,692
497,810,956
89,125
409,572,607
586,917
115,564,641
45,303
84,989
418,604,734
49,117,844
16,439
181,243,829
79,499
446,495
224,348,937
433,962
398,960
195,316
104,866
131,746
613,792
850,904
793,879
132,173
28,414,495
322,951
44,507
71,364
407,499
201,803,945
423,788
124,459
355,643
13,319
767,953
28,174,713
61,188
10,327
567,694,715
755,827,850
484,771
461,685,786
124,950
3,278
479,913
623,645
386,638
220,722
315,499,533
751,998
12,156
23,329,775
495,536,708
323,546
450,655
82,480
272,293,424
329,430
304,346
236,946
49,730
375,739
289,743
403,617,808
351,877
52,387,910
95,535,835
158,659
61,426
239,934
285,880
522,992
666,680
306,903
305,802
525,590
126,158,177
512,738
393,595
115,584
63,500,875
46,315
466,633
127,996
64,155
413,510
138,316
46,359
483,509
558,822
911,967
795,993
651,817
378,476
148,418,530
17,104,750
205,952
437,481,794
208,690
767,841
571,825,913
190,323
153,504,593
352,415,644
185,547,777
67,433
6,71
486,609
130,150
415,601,644
49,249
14,805,993
470,731
536,734
878,979
600,679
125,662
455,907
80,788
510,790
84,204
252,988
567,646
295,921
185,398
37,368,885
237,299
80,760
355,766
19,980
75,923
831,892
562,746
309,346,948
739,761
212,230
4,362,998
13,439,902
239,689
178,381,983
163,987
561,732,867
134,244
474,969
527,721
124,233
385,645
23,778
515,635,825
239,278
400,681
160,410
627,844
135,918,1000
420,426
668,749,775
175,201
10,137,983
202,718,853
352,434
45,145,909
313,980
234,278,580
154,512
51,763
607,731
195,894
174,681
347,610
19,818
21,365
513,674
867,916
177,506,598
535,577
321,448
274,860
338,526
452,740,816
132,152
403,865
799,902
41,701
118,860
22,158,354
366,531
12,153,644
267,497
622,741
491,615
369,583
146,936
120,827
246,374,765
222,513
446,994
99,791
661,675
522,616
167,673,931
127,246
375,445
297,853,919
187,483
230,860
422,762,869
461,789
65,369
50,413
33,688,972
76,582
200,334
207,532
428,594
435,990
141,286
650,741
842,918
262,509
505,851
692,707
434,488
93,291,719
565,570
292,892
560,703
74,220
155,168
520,691
666,804,997
83,768
449,974
165,617
49,545
623,718
864,917
201,333
499,542,585
930,998
257,666
178,287
122,672
177,241
247,543
28,426
320,663
260,263
54,714,868
23,731
13,963
218,252
320,495
126,547
288,435,883
186,853
284,844
446,789
94,195
73,105
22,483,806
369,777
209,575
800,864
112,585
133,942
448,563,787
848,860
271,507,989
240,606
6,89
503,556
26,646
254,768
235,664,764
453,569
8,436,563
66,224,926
586,673
398,912
203,659
122,123,579
406,830
46,459
561,615
66,372
48,670
301,982
104,854,898
349,414
708,787
63,878
96,236,524
629,674
206,413
22,592
306,548
612,905,994
8,656
338,646
132,867
353,477
436,563
465,466,895
257,672
167,742
215,233
624,914
226,886
701,902
244,513,559
443,562
563,737
32,630,935
248,377,511
203,435
365,802
182,231,475
454,618
170,785,925
79,806
114,234,555
129,388,897
473,806
580,873
510,983
33,560
162,736
323,929
466,469
116,981
122,155,903
288,964,968
310,856
154,305,505
328,433,492
19,625
485,629
96,671
218,229,945
145,427
685,736,805
291,419
567,734
50,938
18,691
201,726,792
54,236,259
111,397
350,744
303,477
696,799
846,883
2,131,787
633,637
215,916
158,332
155,638
121,155,224
471,905
109,709
80,209,630
92,173
425,918
475,685
319,610,700
273,491,501
111,642
68,281,880
658,875,999
362,471
217,876,935
441,779
301,903
250,524
190,886
185,997
540,957
784,837
232,408,562
525,554
772,970
384,523
18,845
572,646,799
169,420
400,901
383,431,599
565,781
499,836
32,374
363,479,882
252,488,897
251,736,833
634,685,984
244,516
672,977
108,280
277,914
363,634
576,630
270,981
358,959
18,349,372
646,880,936
549,741
481,588
238,950
108,989
159,300,849
237,667
132,994
725,817
233,717
43,220
516,704,743
218,843
663,890
23,182
113,990
577,581,928
392,710
558,850
303,402,702
81,646
190,416,710
437,527
46,689,747
619,777
66,630
534,556
660,899
222,330
12,357,878
322,598
60,996
401,817
754,782
462,694,935
671,699,941
495,550
310,375,720
278,963
84,607,890
534,933
9,502
170,832
258,458
134,426
334,969
202,256,585
512,671,709
97,767
388,526,853
251,299,746
196,276
595,687
327,403
163,230
154,738
595,685
372,400,957
789,925
109,132,602
123,384
21,279
660,801
18,486
370,383,946
412,858
489,999
381,597,961
337,879
116,976
31,137
77,729
574,625
320,662
149,528,946
232,298,368
236,557,842
298,585
50,148,418
105,112,288
76,77,534
344,868
166,710
217,580
64,665
611,892
565,929
244,657
36,355,846
438,873
384,586
730,839
126,671
15,102
913,972
361,529
282,371
370,495,756
117,398
393,970
349,508
33,180
268,784
81,552
175,529,681
575,997
281,772
264,835
181,953
950,969
55,679
5,370,669
779,966
397,757,770
447,639
221,646
66,532
150,466,732
477,530
427,764
292,597
12,144,509
81,778
959,993
119,700
168,851
165,886
847,935
348,750
54,735
203,456
964,989
138,732
786,905
750,844,903
441,767
690,791,949
416,686
625,890
96,994
138,739
669,749
16,183
2,592
143,487
578,825
596,701
481,902
534,997
332,711
337,452
557,805
86,662
200,376,377
559,787,820
9,414,650
570,928
167,633
472,661
430,615,640
246,803
367,952
548,756,880
408,590
517,715
584,615,798
196,433
760,967
749,977
460,969
239,327
177,675,758
200,477
207,244,787
403,477,548
161,191,495
274,557,826
840,894
524,654,924
681,952
94,642
553,915
719,989
581,941,992
50,789
341,400
219,221,905
22,32
92,412
163,350
85,529,909
178,441
400,734
17,123
299,522
360,955
676,911
360,917
400,414,498
226,297
117,485,969
867,970
361,908
62,394,585
456,656
333,364,523
687,835
172,930
251,334,383
462,787,969
199,335
321,451,922
386,415,815
615,916
196,652
466,547
287,544,662
235,295,421
177,984
298,579,838
580,811,935
135,261
135,453
81,602
113,324
126,665
313,341,511
112,801,947
284,790
438,871
159,649
365,462
298,568,932
411,942
756,868
393,501,870
435,839
156,173,336
101,607,662
103,317,383
33,115
68,447
622,1000
441,535,630
249,834,875
607,916
556,594
106,110
425,714,770
539,914
289,572
154,573
46,63,757
259,861
350,372
444,469
269,283,933
238,429,626
327,678,846
646,668
635,826,891
651,765
96,580
202,343
354,484
5,308
64,648
461,829
94,195
728,877
443,652
347,730
401,738
656,940
291,557
132,722
358,521,621
52,57
71,82,231
512,704
224,644
712,777
126,798
91,440
45,927
352,784
250,673
465,724
366,651,996
322,629
160,615
236,452,963
199,747
461,781
323,668
245,614
269,844
5,302,743
187,976
232,815
208,338,369
10,696
191,693,839
10,584
98,224
320,523,646
424,571,955
47,209
706,939
401,579
164,840
412,569
296,633
131,319
396,508
177,579,734
345,961
50,513
177,639
129,392
117,218,646
203,273,581
183,951
367,603,697
543,705
321,879
610,891
74,412,896
558,912
160,742
240,603
242,779
585,658
657,977
55,87
462,724,950
386,449
189,414
12,129,131
412,484,486
57,431
620,624
257,315,882
317,440
213,694,736
260,833
236,967
152,920,971
2,340,727
232,853
13,533,655
226,486,654
229,592,729
456,735
295,719
141,271,414
612,954
184,576,914
450,859
423,896,961
430,902
900,941,942
23,595,909
45,456
107,151,597
526,974
58,965
765,912
383,709
243,548
438,859
211,675,691
343,672,902
38,195,830
136,630
669,707
342,472
135,998
166,377
557,661
618,834
5,309,417
71,797,949
77,760,808
805,904
690,915
814,853
254,879
18,814
125,686,791
322,644
334,576,804
86,459
414,662
79,342
52,825
101,710
679,694
170,809
40,455
33,233,771
79,834
499,563
223,431,648
665,816
433,465
458,762
278,296
307,735
617,877
505,769
186,240
273,342,624
183,754
642,926
348,836
94,485
96,625
327,870
135,941,974
16,394,752
217,718
52,743
289,612,995
414,643
509,555,829
160,284
124,709
90,648,768
640,915
686,939
135,575
404,546
215,479,894
141,242,614
320,500,926
22,773,952
127,169,397
227,329,675
169,202,513
228,938
114,575
143,817
12,553
136,488
687,833
22,486,686
435,440
466,503,612
131,235
584,741
91,555
170,207
99,368
3,85,793
79,122,242
503,671
6,316,335
36,170,402
610,747
105,755
349,893
355,490,723
790,933
199,547,624
197,953,973
255,492
736,801,863
298,639
186,326,520
151,929
323,507,995
267,811
36,471,875
225,584
224,296,944
549,780,963
231,646
332,504
18,516
591,984
433,647,957
35,201
222,739
149,727
93,178
218,316,737
213,473
153,628,996
481,757
391,445
10,529,953
245,819
768,901
621,637
676,850
93,125,998
407,747
132,212,389
322,344,829
184,990
313,656
176,609,861
35,442,566
82,411
208,246
55,578
36,401
300,428,937
52,323
284,851
227,578
97,165,842
8,484,838
263,446,881
41,238
861,960
260,265,343
211,886
649,981
421,620
14,802,844
188,924
643,952
170,434
451,743,806
665,848
338,965
154,437
62,632
74,633
838,900
355,728
335,380
489,519,865
39,425
361,533,920
7,564
555,844
336,888
707,877
675,766
227,249
85,90
82,906
18,788
204,452,715
173,960
357,619
216,245
84,383,584
575,650
481,887
115,494,903
548,895
520,852
279,445,821
96,174
315,830
237,491
62,593,685
150,947
337,874
517,935
8,734
641,899
144,235,748
39,596
527,998
758,948
216,612
747,955
521,524,950
700,722
360,854
503,595
89,607
658,670
155,217
102,291,820
374,764
249,441,971
811,828
140,467,930
211,694,789
394,448,541
245,735
375,675,986
572,744
28,558
289,823
76,946
133,342,401
7,811,857
79,583,644
110,220,845
495,608,674
476,901
717,752
250,964
373,780
409,460
46,144,653
302,869
341,394,939
312,331,381
162,288
461,807
133,287
917,919
803,981
223,383,742
89,779
603,619
634,863
633,782
264,751
607,652
115,167
110,118
560,993
458,484
142,199,966
478,687
43,598
495,546,933
460,687
65,994
202,297
449,859
37,112
498,518,643
109,965
18,88,347
151,637
525,527,998
182,920
258,967
269,536
29,859,898
564,725
538,834,980
51,432
241,270,981
609,639,716
460,721
184,659,912
586,654
174,273,396
647,817
269,663
188,564,924
69,106,110
305,667
914,996
361,783
114,152
363,563
416,614
348,365,513
263,420,493
689,969
283,701
591,970
502,546
563,941
871,967
184,574
466,505
325,378
203,350,622
6,269,584
205,353,992
213,617
193,764
225,372,486
340,396,751
896,966
260,995
363,700
468,856
295,583,699
784,864
608,741
754,911
296,748,959
438,905
285,555,693
254,505,544
820,945
48,241,652
114,434
355,457,504
170,196
43,172,908
204,705,853
500,849
187,802
592,896
456,549
91,512
7,719
265,304
54,403,839
443,681
1,408,814
232,802
97,313,845
111,163
408,628
265,858
310,709
132,470
197,726,883
220,758
145,525
544,921
37,42
141,867
231,360,386
354,488,527
328,867
131,902
800,911
612,841
84,212
525,842
50,186,716
73,701
37,524,556
50,218,734
70,609,949
99,477
487,505
283,699,994
351,463
195,612,849
130,451,471
174,224
235,566
592,947
735,743
194,381,568
401,687
560,944
719,893
316,949
87,797
64,275,572
1,969
721,933
183,954
111,763
33,738
162,399,848
207,414
94,355,635
770,921
74,496,645
506,776
10,185
553,912
458,915
71,182
118,902
431,889
206,239
100,548,781
5,72,278
100,361,621
275,439,659
350,751
309,680
118,310,967
401,992
626,984
532,890
238,420
641,709,770
430,862
366,575
3,632
629,970
285,291
708,997
227,477
204,274
853,881
130,846
49,348,991
158,472
985,986
31,413
79,789
286,498,730
248,595
554,783
620,943
131,327,520
399,699
289,349,392
112,854
186,325
127,264,771
244,349,927
350,686
353,445,827
303,309,842
237,577
272,660
570,639
96,608
173,634
588,655,944
327,341,817
140,686
399,743
397,540
323,747,758
551,832
734,866
206,501,860
156,334,717
326,888
263,759
635,786,828
567,811
784,990
557,844
880,922
296,887
190,826
235,550
43,770
478,967
450,926
367,373,495
56,509
202,942
294,766
428,952
10,496
101,720,771
73,180,960
64,147,183
211,591,872
244,291,850
132,663
155,221
571,869
855,975
42,327,515
472,899
79,819,874
358,742
69,516
231,255,961
81,337,585
233,499
483,520,907
240,445,929
41,262
363,488,600
387,833
14,144
220,323
926,994
98,551,680
88,557
406,808
267,518,664
452,820,916
452,953
27,180,960
419,970
190,953
664,759,789
172,373,468
443,686
871,923
327,439
40,173,865
91,453,800
13,822
61,157,903
60,161,241
72,611
617,702,905
38,828
254,984
7,182,931
336,925
183,900
239,546
85,448
603,920
283,485,713
114,686,989
97,858
170,233,375
392,600
63,213
362,664
136,796
265,818
381,839
215,908
501,754,974
341,452
59,844
33,666,937
492,702
761,944
489,754
192,949
14,155,598
760,986
498,785
585,874,925
217,405,820
10,918
336,523,531
35,101,522
21,464,900
748,749,854
894,948
876,927
547,889
168,836
501,508,529
546,783
495,682
522,684,702
179,548
112,535
234,423
131,340,942
916,951
295,498,730
57,129
48,320,428
176,256
471,910
490,712
18,260
681,898
54,165,676
708,967
596,802,974
730,962
550,744
117,651
290,727
79,117,298
155,340,522
442,444,681
371,909
392,553
549,630
49,175,686
471,742,813
66,353
11,44
471,723
420,608
121,155
660,943
338,502
336,572
468,712
615,935
219,238
104,954
286,766
371,382
152,502
851,902
309,759
152,199,328
222,577
372,600
597,721,819
291,446,668
183,679
174,275,672
116,475
594,643
343,778
230,792
176,441,668
136,775
602,626
73,737
103,471,776
220,359
363,478
16,295,560
122,954
441,733
38,542
219,949
155,583,658
205,865
328,645
16,855,903
324,608
258,697
313,836
123,500
371,531
37,59
576,869
628,693,860
326,530
419,841
225,646
785,916
924,965
86,912
269,548,567
241,851,923
861,922
259,346
496,681,707
300,773
308,451,733
128,176,467
574,982
400,481
24,425,680
114,172
176,840
141,544,823
237,829,988
38,377
228,633
126,326,573
47,987
177,288
467,830
377,554,714
38,900
129,390
215,237,262
213,880
480,557,590
261,394
140,202,240
556,760
121,384,538
103,359
259,386
70,691
313,657,936
28,583
477,611,944
94,450
103,712
947,982
94,846,872
17,230,803
613,894
886,957
24,320
601,791,852
21,890
118,519,840
101,682
662,798
342,705,887
198,292,620
516,725,771
40,327
518,611
339,923
388,713
89,630
1,14
910,930
622,647,664
44,162,705
207,374
214,376
200,484,840
308,541
257,390
233,868
118,751
205,777
67,336
161,673
71,992
669,883,926
696,955
845,947
500,848
71,464
42,191
14,992
55,336
675,816
708,921
673,763
164,742
428,907
80,347,567
722,860,976
509,585
138,766
461,718,850
557,983
237,827,896
150,761
683,733
132,572,916
225,270,335
288,408
160,520,705
639,907
35,173,210
10,65
98,525,818
545,988
264,433
365,934
303,356,589
42,682
39,165
5,114,860
31,299,939
43,329
304,617
264,589
323,525
255,702,989
492,718,757
384,388
740,961
748,883
251,868,923
157,857
843,852
797,997
119,608,751
342,742
599,795
505,646
421,627
109,217
503,610
841,870
612,620,778
325,400,722
685,718
724,803
805,934,990
8,535
215,722
251,439
37,522
774,808
92,210,393
343,551,992
602,771
267,407
619,732
444,661
476,980
788,884,991
421,995
221,295,977
77,119
299,637,716
770,826
398,502
197,880
637,883
68,244
430,593
110,141,469
722,729
273,727,905
658,886
78,154
912,953
158,253
180,850
800,945
35,432
279,781
49,553
373,523,536
759,823
619,680
68,784
416,463,701
912,950
39,67
118,675
443,564
110,255
286,610
564,861
485,643,706
25,484
13,842
608,741
751,864
288,929
160,968
357,889
126,965
405,558
267,516
44,252,947
10,15,754
79,210,938
159,279
810,821
18,650,788
107,969
95,253
218,266,686
758,953
235,328,350
47,355
195,505,704
43,729,964
70,965
450,678
249,343,417
288,311
165,191,898
1,494
340,984
438,750,793
201,302,996
372,569
301,766,912
84,433
49,246
466,719
252,802
317,770
386,797
331,464
27,381,762
109,247,301
933,936
199,729
88,550,895
297,506,553
25,306,832
534,587,987
535,828,961
283,321,897
441,563,962
213,312,503
169,775,809
589,649,761
336,558
595,801
683,993
268,674
762,948
104,416
67,503,880
205,468
251,785
219,316
506,785,835
906,914
400,881
87,283,809
638,921,936
181,768
291,646
124,535
393,670,895
361,648
258,794,967
