419,508,888
222,916
83,948
221,503,924
708,768
148,425
383,655,786
650,775
382,691
379,441
53,174,427
559,718
838,885
205,861
412,587
547,752
163,992
242,598
323,458,960
328,544,579
222,315,663
26,494,976
19,181
236,622
262,741
373,454
508,892
94,472,802
124,673
441,452
736,825
99,629
199,737
373,873
126,468,776
350,590,629
172,973
465,849
159,403
466,634
143,263
775,873
721,891
183,542
114,399
59,704
117,226
68,753,849
84,732,946
403,527,672
358,386,389
42,475
74,798
324,472
330,820
930,996
410,718,935
493,958
198,895
207,588
841,926
89,443,878
359,806
8,142,423
898,960
3,905,984
274,617
354,579,729
584,839
13,733
174,977
243,435
200,577,768
240,823
525,799
63,297,476
253,452,543
532,961
136,634
436,703
212,559
58,628,723
562,973
169,712
563,751
414,584
704,757
174,936
179,833
113,709
239,361,448
511,993
26,351,570
322,706,782
338,893
426,806
757,790
155,816
637,987
399,521
35,505
250,458
269,301
417,457
599,603,936
608,984
141,674,947
504,689
94,720
572,822,962
14,430
293,819
322,462,581
5,322,957
412,438
28,375
373,942
318,353,514
201,627
431,660,961
269,574
4,909
658,848
445,796
640,752
58,81,998
149,176
134,808
739,834
212,826
124,286,901
135,572
188,861
842,882
15,121
87,154
328,781
439,672
603,772,881
330,644,879
76,620
185,661
36,587
264,434,811
525,981
42,480
442,826
786,943
153,418
60,429
88,568
502,801
833,874
152,872
413,739
310,635
522,821
576,667
548,899
55,296
496,987
29,32
442,446,939
203,830
938,984
42,44,564
792,984
87,859
104,185
279,474,650
206,438,850
78,348
49,495,952
230,565,743
146,485,755
434,579
476,669
289,945
899,936
436,746
548,557
264,624,679
6,786,878
114,185
166,636
214,230,651
70,752
550,564
227,496
11,30,471
233,559
236,415,714
163,295
801,1000
214,216,788
3,622
864,986
194,431,439
519,896
19,899
338,469
517,643
262,749
680,725
23,341
291,401
1,515
338,892
143,899
225,240,722
136,199,774
463,608
127,425
74,221
499,610
73,594,847
448,642,706
217,243,396
355,601
399,943
145,433
426,688
646,650
221,321
186,619,678
21,336,445
537,654
46,532
340,823
269,455,708
2,396,432
95,905
638,785
466,936
289,435,742
434,489
212,997
32,778,955
333,606
363,485
98,994
447,936
48,646
468,909
409,960
579,669
536,572
846,951
333,704
243,484
70,246,720
137,415,465
119,500
462,463
276,361
214,675
283,737
324,433
269,296,744
606,900
88,469,835
20,970
233,403,867
720,985
172,544
83,150
591,902
637,972
709,843
453,595,940
541,864
254,739
465,979
854,906
428,995
163,559,563
300,633
276,693,894
174,250
68,741
311,575
272,379,542
395,711,991
829,902
398,650,769
162,396,509
355,607,929
37,204,600
713,720,812
128,714,812
129,138,975
311,778
144,540,950
59,841
112,995
118,370,531
255,517,624
466,792,880
491,906
522,692,844
295,466
526,533,685
231,434,685
19,784
130,553
335,629
178,766
384,459,468
18,950
924,957
279,730
264,932
708,765
114,904,937
557,598,711
197,965
333,913
397,871
413,975
260,457,485
33,310
377,657,811
28,189
124,256,943
67,774,875
210,316,804
124,764
463,785
473,543
21,863
314,895
247,286
173,736
25,802
312,753
245,572
568,937
68,499
112,864
16,477
439,551
63,631,878
743,818
608,630,839
375,665
365,555,695
518,758
385,597
651,669
39,158
40,476,793
459,664,982
248,262,577
108,225,860
792,942
46,974
279,518,586
414,530,603
582,729
267,689
446,682
431,807
545,944,958
430,481
8,382
403,721
162,429
328,492,803
193,686
583,750
504,520
446,995
601,857
76,763
89,920
311,620,988
393,440,702
59,818
485,652,889
154,495
527,784,999
164,673
532,865
400,603
31,689
344,891
674,801
489,767
96,253,792
559,806
268,836
190,269
570,703
175,817,909
351,863,894
399,501
35,93,172
253,489
76,587,646
93,906
25,539,941
379,614,660
472,917,953
616,864
33,306
82,818
385,536
899,931
503,567
434,823
734,791,949
415,468
196,236,770
325,882
85,720
455,456
432,547,874
519,721
102,544,596
515,944
281,467
581,647
177,644
469,914
3,154
49,809
89,817
475,530
411,531,559
28,596,622
176,819,941
305,664
352,982
418,907
306,565,922
593,978
747,993
202,782
313,561
204,682
110,337,980
301,653
483,874
138,167
380,841
432,576,860
14,403,508
89,343
256,957,961
549,706
3,596,951
719,877
196,593
155,701
483,722
412,475
189,192
256,700
142,216,546
136,337
283,329
258,818
99,149
399,997
126,566
89,1000
344,772
116,136
585,775
253,268
197,832
92,897
653,923
285,671,922
97,349
508,883
35,585,953
209,945,956
652,750
225,604
116,286,471
78,203
116,162,325
474,828,972
583,715
802,891
357,421,633
754,945
298,831
102,352,612
801,944
150,425
159,177,731
209,564
53,696
299,497
357,819
47,200,347
153,188
250,782
847,876
509,876
265,318,490
560,650,997
63,980
659,799
281,966
413,802
302,539
62,821,878
508,922
335,429
350,766,987
360,645
86,166
733,974
483,510
266,384
174,985
470,657,886
309,707,851
266,570,802
98,197
354,503
383,920
281,550
221,335
613,650
347,456,808
373,552
6,124
231,922
149,514
220,711
18,910
45,66
98,177
105,589
44,539
200,557
157,479
363,721,878
602,775,968
347,639,905
344,574,922
384,677,854
72,456
263,403
304,796
42,295
748,944
160,306,545
74,950
5,694
55,528
228,976
40,925
394,395,478
358,783,954
678,813
153,857
651,871,995
426,869
310,767
620,901
81,650
164,713
464,631,953
262,793
38,605
229,639
40,753
201,385
540,712,822
43,600
451,458,515
44,352
29,392,897
205,334,510
409,897
47,332,807
198,419
260,778
336,657
242,856,939
162,407
261,475
70,145,333
68,638
265,698,994
88,844,898
144,245,672
624,820
51,873,966
337,799,948
398,951,988
214,391
489,861
172,560,641
826,838
516,593,808
358,917
333,379,878
260,417
194,941
193,745
383,511
791,955
347,649
98,459,804
756,773
526,612
563,927
793,828,832
363,566
231,976
270,951
492,832
20,389
397,902
53,754,937
825,891
60,764,815
48,394
344,519
340,841
243,977
35,42,88
749,858
122,450,880
462,507,665
112,653
63,547,839
321,591
177,643
415,706
59,325
604,653
295,484,603
156,400
111,524
309,460,630
37,258
103,459
401,545
717,948
86,568
48,51,958
366,457
421,745
23,388,412
508,974
225,926
390,598,985
783,786
291,740
501,632
221,444
594,932
327,760,804
558,770,830
163,918
467,646
179,201,612
164,269,838
122,893
281,404
27,44,542
697,981
604,966
16,264,537
187,631,950
110,697
140,807
55,290
254,532,600
144,771
359,400,421
22,661
425,754
543,545
208,316,890
425,847
184,391,716
59,205,945
388,539
255,762
735,829
198,906
199,961
53,364
388,459
461,649
764,975
484,610,932
609,727
222,233,497
142,189,834
131,249
128,244
269,926
700,771
533,731
822,823
363,621
59,424
689,809
579,753
824,933
157,858
290,547,706
76,103,991
445,805
234,925
81,343
742,813
239,435,557
175,483
180,380
28,58,965
779,871
977,986
235,266
231,655
523,645
549,737
326,426
222,451,951
490,963
27,179,689
619,821
418,997
801,816
181,431
356,430,898
202,928
326,983
412,772
109,145,824
102,864
142,186
525,837
519,668,812
473,838
646,869
583,589,966
219,664
93,427
207,329,654
742,815
483,649
414,987
103,136,207
94,718,881
442,518
79,196,621
90,511,902
20,905
882,985
682,840,989
120,614,689
16,411,570
949,994
293,519
665,698
25,128,287
221,506,657
31,358,878
228,236,354
177,491
46,882
341,594
282,769,942
247,508
467,667
20,909
32,199
173,453
28,358
222,414,846
745,765,878
507,848,907
375,633
72,941,948
128,325,613
166,704
291,943
12,372,426
560,585
147,801
348,486
332,377
469,583
210,998
41,140,461
83,728
15,353
641,830
706,710
3,613,842
435,762
357,834
419,880
24,341
610,881
939,956
290,821
568,931
404,900
174,750
141,267,745
390,391
102,615
22,131
766,776
613,694
420,867
162,563
295,409,515
364,752
52,625,791
326,857
268,847
266,284,401
487,511
667,748
30,908
390,751
69,492
308,715
333,929
387,428,538
163,941
482,591
51,770
341,831
21,335,461
202,681,769
371,818
296,547
684,959
721,799
121,799,933
79,118
284,807
375,965
263,301
30,47,581
325,564
152,350,586
98,613
194,340
33,875
586,676,726
481,968
357,521
259,502,991
220,229
274,540,861
527,913
373,597,884
80,997
531,980
246,704
334,803
327,426
498,817
212,997
48,291
256,506
220,301
53,269,456
305,396
705,997
220,808
323,407
726,879
166,248,532
28,741
819,934
313,826,908
327,410,973
237,813
371,950
397,507
654,994
12,299
406,622
20,694,749
468,552
854,868,951
554,708
71,591,597
230,407
134,802
424,743,977
370,726
465,570
73,469,893
587,892
29,611
358,865
97,961
71,458
471,756,889
538,707
452,760
274,297,379
403,523
19,748
552,712,927
19,146,185
70,194
328,613
538,828
14,493
105,899
125,241
118,745
240,608
522,742
48,260
521,606
293,419,703
148,894
175,500,862
163,383
143,159,674
429,526,840
591,613,778
83,771
303,615
51,784
405,846
628,950
160,455,999
478,854,902
129,748
745,917
865,919
128,205,428
142,715
290,793
49,295
304,570
167,309,460
578,712
438,909
148,640
165,636,689
829,952
227,297
115,819
80,457
650,726
602,715
692,860
709,718
25,378
105,748
140,374
341,394
355,405
648,776
86,790
237,774
563,730,929
380,641
203,400,994
305,980
507,562
71,705
256,607
103,280,833
191,420,523
63,208,481
223,740
34,265,830
682,963
170,724
63,444,639
631,807,985
925,976
103,463
445,533,817
64,597
433,771
45,236,649
446,578
656,899
54,440
869,920
177,561
100,880
896,972
553,974
90,193,938
33,564,806
21,585,951
345,871
703,851,875
428,586
671,694
405,762
885,946
280,409,650
268,741
57,243
400,487,979
94,567
462,594,638
66,429
153,599,896
176,338
422,657
663,724
65,102
107,158,187
175,451
342,533
446,519,622
510,978
257,741
39,438,486
92,514,553
118,764
485,751,850
607,895
905,935
859,874
215,368
450,733
347,878
20,488,791
245,759
83,267
172,582
10,359
243,588,878
480,727,860
167,878
514,525
31,403,800
193,577
174,435,481
63,124
422,841
751,815
137,356,852
24,234
6,752
7,347
622,852
286,493
328,575
299,553
337,552
79,307,464
36,932,942
30,149,834
66,474,706
224,328,708
230,790
26,168
149,361
99,112,408
69,301,496
308,905
236,564
282,805
5,71,519
5,578
187,189,704
577,674,780
368,412
91,649
53,323
491,957
384,686
389,842
36,87,601
44,872
513,943
310,326,788
435,595,722
283,521,728
473,556
117,332
227,300,892
218,323,409
360,917
289,823
226,295
317,420
165,930
254,309,968
151,493
433,617
769,988
417,898,935
527,560
157,184,231
395,846
791,792
771,836
42,417
205,262
364,843
533,616,682
409,994
347,864
743,755
46,301,319
299,709
240,550
367,828
49,425,770
550,604
21,839
526,816
312,486
134,310
74,841,926
63,72,486
449,854
263,839
226,563,953
286,947
224,573
72,386,905
818,979
459,923
18,617
404,731
317,552,607
136,811
419,518
31,588
155,693
274,437
856,923
387,840,884
45,550,818
562,681
358,751
123,591
62,251,732
240,412
47,403
392,663
276,498
563,616
68,422
167,244,813
9,424
152,548,853
470,784,802
208,640,851
525,708,934
642,821
39,56,294
145,472
49,74
281,701
552,650,992
218,610
141,885
38,616
348,380,780
506,573,577
278,319,839
345,555
316,380,933
751,926,960
262,868
615,710
389,940
860,873
31,957
288,348,750
674,834,980
17,27,497
33,426,964
445,507,994
245,346,739
296,653
722,937
566,845
432,691
681,849
734,866
614,721,948
52,577
208,576
453,943
77,270,390
634,911
159,652
4,676,895
537,566,988
112,153
734,778,806
730,993
219,652
238,898
231,407
744,985
67,115
402,895
82,720
284,762
142,460,750
636,738,954
42,99,152
484,641
586,596
449,537,950
566,682,910
199,901
517,998
444,907
20,225
386,424
440,787,788
323,637
4,17,713
273,492
647,704
127,831
71,89,285
578,741,871
727,792
424,740
86,456
296,699
292,454,937
40,558
844,907
18,337,699
20,619,910
295,585
446,622
302,525
703,801
81,170
267,581,739
918,923
180,555,834
938,991
112,270,956
708,893
261,469
479,909,994
526,716,985
119,239
606,948
428,434,546
574,895
390,580
686,757
72,287
807,819
181,327
624,948
579,626
115,385,789
112,355,443
82,260
113,271
27,955
329,662
168,529,918
41,396
327,683
121,157
583,654
449,921,985
401,587
209,377,611
537,842
77,646,734
19,441
265,859
81,522
24,519
570,586
423,620,817
483,709,952
312,655
13,131
106,764,818
267,329
521,710
587,727,996
156,517
518,621,665
241,321
500,664,892
835,887
206,461,611
182,722
496,673
178,365
3,37
238,318,782
363,844
31,274,512
827,921
122,866
656,974,1000
439,936
363,945
535,553
484,785
306,404,682
311,928
13,567,829
352,955
717,948
608,807,965
446,465,766
366,659
7,393
503,554
467,730
565,964,966
493,947,980
246,452
786,971
104,514
183,718
38,446
209,769
168,293
226,337,484
392,734,863
471,511
304,457
428,915
318,752,895
247,794
531,737
349,956
332,772
893,931
448,774,904
155,897
104,654
394,587
290,956
398,529,883
92,662
145,991
289,441,557
96,424
312,392,626
223,378,563
24,349,637
229,513
64,665
499,569
351,430
234,330
603,774,833
808,840
320,740
228,770,976
231,296,901
26,684,867
588,705
51,373
422,464
209,475,504
196,429
773,987
266,786
207,408,662
101,472
336,467
65,250
13,510
65,399,443
113,170
530,924
105,151,167
277,863
286,866
148,258,680
251,696,759
805,942
729,758
302,367,564
134,396
106,606,865
445,594
667,927
194,861,948
444,838,983
71,125,739
24,935
70,264
459,489
482,619
435,760
48,365
160,502
706,719
232,548
35,238
190,984
38,184,411
465,665
350,528
233,739
297,719,974
126,395,963
159,608,788
200,765
147,231,732
426,562,709
159,786,996
230,774,937
37,840
19,180
346,947
523,803
563,664
64,397
410,414,543
250,392
177,277,571
651,771
238,289
894,919
10,749
552,793
202,339
503,873
3,889,975
682,809,961
558,763
515,922
460,901
101,636,800
392,583,956
67,534
555,804
399,876
136,585
552,779
95,167
147,380
52,413
618,730
99,895
125,683
155,704
510,868
254,362
254,435,693
422,695,938
11,957
272,466
576,801
33,727,966
265,415,520
57,373,958
351,426
165,1000
256,926,946
371,444
369,843
101,227
484,788
49,231,413
406,951
831,906
164,530,838
180,349,631
362,891
116,226,918
236,966
353,555,604
114,905
142,883,973
311,837
742,863
31,476,721
113,451,788
757,943
211,873
347,747,845
21,242
291,445
729,901
90,662
625,960
155,797,940
55,742
113,891
52,151,880
42,856
365,626
114,155,609
127,198
52,240
195,488,852
363,912
789,955
713,761
265,536
189,688
175,668
249,918
487,734
106,333
122,802
763,846
647,841
100,598,632
224,235
297,727
237,271,503
254,550
695,857
473,617,786
513,808
36,115,932
329,590
462,582
686,979
643,955
102,566
463,806,988
614,910
243,770,939
620,894
31,477
72,316
452,863
115,493,998
390,795
479,638
419,578,686
264,771,871
521,905
270,381,736
883,910
74,125,287
539,630
380,899
432,657
18,818,895
223,1000
205,488
705,864
197,461
205,859
150,745
685,801
182,774
232,396,643
396,655
466,706,790
117,887,904
668,739,934
31,371,393
313,432,975
296,983
335,563
63,539,919
713,948
675,975
208,299,900
207,685
678,786,840
305,424,921
115,451,949
293,705
523,631,648
3,101
18,309,748
236,330,513
431,639
4,285
15,371
332,472
521,953
65,565,748
177,499,892
5,468
192,728
238,380
39,558,970
104,568
736,914
61,670
144,337,521
160,330,435
365,912
183,794
549,838,842
369,994
474,649,848
369,756
320,568
457,696
547,885,911
212,330,779
370,740,750
224,465
687,996
294,958
329,336,755
3,268,638
746,923,995
112,616
61,702
318,515,559
479,737
711,712,962
166,591,837
126,665
90,674
419,645,729
434,629,811
262,317,442
424,596,892
369,791
176,221
133,285
158,840
234,454,935
355,570
613,721
208,644,968
114,344
902,977
462,557,626
418,732
367,981
1,755
227,254
450,932
106,393
656,832,891
26,86
214,548
120,501
942,960
161,198
460,666
136,432
560,795
852,909
102,291,976
809,939
389,517
397,678
44,763,853
91,493,754
1,880,956
609,986
515,610,843
829,857,876
129,248,983
209,226
662,867
264,279
307,472
55,940
106,623
562,731,771
621,911,946
371,378,514
776,969
352,880
257,826
33,131,281
508,598,875
105,683
50,120,818
301,890
494,898
128,787
425,912
338,593,941
566,571
786,825
384,414
132,136
747,967,975
745,910
44,216,632
695,930
587,885
139,218,601
122,233,393
35,213
441,723,946
32,449
467,549
15,521
186,322
33,237
251,321
17,791,850
568,713
512,764
53,386,619
255,317
148,178
50,955
64,380,804
392,998
223,447,892
287,353,627
908,912
471,654
261,381
223,984
310,410,433
866,999
145,996
26,803
398,869
176,430
340,588
278,459
267,588,946
444,545
724,878
653,717
689,942
439,719
38,135
169,203,244
672,946
27,309
307,928,994
343,521
277,726
493,558
33,958
651,900
282,303,820
368,996
409,480,742
856,975
477,888
2,390
358,617
138,700
405,727,782
348,957
394,772
421,961
9,347
341,979
263,533,969
264,275
413,576,996
243,423,876
298,322,557
260,484
60,765
226,392
43,78,186
616,925
324,516
25,389
121,248,401
7,40
78,848
335,860
21,955
866,900
375,915
297,449
277,490
581,889
373,416
28,391
282,908
410,433
213,286,296
59,464,991
386,607
30,136,406
157,731
514,752
417,863
466,551
325,762
29,426
600,691,800
591,673
206,756
722,900
205,579,892
334,586
239,352
339,664
195,819,915
361,659
48,74,144
448,562,567
310,486
65,260
361,942
310,947
345,575,594
836,899
183,750
67,642
806,959
35,512,515
625,661
52,634
69,397
358,383
309,417
97,444
205,441,539
310,589,635
278,411
29,744,756
508,803
119,136,763
246,336,414
441,765
15,786
155,163,466
24,911
374,729
728,753
821,891
188,256
62,250
28,351
727,942
214,428,827
232,243,424
285,446,758
314,462
226,564
128,130
76,142
122,141
65,356
651,897,947
266,287
176,296
97,584,902
224,267,787
630,984
11,945
60,340
174,860
124,166,876
332,929
515,899
43,265,499
243,400,685
30,672,753
96,826
763,764
190,340
727,794
625,789,998
173,502,654
650,932
92,238
902,986
346,628
460,466,968
492,878
215,458
496,889
619,643
933,960
7,166
125,295
74,524
178,489
436,944
298,300,445
354,434
282,678,856
216,416,800
14,503
736,954
525,965
381,993
64,358
21,540
441,695
203,502
143,302
37,604,694
321,919
25,337
388,944
231,845
655,821
631,667
805,842
620,675
123,428
454,545
299,327,405
304,578,596
219,285
89,730,782
277,972
380,454
615,640,936
436,812
112,165,709
266,540
742,967
275,383
302,980
32,282,504
60,341,414
146,151,184
355,592
229,308
743,834,906
295,656
134,338
164,283,396
337,911
362,491
237,444
299,309,839
1,373,843
348,359
432,487
626,954
134,759
717,972
102,295
419,815,918
701,951
336,436,758
242,278,894
149,359,477
359,641
743,773,932
52,846
5,646
110,187
549,604
567,580
14,222,701
44,196
7,298
118,671
118,193
352,625
238,623
440,737
464,594
363,953
71,159
10,383
6,450,918
214,307,701
931,949
575,696,905
493,672
43,212,445
273,372
331,970
156,261
692,791
499,752
338,434
62,171,567
392,545,556
575,701
44,903
42,904
93,853
614,661
554,878
313,439
656,841
66,428,922
130,338,431
26,156
763,776,909
263,961
223,887
451,559
234,693,792
718,969
202,650
163,835
98,151,459
755,892
151,364
315,361,875
499,713
408,706
585,926
103,151
77,389
77,880,964
32,458,880
110,165,672
109,422
454,593
579,740
180,305
439,581,980
302,784
286,832
125,535
203,684,810
187,521,536
508,674
202,713
26,160,299
91,774
745,785
500,508,980
337,645
529,715
222,703
793,810
60,378,525
589,936
90,238,889
92,774
703,958
295,481
934,947
564,778
180,539
271,669
719,960
241,606,757
105,133
146,168
206,369,537
601,635
706,727
719,943
84,631
219,277,551
904,964
256,450,984
9,139,232
563,970
48,471,675
482,590
445,513,928
347,647
244,665
33,314,649
165,369
51,795,980
113,313
335,745
123,893
531,564
401,761
295,978
299,341
117,612
8,237
487,584,686
145,845,926
410,807
35,75,636
148,251
712,867
313,668
34,335,442
225,616
656,684
752,937
53,77
316,639,823
294,735
278,304,994
35,407,806
156,204,884
523,968
31,68
120,413
29,423
266,690,974
216,781
714,842
91,877
379,440,653
10,517,872
220,312
84,267
560,997
200,350
691,905
162,851,984
409,743
141,250
440,501
245,463,699
545,898
785,867,884
836,901
554,985
95,511,746
453,820
141,170,902
320,668
385,710
176,515
483,590,872
97,402,894
543,877
448,463,666
43,688
124,193,379
909,993
485,768
170,786,914
362,992
357,477
14,211
717,781
678,774
743,840
333,587
46,290
701,712
399,599
804,974
189,543
348,585,843
197,293
413,535,877
74,680
94,674
631,698
616,737
710,770,834
441,508
293,341
342,720
741,981
249,366
379,829
586,854
670,787
283,750
389,693,955
294,938
224,371
211,908
43,874
43,549,619
539,924
531,704,913
163,602,611
390,457,659
667,711,879
854,926
86,320,964
417,562,727
438,592
45,101,601
123,994
892,918
157,928
305,428,770
551,693
4,447
615,691,908
468,669
193,614,637
458,912
407,904
484,485
230,571,672
422,798
364,820
626,751,846
571,909
309,824
191,446
337,698
265,516
356,614,972
330,549
74,162,914
618,957
278,987
285,770,922
428,840
308,543
130,697
848,995
249,865
302,340
138,926
234,904
83,788
393,893
103,491,513
137,287
678,803
261,586,616
569,588
428,470,799
607,746
213,263
50,464,838
490,947
243,906,910
578,741
472,588
66,630,648
319,322,877
144,164,190
131,686
457,585,886
138,564,954
162,465
11,599,937
198,308
210,847
497,522
853,978
132,674
3,816,848
427,508
181,557
11,932
28,328
81,347,472
342,483
128,328,737
359,779
306,323,706
204,346,791
582,744
87,998
7,79,324
11,305,596
55,132,429
728,748
708,727
382,471
94,995
436,615,951
8,832
240,794
234,320
59,567,819
112,915
76,869
331,617
221,791
375,644
47,889
363,615
105,873
419,607
99,291,827
667,711,927
229,378,984
4,712
530,665
407,944,992
560,636,661
499,586
110,310,636
171,802
226,291
781,868
220,494,749
508,584
531,547
160,690
299,583
581,695
103,595,890
122,308
255,456,581
474,665
64,557
224,686
481,599,752
419,654
556,735
188,933
461,642,782
766,952
53,457,493
246,713,797
28,712
347,719
324,888
550,801
883,963
11,305,840
592,742,929
478,951,973
591,705
213,274,532
595,683
62,287
32,166,920
365,614
110,353,878
88,637
52,163
302,859
35,308
111,122,631
91,92
661,904
763,910
198,505
409,970
465,748,968
90,322
854,981
170,193,932
670,799,862
650,870
368,553,851
497,769,887
438,864
160,447
202,654
275,728
214,251
704,800
600,939
157,368,577
72,486
114,734
64,450
2,674,736
437,516
220,255,592
439,577,705
194,256,512
193,303,640
550,621,695
435,640
657,745,980
97,437
124,795
710,755
104,543
16,214,355
239,425
430,996
703,731
566,699
542,967
358,999
346,756,841
137,392
554,987
117,280,568
382,778
216,777
484,707
8,727
514,787,878
144,813
201,562
705,755
189,384
294,300
461,614,648
580,712
121,471,799
77,246
333,371,923
67,119
34,265
624,925
303,823
179,921
244,311
198,364
35,414,583
806,904,945
391,404
486,792
561,667
258,885
516,590
94,153,914
239,285
81,636
257,488
51,132
793,839,927
279,526
158,169,678
695,886
316,612,794
294,922,996
362,539
577,857
401,734
120,713
82,593
179,288,455
721,914
726,929
168,883
286,473
127,494,498
378,633,989
333,358
431,761
599,790
710,885
150,872
15,532,765
460,583
724,829
618,944
450,568
269,294
512,933
631,829
363,568
70,106,851
531,625,920
115,547,742
717,965
543,844
617,707,947
148,906
306,930
67,467
110,802
31,837
105,237,292
591,854
806,945
73,509
694,774
462,812,828
625,984
324,950
213,251,615
271,390,679
48,82
126,277,961
539,759
452,485
306,790
213,244,399
256,345
137,915
7,751,887
423,481
149,320
390,989
401,465
730,760,773
172,771
525,623
128,528
489,829
464,679
36,308
208,597,844
305,308
678,827
76,629
836,920
114,861
284,976
372,931
607,703,897
434,879
846,920
942,956
101,235,948
155,301
95,377
51,559,706
97,524
337,442
545,840
160,478
9,401
70,502
392,561
560,972
810,880
751,778
196,749
532,560
321,450
184,638
487,556,567
523,548
471,541
4,158,462
108,696
611,688
136,494
3,107,868
127,775
399,603
411,707
577,663
234,519
351,812
200,466,884
677,685,844
529,773
326,791
425,854
534,791,936
437,593,660
547,798
35,851,899
344,712
19,58,363
91,528
397,472
702,738,947
47,118,269
462,501
83,920
204,598,783
403,950
128,411
186,325
448,596
167,337
357,490,768
477,609,941
261,622
237,659
787,891
14,63,683
135,440
64,980
416,692,754
543,851
222,343,896
9,584,774
662,733
329,387,558
408,837
467,683
49,376,950
11,623,769
486,847
776,777
288,334
315,484,898
761,944
55,287
99,375
203,204,770
321,922,976
752,886,968
17,533
433,525,819
567,829
364,713,998
90,122
112,415,859
149,349
135,255,270
316,358
6,762,873
607,773
96,800
289,724,852
111,264,552
278,393
378,765,799
536,979
703,941
34,523
310,347
10,81
174,249
545,806
312,446
262,749,779
619,641,921
340,879
422,930
753,929
15,554,589
374,428,724
528,576
428,494,682
499,530,788
680,865
496,503
199,430
18,84
294,371,742
223,653,758
327,387
441,623
253,625
382,713
697,704
4,509
64,959
492,594
591,599,692
65,369
592,987
92,300,652
23,379,402
537,561,573
524,688
370,488,552
276,383,833
658,847
42,976
123,601
9,328
198,730
114,137
252,382,827
597,769
381,633,827
250,459,801
534,583,595
436,627
210,290
105,197
370,561
708,786
190,802
34,552,578
345,540
916,925
90,353
371,906
168,782
213,370,746
166,248
124,699
52,693,894
646,796
43,895
492,887
296,590,681
83,301
289,852
44,650,891
355,776
170,730
359,526
72,414,771
317,493
167,313
142,172
255,972
21,27,382
162,715
326,567
837,868
450,461
366,560
236,526
427,570,864
301,428
152,682
147,378,631
125,503,577
432,807
297,955
133,692
397,666
45,462
534,557,911
17,253
111,344
676,781
95,324
427,494
207,862
90,602
344,729
45,875
233,999
346,800
90,201,392
40,54,493
826,931
83,152
52,426,949
689,810
729,995
63,516
285,354,992
130,672,723
94,325
338,773,921
138,176
118,467
19,901
283,685
280,288
398,435,971
41,551,772
398,870
23,208
21,673
372,422
327,524
696,954
110,339
219,486
459,682,714
113,246,886
623,658,980
60,737,958
288,811,957
190,455
89,511
55,869
721,999
102,821
430,912
900,948
288,573
177,232,491
346,414,764
628,677,747
335,707
41,191,886
920,950
59,251,917
4,795
347,614
80,142
62,302,924
769,846
361,894
87,681
14,181,839
21,100,215
75,389
806,844
518,567
556,817
372,419
67,280
116,330,985
291,420,668
229,755
308,375,977
792,847
11,444
424,710
67,321,942
527,739
786,971
52,559
497,928,932
265,865
538,681
22,838
66,561,963
576,771
441,660
84,563
540,834,913
516,933
165,317,526
52,605,909
718,773
508,702
168,416,640
145,771
284,563,660
377,635
580,872
544,563,966
101,739
152,561,867
154,369
247,653
487,524,818
448,671
415,985
557,880
478,710
327,389
108,192
81,440,736
339,736
164,566,699
648,916
125,796
4,167
134,421
40,427,823
324,948
300,564,592
354,495,872
243,270,685
908,914
5,969
440,660
101,131
21,209
697,732
691,710,773
286,608,868
69,321,514
474,685
470,702
109,168,880
505,800
817,985
171,192
158,652
64,448
160,183,725
35,796
441,646
44,359,719
178,732
868,879
214,222
133,596
40,127
258,728
218,754
38,413,850
383,542,666
228,618
287,290
49,736
166,375,692
97,166,411
148,321
55,965
691,717,757
102,288
418,448
461,957
363,476
776,841
187,537
549,712
438,842
81,367
120,747
84,218
268,552,668
62,675
647,883
214,465,607
47,840
98,746
78,731
11,491,872
16,199,860
51,549
522,618,701
278,644
45,194,381
364,417
257,425,535
823,932
80,644
556,693
620,642
586,599
99,698
112,695
598,730
655,770
166,755
660,783,930
470,835
286,338
830,971
740,925
140,301,963
327,851
82,129
277,598,997
344,895
61,293,555
387,956,994
76,893
858,925
112,122
95,451,822
27,280
227,362,950
57,836
87,667
161,333
39,427
564,907
168,412,955
27,313
127,562
45,481,945
93,344
528,769
69,516
307,556
377,782
724,915
813,834,945
674,793
74,384
263,357
398,460
302,393
114,189
82,414
451,562,971
14,172,731
396,761
582,612,828
572,709
431,628
104,416
328,679,803
578,750,987
610,949
598,906
12,381,577
566,790
865,920
648,855
262,370
167,918
487,611
68,348
12,165,527
18,471
272,745
723,861
37,368
426,453
817,983
259,464
262,959
237,299
8,512
204,430
280,710
278,350,607
99,155
499,641
638,697
765,979
201,776
666,761
496,606
662,967
220,531
179,395
514,828
424,456
137,449
275,289,690
24,109,206
884,982
234,894
509,538
556,791,875
473,515
109,850
393,422
217,239,896
383,962
494,541,725
591,732
63,189,673
635,790
489,965
307,609
509,944
410,506,571
66,567
356,617
170,186,620
433,803
786,830
406,918
611,854
129,765,800
427,484,957
60,983
6,563
401,630,924
336,463
327,616,968
125,795
677,742
182,392
66,590
755,970
174,727
36,334,918
70,697
557,624
241,263,802
17,75
365,492
456,556
525,765
449,679
245,249
191,365
223,279
506,674,689
11,621
641,773
676,820
197,733,948
568,588
75,412
15,150,969
316,932
383,798
276,830
480,728
390,428,518
455,650
133,344
222,782
198,996
866,924
750,986
660,739,930
154,289
30,934
368,479
76,543,879
91,549
67,106
264,458,934
566,673
271,387,561
15,194,783
185,526
199,786
137,400
349,501
393,931
198,843
39,385,989
8,255,955
353,891,953
65,715
91,851
230,698,890
111,450,738
750,817
458,869
211,303,395
802,861
234,414
405,807,919
363,963
101,176,222
374,720
800,875
249,505
66,80,561
393,584
136,138
91,572
725,893
71,669
157,685
365,472,914
287,819
30,503
19,190
574,733
165,768
243,387
479,604
588,903
339,410
153,470,496
148,233
3,15
91,273,882
325,721
251,672
62,531,807
150,444
1,949
736,759
184,204,915
405,602
166,255,470
538,872,892
231,247
547,609,839
333,437
123,126
380,569
671,817
304,482
577,871
223,409
12,165
290,813
35,246,663
152,175
261,277,510
475,815
528,863
53,418,825
28,317
421,515
86,181
33,171,280
45,173,545
30,153,834
101,245
439,757
907,974
68,433
207,309,719
89,119,685
723,747
80,316,887
657,900
273,436
263,501
201,419
329,987
16,407
411,716
519,671,976
534,749
16,372,924
308,458,646
702,768
326,902
324,689
56,517,579
423,457
108,282,283
540,755,808
577,609,674
92,332,977
540,819
266,393
363,927
557,712,939
17,382,822
177,624,879
201,886
46,182
351,619
201,481
698,766
256,512
93,147,643
184,852
87,613
13,64,808
306,783
134,551,667
577,966
833,918
141,831,839
302,653,787
138,418,987
383,923
24,353,622
189,233
740,1000
443,749,753
246,891
30,444
364,592
140,973
42,290
426,915
233,581
631,968
233,248
368,383,739
68,195
172,275
665,858
37,753
265,830
67,701,790
39,820
749,785
588,882
14,402,574
747,756
283,939
437,886
252,453
116,422
116,266
500,711
740,874
257,747
85,779
578,771,805
514,788
264,375
759,838
333,440,547
481,817
248,839,845
221,373
265,760
690,886
37,470
94,130,296
223,512,610
84,408
445,548,927
286,537,960
311,619
297,361
236,397,994
223,425,428
195,671
250,589
788,819
118,887,938
428,755,939
314,613
54,548,903
186,578,652
730,908
274,697
179,334
174,380
162,406
136,896
417,880,935
8,167,515
667,927
85,871
578,621
606,829
464,764
56,935
419,967
706,709,958
195,270,509
200,444
69,577
293,582
353,521,690
63,223
35,51
653,699
190,200
285,526
273,655
391,746
13,459
18,143
258,807
4,268
262,322
643,763
613,777
620,711
57,798
445,570
314,437
186,375,737
618,623
707,776
266,860
65,265
331,587,945
167,280,650
82,336,539
340,511,796
133,264
40,987
174,242,649
24,253
122,343,885
401,505
599,742
271,910
507,716
199,988
465,500
415,740,803
414,471
231,881
907,925
381,597
118,221,699
95,631,696
140,242
40,998
432,815
887,937
351,518
538,826
49,473
552,976
359,509,521
428,501,942
605,689
892,976
72,260,454
331,814
134,947
99,465
67,237
111,381,483
191,724
523,910
881,992
359,741,872
480,958
498,925
190,502
35,804
816,893
332,537,679
388,956
71,770
134,631
376,433
228,596
344,681
122,376,536
181,527
213,340
103,118,459
280,691,973
206,416,806
381,770,793
722,750
452,815
135,910
112,499
183,345,640
235,631
462,629,716
266,375
83,325,547
427,868
409,540
174,590
280,461,861
225,440
84,286
1,761
534,594,625
215,928
141,799
239,529,886
2,877
222,469
115,998
276,602,720
415,664,963
638,832
203,768
856,861,982
478,869
248,926,941
184,823
41,267
75,257,759
295,802,900
135,906
538,657
466,589
314,605,669
229,530,721
65,91,822
257,933
112,858,864
69,346
127,356
296,631
299,342
296,809
642,887
894,935
17,46,632
101,259,691
691,804
406,428
277,831
505,818,923
226,801
6,715,881
490,549
323,562,826
199,234
555,926
44,461,992
51,706
735,925
299,667
248,708
688,746
196,884
73,76,114
138,451
35,535,887
764,841,986
129,165
350,703,757
704,942
33,815
739,768
63,145,333
79,530
82,164,922
167,550
476,823
522,603
789,790,967
723,766,933
60,255,360
311,912
602,955
365,919
6,250,274
44,624,929
583,915
67,806,931
376,403
104,225
310,614
166,340
135,741
820,973
432,563
69,131
119,374,678
316,525
181,297,499
327,595,893
378,413
459,616
159,444
492,834
568,801,911
49,863
451,554
235,821
265,440,833
422,924
351,729,874
719,732,943
719,817
111,468,662
435,643
103,448,975
358,577
250,951
443,548,852
290,348
181,639
249,640
268,917
491,619,762
678,708
149,539
208,583
557,750,793
63,377
246,302,943
187,339
467,523
375,480
436,691,700
654,729
605,971
43,518,803
609,725,844
61,791
520,895
851,936
425,868
774,938
122,393,692
389,794
815,949
445,467
431,441,768
376,936
589,619
164,617,983
423,863,875
205,242,495
11,232
333,512
437,821,943
663,675
174,597
51,419
1,146,569
247,788
117,696
564,885
16,925
415,675
273,628
306,653,725
26,399
841,957
198,928,961
270,538
128,874
188,195
202,240
81,433
120,279,726
106,845,893
159,520,803
61,104
165,363,379
2,819
681,877
48,115
25,147,181
124,608,631
371,765
621,907,929
118,164,566
68,343,765
74,531,581
627,719
97,170,401
590,663
46,557
121,562
59,800,965
626,790
850,951
16,563
368,458
352,556,758
479,541
454,637
602,665
114,395
121,129,818
58,94,923
67,962
252,480,941
355,816
474,618
571,638
305,574
79,464
68,184,205
256,547
451,700,804
420,643,927
404,468
8,237
739,886
444,948
281,762,962
188,489,577
568,640,875
54,462
47,137,676
298,743
543,774
166,888
41,791
293,430
227,330
217,232,373
390,670,906
196,359,685
210,801
340,456,521
285,705
40,737,888
460,522,536
146,631
69,532
260,916
414,834
658,951
234,245,405
13,221,456
550,583
450,477
294,584
115,661,823
12,131,628
221,889
97,757
279,852,934
36,703
395,460
303,986
45,510,874
105,398,734
902,980
236,992
352,733,928
565,998
496,667
170,255
608,905
288,721
61,708
6,433
85,342,842
134,252
19,532
20,44,694
98,180
497,559,881
28,359
92,325
558,769
27,640
241,656
205,781
127,133,688
153,971
226,685
147,775
165,742
35,640
265,750
240,929
82,638
68,763
369,436
368,426
7,150,296
344,582
574,716,864
12,882
278,592,987
368,723,784
9,404,778
51,362,817
186,342,653
430,753
223,624
223,491
63,378
769,787
347,866
19,384,707
161,570
711,871
218,841
506,784
831,961
735,797
64,802
397,783
74,821
562,762
607,916
203,327
146,654
109,202,559
202,219
652,903
383,490
190,689
58,878
786,845
489,540,757
74,176,189
136,853,857
232,607
166,417,621
362,427
613,645
337,910
64,506
304,872
396,415
427,522
349,828
244,853
6,74,549
59,291
362,513
585,932
512,789
662,777,871
481,728
762,888
925,968
688,717,753
85,624
178,221,643
560,879
68,726
29,572
786,946
618,689
173,577,950
357,657
714,750
125,699
482,812
474,604
178,447
294,694
722,971
342,574,959
294,512,623
517,831
199,790
473,539,771
308,794,797
18,953
171,724
412,433
263,683,934
794,949
83,831
15,245,876
499,956
552,612,907
12,455,791
255,329,601
195,848
420,840
170,213
122,190
280,825
650,743,951
250,484,966
38,667,705
473,876
127,506
453,458
8,373,485
137,687
328,859
523,741
671,797
399,765
104,183,275
396,579,903
161,336
140,976
586,857
593,775
221,582
5,906
215,761
197,368
403,472
126,229
363,672
894,942
370,533
365,676
690,765
257,448
171,259
412,476,580
674,738
731,879
187,218
603,628,989
72,338
413,541,714
716,995
31,477
247,635,751
449,487
397,724,888
133,481
514,678
292,850
382,762
304,413,628
667,770
173,726,767
557,665,978
62,870
220,391
13,273,840
44,352,766
173,393
268,940
91,115
955,999
103,873
126,283
736,783
177,649,763
750,992
480,504
231,236
228,450
303,856
433,974
11,879,970
101,949
403,885
364,480
707,819
1,327
210,751
60,422,950
138,701
104,735
16,323
382,413,990
539,837
286,990
221,488,715
32,645
203,239
146,380,968
27,34,655
171,946
132,457
842,884
293,313
37,195,349
133,175,351
490,945
316,340
246,423
632,694
31,113,738
47,118
604,777,879
181,804
20,680,956
679,906
44,204,749
158,619
201,723
527,734
54,282
160,958
471,758
181,183,907
236,299
193,950
47,1000
163,271
569,702
318,925
375,389,403
295,910
442,908
53,650,968
610,762
155,550,725
335,414
409,751,937
332,550
299,550
23,504
39,50,291
92,152
251,721
68,198,605
169,323
534,783
408,884
272,620
934,989
763,929
243,323,459
504,509,582
102,251
139,445
148,505,527
227,440
668,989
541,821
620,816,964
176,287,657
13,744
457,944
25,358
225,350,615
477,742
534,650
46,58
351,612,651
178,965
17,573,996
718,944
257,968
17,165
509,682
100,713,835
384,521
417,504
81,663
303,392,887
206,466,484
148,249
786,876
491,867
579,867
699,707
90,799
410,641
680,906
285,992
472,849
669,875,899
163,174,392
108,826
694,713,775
135,485
273,312
148,236,640
494,749
250,988
272,517
103,457,806
401,659
267,494
99,102
113,930
134,532
303,522
5,411
44,137,312
52,484,592
851,995
77,250,558
30,736
514,876
303,804,869
162,387
540,608
274,298,812
42,751
146,510
201,836
17,682,826
65,737
513,560
120,568
43,322,541
77,204,259
259,866
284,519
678,712,985
355,909
229,682
335,949
130,502,547
98,426
706,851
722,965
274,332
15,366,416
216,973,983
94,991
82,397,516
261,335
632,837
378,627,765
215,470,789
853,995
147,166
357,713
148,164,902
257,625,955
345,480
86,571
73,300,312
199,634
590,873
410,414,459
195,830
458,516
145,178,889
299,383,910
27,316
896,924
17,593,979
347,817
702,759
58,657
748,768
182,665
103,975,998
465,483
614,956
388,569
182,821
578,705,848
106,118,241
403,890
402,913
222,285,419
540,980
463,850
515,603
78,711
579,809
33,444
17,42,873
175,235,766
635,694
684,888
41,715,810
490,592
671,982
266,708
654,836
19,147,695
97,252,266
106,242,386
87,372,510
277,510,546
150,458,882
62,844
370,977
297,768,829
318,402
106,889,958
275,715,851
63,282
415,647
211,435,656
153,508
255,867
427,952
371,765
433,872
416,816,988
37,297
491,549
176,717,721
58,307
261,522,757
147,855
163,436,835
306,944
72,430,852
163,202,890
498,571,605
612,862
337,527
76,680
67,92
176,455
296,517
6,850
384,566
218,821
31,59
247,575
68,365,718
561,832,896
647,974
213,388,844
277,771,923
186,476
323,497
427,754
320,942
730,868
89,387
426,481
48,84,392
300,797
312,784
4,872
252,933
383,388,702
281,575
189,720
36,180
114,454,725
5,957
223,279
851,900,955
870,873
75,341
15,623
356,448
265,474
203,676
871,920
666,890
36,715
45,877
156,963
320,813
113,530,841
264,354,547
118,164,764
5,356
476,544
818,941
503,845
369,470,942
415,892
390,966
353,991
189,999
31,99,325
602,916
106,652,862
905,973
653,724
126,612,638
298,563
545,971
17,667
133,206
5,827
371,566,673
673,702
210,856
331,503,943
712,842
593,753
729,994
482,491,648
159,341
472,690
417,691
54,538,688
463,914
135,545,972
224,957
299,434
9,844
5,112,976
260,810
459,486
33,912
121,742
471,630
225,796
84,501,680
934,951
748,964
153,399,860
249,297
212,288
665,832
231,398,643
86,633,852
351,944
103,893,949
245,647
44,804
472,966
599,778
28,565,970
282,706,883
57,327
5,271,444
216,817
501,589
349,618,764
90,800
263,846
434,698
231,594
684,911
117,199,625
567,941,974
51,361,942
579,996
248,512,902
794,931
746,815
414,721,854
483,555
328,740
118,640
654,789,975
7,761
268,474
83,819,965
436,692,831
287,492
24,360
59,259
81,397
74,696
606,839
255,386
687,956
194,515
567,919
454,806
292,378,870
937,973
890,993
118,165
139,432
447,651
395,900,932
653,773
286,406
14,263
51,805
376,707
756,759
497,587
179,603
543,637
616,836
170,859
657,787
414,918
215,734
13,767
10,304
478,835
788,963
720,929
474,479
237,364,696
587,656
380,870
669,954
555,882
484,660
126,262,351
13,148
677,787
427,813
122,701
526,780,898
40,100,980
894,940
633,988
666,772
47,193,473
299,451
52,199,909
236,621,970
772,873
207,526,758
514,799,826
578,586
439,564,881
246,803,900
415,662
721,991
418,836
102,211,275
121,496,606
31,380
450,632
134,979
71,95,531
816,844
56,505,680
325,490
90,376,697
629,733,925
301,697,926
157,692
33,597,894
463,761
73,238
395,453,835
926,969
393,524
167,174,988
272,308,856
427,553
480,949
196,325
298,605,871
649,916
230,650
402,665
1,451,587
113,181,581
541,571,921
151,899
801,937
802,986
384,505,627
174,654
435,656
423,532
257,767
369,524
549,622,910
378,664
390,860
685,753,961
356,370
172,833
185,945
239,804
723,910
272,500,773
144,295
29,293
139,225
75,109
400,658
308,560
113,723
826,933
235,410,768
462,518
230,537,572
296,885
265,681
308,720,840
764,795
228,265
187,352
547,862
562,959
32,339
142,709
189,609
65,837
451,460,589
92,830
567,938
9,669
212,729
423,699
385,451
383,562,855
97,340,695
126,509,929
95,625
440,992
313,379,437
281,286,935
70,379
539,689
7,14,251
187,352,377
176,683,845
328,342,987
649,895,982
296,470
125,472
244,549
328,399
193,364,879
50,180
319,804
705,906,988
759,787
226,229
899,949
608,677,895
485,543,898
238,536
164,332,477
183,847
199,348
342,861
491,651,770
3,411
75,136
63,227
743,903,965
542,644
162,642,718
648,800
406,587
511,706
429,763,956
67,730
511,687
47,891
57,791
317,896,907
83,461,649
62,494,945
144,983
211,500,665
67,634
87,799
223,579,658
177,896
446,802
68,840
115,306
122,310,799
88,709
334,607,957
106,110,403
640,735
67,681
490,859
453,687,760
32,393
171,397,732
260,855
256,350,562
585,597
180,724,878
397,784
276,631
404,611
225,659
366,563
174,911
104,275,955
266,483
828,995
452,515,748
469,700
255,332
151,942
384,913
270,519
721,879,924
262,509
262,685
173,891
412,865
878,902
199,461,816
779,882
253,424
11,443
82,657,841
679,805
202,302
160,230
131,786
450,594
73,498,736
456,629
63,431
359,744
511,567,969
896,967
456,673
135,885
287,439
376,627
511,977
157,649
506,540
118,804
537,877
581,979
127,776
797,966
582,904
2,566
566,864
31,81
529,640
22,309,686
12,926
77,880
179,437,839
136,637,678
136,761
64,462
56,193
100,194
426,692
431,505
258,346,948
798,904
297,319
528,770
193,294
184,604,989
7,567
12,310
126,158,666
282,420
210,417
246,564,686
76,453
604,650,737
77,575
865,972
286,472
681,755
58,670,894
381,488
412,500
710,949
104,945,998
775,890
394,553,650
579,918
438,626,734
845,872
588,843
130,326,984
234,909
480,625
166,378,503
640,709
131,487,584
645,684
322,710
281,640
683,857
652,837
273,859
283,910
411,558,927
96,197
316,801,918
130,629,943
179,400
183,661
762,803
293,689
451,620
187,663
589,932
185,447
604,679,907
528,773
2,83,333
747,980
435,962
319,349,660
752,996
91,262
632,906,959
164,256
112,871
328,604
557,978
5,365
270,860
404,541
671,696
638,848
263,826
76,595
448,527
224,888,913
413,911
783,792
97,124
886,922
539,569,968
135,236,632
107,916
429,974
127,509
508,996
143,692
570,714
160,883
56,606
131,284,539
427,984
244,565,569
405,432
19,384
396,839
125,888
45,502
366,890
507,563,921
101,818
369,573
54,859,924
249,325,598
30,745,834
16,415
600,604,766
482,487,624
249,318,845
179,265
385,874
514,915
140,572
155,949,967
117,923
520,592
233,882
275,902
136,199
65,154,955
153,218
588,808
266,819
222,392,447
352,655,735
373,611
596,896
148,663
158,215,906
6,80
170,258,393
76,589,696
252,886
25,301
282,791,988
463,634
406,898
471,986
131,316
452,802
468,520,959
297,302
832,955
470,732
245,377,707
357,368,830
537,541,630
113,245
614,926
22,703,988
397,959
432,815
197,692
287,895
260,553,931
440,663,953
167,197
35,881
57,136,452
806,911,940
107,787
689,723,786
115,782
146,465
250,893
327,586
290,709
355,519,685
131,787,800
138,647,971
299,432,905
212,678
82,784
265,549
122,309
900,935
688,896
359,947
490,597
17,346
84,258
55,725
50,193
51,137
265,330
166,282,526
80,375,694
535,940
341,674
54,719,929
288,785
481,493,626
207,795
856,923
96,422
40,500,534
107,420,730
397,887
590,696,865
52,691
61,132
241,310,933
520,988
40,318
396,739
310,345,445
403,767
28,959
486,507
236,388,705
116,170,800
737,795,829
570,832
822,946
161,181
328,356,418
58,567
43,711
27,108
773,797,860
56,263,882
413,892
171,514
132,466,955
70,75
375,849
896,927
161,900
321,874
728,908,917
312,737
167,306,833
682,714
137,249
112,542
363,923
274,437,808
287,393
19,484,765
9,500,659
303,824
164,248
167,792
416,715,931
46,53,94
259,744
280,794
107,603,659
295,763
504,742
158,797,820
3,219,662
154,187,724
247,998
611,835
710,850
574,929,961
130,289
24,945
171,855,889
14,87
190,764
199,226
307,683
546,658,685
246,378,800
266,725,726
886,948
269,696,898
450,465
710,871
260,887
82,808
824,967
303,686
435,503
509,663
249,584
196,505
151,611
737,963,993
592,666
144,582
29,136,774
272,642,893
15,214
470,830
656,700
766,802
518,606
250,951,965
715,807
49,351,976
205,274,999
60,310
861,928
440,827
98,614
174,254,642
330,518,852
112,557,981
488,740
850,914
71,662
455,657
166,234,930
185,583,960
788,819
186,733
449,884
492,905
30,227
239,725
141,684
559,811,969
53,87,942
718,835
66,305,429
177,301,505
391,486,488
372,569
231,232,803
415,833
544,884
319,608,902
601,712
395,906
70,143
194,214,312
488,989
89,255,884
547,880
99,273
219,365
386,623
637,875
381,836
602,985
181,376,802
542,917
592,862,872
585,813
693,995
459,470
53,222
160,307,792
225,897,962
656,791
113,455
271,298
417,550,565
100,317
212,236,622
58,148
318,750,918
645,777,781
352,447,874
345,702,987
931,976
199,382,958
434,806
5,449
489,815
479,891
399,593
212,312,454
79,851
347,424
723,755
319,584
61,671
61,689
86,266
242,779
82,165
476,522,677
596,658,976
641,658
115,197,728
325,826
346,405,448
134,477
674,705
47,189
325,556,647
103,469,816
8,960
4,744
865,891
315,515,640
305,644,777
841,884
64,148
538,941
26,128,348
507,741,879
268,284
203,985
660,764
554,914
283,714
18,118
231,767
94,588
118,513
480,942,949
340,935
34,910
550,727
654,725
38,191
372,772
286,331
578,624
153,232
97,489,636
198,539
10,673
574,924
1,257
108,595
212,784
375,832
465,621,811
99,243
812,978
113,664
165,364
831,939
530,618
434,895
706,728
584,882
531,914
152,244,424
126,364,863
31,943
338,506
245,845
775,786,983
545,818
725,780
269,502
214,766
148,584
522,546
84,114
654,824
455,871
41,779
560,618,698
196,633
877,988
13,250
480,963
5,330,939
357,980
424,741
200,373
68,401,680
57,743
293,371
19,90,829
202,493
464,973
871,977
11,68
652,961
94,567,827
590,925
109,262,731
395,653
233,248
664,726
39,488,596
369,866
310,904
63,348
290,680
58,505,974
348,917
44,348,909
224,704
469,618
27,319,691
466,654,773
89,154
83,181,965
266,653
32,444
253,883
292,940,958
6,23,377
71,793
461,472
706,905
53,73,323
340,556
12,876
687,781
51,846
201,587
76,110,681
196,650,798
58,614
302,768
345,777
38,513
475,497
206,458,728
247,250
99,989
555,814,980
678,797
629,953
534,843
205,909
65,659
276,376
172,592,963
114,673
699,788
181,634
185,851
115,728
190,911
528,840
156,262,510
36,80,291
232,840,990
44,939
501,869
226,493
376,953
585,586
473,732
217,709,781
237,545
23,569
651,985
394,621
459,641
431,444
25,606
479,859
156,446
163,323,327
127,346
216,509
16,232
123,721,722
70,381
609,616,817
13,475
574,881
94,476,584
329,488
526,842
12,401
534,557
426,485,890
291,402
49,390
329,719,874
364,662
497,761
316,743,973
280,557
690,742
338,721,969
373,457
235,914
14,138
391,751
573,672
24,615
654,878,924
448,778,918
257,542
450,703
159,845
124,511
42,565,935
732,852
168,435
89,618,675
159,527
144,614
521,803
236,238,891
66,533
415,601
156,960
572,661
434,858
589,703,846
311,822,843
171,1000
588,718
161,956
229,629,743
370,457
751,893
298,750
380,454
316,743
140,222
344,916
212,584,837
75,109
78,212
140,529
286,739
168,897
52,645
41,553,611
111,930
289,322
710,880
43,906
753,882
699,886
325,872,989
791,972
118,411
135,431
250,413
227,989
608,965
142,250
87,240,451
745,929
228,489
573,799
189,738
863,887
148,514
99,533,685
148,487
252,267,768
798,875
35,590
310,779,869
148,573,861
530,657,778
275,696
147,504
665,852
113,786
203,712
120,443,867
159,357,889
197,303,537
90,931
312,435,627
153,857,950
377,796
447,538,780
526,962
234,607,700
487,614
13,901
285,330
36,728
94,157,651
635,813,843
150,861,893
294,384
270,468
202,394
629,811
321,562
491,727
269,506
8,743
792,937
273,690
450,985
354,491
124,626
178,907,961
49,385
47,866
235,913
603,811
129,741
82,730
500,539
580,995
110,326
109,623
22,174
434,526
104,115,752
82,221,764
82,901
502,773
398,547
54,158
363,848
593,599,881
65,569
374,688
299,967
300,685
736,835
657,887
460,617,955
550,765
446,778
699,759
777,924
531,651
162,465,922
247,988
50,901
425,966
307,472
288,704
47,684,707
274,422
509,517
215,794
12,490
471,885
433,786
175,477,911
306,537,816
9,44
534,816
759,764,797
532,547
390,636
539,812
314,399
303,534
339,593
299,398
874,903
672,857
343,657
508,847
437,750,883
242,586
23,847,891
200,938
24,996
486,534
504,887
308,637,758
454,856
425,462,584
144,539
165,245,256
827,985
75,289
592,907
119,368,679
115,248
42,52
386,408,427
83,841
622,872
16,429,482
433,589
418,773,822
177,214,744
398,625,761
306,847,873
10,261,895
24,529
480,693
106,720
236,285
213,351
282,824
7,531
455,859
248,321,635
69,167,667
25,662
115,387
112,175,704
201,536,693
174,898
773,851,904
454,469
143,316,456
631,787
902,979
50,310,636
35,41,974
39,750,957
418,836
208,293
306,834
84,127,513
777,978
367,674
343,394
843,976
68,490,841
401,628,886
18,19,521
659,700
614,667
394,485,850
5,260
41,179
268,658,922
292,315,816
372,647
197,520
89,516
22,700
129,505
287,902
194,492
166,655
19,765,818
56,623
580,817
312,698,746
26,268,978
327,728,742
81,719
194,216,985
237,703,955
232,733
97,144,639
352,972,994
368,385,716
423,757,899
316,452
583,860
380,582
520,879
362,948
551,905
52,511,549
78,476
67,813
500,758,831
749,835
315,470
672,886
454,478
248,496,683
183,687,944
391,405,583
490,767
559,832
596,637
369,585,713
281,419
38,486
596,997
99,419
254,608
51,78
106,349
303,806
351,860
455,608,745
358,704
89,115
513,980
582,753,805
65,316,900
770,814,985
22,230
20,858
194,281
110,213
221,839
91,138
98,621
55,453
478,529
97,106
144,780
130,158,956
664,906
250,696
157,558
813,975
255,383
522,634
152,832
647,877
241,450
737,822
106,991
234,839
352,443,816
13,295
173,286
185,238
49,598,660
34,375
28,741
285,651
196,220
371,736,984
567,941
183,603
293,706
921,993
145,504
171,379
372,999
383,761
673,913
376,969
331,941
107,575,957
156,450
79,861
1,998
500,561,676
312,655
99,766
176,913,930
367,698,707
408,449
283,520,542
394,461
9,605,678
269,518
39,805
171,657
118,762
235,264
27,420,539
106,525,547
247,898
80,386,812
493,743
169,376
666,875
50,496,999
252,591
146,289
115,681
196,354
317,328,335
17,842,941
223,434
99,744
124,189
384,608
482,886
507,812
494,527,615
86,384,444
45,995
60,496,964
17,722
123,353,891
16,121,901
242,766
221,965
76,377
364,824
46,300
381,571
370,483
493,749
586,684
172,278,973
215,626
175,598
155,603
574,665
693,742
732,882
91,378
252,431
324,797
297,754
283,957
363,416
109,121,174
135,511,931
118,891
176,680,714
122,125
111,199,320
287,476
248,362
50,503
92,953
81,450
239,313
493,513
137,428
450,850,932
150,560
92,213,381
169,364
848,887,989
438,805,957
122,534
424,618
884,895
138,410,433
106,465,826
353,916
18,608
405,611
27,402
216,578,712
144,885
319,473
144,269
325,712,733
4,107,812
102,381
49,812
180,410
8,195,813
348,355,731
115,200
368,478,528
118,462
340,708,854
75,728
626,942
110,943
605,671
192,362,516
73,167
359,483,646
241,431
154,472,983
47,273,919
186,817,929
258,374,959
603,840
578,992
816,836
17,373,964
129,325,924
76,96
163,403
437,570
264,598
279,298,668
135,370
541,832
120,321
324,705
722,769,823
58,60,294
5,586
490,696
65,188
246,854,864
31,374
128,471,751
350,468
311,869,932
50,599
182,744
726,824
648,985
184,211
461,815
155,275,742
395,460
172,304,354
616,881
99,573
580,976
473,789
763,872,928
517,698,952
718,774,906
595,762
301,554
137,337
188,632
95,958
245,259
91,789
127,144,796
11,398,442
312,519
582,592
204,879
74,129,919
195,596,807
331,593
19,418
150,874
422,818
214,633
614,761
67,246,383
673,739
349,973
267,861,902
217,929
489,886
625,754
305,928
710,890
283,578,737
393,818
636,638
652,897
471,954
137,939
219,292
573,719
295,843
107,701
379,757
862,929
38,523,662
443,594
45,981
113,262
148,511
263,717
214,510,726
362,629,873
675,994
147,159,343
64,284
112,348
746,795
312,809
69,756
866,974
5,188,497
277,320
281,568
37,646,828
433,521
737,785
290,377,529
341,700
277,464
383,425
470,591
109,772
50,251
87,869,877
924,925
255,442,849
732,977
169,806
352,354,406
54,288,862
437,783,969
477,771,799
342,650
63,896
285,683
10,618,740
964,997
174,463,715
53,356
33,821
421,424,749
209,524,819
435,589
68,127
587,833,843
455,501
115,372
289,924
86,530
368,701
546,854
449,808
29,980
293,796
161,281
741,922
708,969
131,263,878
298,410
704,810,995
15,741
604,855
282,316,388
500,619
108,448
61,903
9,350
338,572,608
294,986
64,555
419,599
24,570
913,972
166,229
958,960,971
80,640,730
276,870
573,917
639,821,829
74,235
867,884
376,628,786
833,986
564,829
12,41,291
113,129
438,812,939
563,685,831
179,831
446,679
15,700
632,729
82,362,547
339,876
406,708
765,976
108,485,881
775,843,880
103,423,559
754,797
641,856
83,686,865
177,677
800,955
111,763
78,624
365,593,807
819,957
53,824
176,181
184,288
759,781
312,530
184,691,842
831,901
425,749
143,981
37,317,982
694,968
267,297,983
483,726
231,465
553,782
299,347
205,544,552
786,901
33,798
60,594,863
63,217
23,453
465,845
227,758
133,933
389,927
492,536
305,971
842,865
52,119
426,480,568
287,919
171,738,753
67,720
552,997
519,601,955
183,937
271,662
316,759
473,631
24,261
37,463
477,971
535,947
377,599
191,198,871
65,244,861
658,698
37,614
322,840
41,848,958
86,909
35,526
30,627
26,195,957
215,912
463,544
766,898
34,629
417,751
147,947
532,630
460,780
581,922
232,776
441,471,490
347,469
574,662,899
73,187
9,454
173,717,983
233,717
51,432,824
282,968
936,990
267,374,886
503,588,609
62,667
837,858
128,907,989
33,189
89,97,695
324,365
140,709
170,791
86,333,437
206,553,826
197,457
26,242,698
100,620
217,285
68,157
527,950
490,532
360,709
336,788,800
717,891
542,801
518,544,641
18,754
25,547,926
172,864
420,817
111,425
523,617
698,712
606,834
830,832
533,541
299,707,714
315,329,482
129,349
536,765
53,835
274,439,674
625,999
374,771
81,946
539,702
92,751
17,140
921,986
54,641
705,761
787,988
497,816
283,741
591,977
145,346
573,792
636,841
862,864
328,648,782
620,940,943
710,846
281,753
390,538,789
347,919
12,168,289
578,711
339,363,913
38,369
102,838
534,975
428,595
61,415
188,456,796
65,112
259,607
479,616
46,181,972
166,654
261,558
586,833
78,623,848
207,387
938,975
302,908
79,331,357
583,973
147,150,176
61,888,979
650,766
467,488
243,644,989
289,841
62,193
466,550
515,589,904
415,485,818
939,949
90,947,974
7,343
467,677
121,721
42,108,187
624,947
675,982
974,989
249,617
148,319,841
208,975
601,645,712
194,333
514,567
89,568,915
545,942
706,748
182,557
65,442
240,349,417
376,473
5,8,766
152,459
391,604
473,653
527,699
276,814,875
674,883
949,976
47,609,636
563,938
300,796
242,428
797,993
533,917
345,748
556,901
505,991
235,807
527,825
693,815
417,635
190,954
216,462,890
115,136,189
76,654,870
196,830
515,798
132,349
192,366,608
8,446,473
422,577
595,971
471,729
47,246
541,645
64,503
40,292,478
26,420
748,824
227,823
122,171,397
367,492,950
117,711
401,542
82,637,865
140,656,955
720,848
703,893
197,529,646
50,71,209
28,108,318
88,731
16,368,989
24,855
69,384,886
473,511
13,525
442,952
260,677
973,1000
346,749
184,255
468,875,997
21,394,416
437,995
76,134,138
650,813
141,456
68,451
97,673
344,512
438,571,591
262,474,972
179,688,918
133,569,677
226,918
425,467,486
158,828
176,317
150,643,844
24,627
139,707,989
142,368,748
555,950
483,947
523,810
286,683
439,914
489,862,955
49,714
288,701
73,792
340,591,755
200,690
290,331
187,541
228,592
636,867
323,816
567,704,834
392,459,799
1,185,769
552,827
427,730
167,497,689
51,240
476,544
258,378
300,841
417,550
376,418,684
501,523,692
121,328
270,640
178,917
207,342,621
62,608,771
500,884
12,219,422
329,709
206,326
521,719
336,657
568,690
122,718
618,995
227,934
750,986
500,554
388,637
50,878,902
318,859,930
309,534,998
138,489,759
40,950
190,302
233,442,703
669,992
661,822
341,450
326,828
434,438,805
343,660
620,881
638,917
100,178
233,288
742,997
72,84
38,674,696
139,797
372,387
58,945
419,589
841,963
272,583,894
34,676
563,621,853
335,739,919
44,853
11,498,579
334,749,834
173,983
352,908
396,408
35,76,853
262,309
14,121,511
672,717
57,289
8,123
182,300,387
563,664
173,593,794
774,894
24,388,687
343,773
133,233,494
221,977
91,211,395
164,440,577
613,876
117,336
474,592,618
120,988
146,463,484
150,506,721
224,930
24,202,897
112,428
5,488
473,749
289,316,751
401,487,673
248,609,702
87,968
855,897
639,671
257,942
295,965
416,531,848
191,371,990
640,961
108,293,935
180,925
177,872,995
908,932
191,402
661,818
586,678
520,866
18,999
193,236,587
39,330,488
482,671,985
203,999
134,577
98,293,479
571,788,888
207,985
178,717,888
542,743,894
512,698
417,935
491,737,746
644,884
10,298
338,787
621,737,857
552,712
202,390
518,748
278,279
616,926
96,114,920
121,258
500,570,805
229,900
142,411
620,873
260,262
364,734,845
100,595
183,280,883
194,680
41,409,551
532,867
737,895
125,487,531
604,790
183,960
722,912,935
135,484
331,919
145,913
694,895
358,401,588
517,581,837
330,782
69,235
128,707
81,784
26,638,934
415,619
246,567,764
50,101,378
171,821
401,660,717
155,636
160,918
29,318,559
527,946
277,664
24,183,572
322,988
657,943
40,713,734
387,730
505,511
266,738,841
139,679
158,866
175,239
294,984
614,677,882
12,119,401
55,522
22,881
168,632
364,959
158,213
164,660,888
217,360
81,802
78,881
504,935
217,710
141,267
350,586
412,590
219,794
369,706
164,433
126,264
135,262,603
204,549
73,306
183,797,964
49,662,980
423,517,975
256,759
174,206,432
386,422
248,861
434,577
479,927
82,355
39,186,694
401,672,797
470,767,876
120,682,987
319,333,755
387,731
143,213,333
503,577
273,311,571
59,113,141
314,993
302,421
566,686
103,870
96,385
79,943
134,978
116,398,898
27,237,743
25,110,144
92,210
40,275,761
592,770
28,177
485,701
226,382,430
542,724
210,477
342,629
498,885
261,766
6,971
581,875
146,463
59,218,686
318,639
38,641
808,930
175,321,952
87,264
188,530
78,852,985
124,218
201,203
318,565,769
343,914
149,403,410
781,859
120,570
475,969
346,363
327,718
11,162
252,765,793
63,245
190,218,437
216,685
670,730,738
654,766,847
315,833
299,485
263,301,337
644,676,903
60,584,981
315,949,967
292,535
6,132,463
201,996
405,537,603
261,450,814
155,490
658,784
589,602
256,314
44,918
152,322
423,997
48,814
498,940
347,392
80,963
142,160
179,464
356,626,904
521,889
194,369,700
293,826
383,450,576
474,608
49,99
339,653
297,438
309,394
435,961
139,334
546,930
525,690,876
223,731
642,665
54,582
872,976
81,838
339,988
323,715
27,206
298,688
569,703,881
243,605,853
142,237
254,832
401,830,890
277,577
28,154,750
700,933
200,757
841,938
126,434,487
71,470
148,433,910
351,965
174,447,485
73,844
436,880,975
14,540
507,912,977
52,273,365
397,494
314,765,885
774,789
808,972
161,312,817
616,635
187,346
7,385,876
131,807,917
553,777,944
513,783
143,747
16,139
267,444,631
661,765
184,346
260,485
57,658,827
342,347
104,481
558,663,944
178,523
260,493,843
53,360
491,612,619
300,448
192,470
55,197,820
539,757,854
219,611
43,327,662
46,103
213,573
84,310
594,897
563,961
64,227,953
102,351
572,847
140,761,769
298,975
69,627
115,887
309,415
157,929,972
593,926,946
54,670
19,84,246
242,279
241,470
359,665,679
456,574
292,789
737,985
605,968
220,573
384,606
169,746
230,461
420,987
798,934
235,712
380,776
257,569,897
275,760
41,155
752,798,911
12,287
50,379,980
117,155,460
74,193,200
8,88,958
72,784
158,207,396
365,732
346,433,799
79,735
572,615,734
517,601,705
43,463
370,563
41,413,587
303,754,813
193,675
436,801
841,953
402,429,442
621,626
41,407,626
750,868
161,211,299
232,486,832
369,504
34,231,586
399,428,570
521,704,755
82,224
81,173,881
496,980
1,562,877
18,573
79,147,532
261,729
213,494,600
29,206
589,815
347,564
393,573,606
297,984
605,992
353,511,525
175,732,760
363,902
39,612
176,771,941
139,990
59,639,686
251,530
570,921
182,197,804
149,891
501,853
580,741
316,789
284,569
140,201
208,973
42,143
236,652,698
611,903
72,263,807
153,657
241,567,732
120,391
75,957
122,135
10,353
628,857,866
261,474,804
926,983
32,743,778
297,586
311,918
278,294
128,595
438,557,858
376,653
718,898
198,403
103,385,761
8,880
570,773
13,188
171,584
432,659
758,907
112,144,638
146,492,812
663,837,943
731,935
412,543,774
170,677,784
274,476
15,292
590,707
497,752
259,374,947
84,588
579,988
142,451
81,226
180,802
44,282,740
82,843
187,674,683
316,805
479,518
416,688
355,557,571
242,305
67,600
552,928
384,455,874
190,438,439
479,852
219,847
33,222,975
35,509,637
538,730,874
531,647
44,322,420
372,457
163,250,933
192,489
756,946
408,443
898,931,962
87,970
28,493
726,756
749,817
674,965
422,660
64,409,686
44,867,970
517,987
208,402
271,635,834
148,165,180
137,605
386,586,758
60,845
21,369,650
770,891
661,681,822
142,448,783
111,698
63,593
583,940
487,630
250,687
76,944
523,719
323,625,920
378,633
84,969
10,873
563,910
243,766,932
255,956
477,787
406,548
39,41,47
165,996
99,459
668,805
158,763,776
238,594
381,852
142,558
432,575
771,1000
283,922
19,134
558,804
26,462,970
391,845
82,677
711,798
401,979
14,888
236,239,507
440,876
666,797
303,640
193,878
175,580
255,809
15,971
49,773
639,923
141,891
726,872,970
103,909
235,939
345,800
546,565
564,578
409,642
302,845
702,916
119,198
57,388
82,452
597,996
262,518,649
359,874
346,663
558,624,895
5,406
434,895
108,544,689
489,652
662,824
156,632,781
350,947
244,494,600
578,645
528,867
185,599,762
356,389
465,779,858
519,832
153,212
41,369,389
291,878
606,736
872,910
277,671,903
30,357,690
46,919
106,166,540
144,547
88,824
29,619
212,219
598,685,959
292,935,944
350,443
276,678
77,873,942
271,393
223,561,662
191,434,668
319,525
39,551
160,887
535,775,835
222,450
185,205
622,781,859
498,773
12,162
63,741
53,954
574,813
278,332,622
204,425
438,705
181,944
342,622
22,323
590,910
645,820
509,720
464,950
549,925
138,631
400,828
59,871
51,493
651,716
562,922
51,534,635
106,798,914
447,820
181,857
121,468
557,601
723,917
321,720
384,980
557,995
339,470
6,299
562,612
246,516
281,876
732,767
98,777
447,996
37,481,834
936,977
131,480,865
823,935
87,935
474,746,908
716,817
594,751,835
267,829,983
311,826
98,394,467
5,190,950
357,902
154,603,973
135,381,955
369,661
107,491,884
694,769,934
280,947,993
148,335
17,586
55,163,961
481,715
545,851
513,628
176,272
900,945
125,734
235,633
429,776,803
349,592
312,618
464,508
145,415
20,604,664
467,835
204,817
45,462,906
744,939
21,382,856
398,479
14,649
257,994
91,373,790
208,237
35,877
189,650,654
775,798,815
676,781
306,706
75,291
102,400
635,854
109,578
74,564
241,512,825
178,714,929
122,149
557,716
248,819
274,316,952
142,325,533
49,669
306,457
56,460,737
137,239,390
747,984
135,906,997
158,560
142,187
202,234,905
64,134
787,886,979
143,916
318,467
365,410
16,667,684
12,752
210,611
372,639,994
521,865
271,741,952
273,285,748
132,493
84,294,702
16,120,841
207,411,864
41,572
522,565
428,802
403,841
156,735,871
234,250,759
427,605
321,433
428,453
654,883
571,730
25,701
478,589
396,992
28,692
24,567
838,946
314,544
339,367
48,622
102,670,978
405,504
788,799
13,505
317,426
751,894
320,335
293,734
249,663
211,293,562
191,357,482
466,852
757,947
280,612
820,980
44,295
428,562
428,624
809,851
368,877,971
256,376,422
166,976
219,379
252,255,716
566,660
66,386,803
70,149,340
238,877
404,557
4,979,986
130,757
404,465,740
365,886
201,598,749
258,338,683
588,867
97,660
560,638
823,930,950
241,397
341,995
112,130,213
5,306
425,525
332,937
426,942
214,505
67,70,337
566,745,829
45,629
190,193,590
153,167,734
132,722,966
12,101,787
339,442
419,550
771,783
363,941,977
38,314
88,692
120,655
308,369
321,346
91,580
79,621
13,678
185,935
217,943
291,989
209,762,796
315,742
304,776
701,772,815
709,988
537,541,542
377,867
170,233,441
789,792,933
15,296
343,573
165,765,854
127,573
7,229,376
99,848
102,491,766
893,914
7,564,608
6,317
483,918
148,199,406
589,976
93,902
193,690,950
554,941
603,769
667,976
695,784
363,384
1,471
59,184
517,946
356,814
95,699
70,577
562,796
304,558,600
260,642
127,397,830
379,412
386,667,952
493,945
834,839
698,758,978
132,660,694
89,107,694
310,324,877
14,83
257,937
537,893,973
374,448
97,314
233,588,834
218,887
342,599,905
578,809
615,733
95,190
114,140,949
641,657
44,92
243,641
332,988
824,973
226,302
373,743
172,304
734,763
537,966,988
591,627,878
253,706
277,352,926
231,925
779,921
51,231
801,880
55,447,688
201,323,452
362,676
271,541
617,873
467,936
202,710
162,770
331,724
359,370,600
241,256,393
392,474,554
283,868
58,351,922
506,886
337,401,819
461,783
10,20,812
652,997
517,570
280,558
73,458
482,908
150,373
241,369
587,690
321,723
464,1000
26,136
226,377
377,702
953,997
363,470,677
133,328,959
86,475
273,852
572,595
486,656
119,137
245,765
204,320
593,841
322,344,684
405,594
470,797
711,723,874
82,272
625,747
518,763
406,915
198,665
152,362,384
168,790
605,972
248,340,617
459,654
609,806,861
388,484,824
449,670
397,487,808
9,445,952
769,816,822
133,684
334,858
292,774
295,696,971
50,956
532,626
555,556
714,769
53,185
577,715
39,351,832
334,714
83,212
241,547
302,326,725
36,57
216,544,560
264,408,758
421,883
540,630
399,832
812,895
14,217,559
169,381
101,399,400
257,958
789,944
88,996
392,640,936
41,75,806
46,298,550
64,375
13,122
476,885
694,818
55,489
139,380
626,729
791,805
79,357
405,545
22,71,100
391,534
687,894
269,529
849,909
457,585,713
75,555
432,886
787,930
267,456,530
701,994
185,848
374,540
474,509
144,737
194,500
392,709
430,904,964
414,866
445,705
336,767
432,940
262,843
45,396
459,735
303,570,893
139,278,348
666,860
526,877
31,84,447
76,545,700
539,838
717,882
369,488
241,381
140,392,731
446,495
12,384
219,428,596
36,143
543,789
155,823
535,542,568
262,939
249,344
407,775
553,954
697,940
79,357,439
318,681
17,104,556
565,824
308,825
485,761
33,383
532,707
606,866
277,927
109,486
349,383
33,87,562
246,738
289,313
27,693,990
315,836,938
38,278
904,911
90,617,876
658,952,959
131,229,717
677,882
110,983
51,631
158,927
47,193,581
358,588
7,728,806
41,839
231,803
756,916
324,500
33,801
611,918,990
502,601,797
143,316
506,628,678
318,640,701
111,548,928
643,842
305,433,498
303,515
193,566
150,759
51,254
138,274,771
944,958
380,932
308,486
301,710
302,950
270,588,798
408,520,750
272,719
208,347,831
531,865
98,974
444,535
181,627,948
335,885
380,865
371,609
462,498
427,571,907
190,514
325,884
504,997
120,179,926
5,111
297,666,938
145,542
696,952
332,633,907
308,823
469,569
188,991
198,840
299,706,775
25,181,521
91,465
236,853
185,745
126,892
309,391
668,810
251,698
82,949
286,690
110,857
628,913,941
428,465
47,79,732
710,955
472,768
423,500
745,926
94,1000
407,656
587,959
31,745
67,572
499,505,862
219,828
369,450
284,780
330,968
333,346
404,740
81,84,946
233,783
250,760
309,384
786,933
234,945
189,473,663
196,476,695
190,581
107,215,219
131,172
287,546,598
141,346
290,448,512
673,984
548,563
248,331
229,520
175,375,842
33,765
68,859
326,554
279,383
14,219,359
179,385,754
209,965
327,774,920
328,400,513
345,852
731,849
361,796
276,733
200,927
144,357
331,759
38,244,520
725,860
623,639,902
622,688
488,615
96,872
510,956
380,407,933
417,594,654
5,195
369,590
299,742
805,830
293,568
69,716
445,731
381,452
284,471,647
50,363
104,164,323
210,277
488,746
84,553
270,533,670
20,889
493,526
197,372
55,662
110,868
30,333
279,793
137,832
110,241
263,743
62,492,784
639,686,755
935,980
8,115
211,535,851
114,804
98,553
157,789
61,979
658,886
236,793
254,566
319,856
250,299
128,572,688
358,508
631,681,854
714,871
104,364,971
211,377,782
472,705
490,784
46,227,496
101,818
211,515
587,750
581,799,838
758,782
168,272
205,906
53,308,727
138,360
573,686,723
322,570
171,187
516,663,911
244,386,987
365,505,787
550,988
16,228
407,490
515,825
157,203,770
473,555,723
363,688
896,984
219,624
707,873
151,511,568
295,955
31,708
163,551
176,834
257,463
357,799
541,976
286,556
9,477,973
229,454
422,807,837
476,654
437,775
128,256,827
488,911
1,561
266,647,759
227,437
44,590,785
282,529,847
61,840
419,752
306,463
624,795
750,916
3,793,795
19,139
410,421,898
229,479
206,290,595
759,767
791,917
103,951
151,442
39,390,823
192,783
697,738
177,571
184,442
47,940
149,975
167,834
426,706
185,318
133,750,811
48,293,481
887,971
541,557
424,720
434,862
691,923
49,467,950
99,486,903
36,727,798
213,723
502,503
362,363,584
85,336,606
414,709
204,399,897
497,611,969
127,862
75,709
107,541,793
620,773
110,912
278,757
211,418
423,687
239,312,400
301,430,611
494,582,810
365,501
160,320
258,530
298,402
529,610,725
741,776
35,327,973
181,722,924
517,853,868
623,674,683
82,246,580
12,346
188,195,820
69,471,763
374,452
492,928
47,331,346
171,782,812
57,268
92,407,715
419,835
437,700
356,635,700
144,193
146,722
64,752
241,683
564,742
451,654,855
816,897
27,440,933
168,871
122,275,392
698,903
180,435
186,728
105,185
147,531,767
233,234,682
484,634
3,158,428
119,219,548
549,845
343,498
199,369,575
787,909
296,477
37,978
660,732
568,956
728,752
715,997
463,761
426,453,806
503,581,797
52,607
11,329,931
115,664
614,660
276,423
485,528,701
160,405
69,343,802
212,624
382,497
354,877
431,981
587,931
230,311
142,691
577,630
429,796
47,56
82,675
57,117,626
484,805
643,805
435,537,615
831,970
397,662
308,632
148,688
115,613
239,527
786,965
417,624,741
334,929
410,744
650,823
202,478
232,592,853
514,821
151,956
306,398
220,223
434,667
469,856
782,966
119,777
287,506,764
140,625,835
369,723
169,212,335
182,877
62,505
300,741,749
99,560
143,286
696,701
488,580
374,628
370,645
860,927
322,830
273,969
348,356
392,634
389,458,893
53,656
120,488
190,567
346,531
602,802
277,379
4,322
13,816
245,263
323,960
300,322
74,567
31,384,739
68,557,664
317,916,963
752,857
107,625
259,905
428,482,848
233,732
67,703,761
189,833
353,400
297,466
413,466
264,785
164,473
426,558
566,891
112,130
520,831,992
36,445
390,788
417,551,666
50,803
124,181
336,857
216,427,590
707,888
396,497
634,888
207,903
287,343,639
275,584
151,358
13,980
476,514
470,914,981
324,788,938
139,429
451,722
845,889
138,985
4,949
170,280
229,516
582,679,959
373,857
109,159,816
5,827
730,858
247,464
526,685
172,590,679
274,333,986
239,582,879
396,709
106,568
641,952
180,919
703,730,823
228,818
480,501
474,853
154,382
509,984
11,571,668
626,747
199,519
11,243
896,908,976
39,298,832
123,679
551,778
174,553
32,949
253,466,877
126,599
263,612
483,915
114,757
300,649
467,596
140,569
534,791
473,712,924
30,146,997
96,163
328,520,667
417,574
312,499,957
715,881
454,668
233,561
214,526
21,809
28,135
453,971
300,409
222,253,385
156,1000
673,742
212,579,604
95,873
56,397,573
49,688,896
378,636
79,482
97,374
467,876
284,395
737,828
246,917
167,366,568
87,843
224,512
103,235,293
232,383
902,916
125,876
823,964
23,873
573,687
169,619
224,334
196,741
197,275,583
436,672
220,229,512
899,933,955
354,523,995
292,620,792
932,951
737,932
585,671
274,567
47,113,764
311,725
89,110,899
48,53,440
347,362
117,464
576,980
663,872
366,664
92,276
187,857
37,586
566,948
378,732
192,197,816
607,830
80,400,993
96,399,739
597,656,949
588,849
534,706
410,816
242,317
519,788,999
273,278
111,544
182,601
229,310,745
301,765,943
332,944
470,975
322,580
158,879,920
380,699
120,175
654,778
491,927
139,688
589,721
622,843
104,861
376,542,618
77,248,271
405,781
82,195,436
16,372
79,322,667
707,786
240,430,806
154,381
636,819
902,981
860,882
614,756
363,384,838
601,839,886
194,269,719
818,859
48,332
346,505,965
42,367,926
488,745
333,1000
485,577,629
434,518
137,394
69,821
34,175
466,857
128,939
438,458
253,260,996
287,657
43,127
454,883
1,224,355
599,621
55,245
514,886
372,681
138,143
492,775
414,505,547
437,530,988
156,355,500
48,387
404,574
523,612
18,86,555
122,444
437,617
527,952
216,669
256,884
352,387,646
257,419,931
71,76,179
185,949
622,731
480,697
312,453
516,616
159,176,891
609,686
91,893
68,814,977
79,330
204,896
110,153,403
228,759
473,584
545,816
123,491
251,286
107,375,733
59,479,636
72,818
40,211,693
175,346,824
380,606
215,416,794
11,406,836
180,518
344,548,770
51,501
318,744
293,576,990
521,891
424,582
8,790,975
66,995
674,887
44,640
18,460,485
141,715
331,994
269,617
502,748
187,394,896
466,559,836
415,571,682
231,682
585,707
2,991
59,74,539
829,864
687,742
499,585
662,871
107,399,995
246,981
63,910
100,117,950
205,705,927
316,371
646,778
636,814
220,510,881
762,940
957,980
68,271,283
167,759
23,551
312,359,995
29,481,762
855,962
274,757
19,754,939
251,258,657
785,952
89,474,574
366,367
368,506,565
105,116,483
471,578,770
138,591,817
300,482,997
192,303,381
415,690
540,553,953
775,907
392,791
35,687
329,474
132,203,765
300,443
17,328,644
238,265
238,493
675,832,896
110,783
497,522,591
596,605
395,875
315,394,962
8,821,849
169,520
255,682
611,942
96,119
13,333,581
420,509,744
14,889
42,718,880
700,750
231,665
133,861,867
125,924
314,612,799
333,638,785
339,379
128,177
199,300
107,433
567,769,971
462,580
466,913
246,473,501
16,335,497
644,724
788,845
602,789
284,917
44,600
76,315
30,965
484,830
86,294,702
120,803,982
120,667
525,704,983
426,708
487,902
290,988
157,427,490
146,553,850
266,555
368,964
130,143,149
60,110
219,669
259,882
345,383
862,893,919
147,955
293,485
136,748
156,355,381
873,943
306,694
248,540,757
60,440
137,244
117,240,451
148,839,901
50,904
289,732
238,871
149,617
170,745
195,908
562,754
428,906
98,726
147,350
109,485,791
440,987
87,934
65,400,455
549,652
246,842
49,322
625,961
100,458
635,713,811
16,391
414,761
215,563
936,960
706,836,956
592,842
765,1000
242,334,616
254,754
839,950
246,938
93,372
395,416,863
204,793,957
773,823,998
109,738
527,999
244,766
162,186,328
142,730
110,745
77,280
85,112,901
226,288,496
108,286,957
350,863
991,1000
690,919
350,408
386,449
69,505,1000
709,833
460,559
99,447
478,956
136,944
42,125,675
61,275,316
628,819
373,782
419,856
256,576
773,912
470,652
181,852
8,432,701
238,586,910
59,61,686
144,458
581,886
600,805
526,794
7,885,895
22,693
564,731
129,141,447
850,855
564,654
780,871
227,584
162,186,507
130,544
156,685
584,839
545,603
408,879
822,911
262,616
494,826
67,935
646,907
717,731
273,809
43,519,666
111,127
190,587
558,614
592,985
59,301
387,479
677,755
266,308
126,871,886
365,841
589,987
535,922
132,136,453
318,715
215,996
252,840
825,961
69,350
53,590
409,692
216,264,633
273,445,459
418,644
789,887
80,582,679
221,248,636
253,462
534,568
229,747
58,456
664,994
564,566
252,296,365
69,868
83,588,689
410,807
380,450
121,375
572,642
733,853
27,316,565
122,788
435,822,870
35,317
3,408
338,340,363
11,519
171,431,539
506,759,861
438,906
430,820
284,455,566
166,241,365
34,43,507
735,927
661,789
341,872
345,937
605,879
580,716
66,970
428,571
181,819
94,437,702
344,586
665,682,929
77,890
344,560
111,655
412,542,792
176,251,914
356,869
493,641,702
219,461,475
173,298,520
156,785
317,459,779
475,918
205,465,785
297,313
36,855
240,602
782,944
468,824
424,987
285,970
162,510,741
179,493,789
480,655
267,531,885
310,922
543,816
447,966
10,231
40,194,379
477,492,819
226,943
273,278,493
50,861,1000
157,335,607
585,698
242,835,838
59,165,296
513,687,809
35,659,752
1,996
28,193
194,622
446,817
213,347,975
231,482,622
229,516
884,922
102,517
109,299,960
936,964
606,962
472,608,636
22,904
275,857
583,798
908,963
255,616
346,394
42,387
156,479,503
739,981
96,653
302,505
172,436
269,848
739,765
25,784
320,374
195,879
92,421
13,787
846,936,971
332,597
355,759
397,555
379,511,977
328,688,842
45,239,830
326,665
99,360
208,939
107,524
119,381,540
801,831
443,713,972
222,589
332,387
101,329,986
100,206,602
452,727
402,809
18,275,733
110,120,323
176,481
74,401
20,720,817
93,239,482
32,478
603,960
326,419,445
128,970
226,348
149,513,554
364,890
902,909
650,747
332,760
448,659
78,846,970
338,492,859
191,520
902,925
315,887
89,947
470,591
92,842
783,784,950
275,673
256,617
273,525,947
543,545,971
703,706
69,593
141,213,333
352,400,567
214,669
382,615,920
2,465
642,981
371,851
707,886
311,400
431,807
265,594
190,564
545,696
655,664,853
292,531,631
608,807,885
39,527
645,676
552,927,963
633,921
440,513
483,970
266,577,759
378,554
569,666
216,428
598,781
295,585
145,173
78,879
65,918
363,885,981
115,430
189,431,876
12,294,878
438,593,618
394,792
381,662,668
54,702
75,366,804
532,854
119,895
593,943
133,510,679
32,469,816
27,33
419,911
682,686,889
231,782
464,857
478,843
399,820
318,873,963
138,609
287,859
271,394
580,781,811
74,173
242,438
86,471
695,707
380,703,863
653,699
350,665
322,738
646,831
860,901
94,926,930
68,438
872,995
292,519,608
70,460
358,719
113,145,535
130,771
175,459
73,529
146,224
488,556
286,587
7,371,943
76,183
320,691
741,753
385,751
681,784
137,170,882
117,696,773
354,600,840
241,759,821
491,778
251,301,371
40,877,937
245,540,584
21,95
533,552
294,422,739
458,775
763,823
579,595,972
612,797,1000
8,452
572,671
67,176
497,648
119,729
250,343,679
347,411,522
727,824,951
459,526
707,965
460,890
247,405
393,630,677
277,376
565,790
81,94
591,739,757
84,750
246,338,608
12,84,340
4,908
229,972
115,263
287,584,588
200,755
757,923
36,417
31,88
212,735,926
153,319,627
799,941
149,378,673
75,388
604,837
167,626,637
19,489
75,211
717,963
502,545
42,43
419,969,977
480,849
197,746,757
307,487
80,143,646
105,174
43,742
169,277
792,818
411,844
257,416
171,525
876,974
621,793,981
47,225
434,667
72,430
414,540
385,888,920
640,942
394,900,988
649,812
474,498
528,577
301,917
573,686,977
587,968
121,287
229,673
156,409,816
21,933
328,578
271,622,766
402,995
397,428
396,499
1,35
396,712
131,354
193,487,674
351,978
535,867
494,615,628
331,665,731
195,220,243
98,209
283,889
115,435
211,348
319,816
649,938
454,620
45,311
79,798
123,610,843
151,388
255,707
406,928
208,543,942
60,116,353
35,252
879,939,994
414,527
141,660
46,172,555
256,683,707
21,250,789
364,487,610
672,715
554,674
630,930
150,363
383,444,960
225,370,736
489,743,982
320,335
626,975
442,600,644
172,348,874
617,702
192,983
10,214,421
118,273
453,458
173,858
254,313
207,753
580,726,864
503,919
103,385
12,472
110,153,649
128,285
57,104
98,387
659,955
499,961,970
362,657
555,787
355,872
83,234,925
340,680
442,899
93,978
76,855
36,368,635
366,409
223,397
29,839
285,518,586
109,151,975
121,220
189,841
9,654
24,30
254,383,692
178,294,319
196,239
147,337
364,748
431,581,984
151,524
327,902
364,579
544,622,913
78,299
246,409,446
17,712
262,622
538,645
11,782
256,947
30,707
304,498
276,543
18,342
426,892
492,527
83,657
67,168
249,321
609,970
54,186,402
273,823
544,616,892
85,228,716
118,808
636,950
393,400
224,382
107,564,729
598,638
357,839
371,747
438,668
178,379
97,969
618,991
455,707,934
227,349,914
392,433
449,523,982
610,871
363,540
783,936
62,170
383,983
411,563
551,659,836
52,939
198,803,994
442,561,916
111,468
50,806
60,321
573,627,686
5,26
45,242
80,436
171,325
472,653,771
692,813
366,710
634,744,850
72,422
237,250
470,704
884,967
437,473,527
15,409
358,597
83,625,637
421,616,921
298,877
201,551
164,309
259,847
700,860,988
917,991
324,637,739
180,546
408,669,726
245,682,992
149,534,560
308,447
252,567
143,331
919,943
192,337
593,715
121,532,876
233,235,554
141,461
322,649,810
368,463
614,635
214,939
390,819
738,821
101,729
898,958
70,357,617
110,877
154,412,692
742,775
335,968
408,555,961
675,682
434,662,776
62,94
349,537,776
231,381,654
27,199
60,233,923
70,696
267,324
87,562
580,906
305,468
31,590
130,352,621
3,325,826
52,457
641,975
164,499
27,595
122,159
180,640
365,521,924
105,536,666
154,863
372,958
498,785
116,437,511
614,620,928
71,384
54,359,678
510,694
396,557,779
391,528,685
281,485
162,617
249,271
908,952
285,740
94,501,663
364,837,911
271,509
295,848
691,935
238,536,727
313,330
737,782
690,845,857
169,277,510
265,356
232,344
220,955
58,784
161,360
149,987
817,849
18,707
241,283,649
481,742
437,461
320,752
108,475
355,771
458,562
565,920
215,752
203,391
88,174
146,182,945
131,193
178,723,914
807,906
124,503,530
186,290,882
83,269
321,533,703
167,821
60,928
575,978
555,914
100,417,946
91,717
264,860
104,440
172,602
124,624
865,921
414,606,786
9,342
413,780
843,988
62,431
287,331,756
165,431,490
186,969
372,814
27,238,743
545,867,963
230,754
15,147,897
299,398,423
11,753
176,697
160,493
499,530
423,691
221,304
288,292,569
67,426,860
344,688
139,420
737,982
243,972
47,140
331,647
315,730
239,441,819
49,375,696
107,730
115,313,542
504,742
346,834
624,859,939
168,971
791,808
185,883
120,137
75,690
689,730
122,346,606
323,693
526,829
83,319,902
143,441
301,473,492
97,445
5,54,957
38,644
478,791,933
63,771
377,912,958
482,597,863
263,430
156,445
377,808
87,416
336,611,873
70,584,759
312,486
300,885,998
871,872
229,302
732,944
541,629,688
579,929
183,588,681
28,830,982
517,695
398,778
356,636,910
150,663,800
518,858
307,586,976
581,617,888
53,79
505,716
321,356,379
479,606
120,183,409
564,759
223,483,744
105,233,833
152,346,985
125,584,609
14,765
154,833
2,87
148,358
138,433,926
71,760,927
637,899
126,624
14,234
365,704,926
608,623
102,803,864
290,309,513
841,920
70,122,142
112,236
67,382,760
526,961
420,651,840
336,876
237,290
239,689
66,684,770
326,589
149,384
514,519
56,371
192,619
158,480
125,141,923
62,144,324
436,625
381,909
489,653
28,312,578
14,149,532
257,898
3,560,785
647,805,862
123,284
430,975
555,790
193,681,908
29,832
409,897,899
43,411,860
42,105
369,511,717
97,786
318,485,870
135,198,812
176,587
113,333
221,837
563,769
151,751
68,817
515,741
288,445
795,831,929
760,958
46,689
711,810
730,972
663,882,889
47,482
537,893
406,462,676
661,815
225,375
70,439,581
467,482
375,763
538,875
976,982
98,685
49,242
572,809
45,908
362,376
341,904
420,467,809
758,828
384,462,523
259,325,934
514,686
333,606
274,393,630
331,584
215,860
596,673
263,666
623,753,995
101,265
722,816
541,949
89,726
280,824,836
782,800
627,938
220,832,921
183,369,816
67,202,971
586,658,977
133,198,601
317,812
817,951
122,287
526,826,880
468,850
102,558,590
231,694
462,895
418,820
131,819
177,590,688
10,277,976
4,348,987
79,437
94,747,759
73,257
897,944
83,403,512
344,797
481,911
150,314
112,329,964
84,924
197,226
482,652
110,721
436,798
3,200
242,370,753
561,716,896
578,963
743,955
114,281,813
308,696
92,678
222,940
2,206,414
120,669
417,453
265,386,916
208,497,794
62,984
369,515
823,869
210,694
775,999
296,516
542,996
158,423,494
914,925,950
593,943
88,318,650
268,348,465
100,372
724,845
56,164,296
914,919
554,843
206,778
145,642
39,714,840
315,624
176,284,886
676,957
162,842,895
495,634
154,451,929
74,719
403,563
159,458
426,600
409,515
227,693,879
117,484
481,882
8,240,804
633,952
169,982,989
834,895
505,945
246,767
19,588,739
276,877
25,759,782
222,735
382,450,975
303,831
144,410
309,311,970
753,976
667,925,972
151,429,766
712,763,924
244,630,907
146,460
78,581
22,678,749
405,985
490,581
307,554
38,759,950
154,389,703
25,878
128,992
438,542
14,129
76,760
530,834
107,649,715
293,306,742
32,296
93,110
110,263,807
452,673
364,743
68,162,217
876,919
240,334,711
566,784
508,565,744
436,642
797,912
76,435,522
123,348,793
26,82
521,920
202,377,975
926,930
126,417,1000
66,305
698,994
119,194
615,729
184,616,688
644,780
11,207,731
253,917
397,410,868
125,354,680
118,414
72,660
97,138,189
71,390
433,470
109,266
118,333
374,468
348,906
911,922
821,823,992
226,681
391,494
74,355
268,548,600
333,917
496,736,981
170,171
309,477
25,554
535,713
195,500
297,608
755,838
913,914
79,149,267
172,817
437,548
478,888
71,138
87,998
53,752
242,994
249,293,826
154,935
385,515
217,978
135,963
88,333,956
142,545
39,163
537,585,895
608,660
44,312,459
121,690,865
356,542
386,547
84,469,657
108,265
675,679
232,694
371,796
114,844
748,930
36,575
61,656
63,272,884
47,286,653
851,887
14,41
497,896
495,985
283,658,741
252,941
174,565
533,895
134,314,569
99,350
622,948
263,893
46,380,522
807,924,983
142,291,907
113,145
209,897
190,329
156,268,594
405,419
73,460
60,609,708
72,738
370,828
860,893
979,986
17,932
163,899
525,757
105,747
247,836
282,478
578,675
386,761
109,804
732,896
223,335,613
108,204,357
601,616
67,890,996
28,795,978
34,655
771,888
294,454
141,245
169,539,903
324,848
39,352,665
540,695
218,769
542,546
294,800
17,27,504
28,986
424,914
429,952
90,740
571,724
231,814,992
771,917
625,751
342,552,908
932,944
76,179,945
276,894
327,388
163,897
82,187
196,560
333,583
206,816,940
542,920
901,923
508,564
121,1000
237,820,845
642,755
288,781
196,330,746
184,460
476,969
82,145,912
657,680
660,950
183,619
557,987
86,783
70,284,674
428,495
62,150
3,665
11,998
82,121,866
230,356
313,672,997
716,984
427,741
533,571
233,378,948
2,421
26,460
528,616
551,727
75,506
135,918
453,625
58,208
272,692
14,535
404,861,894
506,712
150,812
487,680
120,296
2,143,948
30,767
602,659
274,376,981
679,977
142,835
308,485
538,557
104,912
169,533
769,875
279,977
46,934
389,441,788
263,765
286,759
359,381
474,554
595,620
261,456
103,826
136,280
281,366
316,964
37,279
190,297,926
76,303,659
203,752
346,374,678
88,656
451,603
46,410,980
244,438
562,897
89,359,957
102,638
401,890
44,196,243
422,678
885,904
527,721
538,606
162,445
122,233
164,441
100,551,909
213,414
167,356
605,889
341,945
459,662
166,326
253,789
139,805,827
363,673
78,563,621
249,383,468
43,314
104,819
649,978
372,846
667,907
647,674
107,571
104,774
59,775
520,892
747,864
301,365
382,743
275,898
35,447
398,515
293,805
659,960
30,287,913
370,616
347,403,606
300,425
5,491,913
18,48
247,706,990
583,737
477,965,1000
445,479,927
99,481
73,201
254,437
45,229
608,917
189,474
103,589,706
877,955
256,953
221,605
95,384
378,422,636
818,845
262,665
383,637,773
320,743
188,471
251,752,803
175,353
186,544,758
64,263
933,938
36,438
224,242
580,677,899
57,650
189,319
790,932
61,238,247
612,688
39,459
435,530
479,567,627
290,538,885
275,610,945
703,736
339,512
24,391
87,198
477,686
36,45,180
172,744
681,841
264,879
742,973
356,586
231,755
175,686
466,863
244,908
655,823
506,697
578,699,834
60,639
174,771
35,292
455,471
32,211,700
75,877
16,570,921
150,982
71,214
259,888
805,849
6,551
135,737
883,937
35,577
219,526
73,197
733,916
674,930
483,546
507,648
319,689
77,565
514,723
49,166,448
359,789
420,541
631,979
231,239
102,959
571,856
627,802
311,790
144,608
143,326
888,901,979
306,701,754
317,629,644
115,536
185,426
748,899
113,517
45,58,718
664,959
103,423
297,709
241,938
581,627
51,558
55,692,846
149,924,934
167,318
8,115,142
120,903
43,207,896
686,873
451,868
34,273,957
147,221,721
254,320
602,832
430,450
460,620
73,933
549,577
408,642
803,820
104,291
708,720
350,482
51,529
772,935
855,956
49,533
479,522,659
509,895
400,570
264,694
368,835
205,687
331,829
56,135
228,468
312,683,896
43,867
223,770,776
285,381
703,710,881
319,339
550,902
115,232
454,585,968
424,766
271,342,586
213,371
230,383,734
536,703
600,868
438,871
98,507,963
417,528,646
575,971
559,633
319,343,514
82,848
444,686
117,823
78,497
53,436
577,920
165,209
80,427,612
808,917
444,926
573,808
480,791,870
188,531
558,764,931
63,248,319
364,457,949
197,935
223,557
575,822
269,876
19,60,378
286,393
333,986
555,812
551,894
156,935
69,805
669,714
525,689,692
129,261
238,369,622
525,708,768
430,434
262,335
191,526
745,758
487,673,767
101,190,516
16,385,716
500,738
543,713
243,483,621
273,909
334,499
749,858
742,939
294,757
21,201
260,447,796
157,479,644
562,936
36,735
490,759
146,504,844
48,155
247,966
543,722,826
429,912
659,661,760
394,599
681,803
61,239
78,331
539,800
362,584
402,463,924
1,66
113,577
670,862
232,601
667,907,978
219,927
90,422
291,746
391,648
54,963
601,672
119,378
742,966
255,729
223,630
145,683,857
12,577
118,926
352,720
277,655
186,657,957
25,849
65,696
521,969
424,959
383,737
466,988
810,989
214,851
459,594,822
106,503
700,897
316,372
524,997
257,688
530,619
235,510
58,409
3,157,651
549,995
53,261
123,979
206,372
87,959
856,968
19,165,690
472,974
136,402,574
385,397
308,419
284,357
301,617,878
412,912
140,528,773
82,267
290,933
193,216,536
393,577,738
149,233
84,331,768
264,644,853
379,722
412,535,881
326,539,837
592,806
16,667,795
238,286,695
139,302,725
759,821
358,659,743
893,954
152,265,459
211,713,773
715,931
238,364,457
272,751
193,263
167,515
379,765,799
383,778,940
440,527
47,776
368,572
510,867
184,803
703,855
239,279,494
233,473,566
25,126
461,830
85,306
692,718
743,826
265,805
297,403
173,866
166,515
487,838
616,835
5,997
405,483
737,978
409,651
12,160
117,230,360
687,793
66,552,609
189,511,821
294,508,821
331,877
345,743,966
378,673
422,964
613,629
121,765,838
11,698
610,836,912
591,623,923
289,853,905
88,208
335,346
269,435
45,391,500
68,524,741
409,855
83,798
925,954
326,945
98,146
181,275
92,109
737,954
253,453,847
289,824
319,794,848
151,196,411
49,407
54,689
373,681
84,171,914
191,857,998
167,628
460,528,625
203,806,917
372,589
119,922
338,570,614
358,906
121,457,625
504,651
388,550
348,864
524,638
87,781
43,793
10,408,682
453,726
194,212,257
414,969
692,956,958
785,850
426,714
301,628
477,554,745
177,656,916
223,676
1,356,949
74,274,941
205,607,741
227,267,878
37,696
256,412
786,847
265,910
650,772,918
254,490
351,580
649,652,688
360,562,842
12,167
887,912
334,745
235,259
264,916
798,814,825
681,942
134,934
130,901
713,982
608,830
100,576,743
520,933
617,958
386,766,906
469,958
664,730
100,412,466
134,980
45,995
465,916,929
337,431,445
208,299
474,719
64,593,647
60,920
500,842
392,797
285,678
135,794
59,173,502
491,927
160,595
545,592
334,381
471,908
414,593,767
57,293,786
303,762
348,774
60,954
443,474,541
204,538,727
156,190
244,544
334,402,571
32,421,804
333,473
219,438
380,585
534,715,775
465,479,517
8,202
362,694
63,848
200,333
456,682
226,692,856
447,613,912
70,783,953
657,658
605,816,837
241,717
467,622,645
531,914
112,876
39,838
9,232,446
271,945
294,491,674
6,109
346,838
189,673
295,417,479
372,545,971
271,387
309,549
130,777,933
76,247
775,844
112,174
163,544
731,832
892,985
119,348,638
397,584
12,307,511
683,821,983
171,750,911
216,487
495,552
156,524
165,615
602,782
12,753
124,361
501,532
401,514
200,284,297
4,404,994
592,760
776,831
650,850
502,735,982
510,885
475,964
564,580
289,836
164,666,979
226,778
408,729
235,403,962
101,672,857
2,89,497
134,876
33,838
676,910
94,640
554,707
275,452
863,975
586,727
13,384
544,838
26,317
477,976
166,578,771
33,52
200,221,336
39,688,729
63,165,866
721,759
118,544
232,589
233,477,672
193,382
641,978
820,937
157,449
756,833
4,632,992
430,828
3,20,127
145,207,964
127,641,785
348,735
675,849
386,997
64,122,917
168,529
149,906
581,897
94,218,301
247,782
432,739
87,161
113,397,837
64,677
102,712
52,621,903
421,526
53,101,429
210,388
237,599
183,208,418
345,856
169,562
44,344,985
94,312
242,283,462
167,589
50,631,807
250,995
542,937
41,292
240,861
477,606
680,786
761,917
819,936
307,686
248,365
224,971
87,642
7,363
352,598,805
588,983
99,652,682
614,811
505,692
402,564
24,486
257,671,723
263,839
221,614
682,944
1,778,988
237,535,920
210,823
73,267,578
495,711
118,566
331,349
538,641
723,836
636,665
577,627
633,910
5,190
651,917
443,922
43,158
654,814,914
93,509
125,502
256,460
455,807
299,994
153,948
13,264,603
57,748
33,266
548,784
393,723
280,471
181,933
195,688
296,666
129,320
383,885
59,793
277,831
60,838
102,271
233,384,584
341,602
82,179
10,351,848
391,928
352,425,517
498,884,923
921,980
362,981
440,736
523,809
547,888
234,394,881
122,987
884,948
668,994
324,397,788
697,914
113,777
291,922
324,342
403,718
572,661
2,624
280,401,881
339,981
286,554
113,570
646,718
499,994
471,774
140,950
280,934
162,579
232,264
12,525
307,578
100,208,515
676,830
520,652,731
50,489,757
5,96
200,248,349
100,585
809,836
601,927
603,862,880
220,925
475,967
60,399,457
812,952
414,947
259,759
221,685,926
345,731,768
41,701
96,844,899
104,210,540
641,947
34,443
322,747
129,487,564
139,705
45,964
538,636,819
796,811
350,668
342,375
386,884
139,462,684
382,950
402,444
46,568,847
210,701
27,257,332
234,640,944
422,821
531,977
300,449,746
242,386,552
958,974
402,458
815,967
473,689
28,283,670
50,492,757
218,470
219,494,998
230,642
823,901
150,547,784
506,829
457,490
382,829,969
387,848
148,222
248,310,331
69,210
30,591,866
710,805
195,317
405,760,844
195,228
632,751
174,448
86,608,611
467,724
226,769
513,702
672,970
426,508
432,550
102,989
310,326,865
487,838
36,416
194,834
321,702,787
139,429,720
642,743
796,998
703,741
511,808
47,799
400,619
345,813
573,717
162,861
614,923
565,998
46,513
3,100,480
135,265,992
14,515
108,626
368,371
110,481
812,832
115,154
355,431,706
232,257
51,56,708
381,817
303,761,944
35,238
214,488,924
678,840
355,596
539,892
117,681
234,559,909
618,921
910,977
921,925
617,651
211,490
7,129,149
498,908
762,860
308,349
97,206
207,622
63,326,724
60,235,683
721,724
504,931
103,654
543,793,908
191,858
257,537
84,379,417
488,507
257,791
568,881
805,972
848,950
373,988
127,446
157,520
321,376
580,924
126,748
666,944
393,865
210,280
177,431
459,749,903
344,429,519
67,535,573
174,183,966
299,453,728
576,810,896
12,821
395,975
256,969
134,170,564
21,179
148,684
513,581
591,651,956
895,928
636,652
26,586
285,312
680,740
124,741
435,575
657,800
269,651
672,714
102,256
8,121
677,993
279,518
224,508,800
84,577
931,975,988
235,627
98,711,785
679,997
259,303
161,452
417,796
278,411
710,943
58,88
114,478,505
54,468
437,584,980
98,871
454,860
75,576,873
116,384,899
423,867
613,929
69,367
443,668,858
570,736
288,675
595,598
337,881
45,281,935
144,271,672
204,601,731
663,788
777,803
214,388
316,931
383,600
372,570
418,858
244,634
37,963
132,846
416,847
466,906
274,925
6,578
132,470,803
283,448,552
287,874
54,486,607
403,888
21,188
489,553
903,906
112,696,992
321,662
112,600
139,219,758
335,908
136,250,940
115,131
957,992
137,228
235,649
68,971
496,853
346,734
31,131
194,591,747
640,913
130,532,609
300,390,989
533,600,743
26,44
181,349
192,902
9,255
248,581,876
527,644
577,708,901
136,910
733,789
318,591
15,245
60,724
423,806
363,609,821
721,934
339,630,668
182,276
253,306
641,836
380,620
171,950
232,326,829
131,184
574,811
175,621,892
152,950
86,906
55,562,846
626,809
238,743,955
367,442
272,552
375,634
233,547
27,650
56,124
253,876
244,735
244,851
204,312
123,649
382,680
148,357,953
339,465
47,259
893,931
263,811
203,353
406,523
358,747
43,119,152
264,424,982
132,135
341,883
313,637,700
83,296
59,844
115,247
89,592
315,955,971
359,396,483
3,28,993
389,572,620
67,413
25,84,489
113,190
765,968
261,561
354,907,914
173,343
865,919,941
61,466
216,619
34,916
962,971
170,538,592
777,815
33,368
260,718,806
588,890
638,866
98,916
208,671
119,279
469,786
221,224,496
83,865
123,834
577,623
144,502,767
258,697,861
825,996
244,563,858
483,612
376,677
659,748
431,606
371,531
448,586
51,115,230
318,397
451,569
287,984,994
110,441
265,303,815
465,586
281,332
312,978
66,162
176,767
2,601,966
399,664,993
550,748
475,989
385,407,696
9,317
408,712,908
644,668
436,480,918
280,709
652,676,711
464,992
202,820
91,416
40,61,905
45,135
751,860
169,429,558
471,796
398,535,942
499,788
25,546
645,961
282,330,415
132,199,473
291,517,558
169,276,512
652,959
338,471,787
710,755,1000
674,834
50,908
378,730
444,982
697,895
22,655
48,281
45,667,848
140,958
779,811
456,593
147,333,573
92,225
711,970
291,608
433,462,934
356,525
425,675
404,803,910
412,528
36,179
68,195,781
28,859,970
750,845
729,733
401,413,667
270,490,842
48,159,340
121,805
206,804,887
801,830,950
46,86,218
228,384,440
147,403
32,36
805,951,954
61,407,930
149,366
376,876
124,527
224,697
458,851,975
433,470
458,548
245,422
522,583
404,528,817
19,229
171,431
636,899,932
599,610,620
11,279
140,650
374,871
180,450,543
102,230,364
161,952
199,289
10,600
168,568
307,768
175,329
643,957,970
118,371,489
124,839
416,569
315,673,969
418,857
629,688
703,940
330,845
179,416,626
441,464
645,733
184,358
439,507
643,730
365,476
54,352,784
971,976
106,251
477,589
684,817
158,969
409,975
153,388
584,633
428,898
813,897
480,887
861,929
28,381
359,638
402,463,476
344,445
359,547
116,373
295,880,890
7,558,795
203,311
98,391
256,361,962
197,294
613,848
107,622,896
212,408
33,939,982
14,45
179,705,744
460,918
341,975
65,944
184,391,612
273,404
227,386
573,899
178,298,524
55,253
34,558
47,487
21,543,608
246,817
606,659
95,242,703
134,241
29,276
429,555,670
585,727,855
9,497
339,425,446
510,534,814
96,550,833
682,961
339,422,591
53,430
805,960
380,545,762
197,713
659,702
420,684
303,820,951
249,543
213,505
135,621,852
632,633
466,603
659,781
527,704
158,811
121,768
220,369
89,304,443
435,616
348,675
126,780
630,736
263,352,827
749,878
149,450
455,857
536,855
764,889
240,575
675,679
198,888
549,857
211,447
784,807
313,918
5,462
41,331
650,713
187,991
577,892
822,863
73,545,894
315,429
159,419,550
520,716
140,225,703
607,812
387,411
309,844
111,925
444,902
235,511,593
20,859,917
353,660,980
31,725,915
431,682
6,968
801,995
237,860
157,680
586,932
24,424
58,405
63,478
442,491,548
31,332,753
440,876
75,986
506,819
862,961
133,821
63,866
69,397
133,308
230,430,996
25,622
151,935
589,835,887
99,402
167,254
44,541
901,988
424,552
35,132
299,950
42,637
584,683
104,452
512,613
604,989
108,654,953
647,948
677,821
161,585
325,371
912,997
460,707,942
791,936
873,878
138,247,603
273,669,972
541,776
507,653
534,626
849,915
26,517,716
423,515
18,90,325
41,145,226
590,724
552,705
209,230
123,288
557,810
416,545,851
487,756,953
316,405
251,304
278,649
599,734
46,539,845
385,869
125,296,861
51,804
247,485,942
631,676
180,476,914
171,981
362,898
266,808
206,921
58,108
23,48
148,602,884
104,226
336,389,695
336,514,748
546,601
170,834
791,894
117,573,952
243,425
232,930
381,574,612
226,938
488,612
725,836
597,971
768,941
368,937
594,595
480,913
223,770,852
692,804
96,469
82,865,954
108,706
208,910
896,910
404,512,786
110,530,947
47,168,465
424,692
212,407
560,949
474,605,723
871,980
23,464
80,732
238,617
48,754
276,286,316
37,151,478
69,248
46,666
437,547
227,915
13,501,639
94,376,732
75,610
283,644
435,504
57,795
179,640,812
676,718,785
308,696
179,592
206,603
67,475,634
600,733
20,288
302,995
664,711
90,482
18,443
101,422
426,933
686,795
468,549
552,939
344,521
25,164,508
248,736,901
583,936
624,793,916
64,414
215,732
196,720
247,714
57,201,215
696,700,843
248,376,597
620,955
401,872
273,494,664
489,657,760
637,889
88,895,921
331,694
103,897
43,459,994
576,722,835
438,944
228,812
62,666
486,557,715
950,957
108,380,775
351,443,777
706,954
152,330,616
187,229
417,830
51,102
469,484
58,346,482
3,322,444
588,999
656,984
321,609,841
397,704
390,744
3,749
312,915
296,472
312,438
496,630
221,617
48,253
17,831
232,601
12,707
686,808
48,898,971
634,845
88,303,806
59,456,993
76,562
440,674
230,320
41,60,821
127,406,671
343,704
159,410,422
95,826
21,522
728,782
217,348
877,938
183,732
35,419
906,996
822,973
272,460
227,719
365,400
264,959
154,727
13,435
415,495
20,670,678
465,466
61,952,979
41,277,303
228,514
547,802,819
772,875
206,845,905
198,780
100,611
381,437
158,872
512,889
283,704,710
1,599
609,630
819,956
231,896
353,657
35,481
353,514,930
308,778,998
569,620,900
187,315
186,942,970
345,463
329,749
623,885,984
523,740,814
470,550,673
129,772
281,310,755
49,212
524,801
746,817
127,340
526,948
861,886
110,294,857
72,738
487,677
261,531
638,818
410,505,719
275,836,869
277,687
45,214,427
91,253
329,520
161,268
541,745
90,263,886
232,624
502,972
503,563
554,617,889
86,340
406,579,992
36,241,716
294,566
41,92,804
119,912
171,802
495,601,720
33,373,849
426,748
471,745
256,831
338,732,834
372,866
721,861
37,728
129,808,882
208,672,812
687,768
340,574,713
150,343
248,410
24,789
135,612
91,769
462,956
3,204,270
689,901
427,578,645
749,779
451,579,851
483,729,730
52,460,565
90,285
290,425
92,700
854,902
458,759
270,740
894,973
246,812
527,691
122,439
199,786
129,542
729,877
101,465
31,310,503
72,226,496
316,956
192,228,542
248,682
567,821,924
335,341
291,705
604,617
208,898
80,208
672,948
734,841
6,398,611
392,589,972
760,889
714,835
362,566
146,534,709
524,535
542,585,798
106,673,854
304,779
668,749
120,671,867
285,671
358,723
484,569,996
13,723,943
306,817
54,156
168,179
285,510
4,85,425
364,635
36,912
109,128
629,867
600,724
787,818,904
312,342
44,675
169,478
192,230
574,628,635
194,636,699
449,662
755,768
403,530
239,398
670,831
375,387
92,274,365
17,611
101,506,821
243,408
9,420
656,792
302,611
18,866
280,875
233,374
534,824
12,926
561,596
688,793,868
219,253,621
232,766
224,950
62,228,500
304,840
232,312,578
114,477,777
14,778
784,943
233,556,950
499,915
154,762
157,747
599,605
105,878
243,300
511,637
20,196,235
270,340
141,958
610,740
184,886,963
409,709
184,779
401,719
390,873
263,652,767
310,392
404,629
276,478
270,524,916
36,602
326,544,797
103,773,998
306,341,971
916,959
8,27,522
244,542,980
197,599
242,262,705
303,484
704,717,974
444,584
783,946
156,809,994
906,994
467,527
85,571
765,833
193,301
161,351
184,976
129,900
188,567,821
211,280,572
647,707,708
208,278
83,514,927
249,358,525
443,471
169,311,697
82,435,683
333,906
664,858,862
334,601,665
581,757
189,999
299,592
194,588,865
87,493,575
878,961
12,736
66,546,993
256,331
762,879
72,702
231,776
500,694,770
129,749
319,525
168,276,553
298,317,622
43,102,770
575,769
264,342
520,903
329,870
91,114
355,578
523,721
86,192
277,809
29,225
258,394
482,516,972
206,345,576
54,91
79,249
204,588
595,725
282,997
285,374
99,459,518
89,486
562,921
238,908
40,318
872,975
866,938
373,592,940
207,276,879
801,964
495,624
354,548
502,577
608,677
65,120,556
409,681,851
556,591,931
104,826,930
157,785
145,924
79,497
155,475
216,884
292,306,715
82,170,455
262,540,982
121,233,287
601,978
259,922,961
29,38
141,248,948
41,183
143,266
161,990
256,267
37,629
400,683
302,821
246,982
19,690
115,774,791
686,747
392,709
500,519,817
21,537,659
353,930
26,651,770
81,326,376
53,433
208,247
88,692
261,538
155,944
634,662
14,241
702,916
299,533
329,995
269,376,924
764,772
312,331
10,720,995
47,736
83,748,763
166,934
186,670,910
558,938
237,460
329,592,811
162,437
38,220
634,877
150,540,653
107,119,520
131,252,845
111,304,359
70,166,821
61,311
203,386,928
400,523
9,128
91,236,876
369,820,877
825,829
791,808
225,356
59,258,790
1,594,775
326,460
55,398
597,966
103,315
530,684
586,915
621,801
96,551
185,976
328,369,382
212,716
219,296,724
468,842
57,95
246,708
27,650
605,667
16,554,821
47,663
276,433
446,655
516,581,807
600,730
266,368,911
64,720
350,905
564,756
525,925
480,637
204,720,915
48,535
214,828,903
71,278
41,167
422,780
138,176,403
901,913
375,1000
146,855,883
29,568,769
356,791
490,697
389,589,791
383,756
771,913
727,944
384,423
275,675
462,763
44,110
155,801
72,757
123,242,976
520,591
604,652
17,174,320
666,950
154,960
349,922
505,732,787
512,991
148,158
48,855
47,151
219,275
521,800
103,303,654
71,995
397,950
435,575
511,661
39,204,896
556,795
428,488
95,565
429,601
551,667,679
436,643
384,614
417,637
8,458
180,623,857
25,704
51,796,897
232,957
446,929
695,763
7,534
189,258,588
409,996
96,866
182,327,368
410,508
583,836
267,335,662
72,284
54,119
441,557
51,148,301
25,189
35,866
78,381
508,946
140,743
710,998
530,591
144,821,981
506,944
115,457
407,992
195,357
192,253,313
522,677
98,120,884
128,223,350
78,628
512,948
315,737
185,553
464,771
301,755
544,580,909
212,649,939
741,928
215,869
380,534,956
143,945
301,440,681
164,185
291,702
311,541
783,865,999
359,523,661
79,617,819
317,612
238,693,748
568,587
182,230
94,187
257,554
20,214
36,160,388
134,828
169,621
34,265,884
452,806
635,751
888,901
667,710,800
198,605
23,836,900
2,783
337,441
208,474
9,396
45,867
334,554,952
266,708,902
535,820
571,993
537,824
370,629
462,871
160,301
318,535,710
263,767,861
335,507,831
454,703
157,434,957
820,870
472,487,653
141,266
457,939
726,898
20,495,982
86,430,841
367,572,860
53,385
402,832
395,960
396,859
103,383
351,500
621,985
221,530
16,446,928
114,440
549,997
562,823
80,443
459,511,756
76,515
488,832,922
29,403
447,925
156,784
591,732,1000
217,853
75,197
49,119,726
304,672
102,993
77,402,412
347,901
104,932
68,468,579
796,893
396,588
8,174,559
43,286
103,222,804
505,653,660
372,828
248,433,734
264,758
16,195
297,502
68,976
326,759
431,821
744,859
51,717
140,368,743
103,648,877
566,718,961
113,324
443,652,717
174,284
229,336,617
116,981
241,299,599
60,816
57,733
47,189
250,369
225,611,904
117,594,843
735,972
73,369,466
688,996
351,580,978
365,717,802
186,188,957
825,881,1000
804,924
359,979
404,533,763
10,633,957
171,477
281,893,905
86,321,732
561,766
81,825,841
106,166
420,598
136,816,860
427,580
412,904
560,582,970
162,205,987
39,782,821
205,355,468
121,961
217,383
171,933,999
677,688
255,474,862
267,604
98,809
263,555,999
105,151,941
126,592
102,684
347,885
337,720,759
360,946
372,534,625
2,251,670
186,270
126,467,992
149,630
196,861
476,492,501
262,859
535,726
60,502
271,512,735
142,512
124,573,584
281,460,964
826,899
125,445
267,584
205,432
252,507
460,502
761,770
72,376
165,661
327,797
151,632
734,871
62,103
546,578
682,850
592,907
171,500,754
244,316,998
219,580,761
644,763
219,842,859
46,284
340,677
85,102,943
574,892
72,422
149,694,823
514,588
881,975
32,379,909
25,289
308,687,877
403,467
68,549
663,784
451,543
95,230
580,878
243,495,629
588,767
360,727
245,828
93,495
693,695
65,105,163
530,953
226,260,308
175,756
7,70,556
18,784
304,641,711
43,878
412,975
121,864
73,202
248,457
115,493
339,346
41,788
109,778
307,778
46,371,680
329,613
542,988
92,226,789
220,770,815
175,665
158,222
398,713
601,700,751
422,934
403,462,616
753,834
419,897
494,570,574
467,512
205,842
386,873
192,590
22,348
348,632,735
150,751
581,857
303,458,597
30,256,340
85,370,874
747,765,800
77,282,936
150,621
29,181
692,774,843
191,613,746
216,333
90,332,607
60,89,347
437,614
93,195,620
19,89
110,477,695
91,843
27,602,715
334,961
19,283
111,812
564,877
326,346,717
436,592
499,782
195,564,982
583,793
25,614
243,265,720
292,882
492,653
126,228
41,309,369
232,899
119,232
34,223,852
481,567,821
186,370
217,408
172,341
476,987
247,951
104,142,475
383,484
490,839
245,639
158,907
8,353
244,946
579,947
448,822
85,549
608,901
380,823
207,494
58,977,984
185,361,996
257,671
313,662
373,388,395
390,421,507
142,706
473,496
87,666,904
100,241
101,556
156,448
280,894
35,364,911
158,986
283,621
269,487
353,371,660
446,993
34,668
321,765
343,623
170,558,903
74,241
155,728
222,475
821,867
563,582,903
52,512
771,780
92,440
755,882
398,798
122,142,617
226,860
77,797
265,320
268,449,770
389,691
593,660
202,437
235,440
805,995
697,980
722,794,900
544,712
38,879
106,148
170,362
74,512
497,905
82,154
640,827
252,893
481,897,932
749,812
56,953
485,692,933
356,368
389,853
220,760
119,561
276,615,918
50,233,663
172,544
105,142,210
135,352,793
240,467
193,601
135,474
417,703,945
25,825
59,310
130,295
349,567
71,492
210,698
125,511
572,573,653
412,540
569,595
610,801
679,827
53,503,702
789,951
64,612,946
601,643
291,601
327,691
218,336
407,514
66,978
14,178
143,242,575
500,512
227,992
352,488
402,946
299,461
40,419,451
171,261
415,768
537,610
429,759,824
168,693,856
245,842
115,326,878
237,417
301,723,753
86,118
242,438,867
477,953
809,996
670,918
459,940
474,832
186,198
576,968
146,925
20,500
313,782
727,942
250,510
382,772
372,416,883
111,496
536,556
109,484,602
655,694,848
81,854,886
183,945,967
131,594
96,964
594,653
138,144
204,346
177,220,741
112,961
154,461,661
84,680,747
186,482,549
282,440,521
63,573
171,186,720
93,982
608,613
196,613,929
909,993
155,253,534
204,623
581,861
431,498
730,896,916
815,957
369,559,611
27,61
396,987,989
693,951
206,313
513,935
249,393
61,550,990
148,723
117,700
84,148,315
551,565,998
175,382,452
560,830
282,858
334,445,907
146,524,954
566,882,902
360,444
43,814
507,641,849
214,987
176,218,510
23,547
148,677
601,668
262,645,706
450,967
647,885
255,671
354,745
111,279
427,604
48,160,342
848,999
657,807,878
209,568,949
174,457,960
412,666
263,487,977
626,713,786
25,31,511
14,190,286
699,924
475,550
172,489
258,758
182,718,760
234,309,369
302,590
388,839
84,886
299,448,551
251,283
327,770,836
426,481,693
26,944
367,539,891
288,992
459,989
369,875
550,659
675,679
573,765,854
319,469,639
73,160,436
54,384,779
327,911
239,897
643,730
334,440,550
94,483
363,764
340,445
20,399
37,54,976
40,275,454
302,577
276,427,873
449,793,795
287,547
229,426,438
965,980
221,555
558,698,812
226,965
117,713,797
211,656
671,868
136,543
318,648,785
63,389
507,779
57,311,774
92,289,611
53,168,259
922,988
51,435,931
87,188
649,896
321,923
363,591,941
635,790
596,976
65,394
488,670
784,930
297,371,531
320,341
893,971
308,551,744
651,659,888
520,538,580
281,751
473,722,931
305,637
431,492
6,451
163,382
381,652,858
174,971
116,786,834
125,134
616,830
322,939
290,748
526,775,970
243,254,928
67,451,855
44,932
705,844
263,954
181,266,672
66,85,621
58,966
64,878
196,443
146,742
434,460
338,489
345,724
192,459,482
565,616
225,757,767
314,500,541
579,621,849
384,856
168,960
44,123
610,700,751
269,716,757
624,906
209,323,730
746,801
50,227
710,767
3,408
428,479,906
637,939
571,842
111,147,643
220,283,558
182,583
843,869,918
126,545
755,799
231,309
372,596,956
66,580
327,881
258,301
643,809
479,621,972
129,321,808
383,498,604
207,459
284,420
189,294,721
210,535
584,883
478,576
726,946
326,588,732
798,846,990
496,753,887
634,782
131,296
248,939
18,969
69,113,358
420,459
2,93,641
36,588
213,540,872
355,766
761,801
254,846,894
255,668
249,419
356,762,777
296,783
326,416,905
178,732
206,381
610,816
228,817,909
149,687,703
441,695
467,987
35,548
388,898
338,882
298,840
293,368
215,413
117,142
367,527
179,309
714,959
659,852
211,569
812,857
17,565
417,535
84,252
329,380
773,901
659,696
277,714
484,735
109,405,617
834,915
158,580
694,868
137,790
441,642,667
155,404,811
76,863
143,270
678,729,977
266,440
196,678,987
47,628
283,519,580
212,268,849
3,633,668
226,621
527,889
75,143
478,737
761,772,997
519,916
373,452,798
204,600
476,532
488,909
453,932
160,798
28,515,540
117,479
674,754
777,999
401,531,913
70,166
356,516
21,450,575
34,613
135,677
74,651
23,742
167,787
280,635
459,575
372,701
170,902
113,883
226,281,611
100,435
349,407,474
442,486
32,88
344,631
197,661,722
254,887
58,121
114,183
2,901
200,384
165,398,819
183,405
192,529
30,261
483,987
3,579
681,693
621,731
176,657
23,185
51,718,949
170,868
628,771
209,585
109,361,710
784,961
634,642
116,251
193,737
89,872
510,735,860
507,780
110,736
12,41
48,253,762
303,329,909
514,870
392,585
130,384,555
65,975
337,420
197,478,562
782,820
13,15,783
807,861
189,763
776,858
30,233,983
767,782
646,953
195,997
77,414
751,824
124,153,689
495,895
280,284,657
123,596
77,484,742
6,438
494,928,987
446,509,996
608,997
518,586,915
271,462
154,504,682
65,848
615,626
525,856
509,776,871
68,488
634,722
390,429,868
78,520
123,499
150,531
547,966
33,710,761
323,936
137,596
512,916
98,356
1,894,945
528,954
158,288,408
635,990
126,530,798
216,236
251,422,464
585,890
578,634
64,476,567
393,680
360,482
908,919
431,669
459,644
33,504,569
329,852
123,465
512,916
239,686
425,664
230,288,624
518,679
17,537,637
631,785,818
446,607,670
163,589
475,547
777,891
386,607
49,916
191,871
210,460
264,979
173,314
913,935
444,605
168,328
473,697
223,329,655
889,944
533,862,992
23,230,951
130,852
606,890
32,551,599
155,360,725
178,904
46,102
721,944
112,980
276,804
264,557,862
21,890
78,330,498
643,670,892
91,804
323,962
404,629
179,835
61,512
222,398,625
308,417,982
73,695
712,858
733,908,997
48,237
140,668
172,737
88,748,887
432,454
494,914
132,302,385
26,106,483
41,826
18,697
81,346,588
151,289
296,735,826
526,579
267,989
742,919
325,353,384
450,931
419,975
457,478,813
194,690
158,465
741,870,935
454,820,942
453,477
215,364
229,464,765
603,678
226,270
10,600
503,943
29,73,761
283,546,939
261,864
10,950
106,736
337,422,819
533,722
245,683
313,466
676,766
562,610
231,468,805
374,848
242,342
272,360,713
14,872,995
459,691
334,758,925
102,139,636
98,262
202,797,920
489,856
773,940
765,919
95,497
62,116,190
605,655,970
741,906
158,191,262
3,978
504,727,969
325,597
565,801
388,955
325,715,951
264,770
513,577,889
190,902
414,653
79,825
173,464
155,382,416
132,197,361
214,884,936
739,977
248,505
240,454,890
320,324
296,851
290,413,623
428,854
187,573
175,293,379
442,737
2,999
180,688
196,871
617,623
144,325,677
418,734
11,978
288,387
642,646
535,984
23,47
270,370
313,681
525,581,844
75,201,847
225,289
113,471
610,828,932
227,401,690
61,964
243,355,705
57,413,589
87,121
119,692
307,477,608
82,426
401,554,732
677,690
475,586,876
4,402,740
590,957
438,779
300,327
86,544
439,498,700
116,266,289
178,338
23,474
478,539
151,773,787
257,361,847
93,243,916
489,830,835
801,837
111,598
514,531,948
343,623
434,772
2,658,918
42,814,989
62,652
420,517
16,671
582,814,993
137,440,944
339,802
354,506
269,439,680
411,581,921
497,650
448,841,972
504,508
8,80
99,757
49,948
73,373
748,780,853
180,869
212,957
141,170,501
125,365,657
409,762,966
388,948
422,464
401,899
837,878
432,710,847
243,649
825,953
481,599,804
112,670
65,110
429,600
178,463,759
173,931
61,537
438,818
471,555
576,876
64,248,294
496,790
441,783
8,872
409,905
215,240
250,981
263,332
250,338
275,416
181,876
257,629
243,733
578,705
797,898
348,662
886,946
102,427
437,837,878
434,827
78,910
358,943
104,469
550,791,990
33,136,960
397,556,697
547,930
225,937
177,212,970
736,983
127,355
145,788
505,698,897
307,837,889
680,839
486,558,633
223,785,976
226,382,845
522,737,965
669,694,939
426,553,870
550,566
160,482
99,468
197,538
521,704
208,290
34,517
72,450
598,711
79,192
338,799
252,573
47,914
448,879
64,308,346
40,326
605,642
58,529
92,364
15,109
576,940
972,999
141,784
189,539
270,780,817
816,844
138,196
402,525,827
306,418,504
157,457,990
147,819,839
195,559
378,580
41,881
840,979
335,906
598,704
131,490,914
347,695
231,633,906
412,419
18,49,622
137,859
491,821,993
39,169,214
8,537,836
148,677
847,912
590,622
248,266
131,422,472
90,181
164,532,946
91,681,803
669,978
377,851
87,551
89,264,288
266,280,511
240,961
655,661
72,932
647,973
26,574
247,792,844
41,725
488,688
178,455,965
497,742
448,625
112,648
341,867
274,302
272,522,718
95,769
52,484,850
85,252
105,899,998
42,504,816
310,795
20,80
94,393,876
435,967
772,782
62,130
167,299,996
290,791
665,909
315,361
340,561,939
164,643
10,137,644
110,883
491,554,896
23,606,713
141,387
452,869
91,994
699,951
212,480
781,904
297,464
689,772
360,967
148,697
300,748
11,283,997
137,359
501,701
50,200,235
261,965
19,808
624,929,997
188,198,687
23,560
283,548
596,639
31,891
382,530
375,649,929
277,676
54,731
210,491
568,964
248,505,787
917,930,965
13,559
421,531
92,345
47,352,639
38,544
171,717
341,698
502,653
612,811
913,941
379,690,888
400,632
196,513,862
216,832
234,434,469
129,878
583,886
120,979
841,888
462,685
146,530
87,125,858
355,388
16,169,906
591,609,919
225,917
865,968
426,461,792
34,711
48,836
83,512
244,792
501,680
123,479
183,521
215,497,964
128,359,803
96,309,900
660,885
81,282
575,988
156,758
806,823
559,612
775,901
347,604
184,386
166,849,918
448,715,890
256,606
138,765
645,921
558,635
711,906
625,772
313,375,915
444,542
376,506
717,948
41,820
156,214,733
164,505
118,853
428,994
127,273,641
649,875
448,997
61,666
524,676
87,207
404,661
54,330,352
257,856
377,523,947
472,843
12,496
49,335
620,899
235,882,891
81,310
260,778,988
226,340
103,244,904
276,411
722,878
361,366,795
423,536,966
456,489,738
150,201,964
158,778
755,849
37,153,596
401,891
751,987
374,984
523,730
137,344
720,872
576,890
275,487
429,808
88,101
114,785
158,552,849
503,643
442,777
405,949
533,538,552
63,205,610
70,613,867
134,825
574,929
632,687
368,709,882
567,839
163,342,571
154,715,904
191,386,671
17,312
89,329
143,296,609
466,942
667,845
398,748
200,742
916,982
14,513,516
124,680
203,290,526
610,952
919,923
399,722,800
185,880
180,880
386,618
187,869
314,358
133,482,840
128,402,474
870,988
241,575
25,806
23,742
258,374,784
138,695
357,889
217,442
237,282,701
149,334,879
647,845
189,362
403,584
247,293
46,439,699
391,753
736,926
244,771
608,731
561,608,767
286,324
581,902
43,111,540
134,135
731,914
134,670
259,617,818
478,792
104,862
21,769,887
80,351,533
391,519,817
177,763,814
192,983
640,687
831,982
182,519
799,954
16,874
216,291,582
56,783
37,852
9,396
149,742
192,303,325
21,816
149,829
109,277
236,839
406,443
93,205
79,241,883
83,251,534
150,170,371
902,931
122,719,857
175,350
156,871,974
15,129
292,900,944
497,955
54,417
195,518
365,850
357,903
395,905
416,734
279,402
487,577
304,468
32,494
389,645
56,113,1000
755,768,926
127,345
455,717,953
171,672
422,876
128,273
482,619
59,78,636
96,385
305,498,547
676,696
285,858
516,832,835
108,984
651,896
306,944
229,672
413,611,856
623,755,759
314,354,557
336,845
297,497,507
111,915
307,556
167,718,893
133,532
289,662
218,296
133,212
87,640
288,727
369,958
431,787
41,187
489,788
196,773
551,734
111,246
541,629
357,891
206,422
79,301
112,299,681
199,482
699,808
481,952
102,544
640,884
188,919
128,565
333,876,943
400,530
416,717
66,466,484
318,583,734
11,285,749
326,333,767
517,781
129,559
353,393,986
447,559
358,610
666,804
403,886
318,345,527
64,134,983
595,974
79,358,378
254,640
268,902
355,866
623,786
527,926
483,677,912
228,251
182,666
675,725
130,534
628,882
91,383,587
352,443,963
316,424
452,888
394,806
483,509
134,967
329,491,510
532,914
105,388
692,883
4,396
274,422
260,610,734
273,414
123,507,544
69,278
297,459
241,245,657
344,974
169,720,978
314,641
647,813
491,517
17,990
11,227,355
169,200,669
128,884
396,925
794,850
223,385,500
68,361
753,869
806,820
300,892,972
217,586,670
283,735,749
551,937
292,792
440,514
99,758
282,564
270,312
287,509,837
51,160,942
308,318,430
326,717
240,442,521
499,651,916
632,816
3,425
126,442
97,679
321,808
146,416,920
385,967
251,397
168,315,692
146,870
194,310
357,728
505,680
669,991
431,869
798,847
189,556,686
283,874,982
151,607
232,720
28,179
174,220,651
156,841
6,164,688
213,245,950
91,494
92,109,447
723,818
378,722
63,344
417,800
62,340,913
729,830
163,894,968
266,302,917
137,465
70,284,889
136,168,303
545,651,976
130,170,885
633,929
380,571
205,255,533
438,491,716
861,894
378,965
145,627
278,753,957
527,847
171,532
92,275,748
103,210
151,704
642,798
306,383
13,915
15,357,974
212,706
597,796
587,643,879
43,49,629
133,328,737
445,449
194,892
113,130
279,669
33,227
29,76
173,224,825
209,356
75,553
176,566,986
649,717
77,165
150,302
159,211,662
172,506,666
592,682
66,429
679,946
404,615
571,679,814
336,370,926
525,556
162,334,896
231,952
6,137,332
99,304
303,407
54,214,244
75,888
704,934
131,463
260,844,983
281,541,974
477,755
720,975
612,737,989
217,359
73,959
43,492
566,623
542,986
322,726,952
211,647
235,886
165,507
627,755
426,706,801
423,972
9,101,613
199,589,894
484,488,826
568,612
258,609,623
318,656,774
306,569,703
417,942
68,186
320,575,721
263,635
762,869
729,781
481,748
977,999
790,995
295,684
9,586,779
527,838
140,963
392,666
254,385
616,862
236,892
169,957
320,536
262,746
44,172
226,986
497,779,963
336,738,963
664,817
969,992
434,671,957
351,392,416
99,817
255,631
512,787
294,839,967
158,995
25,739
371,489
114,665
114,920
422,513
314,841,875
393,765
220,714
637,770
129,178
312,861
428,592
38,553
43,658
141,810
379,721
431,953
367,437
257,372
24,53,804
485,836
594,931
541,829
193,683
207,350
31,668,699
602,665
624,758
184,574
32,583
370,684,733
586,790
69,264
260,841
266,357,540
13,193
98,542
143,841
681,846
285,744
305,640
451,886
331,670,890
661,905
96,344,863
297,397,441
306,499
251,534
145,489
331,604,885
157,255,664
107,740
389,916
581,979
152,818
139,404
123,518
795,996
77,935
537,702
322,678
100,392,932
613,832
477,554
67,408,656
356,797
180,913
439,676
397,783
64,511,1000
352,579
114,599,798
292,732
715,926
211,356,801
242,803
29,971
828,864
502,767
215,252,265
36,760
285,305,670
181,192
8,796
453,674
186,217,348
222,279
918,940
229,628
38,939
199,308,620
892,994
17,133,177
367,444
327,988
625,754,847
195,766
252,690
395,813,996
11,276,834
2,548,805
334,443
498,590,874
169,874
361,450
679,968
257,746
590,671
267,584
277,519,662
512,888
417,487
673,808
350,366,528
28,598
600,779
37,895
239,509,989
101,254,478
289,635
56,263,736
397,533,557
85,442
678,682
248,539
374,606,923
462,544
340,539,901
210,952
126,906
193,495
324,444
418,795
440,565,955
305,391
39,871
392,615,988
82,973
92,359
269,591,943
669,863,975
859,973,996
256,936
458,880
261,847
180,464
659,875
528,806
438,576
44,436,947
336,532,938
764,886
351,662
542,687
779,944
854,919
421,430
184,242
86,189
175,791
209,537
148,628
620,681
448,893
286,786
268,529
38,312
171,281
648,752,785
304,387
455,784
228,729
372,956
94,697,721
465,944
177,634
149,464,674
60,149
281,772
129,477
146,368,426
384,974
54,216
566,818,902
474,633,929
157,209
43,294,819
141,952
23,93
319,663
211,794,957
44,993
56,193,259
637,803
302,705,706
647,750
238,619
278,328
293,836
164,290
183,905
7,456
142,762
149,307
443,803,879
313,779
15,338,786
404,896
199,493,887
201,383,996
17,392
193,286,630
656,664
749,777
9,399,915
180,486
296,824
171,377
705,964
187,296,680
341,432
178,433
273,986
668,810
139,750
99,859
655,678
375,633,993
209,360
281,692,875
393,833,987
360,389,922
10,295,312
28,125
501,683,886
438,859
255,881,973
399,441,518
19,511,965
504,627
54,231
54,354,733
209,487
251,606
198,209,703
642,962
627,684
562,647
26,832,959
249,353,410
257,815
442,446
570,885
248,453
518,881
594,812,936
167,862
161,545
324,352,379
611,966
588,678
793,907
694,803
803,831,867
458,718
183,289,881
458,701
73,368,447
1,837,970
118,122
107,128,750
433,965
381,548
113,306
444,588,768
346,531
537,996
26,849
436,935
172,983
617,637
65,361
230,394
514,934
38,48,580
385,451,932
153,424,961
60,308,528
259,467
194,293
381,582
342,486
426,973
660,891
346,540,924
154,582
142,936
328,439,656
457,510
557,731
765,1000
263,963
204,385
293,314,385
15,229
186,242,707
326,636
31,512,686
304,513
57,161,798
2,882,914
55,345
49,404,523
644,834
42,454
354,711,874
470,588,601
282,722
265,312
397,545,771
295,377
213,954
667,976
401,458
9,669
56,659
19,838
546,870
9,236
134,274,695
376,477,876
496,718
387,427
121,437,508
397,946
461,804
55,870
737,891
279,645
60,263
221,730
256,540,979
349,818
778,935
462,830
821,963
354,992
842,908
505,796,978
99,274,306
161,493
3,667
309,528
660,859
183,765
370,474,744
56,676
640,876
512,898
231,499
92,537,623
689,745
526,695
474,977
1,511
372,463,850
616,635,777
179,341,360
568,789
425,849
442,544
548,745
158,590,671
487,756
69,70
70,556
281,880
319,403
314,712
174,854
633,907
290,522
341,717,768
384,584
490,659
351,957,970
345,383
44,264
367,539
239,474,754
80,574
72,917
666,890
582,715
124,142,852
378,657
504,585
71,271
336,741,983
239,515
232,526
103,461
106,537
195,682
324,530,902
157,204,269
31,756
476,590
546,932
150,924
356,597
554,614
75,453
249,723,768
567,977
186,479
28,195
440,683
4,714
308,754,958
436,723
130,525
360,436,701
2,145
396,913
179,259
248,384,825
132,196,752
345,990
501,877
444,873
502,698
158,329,646
744,884
405,575,813
433,436
337,999
210,405
427,597
135,811
652,983
425,720,812
132,240
53,772
237,696,863
822,932
296,564,969
88,249
175,966
87,831,872
638,687
191,305
293,384,880
375,952
164,591,639
598,939
575,955
428,777,868
611,947
99,239,504
138,235,786
384,806
281,368
665,809
28,309
164,294,914
405,660
314,803
74,456
245,489,503
331,513
298,892
287,371,674
319,781
179,422,574
21,528,873
741,811,862
214,840
69,259,825
539,630
22,195,691
612,703,881
349,577,938
195,597
58,678,739
26,602
262,972
43,807
309,634
495,638,643
165,531
19,229
235,794
311,628
34,886
220,903
27,457
42,481
446,501
108,350,729
496,752
244,793
756,884,930
76,227
323,956
250,661
38,357
282,679
506,775
229,654
395,659
87,565,887
379,912
274,491,940
375,896
475,630
95,734,968
263,325
529,625,942
336,891
94,758
57,703
114,589
156,719
132,361,949
385,493,820
298,578
589,759
183,290,900
862,963
86,771,800
357,444
205,502
459,550
166,943
82,747,755
327,503
125,294,857
421,424,726
301,349
52,536,932
639,940,992
610,829,843
544,831
165,804
209,835
235,661
67,748
633,749
518,646
461,928
299,524
129,724
262,304,574
282,380,875
374,541
349,694
260,318
116,708
447,565
47,649
288,374,969
5,133,744
11,822,887
177,520,665
93,746,976
46,382,423
69,410
581,627,680
400,803
276,792,936
364,774
212,828
683,837
466,534
879,1000
499,549
590,662
175,446
571,671
103,654
890,955
238,318
696,981
258,606
248,402,929
190,839
48,222,693
216,628
71,746
28,411
274,950
118,614,771
467,676,679
682,758
306,833
94,195,866
699,916
135,902
464,577
18,124,331
65,323
56,408
25,59,611
141,861
108,952
582,848
190,410
239,776
119,576
649,950
166,819
144,165,531
76,306,709
267,639
470,731,846
608,941
53,633,773
172,548,976
452,819
10,592,720
25,695
293,554,893
85,271
121,793
318,701,743
438,735
424,598
691,977,1000
404,952
189,215
338,423
161,255
694,726
350,376,832
139,509
378,783
811,995
380,751
216,581,760
704,995
48,590
122,173
415,733
42,733,927
246,558
127,793
167,273
33,167,956
36,206,323
396,914
443,832
94,331
547,738
218,443
27,999
621,661
560,868
87,484
455,739,854
632,644,925
586,826,924
182,315,931
182,838
244,700
203,902
623,747
38,372,865
353,362,374
451,532
645,920
38,51,226
318,451
32,390
21,749
224,908
152,210,844
84,303
815,998
493,836
214,402,645
201,345
643,849
504,899
21,82
583,823
792,878,935
175,244,852
480,601
108,340,499
156,807
224,878
26,332,588
60,357
474,831
260,752,764
7,378
293,311
275,854
150,441
402,519
497,754
151,847
530,834
713,816
74,606
172,578,952
421,595
321,614
863,959
274,866
733,791
289,948
109,798
801,823
456,849
45,78
590,645,957
514,944
31,757
101,189
9,486
283,540,541
368,770
235,413
158,849
208,311
139,428,705
821,965
262,917
244,277
447,544,893
176,336
304,971
407,410
7,741
249,372
469,643
497,734
387,621,750
221,620,822
379,687
381,715
355,980
276,585
58,657,889
1,691
64,502,530
405,463
598,848
322,811,853
282,458
15,331,686
499,733,957
303,334
380,394,843
226,345
471,516,831
75,389,456
88,879
79,98
147,570,841
187,376
405,743,797
102,856
136,528
424,526
320,504
242,517,546
134,542
769,926
472,903
193,699
706,751
474,733
313,796
143,992
165,258,324
14,124,767
135,939
36,103
302,456,924
223,239,777
268,838
460,791
192,235
73,713
344,831
328,807
546,597
429,899
182,385
732,793
425,767
600,629,678
15,721,807
74,174,993
520,668,746
23,318
16,617,983
302,699
145,204,918
37,895
345,436
477,609
160,197
471,913
30,252
21,822
308,977
823,851
480,515,843
201,253
436,864
145,405,614
140,920,937
173,371,901
85,495,753
84,154,540
787,896
269,844
655,906
199,824
242,421
151,416
543,602,846
53,330
364,447,748
813,818
53,945
392,710
517,872
55,569
186,210,379
220,365
392,407
354,584,868
646,825,872
455,471,647
39,293
118,124,991
155,459,816
380,580
366,748,795
343,603,604
826,849
293,788
480,839
724,869
62,224,717
125,339,340
307,980
284,432
469,798
533,795
90,221,326
402,750
56,378,825
11,80
133,434,644
125,338
128,968
52,896
415,628
279,848
473,653
251,321,984
174,255
535,872
85,712
4,68,344
423,816,924
436,553,752
224,427
84,343,808
33,766
408,411
89,128
202,318,890
310,469
371,433
652,795
121,854
152,849
423,437
614,981
283,746
279,868
383,507
529,806
582,976
85,741
56,456
120,500
903,905
12,745
963,969
501,902
266,302,918
514,872
490,502
326,991
169,220,985
123,670,705
588,680,915
280,608,827
237,622
777,859,993
723,808,902
98,651,828
311,829
548,604
528,888
254,962
571,603
7,492,786
562,766
76,249
41,990
289,402
4,745
239,525
64,365,732
527,629
36,516
330,982
104,360
431,769,806
319,699
163,681,949
208,220
45,779
34,997
573,879
37,91
337,753
223,442
273,644,872
155,799
36,203,332
349,501
282,715
403,591,627
484,574
662,749
100,200
320,843
45,427,428
284,969
154,384
24,413
430,850
75,551,806
4,305
263,512
21,632
128,848
93,232
500,777
43,744
294,349
99,730
525,800
808,860
65,89,291
98,314,648
657,773
110,809
291,741,858
336,659
268,579
436,799
620,864
115,961
558,814
260,656,854
129,553
380,973
108,583,751
968,998
224,866
416,992
29,492
718,976
435,505
838,842
705,780
784,910
679,749
154,195
31,702,919
218,433
104,852,917
502,829
400,470
499,692,974
390,903
305,653,809
217,314,992
8,870
114,453,830
171,324
67,894
39,638
236,441
512,975
329,645,688
483,547
415,469,566
162,639
32,155
411,749
762,873
83,371,511
122,796
678,793
60,888
100,460,897
62,294
197,280
688,900
704,825
429,910
647,684
243,449
870,900
282,575,760
303,316
468,912
482,512
30,253,357
33,341
555,926
677,694
475,589
132,282
416,562
521,653
260,640
474,503
278,474,644
299,666,820
101,294,525
139,203,961
308,542,635
316,944
108,985
148,274
150,336,392
210,567
200,850
11,872
228,319
182,611
270,444,766
188,538
120,381
223,945
750,906
491,841
792,796
140,282,964
482,498
177,320
578,854
11,590,770
97,719
765,953
35,480
336,341,969
624,867,893
61,542
464,873
167,826
681,752,778
234,648,896
117,835
341,657,844
10,491
91,210,383
581,931
387,810
95,452
182,651,692
2,754
720,832
710,728
209,748
107,358
414,472
195,714
53,550
270,474
130,192,514
391,425,629
300,586
12,441
239,312
401,947
83,547
29,73,237
329,351
1,466,962
446,664,960
80,97,887
515,801,826
57,348,799
24,383,962
135,416,869
85,261,421
405,642
45,278,482
166,324
266,702
577,797
718,819,862
407,580
291,652
167,464,498
36,889
110,136
195,874
358,721
23,100,761
365,636
360,407,595
370,994
234,457
264,391,658
528,589
251,719
724,901,976
131,787,808
282,466
368,550,887
193,739,838
251,751
186,966
127,429
159,221
422,723
441,721,886
208,956
410,472
509,964
201,967
455,717,965
627,650
511,847
353,966
363,673,757
77,869
433,783,807
110,297,511
1,92
56,113
36,52,234
6,958
385,796
442,632
398,753,854
334,809,986
611,703,944
488,731
498,859
372,752
325,943
473,702,823
267,319
705,758
239,662,910
605,845
19,166
559,703,911
10,723
587,831
62,138
655,713
29,109
459,670
288,567
128,827
411,427
2,165,189
453,457
21,444
30,623
487,594
491,632
204,423
201,493,775
434,939
90,123
219,698
280,331
168,789
89,112,843
167,253
223,434,643
485,594,799
274,472
411,456
65,537,822
277,729
314,496
519,993
609,829
71,831
56,328,935
125,404,682
374,786,941
23,109,1000
549,612
225,798
86,941
425,939
7,439
23,756
388,646
83,584
206,782,940
863,887,935
90,362
569,913
772,948
255,488
60,240
119,604
264,483
379,496
546,992
107,207,624
417,899
796,914
150,754
623,969,977
531,863
10,449
149,617
11,561
88,769
156,177,933
634,696
203,582
46,891
374,768
311,508
791,801,918
420,510
14,90
357,363,689
645,953
148,489
399,535
325,948
541,833
381,586,970
388,846
5,510,809
135,716
155,515
15,98
693,804
403,793
142,326
329,375
355,549,594
180,287
528,761
3,413,829
120,285,355
280,932,988
430,708
80,255
114,481,945
125,384
589,659,797
24,54
251,281
29,217,237
90,444,719
464,800,983
326,477
273,903
50,993
614,767
227,456,767
639,714,786
539,865
19,269
725,958
597,835
507,669
261,811
522,642,875
35,836
505,944
4,495,793
403,831,867
50,547
4,424
188,371,403
227,257
616,886
675,957
328,852
134,799
511,563
136,537,542
333,934
55,537
2,35
88,847
130,885
145,979
344,550
97,365,496
303,603
773,933
351,982
770,800
216,907
696,883
78,347
446,494,770
288,722
342,692
871,943
425,982,997
38,538
73,944
133,155
69,320,415
31,170,379
315,417,495
19,338
165,249,471
138,177,279
132,612,955
52,774
126,425
171,256,437
84,521
186,811
301,977
39,342,673
459,489,798
316,935
623,948
459,633,916
28,302,530
132,703
10,391,427
389,804,835
362,857
443,872
706,963
421,580
548,625,716
446,667,835
124,885
588,724,799
306,386
55,630
420,539
407,473,818
5,99,992
394,832
406,546
166,297
560,797
85,256,798
627,799,950
46,764
308,565,610
382,847
217,262,520
700,792,813
165,813
448,804
854,919,953
424,572
138,492
222,417
731,765
523,632
438,494,560
490,663
276,751,790
322,600
52,543,834
241,471,943
240,359
421,986
122,284
447,583,789
206,334
105,743,931
848,867
501,674
76,146,528
223,997
1,201
114,813
242,381,748
104,465,625
122,324
90,338
129,367
565,752,754
436,748
364,628
521,979
105,397,493
227,286,917
62,134,437
378,532,593
551,747,752
592,633
369,752
672,690,876
421,688
274,339,403
391,879
353,940
269,869
465,750
289,430
183,337,997
729,817
477,514
125,214,339
302,640
261,585
241,511
34,145,661
89,770
229,319
366,378,380
106,969
67,493,965
677,903
88,104
631,897
142,295
20,411,976
731,884
234,385
535,849
272,517,955
92,368,940
85,136,972
126,385,768
28,703
545,856,870
213,606,946
287,385,514
242,814,928
354,780
473,759,946
551,936
10,649
273,964
596,871,874
800,921
483,679
437,536
231,698
127,162,783
199,747
765,800
516,890
339,800,917
346,448,883
134,411
400,670,978
69,234
668,921
523,925
392,736
16,60
232,852
733,972,986
169,795,832
504,966
68,99
510,688,784
374,553,651
145,641
291,597
360,806
153,930,934
385,642
546,930
62,282
936,966
2,18,721
48,83
589,743
418,450
675,702
89,255,993
283,669
428,495
188,442,560
190,470,852
347,633
164,540,979
744,892
216,735
389,407,642
83,337
573,680
444,547
193,696
75,668
421,461
490,765
4,750,867
468,613
116,245
601,929
476,802
265,760,819
209,534,941
387,449,557
324,707,757
683,867
297,966
291,820
151,542
447,990
556,919
241,930
334,923
346,530
327,417
77,360
279,474
128,592
194,227,371
138,924
12,331,501
780,817
283,429,670
430,642,701
794,905
54,354,803
142,412,625
84,458,689
174,626
13,153,923
38,553,920
541,870
693,759
173,456,980
153,249,990
277,481
124,511,513
580,810
483,825
137,386,803
497,912
303,481,971
117,333,378
26,424
181,672,816
27,900
196,593,608
153,847
21,498
147,298
81,969
69,153
483,609,912
27,320,637
313,554
622,722
55,85,318
132,157
259,539,819
387,485
324,689
457,903
692,735,840
449,675,906
196,664
602,773
225,667
367,936
403,800
309,800
620,774
97,983
196,632
39,408
294,505
216,678,946
10,359,985
86,581
201,436
15,279
256,554
61,967
879,983
270,386
323,839
470,990
422,567,739
13,280,843
102,203
360,769,899
326,910
798,935
18,294
457,553,603
236,518,711
209,254,563
229,525
386,997
810,868
5,67
335,670
402,801
219,338
560,582
212,643,675
280,703,822
207,335
190,784
22,430
200,474
112,135,961
147,898
32,971
366,832
584,719
19,189,800
821,930
212,242
4,282
152,805
388,460
87,403
602,934
156,255,779
302,692
424,684
513,667
644,649
94,721
512,768
437,636
161,234,911
314,658,871
61,745
381,610
739,991
76,710,801
142,167,537
249,904
181,269
846,892
67,372,718
467,612,878
96,160,511
477,878,917
396,794
83,522
27,253,856
791,956
478,956
148,631
273,322,831
537,789,823
44,530
516,631,839
30,31
81,760
26,921
29,522,975
334,682
738,983
520,650
184,267
356,599
285,762
459,531,820
56,193,889
74,267,845
240,697
307,367,759
417,823
148,592,977
43,64,729
574,813
43,176
806,975,982
238,734,804
640,806
626,958
173,963
443,742
65,281,720
620,693,725
761,816
293,597
409,529
307,338,538
311,409,992
9,579,780
267,892
556,983
574,679
145,895
329,859,907
569,628,872
252,845
565,875
614,713
8,897
12,225
24,361
322,494,914
57,921,943
397,557
563,989
341,951
654,700
18,482
6,772
145,147
29,125
333,752,805
22,31
267,353,591
131,340,702
586,600
193,203
362,639,839
232,331,431
186,273
50,708
102,612
180,246,440
2,213,756
357,397
9,610
48,556,663
487,538
343,473
661,856
61,718
564,738
120,359,670
677,893
498,883
305,398
40,222
320,959
200,365
75,373,383
89,525
223,250
618,871
58,301,861
282,824
123,434
327,559,887
342,648
670,697
150,456
801,820
18,660
402,416
297,845
369,936
463,476
411,780
39,415
71,518
238,975
314,533,805
811,838,983
435,849
383,910
84,860
55,87,911
114,565,815
565,939
577,620
165,287,639
358,719
418,641,706
191,474,795
521,712
33,797
500,776
314,723,930
738,961
556,639,708
203,641
407,470
558,800
626,687
511,591
140,230,794
287,745,765
62,591,783
122,772
175,486
253,623
687,792,911
78,130,570
648,799
151,600
445,649,694
712,844
201,276,448
79,759
131,614,861
135,523
192,226
66,875
630,801,842
811,978
92,661
130,226,701
566,671
241,458
101,322,641
367,707
122,165,513
69,531
615,850
454,504
213,718
781,896
231,370
318,678
447,606,625
467,498
360,811
213,434,736
722,754
546,598,726
24,95,356
103,155,562
78,449,520
114,253
185,938
39,520,682
4,494,957
383,417,808
565,727
124,795,885
275,932
36,877
657,690
498,803
53,704
471,617,974
526,616
27,559
50,106,471
364,729
467,544,652
757,783,977
398,508
456,489,861
388,950
468,720
191,843
402,545
821,953
243,291
188,541,687
207,344
6,306
369,866
223,561
140,457,907
631,853,988
304,546
195,266
246,644
758,925
54,852
296,751
391,431
97,864,924
156,763
165,983
444,748
371,888
773,960,967
8,735
750,928
333,710
103,437
447,789
58,252,588
230,975
390,546
435,475,760
257,912
448,847
266,328
165,422
496,591
259,691,927
61,931
753,785
181,791,905
15,232,292
390,714
330,531,653
592,712
61,220,300
513,867
766,792
47,480
372,686
41,299,332
493,742
323,491
24,754
121,625
18,472,584
365,526
156,967
503,820
20,64
280,720
773,833
38,579
606,910
237,789,854
363,631
254,454,863
103,378
666,721,887
286,635
309,687
196,664
680,756
319,753
315,901
636,697
343,441,834
3,98,314
560,986
685,716,993
306,444,700
74,319
374,786
48,996
392,568
135,601,670
453,779,971
255,700
450,791,890
249,319
320,361,373
90,947
75,961
94,287
99,415,537
635,792
424,780
608,663
186,853
178,263
96,722
529,701
209,413
94,894
5,445
670,671
388,395,451
138,340,930
20,780,840
512,886
156,741
152,896
272,897
9,549,892
656,872
60,646
105,689
771,870
204,285
281,323,621
151,196
450,569
482,781,837
562,666
144,188,477
785,903
29,435,833
368,644
796,975
16,273,736
683,861
30,577,665
126,520,638
415,540,918
190,586
375,561
235,708
103,254
388,710,806
45,89,102
699,826
457,734,831
147,603,928
414,489
196,496
606,693
436,637
634,748
89,988
133,592
629,921
843,971
864,975,989
97,262
292,383
749,839
234,796
694,906
456,489
270,526
309,482
20,668,755
176,574,624
462,752
284,420
462,849
456,936
318,589
847,962
451,727,875
289,804
343,400,985
110,657
177,543
268,322,582
54,892
451,942
209,850
151,272,772
527,697,924
289,752
344,706
262,370
244,786
289,536
280,311,720
288,684
579,643
92,956,971
170,376,771
663,1000
145,667
815,905
58,300,966
855,923
294,721
917,926
34,873
15,632,997
468,876
604,915
486,570
247,452,835
340,977
576,833
471,573
663,719
713,804
406,790
354,671,832
512,573
33,91,918
35,957
544,802
354,486,809
56,142
36,602,990
365,758
571,766
6,412
284,885
519,891
872,939
854,857
628,680,889
95,324,518
28,244
90,272
107,390,438
848,922
159,337
536,711,795
647,867
340,397
268,688,779
95,121
30,355,601
478,505,759
410,673
422,809
923,949
65,931
208,504
54,328
404,405,649
331,433
480,668
566,736
1,38,418
531,758
222,313,897
96,114,896
169,619,795
133,601
202,521
70,94
132,140,179
110,406
94,659
794,914
408,519
377,559
129,948
446,864
283,604,682
182,412
113,229,695
243,352
285,457
100,553,682
789,805,850
340,608
304,355,462
742,816
310,363,1000
220,880
246,768
60,294
596,651
80,850
608,930
199,226
80,901
317,927
236,400
351,644
96,405,873
258,841
729,918
428,733
520,638
216,896
106,516
267,950
512,919
454,469
74,192
243,427,629
423,913
66,252
562,701
275,855,942
521,677
243,992
2,258
601,847
821,981
89,761
425,533
501,512
38,509
189,221
6,813
248,997
252,527
674,705,818
183,804
145,657
382,419
467,538
727,898
75,870
83,905
622,840
68,483
614,973
176,259,379
43,221
145,923
641,694
288,473
441,477,593
148,564,628
531,786
833,986
50,758,967
30,799,885
542,762,900
233,932
500,592
547,602
121,510
319,339
308,466
298,842,872
235,310
89,546
274,646
921,925
333,569,823
37,920
33,824,978
100,549
230,253,481
171,284
241,476,606
34,270
74,224,365
164,888
612,627
297,889
278,557,785
146,326,766
49,449
447,602
26,646
673,816
55,225,599
606,799
217,558
567,861,889
343,641
47,286
160,900
624,866
613,988
464,467,846
373,468
314,399,831
235,473,673
395,715,833
265,624
193,985
50,286,365
714,716
355,456,547
231,330,922
234,995
113,259,914
306,814
168,250
110,245,786
440,567
211,513
237,481,843
186,391
146,863
77,260
622,821,825
788,861
106,983
7,516,657
118,969
13,278
172,621,995
52,103,887
231,268
781,969
248,578
140,405
262,400
175,658,925
419,883,962
275,869
75,880
100,140,940
675,892
256,800
71,645
271,785
108,599
637,887
200,784,800
139,533
66,203,864
235,324,404
425,611
257,426,821
86,376
672,974
184,701
302,669,990
747,808
26,209,402
229,441
479,632
398,400
90,325
251,926
81,433,759
579,685,785
775,852,926
147,680,938
531,888
12,439,866
8,426
39,642
434,691
50,608
243,808
7,506
684,712
67,416
326,662,993
692,850,897
789,824
77,423,748
131,265
538,889
355,381,571
63,303
297,931
143,527
153,719
143,658
570,658
559,974
596,607,756
543,862
394,822
249,472
356,405,801
224,391,648
808,891
225,771,896
439,875
263,920
310,421
6,247
146,331
867,933
135,157,749
166,727
770,866
8,204,574
742,956
156,895
329,932
74,168
877,899
441,444,707
53,260,360
893,998
465,970
165,960
192,871,881
453,935
413,627
489,584
35,286,638
244,963
776,952
427,560,858
698,827
683,821
573,669,762
289,316
57,167
188,917
85,618,651
307,340,572
308,625
508,838,891
265,558,907
325,414,505
83,531
298,352
158,948
204,985
276,596
452,700,816
25,938
226,426
532,852
419,544
149,180,946
109,736
161,478,599
116,206
140,642
561,735
67,117,308
692,898
122,530
328,585,602
657,834
670,763
100,968
259,965
651,989
452,591
124,672,784
36,78
416,834
177,837
9,958
110,719
601,662
95,96
30,384,573
253,533,909
588,866
133,419
15,686
438,838
56,395,588
285,892
376,705,809
307,371
532,678
241,333,839
300,679
87,415
209,850
305,322,872
460,782
359,777
785,913,967
610,647
92,292
69,527,799
390,570
376,590
11,446
565,880,956
344,434
484,505
341,466
738,821
141,798
492,749
71,638
304,689
19,122
421,557,922
695,799,923
398,919
455,530,623
351,363
294,382,482
222,627
220,429
90,959
107,563
145,294
410,527,593
80,574
348,902
95,364,461
636,943
524,557
691,946
199,983
95,195,316
290,760
556,660
244,558
292,448,602
539,547
449,526,985
141,916
86,265,663
148,346,983
785,801
82,384
380,580
355,590,753
311,881
151,298,537
660,849
110,825
147,553
821,823
16,676,830
12,134,837
439,829,950
594,967
423,701
570,582,779
165,321
300,612
528,875
768,828
472,695
460,975
515,955
590,686
493,966
35,600
444,501
1,341,833
340,757
788,951
150,194,358
224,630
564,664
347,718
409,687
176,551
37,343,563
14,77,455
44,456
82,759
501,646
215,226
334,985
867,902
9,424,652
223,959
276,416
528,920
201,816
66,491
527,982
260,336
87,114,686
55,474,856
252,343,1000
167,682
80,730
170,404,416
31,83,784
59,81
609,697
133,425
581,647
67,833
818,952
23,602
221,291
167,284,893
320,327
62,365,450
302,489
67,295
588,934
609,759
37,533
624,953
451,990
76,168
171,363
46,577
140,589
80,663
50,765
368,463
59,454,595
492,930
233,1000
545,666,990
131,885
656,937
72,539
144,506
760,949
269,663
202,936,967
557,795
29,478
188,969
37,55
220,578
61,209
34,565,846
629,631,778
686,729,928
504,659
672,960
17,30,293
143,917
79,282
143,374
387,628
239,828,916
456,747
81,696
315,883
309,860
99,655
179,540,918
258,673,677
118,983
57,426,587
746,896
756,798,967
97,949
279,811
167,559,967
40,855
391,592,679
658,809,862
502,684,710
357,639
142,308
85,726
169,896
142,260
941,984,1000
215,789,956
313,928
22,441,894
131,796
507,541
442,796
674,882
513,783
533,651
309,834
420,741
470,969
346,992
99,557,895
720,984
7,254,284
538,678
653,950
735,785
147,456
149,703
427,955
222,447,912
47,424
561,807
223,261,482
407,913
388,494,767
172,173,788
438,449
43,428
37,189,311
375,406
633,828
80,216,699
407,418,646
179,408,733
272,423,806
194,575,809
590,908,921
393,802
421,706,918
398,701
246,856
428,514
56,519
81,422
365,902
28,446
474,987
719,802
12,25,841
141,699
274,724,840
444,702
574,679,786
385,595,754
330,831
189,841
257,364,806
272,634,811
42,713
38,193,913
685,772
60,818
855,883
130,131,539
306,327
50,340,654
555,704
16,633
317,668,794
22,269
540,614
524,573,620
168,412,599
387,800
452,460,692
56,164,736
550,735
341,988
242,406
741,827
14,526,897
836,839,926
196,794
558,885
536,661
206,807
604,817
58,574
834,889
116,757
62,855
541,604
139,904
93,685
527,673
74,403
433,648,842
47,885
155,257,345
23,409,806
457,743
358,970
319,999
339,634,726
438,655,995
443,509,510
150,358
592,947
355,853
459,916,987
565,942
304,409
484,931
305,317
228,793
376,934
38,777
456,663
185,222
23,478
86,439
5,99
239,570
595,892
69,1000
382,469
520,910
423,826
179,337,939
164,811
206,282
753,869
422,857
516,568,724
43,336
65,601,882
162,952
632,787
48,365
709,843
841,924
390,473
459,831
864,936
556,784
247,553,937
31,224,588
449,488,688
218,367,979
462,616
676,879
244,685
470,489
35,550
349,492,674
173,721
131,176,441
653,950
333,491,891
380,728
391,864
12,252
202,356,369
190,224,274
342,621
89,255,694
610,710,798
269,665
242,929
625,703
554,747
301,409,931
244,498
246,787,902
199,615
55,368
286,724
347,653,891
231,970
369,548
319,456
19,50
376,934
38,231,544
74,915
110,371
79,907
83,482
567,586,756
263,382
252,606
77,234
59,714
349,492
384,806
424,803
540,866
797,831
472,608,854
266,397
275,789
47,294
425,544
459,985
20,130
631,865
399,500
26,867
53,631
493,789
380,393,638
130,987
478,835,944
460,718
112,137
279,507
368,394
570,732,761
365,867
257,659
19,674,991
320,928
38,598,831
514,755
160,257
368,479
301,526,782
331,801
27,163
337,416
299,696
363,511
246,444
698,977
85,429
87,215,426
298,351
72,187
217,812
272,678
336,684
51,142,905
231,343
779,925
254,377,790
688,973
41,743
242,546,879
583,683
50,986
56,825,946
77,257,791
369,626
598,921
400,745
362,664
207,343,848
196,809
86,181,343
142,533
77,95
61,354
688,906
175,396,665
375,526
687,966
231,479,689
149,807,938
701,961
6,437
53,463,863
504,538,913
125,503
59,371,850
197,585
461,668
50,852
573,974,981
84,131,943
151,640
234,605,642
191,427
213,902
480,602
53,290
284,812
14,134,346
328,887
102,370,682
592,810
434,831
29,798
105,920
627,927
572,781
28,509,716
233,885
14,627
473,943
482,619
444,577,983
499,993
851,880
564,882
228,370
323,478,990
206,208
157,578,633
506,766
495,740
332,760
516,572,932
54,137,785
22,785
293,908,928
361,620,728
481,791,844
76,859
105,259,892
299,574
13,627
728,742
83,316
161,452
89,186,262
482,873
216,445,852
371,532
156,740
604,901
183,754
188,840
206,656
457,481,535
483,740
224,414
131,314
180,346
252,528
151,358,712
133,970
212,685
175,268
57,201
5,605
382,900
786,791
74,338,631
189,721
73,855,905
55,254
170,393
883,885
376,891
248,465,629
417,595,703
362,902
710,988
373,376
460,600
17,82
356,813
240,801,931
90,300
272,611
361,1000
78,164
10,546,867
273,375
211,839
450,941
53,108,407
557,896
220,770
9,37,447
33,164
160,791
359,605,744
553,897
641,663
219,945
181,379,422
557,609
124,254,995
226,569
542,796
149,819
445,812
226,253
120,632
268,305,396
590,622,645
230,598
102,737
36,576,623
218,660
280,356
343,654,747
75,471,866
123,574
590,885
263,271,592
250,545
150,180
246,635
207,283,874
57,711
616,928
449,483,618
260,447
406,695
17,51
495,607
37,744
69,224,520
489,708
337,438
361,773
153,506
389,515
295,364,734
85,380,729
55,290,423
52,506
267,336,732
474,835,1000
167,361,611
195,329,548
9,491,989
31,188
118,353,503
180,181,844
774,792
188,686,730
