538,703
377,863
693,843
341,446,917
74,599
46,150,814
170,694,831
162,495
259,973
95,429
329,498
192,442,659
27,180,243
680,917
705,916
234,784
146,705
142,687
334,773
71,530,558
46,370
575,862
77,698,886
155,574
281,583
589,796,977
16,162
149,403
626,743
3,157,636
344,588,994
25,858
412,613
686,740
429,486,890
439,632
223,358
166,473
24,852
17,602
142,967
273,294,948
159,558,665
28,537,862
180,420,888
33,255,551
150,387,706
278,980
246,545,694
503,802
40,59,907
356,619
136,505,914
157,263,982
525,601
511,574
63,81
389,487,864
181,719,929
432,446,562
80,117
170,451,834
1,929
479,853
9,40
4,191
104,830
832,908
177,430,799
626,765,937
154,895
60,310,362
95,99,435
200,611,803
42,294,792
3,985
23,495
876,914,925
189,722,747
16,963
397,656,695
138,867
631,774
3,9
68,474,735
354,666,861
690,935
35,72,839
955,999
197,523
662,992
216,287
331,720
304,754
376,581
511,697
456,773
559,838
410,695
517,598
151,515,936
211,477
509,558,711
92,980
226,370,565
246,500,839
806,865
243,671
149,757,789
304,496
15,81,296
248,578,730
51,283,394
161,479
275,364,552
340,492,689
332,477
149,286
38,815
384,407
29,96
587,964
16,918
105,489,637
753,967
245,288
439,860
666,877,960
120,696
108,909
84,475
246,731
91,170,287
160,252,418
179,344
336,559,609
8,260,505
310,488,719
420,741
775,975
476,732
42,404,722
547,606,887
116,632,909
171,591
141,357,449
90,668
61,177,665
817,939
59,184,624
430,514,590
349,811
37,251,389
696,835
14,202
59,760,931
401,654
91,448,998
26,239,878
564,782
252,757
177,430
7,252
382,627
859,930
410,733,830
2,35
363,589
275,727
410,786,967
212,620
197,609
630,675
750,831
455,634,713
86,919
175,228,629
621,669
170,658,700
177,324,805
84,951
725,931
169,284,420
129,187
126,622
388,515
646,739,989
471,699
840,851
163,642,761
175,504,576
424,919
495,519,664
96,784
89,620
278,386,783
696,861
499,910
506,846
422,633,906
283,869
30,667,789
386,677,842
4,76,438
376,640
186,580
583,846
305,612,880
534,692,695
646,905
569,728
443,850,909
128,607
139,478,578
231,906
923,940
276,496
107,584
218,642
540,654
678,732
341,943
23,904
147,169
78,876
542,626,707
586,946
896,993
141,192
149,375
512,895
133,741,957
635,878
47,147,307
547,789,936
152,171
159,661
369,613
301,835
59,240
292,801
362,401
144,709
526,886
381,870
249,756
118,685
19,679,692
454,824
77,976
587,716,770
185,535
75,77,795
488,921
92,768
264,623
205,297,831
277,355
143,988
487,725
369,459
609,865,945
235,626
555,624,968
298,869,961
203,401
87,956
312,416
210,261
189,642,647
610,971
104,327
105,555
12,325
129,610
633,751,861
323,770
362,709
555,996
327,368,753
254,623,704
274,289
477,994
239,575
512,831
891,900,998
166,621
145,485,561
318,516,856
25,262
204,878
52,225,841
262,285
70,637,761
168,672,927
307,557,693
169,870
101,200
228,669
75,274,977
563,933,948
65,228,719
416,495,649
286,745
13,624,843
101,423
273,389
828,889
844,902
140,171,566
176,897
553,785
81,497
368,592
576,808
254,841
150,329
321,902
7,562
259,299
9,715,799
112,918
742,989
20,264
62,779
397,561
180,784
120,196,285
361,482,583
51,539
252,584
58,556,859
122,707
81,680
608,889
251,274,406
629,716
368,613,834
125,904
133,997
78,107,803
35,149
660,744,776
35,69
260,792,1000
717,832,856
437,516,683
318,724
312,760
87,673
671,841
99,626
89,383
612,979
669,682,856
590,797,862
775,951
267,453,694
206,894
751,940
133,990
15,630
295,965
315,923,987
326,741
321,946
716,867,951
44,348,829
621,786
155,759
560,724
642,779,786
541,861
261,594,648
149,723
211,623,744
848,931
115,192
100,461
86,913
553,938
721,789
79,683
28,820
56,138
246,805
103,737
199,629,731
131,170
272,726
22,181,947
37,233
141,900
216,347,613
218,324,619
511,533
54,89,986
346,818
230,519
225,943,967
38,760,801
486,942
121,195,722
186,191,494
216,823
301,921
291,409,838
476,747
713,786
654,984
482,613,960
385,558
116,923
471,534
692,760
558,799,843
330,474,999
420,527
808,901
138,149
520,971,987
51,231,777
342,770,838
242,374,816
574,666
331,353
118,607,751
696,901
324,728
400,856
10,856,860
15,214
271,566,722
503,544,928
168,979
300,412,419
270,449
102,434
52,317
377,669,994
7,109
908,961
347,350
662,725
438,739
318,653
308,458,691
50,66
180,928
111,941
711,924
63,84
95,435,450
19,98
212,411
245,629
318,391
133,306,867
739,773
399,483
143,741
487,565
250,848
408,854,909
61,144,387
311,639
118,153
145,397,945
151,528,721
109,197
122,171,231
657,874
223,234
255,797,833
525,704
50,980
317,846
622,624
206,996
360,478,957
66,559
31,65
27,808
105,291,480
662,923
3,285,351
109,402
574,691,923
90,202,487
73,365,899
258,312
18,318
246,484
203,448
447,529
124,167,250
90,290
469,577
617,897
83,159
43,365
743,810
510,991
41,129,539
244,684
61,199,721
330,913
373,538,771
719,932
521,661
116,390,969
552,765,839
774,952
294,716,776
646,944
201,526
370,560,909
472,888
276,396
120,745
825,888
386,482
328,652
49,716
343,619
182,287
77,465
605,994
57,299
852,878
79,502
87,121,802
274,899
821,972
241,286,840
893,896
263,977
124,966
507,586
328,660
76,372
419,575,729
343,782,924
551,612
215,317,635
116,249
124,155,711
221,287
134,174,306
27,328,500
287,459
140,740
712,721
615,632,677
33,353,408
298,704,938
304,464,542
329,453
41,343
431,485,644
530,943
58,351
103,117,897
138,545
303,541,549
638,767
72,200,973
223,320
151,461,996
617,710
694,843
413,1000
666,999
664,876
391,544
203,860
165,390,624
197,577
56,443
155,188,398
510,777
599,863
67,663,997
403,942
781,813,956
109,738
15,99,841
422,643
354,690,968
395,451,932
59,842,911
48,486
96,776
436,595,920
334,536,936
93,119,378
316,587
42,392
80,170
450,884
355,445
9,142
133,184
189,229
598,933,940
5,466
299,352,741
32,650
298,451
412,808
164,787
683,697
247,616
91,736
709,889
72,750
485,633
208,813,954
38,56
4,498
201,689
92,977
436,777
72,817
692,783
377,380,966
304,454,972
763,940
445,487,803
228,438,703
220,370,967
696,844
234,618
275,785
726,966
664,962
384,853
226,856
182,623
888,890,990
335,940
565,719
34,158,399
117,411
163,532
774,803
166,229,633
158,283,505
257,480,712
649,838
408,588,908
108,555
298,929
62,256,878
402,576,973
494,618,849
308,661
623,978
495,675
74,118,429
43,137
111,545,942
342,945
144,660
180,553
558,619
336,793
16,106,380
68,293,859
11,797
551,836
825,966
253,629
199,263
20,579,600
163,549
118,567,940
312,387,687
234,413,758
626,965
601,928
21,117,758
358,504,808
783,875
127,259
379,845
22,171
324,923
499,507
442,941
639,923
549,574
151,498
464,994
582,767
223,344,390
87,907
340,356,689
383,691
13,360
273,514,796
139,271
329,600
446,497
278,279,456
158,470,639
629,807,876
56,814
696,750
432,977
70,753
180,572,804
592,877
7,224,639
5,410
25,78,241
395,739,812
272,750,900
215,400
785,906
402,417,685
588,952
20,168,961
142,726
226,411
517,906
779,847
139,986
77,596
164,352
229,847
303,569,600
101,512
182,825
402,686
163,353
75,318
323,424
113,521
257,549
7,344
45,876
197,256,606
47,835
124,611
96,771
489,725
317,786
153,424,597
810,994
164,941
115,900
532,914
3,455
71,389,543
693,754,782
119,493,877
399,891
2,462,668
74,273
302,370,600
350,547
12,77,931
76,363
248,772
150,717
287,333
28,162,588
52,88,780
470,697,898
409,564
309,951
44,913,964
69,498
84,869
203,398,581
368,645
380,400
492,832
607,668
653,942
5,172
188,516
838,905
43,530,629
313,984
319,921
263,466
123,399
25,27,289
338,906,973
165,810
89,480
294,392
267,405
39,178,622
221,518
201,732
211,358
393,714
198,674
366,543,735
103,212
25,569,604
454,674,763
192,546,921
132,981
650,669
98,784
572,980
30,369
36,329
92,298
156,279
250,990
369,770
658,946
513,947
298,661
749,904
453,791
450,575
375,439,604
151,481
221,286,854
410,547,754
42,247,501
525,675
325,627,863
170,303,444
446,912
765,789
87,538
510,786
166,819
733,818
200,273
166,363
117,190
356,714
49,783
14,637
834,937
755,865
352,668
596,989
284,478
59,432,709
140,980
932,994
103,387
321,356,669
783,928
266,891
34,61,71
207,536,955
160,577
109,293
838,907,941
208,307
524,655
185,666
384,692,892
331,641,936
85,974
842,921
120,846
499,665
509,690
29,439,951
298,385,543
198,267,590
276,542
22,73,584
144,845
36,260
210,220
177,201,844
107,269,937
123,384
205,365,497
275,977
113,276
24,275
146,651
424,876,991
884,971
237,870
323,417
240,415
25,296,593
181,571
83,863,953
231,793,806
59,511
324,500,917
149,288,641
56,901
763,959
351,691
398,538,705
686,793
163,654,664
20,63,809
395,756
164,988
62,822,854
467,790
434,445,532
388,856
666,857
526,556
354,907
601,651
555,792
377,467,543
499,886,912
311,574
285,575,968
118,922
412,879
329,689,896
75,391,831
8,407
92,913
28,972
628,674
378,802
88,137,632
330,742
716,772,785
264,581
198,579
493,702
705,903
543,898
7,409
569,649,670
191,361
245,668,914
801,898
149,566,785
318,362,603
758,779
182,476
1,10,887
687,768
728,935
153,695
28,304
106,585
609,961
638,878
165,305
390,592
518,977
9,517,729
39,763
23,688
769,794
280,616
478,837
251,843,936
109,310
507,635
36,148
532,849
379,482
537,632
613,962
722,935
579,813
579,655
542,697
44,949
787,849
260,429,858
402,685
289,484
9,378
387,524,605
522,875
266,679
74,729
667,940
51,810,850
395,468,470
131,280,941
387,474,777
372,594,946
95,138
205,358,372
181,425
219,898
117,576
345,435,953
205,309,567
481,916
103,554
138,288,962
31,656,985
316,967
601,686,939
774,805
72,397
323,410,435
462,992
415,417
626,778,780
501,617,891
250,540
56,710
34,660
76,560
390,730
540,883,997
407,742
88,556
889,944
386,405,482
639,711
277,619
388,396
413,579
625,799
38,119,257
295,678,984
406,696
75,907
750,756
268,340,377
675,861
314,367,595
383,957
684,943
268,681
182,989
118,575
203,518
56,217
435,632,705
100,325
88,153,593
125,543
232,545,731
269,755
155,224
521,612
232,552
297,825
250,929
118,648,997
184,268,347
140,270,648
303,711
124,896,948
370,562
373,670
329,749
223,787
347,445,685
333,444
389,549
277,491
739,898,919
432,714,930
197,929
425,434,940
72,962,966
434,749
234,329
484,994
288,403
550,948
294,811
362,366
59,187,897
152,890
318,781
361,951
697,741
188,338,525
20,264,938
86,653
824,889,984
449,704
489,664
82,388,455
75,258
565,998
687,716
102,191
36,377
197,741
276,626,814
820,957
218,454,967
5,382,737
569,960
436,454
486,646,672
330,510
47,201,373
178,977
797,997
729,996
560,636
517,993
486,776,838
25,720,740
290,783
45,677
25,530
768,962,980
191,525
486,646
864,885
15,181,658
606,923
531,702
222,592
208,234
562,595
338,707
701,736
582,958
339,517
63,79,951
360,514,710
387,570
660,672
311,651,707
500,668
40,630,833
289,364,610
113,339,701
470,562
517,559
24,713,961
279,286,482
167,546
2,240
731,894
182,943
142,188
13,346,610
43,431,582
518,708
87,664
95,190,919
268,368,370
205,804
538,593
932,990
46,829
124,888
812,886
530,777
824,894
280,581
139,493
385,470
288,647,826
465,1000
653,674
147,525
306,311
487,940
222,626
115,305,824
92,211
600,748
104,564,895
606,847
193,732
240,303
103,373
196,569,961
498,797
377,397
18,639
597,757,980
76,156,889
791,853
785,919
335,540
200,407
161,280
327,348,932
209,391
103,816
94,472,643
206,668
281,684,833
695,836
709,719
277,853
338,451
415,919
248,904
317,775
941,955
218,504
283,806
15,133,942
118,546
813,992
592,687
446,891
132,210,535
159,470,819
75,91,842
210,705
238,564
47,644,865
329,612
710,857
538,669,992
785,912
70,794
665,677
470,608
335,438
150,678
305,456
16,534
179,594
50,608,851
654,750,853
274,573
144,357
820,944
417,533
304,462
101,457
367,950
337,888
50,668
454,992
253,933,956
919,956
90,404
305,838
246,720
14,558
31,859
78,962
399,546,581
205,776
31,423
112,210
972,987
200,720
28,993
452,720
270,457
657,701,897
195,309
76,321
522,625,761
236,485
111,549
516,567,940
87,535
75,647
130,430,751
105,916
146,623
390,540,975
745,977
691,975
25,755,932
696,769
338,580
693,746
266,853,864
43,417,987
92,543,962
125,482
535,823
6,885
660,892
117,708
472,936
140,241
299,619
627,720
4,578
209,639
261,429
29,695
288,529,941
70,529
240,593,721
516,684,882
119,425,675
468,639
263,446
629,989
553,922,927
293,829
285,433,654
315,371
75,544
254,930
196,206
86,196
111,636
71,280
316,398
58,994
114,889
204,868
412,583
77,535,884
372,966
578,619
309,521,836
429,571
108,168,896
507,738
577,578,886
113,348,627
216,628
5,344
378,592
176,255,256
373,728
56,120,317
403,673,808
668,995
37,56,248
437,918
71,719
477,819
805,951
38,453
9,12,630
167,933
371,907
135,355
425,589
45,376
70,656
185,223
396,971
548,790
361,894
39,124
425,975
102,388
148,357
180,888,960
16,42,746
819,992
895,992
399,569
467,975
194,396,799
123,588
134,472
327,456,712
126,529
45,193,941
81,150,963
108,215,553
207,733,959
386,740
95,379,823
61,663,805
634,875
376,568
266,388
458,969
883,902
56,559
13,595,693
3,608,617
296,854
429,931
426,512
283,784,961
119,636
186,424,441
664,700
793,936
267,562
205,921
429,432,875
403,941
405,914
17,329,643
60,973
218,228,242
596,656
237,669
651,882
32,803
579,582,833
12,503
45,280,942
682,863
298,540,759
12,610,714
172,684
208,376,461
96,835
251,770
817,856
171,496
304,555
487,791
60,587,735
270,552
141,161,529
492,502,687
415,775
167,586,689
266,360
50,473,499
390,796
72,109,793
48,398,593
234,966
882,969
642,647,821
332,411
156,236
399,470
342,476,846
677,809
448,880
251,756,848
187,921
278,319
42,248,385
588,878
107,885
526,982
11,65
37,796
503,795
243,480,482
422,693
201,537
566,864
125,202
430,526,826
84,238
562,683
239,437
725,766
67,969,982
54,423
49,189
64,483
663,696
380,553,754
399,736,742
424,862
14,557,845
50,529
457,661,919
181,493
277,291
222,318
79,854,943
863,993
300,578
681,869
614,784,835
341,351,912
395,763,882
151,482
8,747
61,629
62,784
177,387,742
450,598
374,902
665,851
730,822
778,926
426,532,738
88,380
24,660,890
265,583,979
160,169
91,278,854
335,362
12,692
551,631,921
844,948
686,756
82,423,957
481,987
551,809
230,260
132,667
768,919
96,326,995
410,686
48,337
524,528,838
406,959
29,618
421,674
609,945
479,817
161,297
48,411
750,890
814,912
384,692
19,75,686
187,445
545,583,951
480,545,826
98,879
345,788
36,397,950
249,296,969
508,681
629,734
180,808,905
471,593
576,702,931
246,668
385,554,889
414,774
254,615,620
623,898
236,560,931
17,355,953
422,509
333,985
429,855
500,851
97,726
323,781,832
33,227
59,455
308,908
609,714
385,775
129,913
255,585
160,303,796
222,580
514,892
448,474
596,703
447,539
118,816
308,612
221,876
813,826,936
444,616
287,634,650
573,817
49,438,838
530,955
708,758
318,343,793
202,318,514
719,842
473,493,811
10,778
522,675
363,833,955
275,752,917
872,934
158,224,900
45,937
719,725,845
67,627,985
202,615
264,285
115,519
315,365
260,644
711,821
428,742
27,993
333,738
482,699
30,547
102,258,397
149,639
437,464
138,369
368,545,711
310,831
209,379,554
509,988
660,955
45,111,958
348,707,956
507,665
151,769
217,279
166,487
72,772,900
392,707,981
250,840
79,862
505,897
300,331
32,448,455
378,516
426,791
653,992
519,695,837
368,604
576,635
25,708,962
223,754
287,453
325,664
495,837
18,464
178,473
835,962
3,557,648
648,768,899
226,718
80,129,719
74,895
502,808
707,890
38,566,879
499,721,983
129,836
712,952
139,265
360,449,812
231,290,755
145,508
448,483,518
240,561,703
660,991
108,454,869
299,416,770
374,402
568,863,967
328,885
395,897
614,879
84,222
69,804,839
8,812
263,365,392
701,880
917,921
281,451,478
219,843
121,795
465,679
353,632,957
685,917
173,458
237,737
2,240,792
232,473,787
367,591,733
337,614
667,712,826
58,984
373,971
173,810
342,925
161,213,825
231,407,964
461,899
23,508,633
189,307
19,212,320
446,820
20,449
448,857
462,731
825,869,976
7,841
231,320
108,526
820,923,927
342,550,916
128,625,929
433,623
708,917
13,536,708
187,816
280,963
146,421,567
48,556
876,955
61,905
144,491
320,505,857
526,775
135,258,723
192,286
28,186,190
340,460
454,502,902
572,580
839,885,960
669,726
24,934
395,742
169,349,690
4,583
791,965
386,995
333,711
206,941
81,467
603,857
240,724
328,419,499
212,273,287
337,425
205,538,658
233,345,817
316,612,966
184,548
128,837,844
513,927
604,908
942,980
50,98,321
201,514
318,864
328,706
137,634,859
398,553,943
248,692
300,874
40,60,360
330,456
706,833
511,789
203,314,383
393,439
376,917,957
734,845
499,572
720,770
567,951
48,172,718
280,486,613
274,664
56,248
586,963
347,671
15,189
31,459,998
433,700
475,955,970
377,645,737
645,896
72,251
684,868,871
542,585
109,778
29,475
321,753
313,867
717,857
115,481
23,375,974
143,460,526
240,489
28,249,311
212,853
150,227,862
562,642
121,818
583,698,826
573,954
799,907
32,68,245
174,525,926
129,570
261,300,813
148,855
74,426,612
69,165
483,501
391,509
68,453
52,464
152,232,472
295,529,996
843,909
58,453,831
469,516
526,772,805
193,449,934
543,895
118,198
434,601,605
27,433,724
857,949
350,690,697
443,879
540,944
412,625
420,642,694
256,276
24,163,646
754,844
191,193,522
199,510
685,756,986
372,445
61,578
159,632
241,802
252,479
504,647
42,969
129,570
720,926
801,958
171,519
5,371
149,265,812
464,866
73,111
345,458,774
225,602
229,783
271,471
493,539
268,406,920
298,316
524,907,964
116,905
135,259,430
559,607
245,937,995
159,864,900
437,627
95,870,918
7,58,884
420,471
65,82,477
812,868
99,238
175,227
607,828
28,368,657
136,385,819
181,378,492
406,766
61,587
640,857
74,333
136,928
157,222
744,834
58,845
64,672,915
95,809
216,713
678,687
436,470,535
26,88,606
587,705
61,866
82,366
146,975
116,440,445
377,417
8,517
43,637
156,307,809
77,592
13,843
122,771,949
752,811
374,809
30,332,888
726,933
604,757,891
317,632,944
160,708
777,860
123,378
677,878
514,828,920
20,771
352,899
267,476,557
359,553
98,131,549
146,291,678
306,420,697
64,283,715
593,896
28,108,417
22,218
237,317,891
312,783
313,427
119,941
719,889
175,793
175,921,995
142,302,997
111,272,336
499,506
30,193
461,670
818,888
256,999
45,596
150,614
339,942
841,933
772,790
249,654,663
576,586
89,460,775
173,537
85,510
241,342,515
462,713
230,505
42,834,911
154,764
262,366
278,440,541
168,635
221,624
415,944,961
23,94
104,887
36,63
165,477
323,390
371,873
217,742
206,352
445,506
60,816,864
259,654
378,606
337,776
450,718
271,351
145,905
279,661
389,928
122,925,942
14,293
593,658,691
352,796
191,471
78,748,960
279,931
2,984
762,928
241,331
576,604
712,781
801,913,937
320,391,930
438,653,915
748,788,839
160,622
465,676
383,453
250,992
547,738
38,405
134,624
14,900
323,980
128,812,960
65,524,892
422,445,646
456,680,881
670,858
334,555
316,390,814
159,360,394
4,879
192,846
208,757
171,244
858,994
120,753
12,783
31,806
498,919
422,669
201,809
42,730
177,320
39,195
283,710
16,847,938
647,663
78,479,978
289,813
464,734
242,507,719
357,535
359,971
590,967
113,918
89,390
211,647,727
4,435
539,844
666,785
86,470
427,556
570,647
358,428
3,971
51,686,819
465,847
515,691
592,737
133,322
64,365
557,752,895
29,266
433,975
19,470,701
305,324
285,643
331,680
60,537
232,272
103,177,187
170,638
33,110,253
128,294
135,263,336
339,642,902
139,324
816,910
767,978
358,886
347,467
245,583,591
221,514
550,937
241,360,759
897,973,1000
175,513
13,723
616,783
15,155,919
33,654
42,560
238,321
435,615,1000
229,352,826
123,129
38,515
665,930
412,545,890
664,804
55,854
45,625
147,225,462
298,476,972
265,861
123,360,719
78,380,638
583,761
418,812
317,669
426,587
370,618,859
616,711
362,713
470,524,644
724,756
70,727
244,381
275,431
52,118
321,814
602,623,804
594,802
299,525
89,363
72,193,459
229,881
375,973
701,806,908
732,856
445,532
695,843
449,450
347,689
116,404,627
101,502
160,246,960
385,570,656
162,719
706,716,881
490,795
293,341
113,847
83,144
160,439,864
112,787
200,638
357,543
184,589
30,113
697,827
563,637,986
236,608
328,935
35,851
30,241,925
626,762,877
205,384,788
290,498
128,244
699,993
462,593
17,353,921
373,706
303,448
44,399,522
58,102,603
267,881
111,794
181,875
868,958
137,893,969
196,801,929
532,702
127,747
175,837
50,360,948
155,867
202,640,654
235,657
261,597
292,727
87,457,591
617,699
62,634
49,566,637
738,924,973
133,494
741,821
16,664
57,609
440,684
90,297
30,78,976
814,997
213,760
588,621,717
631,958
143,240,857
473,910
33,676
272,364,631
386,761,884
184,778
226,771,922
861,996
261,745
7,183
124,547
140,480,482
47,327,851
318,461
343,977
120,858,899
334,525
352,682
60,366
806,891,985
507,593
899,913
460,586,841
693,813,853
191,218,337
16,868
597,672
834,996
822,986
252,545
328,625,844
164,276
284,628
168,464,887
246,996
437,915
72,791
404,651
34,68,738
573,721
398,418,689
663,830
360,679
920,937
836,956
197,878,944
363,822
219,425,736
120,493,787
445,843
557,698
108,987
35,299,770
215,251,374
613,795
359,657
17,644
521,754,810
554,945
860,933
613,668
95,657
487,803
24,652
378,423
268,618,863
294,705
616,766
800,906
413,577,839
46,791
122,176,966
511,701,750
365,696
231,792
392,435,627
244,958
82,710
449,539
336,338
345,847
734,844
447,740
16,754
251,309
368,567
184,335,662
893,976
137,313,401
721,901
446,911
121,236
843,943
195,348,377
371,860
284,449
697,715
530,859
90,877
326,625,889
24,270,371
75,333
666,764,770
208,501,699
41,273,394
116,484,597
523,659
1,567,729
457,486,765
69,449
76,473
23,180
210,765
173,475
338,875
876,958
320,416
802,964
127,945
20,361
224,258,608
307,312
297,413
347,684,870
125,638
426,616
403,416
18,42,563
102,355
382,989
309,723
926,950
204,836
107,130
580,731
100,297,760
43,378,435
324,579
611,651,932
563,986
369,805
36,362,653
138,773
236,388
956,961
504,604,746
157,722
309,354
114,724
420,559
276,322
379,565
256,932
685,854
752,978
105,547
300,372,731
321,345,404
491,723
182,854,902
815,894
278,784
31,425
135,801
386,448
874,969
680,899
1,458,946
137,150
446,654,718
762,795
67,335
198,561,645
450,784
744,942
667,748,752
445,504
293,595
199,696
305,340
360,639
127,287,330
211,535
455,875
152,474
303,310,514
141,618
378,418,475
404,588,606
70,801
4,120
37,310,799
210,677
80,562
159,957
264,415,973
134,639
211,324
519,680,917
296,869,969
593,834
581,905
76,171,840
850,884
65,375,883
205,492,984
129,558
476,952
241,722,736
629,725
352,718
231,743
294,918
86,595
113,306,344
233,898
41,281,813
419,739
257,322,968
239,594
324,464
130,247
563,710
681,950
41,260
366,403
401,796
492,687
494,934
411,531
32,406
265,614,954
649,868
68,181,481
361,603,862
39,556,717
117,123
194,541
406,975
68,90
256,347
270,873,962
517,623
714,756,966
237,502
887,966
716,757
750,847
591,747
85,619
405,566
299,742,905
63,90
5,650,879
440,580
589,621
457,824
322,393,860
604,862
115,145
703,959
110,216
167,768
614,668
852,975
157,329
654,676
342,392,839
937,960
293,683
304,460
966,995
587,998
606,685
98,192,614
869,873
300,929
2,731
6,47,174
428,606,725
184,927
175,552,696
368,559
355,565
651,902
225,624
97,613
556,678,972
79,594
199,355
319,481
484,818
501,699
70,160
54,81,780
523,903
51,900
816,978
122,602,805
184,920
74,992
58,91,517
295,480
6,481
603,929
84,407
473,596
535,634,802
428,844
87,259
544,653,860
70,191
624,719
353,924
416,758
15,424
302,902
678,751,805
569,825
342,480
752,789,808
106,678
150,553
662,786
684,743
44,572
15,423,797
20,583
87,686,819
357,983
108,176
24,372
417,590,707
30,844
594,688,830
213,543,659
170,494
113,695
535,917
35,37,872
445,964,985
217,286,381
509,998
202,274,936
365,633
513,760
89,304,359
337,935
86,806,880
304,337
346,816
25,413,420
125,921
165,408
277,436,468
82,560
712,989
171,625
554,793
145,186,264
140,571,981
33,365
295,716
48,99,987
132,656
321,375,932
264,656,673
730,908,953
150,893
182,280,847
337,637
375,887
73,155
434,823
353,362,967
643,814
694,716
243,916
179,408
503,565,907
50,988
701,971
512,834
199,456,876
16,52,340
189,769
106,993
99,938
405,721
158,557
53,322,356
876,913
73,776
617,996
622,906
130,561
360,605
444,640,755
8,194,231
94,855
177,450
891,924
395,470,729
167,348,753
15,863
439,808
357,683
86,277
84,172
501,505
405,629
223,393
129,517
164,332,443
557,713
810,838
60,242
110,218
29,223
162,345,771
322,576
595,678
204,405
228,922,944
396,459,665
297,541
782,829,903
683,744,750
160,575,940
263,881
735,991
534,603,710
391,932
476,820
268,765
322,358,783
339,357
500,505,962
668,936
400,426
273,799,920
358,742
35,757
48,292,479
52,547
805,824
612,830
19,132
45,668,801
385,766
31,389,928
127,211,580
667,860
250,466,654
310,892
141,583,613
189,965
489,927
168,210
574,732,780
389,650
246,566
484,737
350,905
58,842,963
196,214
112,821,888
299,456,569
47,115,491
6,867
271,748
171,342,851
488,698
655,866
478,978
239,745
111,449,789
700,726
724,837
857,994
196,241,284
221,554,777
22,115,495
580,674
281,314
82,447,951
587,593,786
876,916
491,928
674,811
490,543
115,524
240,274,886
614,828
91,311
236,343
61,520
10,590,726
402,500
197,235
180,720
110,362
224,777,900
154,563
433,992
633,753
628,638
349,583
739,886
219,364
192,886
246,508,899
234,826
8,187,422
82,259
470,937
145,624
326,837
74,617
556,726
174,278
506,648
59,693
121,181
347,670,684
487,617
211,964
97,810
856,955
564,923
129,620
663,846
605,910
188,353
365,636,910
530,676
29,324
43,750
110,704,846
28,690
71,530,896
11,48
169,539
324,837
54,909
534,960
234,607,741
457,934
370,414,855
238,516,683
114,206
170,405
368,726
71,985
374,692,777
174,500,995
169,572
145,194
26,48,648
502,991
216,903
551,783
670,913
74,251
27,815,837
156,443
131,613,700
22,206
144,547
608,866
600,762
95,844,924
280,636
438,760,888
371,732
143,623
257,867
281,847
199,536,727
328,542,710
236,491
32,235,934
681,888
73,75,756
542,766
346,623,680
41,499
407,503
146,490
599,720,817
189,338
155,351
453,855
275,366
272,425
114,652
294,837
238,445
14,843
67,146,393
29,137
8,37,782
482,529
23,43,836
159,200,945
89,542
364,869
115,523
346,814
258,260,738
416,929
197,411,922
585,861,865
481,817
110,490
27,496,584
642,714
184,379
123,696
102,272,971
491,939
58,159,544
5,449
399,532,864
40,103
220,473
45,577
329,643
757,879
648,847
411,762,924
53,349,999
242,834
12,675
33,168,854
305,603
307,701
45,135
235,951
28,418
376,501,991
73,118,965
465,823
627,706
239,305,564
446,526
251,760
170,483
481,690
9,828
807,885
263,362
427,672
350,781
160,580,918
299,639
56,246,789
242,437,813
737,870
842,899
405,428,745
230,433
26,455
332,403,811
700,837
118,489
618,886
488,802
50,536
238,491
110,623,912
42,314,391
344,370
173,573
75,433
242,793,998
324,472
128,440
57,916
333,338
457,965
66,483
405,416
146,714,783
118,604,759
223,600
680,723
61,109
140,412,873
297,729
105,587,592
238,857
135,460,918
507,786
708,773
20,421,454
92,263,735
479,879
386,542
452,636
329,621
222,681
592,970
112,460
141,456,504
240,383,930
60,396,477
366,391,709
504,599,995
94,716
657,742
31,662
240,497
480,533,545
519,800
486,804,844
408,674,953
11,425
160,242
307,499
44,239
19,755
60,871
28,857
589,746
213,917
7,503,725
161,403,583
84,567,878
679,779
170,462,561
469,940
461,748
688,691,863
644,965
689,781
556,991
256,698
493,584
398,537,933
39,54
289,805
129,507
163,340,423
279,616
144,927
533,913
74,452,485
90,244,801
13,58,977
276,862,892
589,900
272,639,735
27,817
20,659
42,664
265,503
73,425
334,822
263,957
309,414
503,687
75,177
87,556
140,958
331,709
586,634
496,822
432,477
698,972
364,740,936
523,784
524,755
504,823
580,723
56,432
564,622
75,982
342,545,916
552,835
98,574,820
36,51,793
87,242,303
356,548
597,631
18,112,603
305,428
274,869
95,704
246,411
62,67
377,839
933,939
95,729
113,281,741
110,794
454,994
566,661,929
731,770
365,784
506,731
431,698,753
45,225,453
445,448
107,822
441,460,892
401,469
263,603
524,534,949
165,355
285,863
769,792
625,641
752,775
371,897
354,767
199,397
581,820
38,636,995
258,587,891
43,294,307
228,285
167,990
51,446
77,287,709
417,771
696,762
19,194,560
80,339
192,382
5,401
250,878
354,650,923
398,717,956
602,643
272,696,866
452,557
450,711
590,909
25,320
106,814
380,487
96,373,976
321,735
299,929
285,579,734
467,574
798,820,995
90,327
709,931
197,252,863
55,972
449,685
180,186,225
557,631,698
622,817
421,912,972
556,930
7,812
172,327
247,664
847,939
122,443,803
733,878
570,925
69,628
313,618
128,218,706
195,351,649
740,990
661,757
56,795
350,460,955
174,994
365,607
158,903
620,768,941
234,580
673,739
103,312
184,372,702
462,510
131,440
47,336
925,995
38,141,614
341,608,858
203,379,587
265,539
105,413,712
242,931
662,862
268,984
15,475
768,844
29,277,843
110,885
148,187,829
265,288,545
777,793
185,981
364,620
861,976
203,292,722
742,840
83,236,624
209,262,840
368,868
40,474,816
314,438
345,607
81,347
151,720,984
609,846
31,820
466,570,841
357,841
191,495
367,676
538,927
44,297,866
673,710
159,516
189,386,741
167,872,968
485,920
613,669
172,705,922
405,625,980
21,145,388
686,857
327,567
382,783,807
30,259
16,590
45,384
155,435
289,406,796
36,985
138,557,901
612,951
188,684
309,946
479,695
853,959
30,403,449
232,867
414,630
186,540,984
164,660
113,199,919
300,461,539
845,924
172,709,911
644,759
44,477,828
134,693
369,573,673
257,679
434,893
345,961
263,477,925
855,999
466,629
128,580
314,355
272,536
189,425
495,577
186,844
430,694
467,881
440,747
32,794,1000
316,810
503,750
155,685
53,497
122,125,972
345,792,930
132,442,784
271,675,990
845,894
655,836,946
73,351
122,843,949
58,828,903
853,929
495,716,914
650,660
349,867
184,810
144,259
283,724
333,732
194,307
490,879,996
224,825
550,886
74,468,485
683,901
73,815
239,537
303,594
759,946
382,780
57,610
141,489
362,783
302,923
290,524
498,646
57,491
193,587
476,688
136,783
176,238,918
236,831
183,738
285,810
132,338
190,515,968
642,765
31,407,865
289,747
89,398
265,479
387,414
514,794
32,87,277
297,428
455,845
518,927
87,951
829,909
274,448
523,613,776
703,939
333,474,591
230,531
134,461
633,676
344,869
552,960
696,974
104,228,805
259,755
329,401
54,89
233,421,952
319,729
280,652
348,975
760,812,894
439,966,997
240,959
62,674
56,350
126,481
416,874
36,531,928
75,531
537,862
167,763
36,402,624
346,842
596,768
117,141,539
494,531
18,599,615
55,222,974
55,968,997
445,940,960
41,615,726
34,61,507
306,836,957
708,758
459,517
479,580,935
354,532,650
674,689
4,427,800
130,364,472
51,616
200,334
563,923,954
160,637
130,283
26,585
671,813
499,825
494,573,637
109,767
247,388,777
439,765,904
549,777
257,670
529,992
816,930
407,554
22,956
3,292,871
59,898
731,825
14,534
303,782
61,343,880
103,470
50,942
146,432
555,825
122,381
481,885
62,198
666,842
273,512,710
273,395
131,140
212,640,903
256,527
903,965
452,570
498,626,627
54,537
50,584,670
188,631,855
528,614
116,263
278,916
189,493,731
635,726
74,344,474
164,332,996
8,928
267,659
446,949
257,596
63,182
229,637
907,978
642,789
289,842,849
191,526,592
720,954
256,908
55,310,620
792,928
566,901,959
31,145,485
1,970
456,488
67,431,441
58,281,816
254,902
64,293,1000
19,74,344
500,728
383,407,766
123,782
317,609
95,468
225,269,572
99,176
82,187,389
61,185
142,959
479,629
125,766,829
447,773,995
625,914
387,469
590,627
137,701,861
155,198,467
481,648
597,658
253,984
85,215
72,748
136,455
183,592
631,832
8,838
10,551
400,774,946
750,859,875
594,984
39,984
708,867
445,878
865,991
298,371,822
360,865
155,738
635,948
896,923
72,477,831
197,671
528,813
247,928
310,928
613,815
267,910
918,961
71,164,701
327,786,850
10,223,378
883,974
244,284
103,325
225,711,719
579,596,666
286,443
229,405,642
362,834
22,56,910
456,741,941
352,868
14,21,973
255,344
66,73,619
42,573
456,960
22,60,957
190,476
839,948,960
392,477
377,860,972
944,946
428,456
32,134,136
308,472,493
96,280,951
610,794
619,934
44,725
557,602
74,686
737,759,883
473,571,862
426,871
395,557,665
620,654,927
191,917
168,435
267,457,727
305,628
692,779
484,932
273,292,355
510,547
108,239
511,777
306,315
112,437
711,920
260,277,702
655,676
792,875
135,587,703
579,968
576,986
386,451
10,990
63,416
187,404
438,893
323,485
179,804
712,873
120,328,838
100,572,822
263,556
315,421
356,684
154,379
469,764
33,136
437,490,631
748,995
60,802
338,360,750
230,505
411,970
600,826,936
748,807
83,127,273
616,903
17,368
908,986
189,941
536,562
352,548
108,325,768
162,856
295,434,564
273,766
36,544
124,378,912
119,140
881,1000
136,630,947
212,627,942
496,886
243,295,525
5,113
330,484
969,991
199,412
63,533
380,495
705,992
278,747,934
254,345,786
681,999
117,755
243,321,975
38,613
391,964
315,522
220,446,599
387,965
621,779
53,651
377,688
461,926
63,435,689
671,717,743
208,440,976
288,640
329,345
501,724
493,861
65,200,679
226,857
9,661
428,886
306,749
393,594
126,926,935
484,588,862
403,625
755,816
23,317,437
405,778
594,701
856,979
439,589
43,110,363
358,501
48,601
227,481,745
133,764
186,420,817
740,925
130,419
196,252
296,768
580,641
68,739
659,947
17,46,431
433,469,754
272,402
35,428
688,736,872
198,908
387,766
224,875
913,949
367,405
576,840
19,945,983
331,551
182,539,758
909,911
23,47,824
442,533
120,533,622
280,366,452
566,614,826
974,988
275,622
574,617
35,664
151,552
321,456
180,742
748,784,879
635,855
429,461,951
519,877
542,951
58,878
14,541,809
85,886
160,815
233,870
305,494
386,542
830,887
255,999
23,299,339
78,175
413,839
425,682
49,522
303,403
437,678
332,721
109,696
349,541,809
707,870
525,649
184,654
512,565,892
454,588,971
166,320
229,610
37,528
592,909,947
764,809
500,851
95,348
65,219
173,659,681
165,760
339,621,788
625,715
292,723
310,384,465
42,914
637,722,901
194,594
544,749
36,145
240,713
183,215
188,634,946
132,828
151,894
407,410
37,159,468
452,951
364,727
91,394,485
224,630
769,961
808,881
541,722
102,360,875
745,954
118,256
103,191
333,565
438,917
456,666
399,831
538,726
516,620
28,515
392,558,746
837,928
99,362
469,940
125,197,559
45,600
16,866
559,716
63,235,842
28,96
37,772,913
471,885
508,555
320,666
615,695
335,351,390
11,17,564
150,317,489
180,345
7,106,260
157,536,603
206,661,893
480,614,683
264,861
362,424,746
290,698
144,889,965
583,971
206,381,571
189,334,482
227,246,381
727,913
47,191,605
116,184
236,513,884
89,776
666,913
131,311
514,803,1000
225,560
414,648
18,202,291
645,658
463,986
221,309
261,566
84,324
493,657
34,78,983
56,735,946
746,799
185,493
424,589,771
300,769
218,660,824
578,952
348,671
559,773
346,530,928
255,308,375
47,71
232,267,403
195,647
542,733
535,772,819
277,711
490,874
2,59,943
48,157,182
118,681,820
39,371,427
182,298
133,812
628,641
255,576
376,976
765,869
295,700
303,729
82,127
58,692
555,673
13,194
163,493,824
207,648,887
273,452
726,813
127,251
738,790
220,393
52,378,534
275,315,410
847,927
59,601
218,614,996
360,945
356,696
374,780
242,918
431,786,797
305,811
29,843
212,674
71,871
382,790
27,105
7,240
227,465,989
419,905,916
47,738,762
874,951
400,437,786
101,172,671
165,220
594,976
98,266
713,953
493,519
22,330,839
330,429,437
573,635,990
56,584
448,756
97,240,500
597,623
192,986
33,228
300,894
511,537
344,745,762
37,312
123,374
166,265
50,801
355,643
228,437
263,857
315,953
502,830
396,504,1000
9,63,906
763,860
512,685
585,984
207,847,882
214,384,854
168,176,417
135,219,750
58,213
359,514
2,246,405
3,387
733,956
87,277,857
373,680
421,733
131,762
382,465
129,772
91,230,562
12,503,762
234,581,891
73,983
207,892
487,981
354,363
86,310
229,673
149,559
60,838
80,125
32,771
248,399
71,550
42,557,805
366,444
322,496,624
106,476
213,909
97,532,571
333,391
400,467,810
278,733
1,138
8,806
250,401,582
68,848,900
507,838
99,222,298
261,979
838,846
524,794
267,673
55,668
164,980
730,838,997
347,662,869
289,603,710
216,861
223,551,975
140,584,942
285,683
78,276
163,764
203,216
525,942
46,494,786
290,444
147,500,680
300,416
311,506
676,949
11,345,484
376,527
680,807
833,971
92,319
560,701,802
520,576
197,972
418,579,600
202,509
289,759
10,48,490
76,535
772,792
141,802
333,392
97,263
262,513
85,117,243
436,803,973
433,938
227,471,641
82,724,823
267,383
210,618,963
174,350,701
538,632
93,250
37,977
568,586
438,876
52,856
522,634
813,996
24,313
133,358
405,861
563,762
504,825,881
15,845
133,536
38,513
87,719
103,354,360
482,600
102,725,910
523,876
659,716,868
288,425,748
370,387,872
418,684
261,639
684,832
104,816
177,562
180,234
130,381
91,793
430,702,842
581,598
615,726,882
61,804,969
479,552,808
129,621
435,593
832,918
135,349,775
152,322,788
239,527,890
229,858
574,827
422,945
243,960
27,399
538,850
109,624
185,831
56,780,944
256,327,393
729,935
254,770
270,461,988
53,678
79,882
427,818
510,845
905,988
255,488,830
540,667
200,853
614,758
375,833,972
479,746
159,299,711
595,931
797,902
135,406
578,607,720
420,699
80,694
445,816
227,375
160,791
622,918
799,890
776,839
152,953
804,808
359,824
144,776
358,748
122,684
121,159
746,1000
13,151,683
102,200
143,442,751
94,146
316,832
18,506
366,995
112,304,409
553,788
192,443,614
284,457,851
36,61
531,535,892
346,693
189,478,815
334,412
829,931
179,575
30,331,508
193,252,789
399,521
734,780
48,836
8,121,144
40,812,949
121,238
177,223
200,307
781,866
219,535
17,263
435,521
781,793,829
323,631
360,708,720
310,554
216,945
534,900
97,242,888
289,903
327,600
315,683,889
234,457
222,893
292,868,939
22,197,331
401,634
149,357
206,661
637,807
636,990
658,663
427,639,807
226,498
60,997
757,956
550,910
72,802,931
462,712,922
283,388,781
292,915
883,927,966
455,571
245,355
182,513,710
291,386,642
139,299
788,894
338,527,705
71,892,970
458,484,979
185,367
278,956
362,889
149,199,748
44,357,387
135,141
873,916
689,909,993
290,330
76,241
397,399
289,962
78,721
9,448
644,981
943,994
495,898
230,823
269,923
167,247,839
243,988
339,746
378,429
249,254,340
183,951
56,244,539
42,367
387,739
436,638
871,881
134,379
455,903
108,437,521
42,432
59,136
75,502,993
834,931
7,83,605
157,399,540
148,322,539
157,579
76,96
564,940
152,191,297
186,189
864,921
639,791,998
345,382,510
279,736
742,756
186,520
62,908
149,847
98,388,837
236,366
61,209
35,694
849,966
479,548
757,926
642,973
402,554
841,878
105,903
350,765
562,747,819
98,478
460,858
590,674
143,861,989
49,951
737,991
77,745
134,646
479,843
476,713,979
242,715,762
539,954
226,408
381,758
137,919
348,495
304,360
152,837
780,874,932
330,337
619,635,937
502,630,730
1,575
528,746
60,170
715,977
115,899
52,988
652,934
127,314
42,517
211,257,472
213,412
277,465
886,919
52,237
423,779
106,392
430,445,616
391,462,965
65,170,693
850,857
235,510
303,702,793
44,75,779
272,503
134,764
313,615,766
514,548
524,686
614,737
139,609
143,505
591,896
75,734,797
161,334
440,759
388,596,809
57,842
153,499,760
679,795
51,532
771,842
54,233,329
480,888
316,632,994
375,955
159,543,906
554,778
57,559,696
539,742
482,789
5,726
420,552
125,511
296,498
745,965
73,386
847,925
287,512,924
402,455,931
747,837,838
83,129,485
169,640
458,780
811,812,942
126,990
80,344
816,821
198,743
126,947
1,248,526
91,543
560,803,848
124,698,733
238,423
152,174,461
387,774
827,831
14,500
434,558
355,426,971
375,868
57,858
30,132
578,770
298,334,689
146,621
545,845
64,409
7,37,766
416,536,591
283,307,396
7,857,864
30,541,591
112,153
922,968
885,996
126,914
474,782,871
231,325
141,227,787
27,419,807
351,653
102,253
418,441,556
246,826
551,733,858
69,286
158,397,426
288,595
304,999
64,433,997
216,823
36,351
120,352,854
138,473,851
104,574
160,576
496,808
850,912
29,674,743
544,581
417,543,909
229,723
434,562
329,864
506,542
875,930
487,536,654
443,646
85,607,817
43,993
562,749,832
408,565,829
448,913
937,983
226,932
99,281,832
117,138,280
13,32
885,899
131,642,873
154,197
778,855
605,723
128,890
24,356
28,101,788
250,340
95,350
207,683
528,780
630,670
183,314,715
98,405
757,810
475,540
348,999
24,200,475
4,349,536
761,877,914
113,458
615,970
218,292
273,274
504,801
580,861
312,712
370,830
698,986
122,720
682,830,986
393,674
400,657
504,742
76,440
554,560
596,614,990
690,745
629,917
365,957
131,582
48,299,873
99,733
69,196,641
226,967
63,698
383,384
346,474
458,576
544,560
92,185
662,967
114,484
111,670
914,937
134,290,686
681,756
318,525
45,76
33,118
434,812
376,725
340,968
664,829
372,496,545
804,876
142,430,528
99,145,994
159,242
384,700,823
12,577
160,721,941
79,920
287,452
357,445
459,834,985
375,646,984
194,221,770
44,392,932
606,856
367,981
122,847
575,751
257,420
7,362
195,836
439,814,946
599,868
442,643
275,288,784
70,288,578
284,749
794,796,806
601,978
196,611
66,873
587,853
120,721
688,796,953
267,749
164,309
630,734
503,514
447,706,876
33,424
55,575,622
240,295
325,587
526,968
572,897
552,840
271,750
339,460
749,893
673,841
519,785,935
64,707,919
121,485,565
440,522
731,760
454,807
327,393,902
148,680,840
63,415,612
82,767
369,472,773
126,141,596
554,702
700,881,924
282,625
494,499,756
175,314
269,443
81,95
451,710
49,235
141,514
105,623,877
350,753
457,880
148,248
145,653
64,356
512,609
642,716
399,928
419,739
650,794
72,849
698,967
159,219
336,525,633
243,248,515
222,795
156,785
371,621,809
288,499
478,625,811
248,384
197,514
177,259,834
273,704
207,455,924
157,645
464,467,854
463,783
533,673,739
323,942
57,637
753,997
513,938
110,517
170,723,762
396,640
268,339,967
47,412
278,901
50,496
138,876
25,793
167,478
365,858
953,966
320,476
740,760,910
174,799
197,780
251,445
457,712
301,377,463
771,780,799
105,203
246,812
237,334,896
336,367,744
243,409
517,726
235,254,261
637,983
470,487
18,914
81,484,507
155,716
338,950
377,620
21,566
101,418,538
777,821
177,605,699
37,989
300,973
645,649
57,133,884
819,889
872,968
119,279,378
529,572
36,790
607,695
47,381
241,504,667
357,445,746
224,276,298
574,596
5,892
304,667
12,495
470,706
543,928
24,520,602
73,157,243
243,580,699
514,663,841
137,621
638,724
607,840,935
151,491,655
225,948
182,598
246,988
481,773
316,856
360,768,886
676,686
527,591
545,727
551,765
503,750
28,368,869
472,845
153,486,971
103,889,920
8,578
860,870
76,836
434,880
855,932
95,718
175,590,782
409,623
223,532
30,614
10,827
381,824
368,751
154,728
186,656
250,927,938
21,491
557,742
422,491
267,791
264,856
50,242
770,990
114,182
318,503
117,935
199,667
247,374,438
41,448,702
271,614,628
165,899,968
180,818
502,556,629
430,510
129,222,778
378,953
305,904
71,129
310,612
111,138
341,440,618
12,209
666,711
280,960
20,84
382,840
81,674,690
479,545,707
201,750
15,222,230
134,662
261,716,777
313,354,600
253,285
165,323,510
27,387,925
536,661
76,417
187,724
64,689
42,44,277
283,387,617
339,525
647,720
124,153,830
408,463
23,662
173,435
131,133,400
117,484
522,712
67,691
103,701
609,724,920
428,914
453,928
197,547,751
375,686
633,742
400,535
97,748
408,518
84,198,862
169,199
341,869
401,579
358,577
135,187,665
585,819
142,454,635
374,465,993
463,520,556
639,934
312,603,634
745,910,948
145,783
285,414,594
42,71
754,950
274,665,703
147,404,527
74,90
548,987
579,656
387,726
224,491
251,366,867
842,923
745,936
63,681
614,622
88,860
782,915
327,462
68,94
64,261,885
63,760
483,960
177,781
115,667,925
244,284,291
607,641
845,880
103,251
70,420,758
274,524
213,427
417,606,933
21,87,303
380,753,822
91,274
93,818
538,867
605,959
726,830
246,499,629
22,777
144,913
99,654
201,302
106,237,943
286,711
133,270
827,893
159,230,312
484,623
262,534
729,911
164,169,716
459,607,672
6,181,954
564,952
16,758
57,512,754
333,634,964
111,175,279
970,975
819,929
79,253
364,640
715,779
740,938
215,225,520
77,82,154
589,676,748
86,119,757
569,894
46,677
66,284
426,701
645,896,963
566,666,736
272,900
312,455,779
275,621,666
284,473
282,373,670
118,261
793,814,837
341,409
75,863
306,579
618,927
331,549
665,938
44,855
251,661
157,938
53,456
178,389
201,474,794
872,975
110,195,598
365,522,752
324,578,861
214,519,891
758,961
3,878
12,412,646
30,784
160,909
424,845
699,801
425,439,591
97,617
155,213
131,876
288,657
432,440
227,234
46,951
355,928
9,703
78,411
770,784
668,769,942
39,912
217,355
48,986
21,453
383,705
392,508
359,522
49,709
706,811
161,268,813
482,519,660
961,998
54,140,228
79,275
352,573
41,532
184,371
550,613
129,134,640
498,508
150,986
543,898,930
1,146,220
729,963
457,720
176,198,882
299,648,819
142,238,991
344,574
265,886
260,468,834
494,851,912
434,581
377,887,932
354,709
186,712
121,135,455
39,497,863
33,681,870
153,433
380,880
475,704
122,373
231,620,973
243,871
7,83
45,232,401
383,452
420,787
465,554
178,266,379
143,272
615,764
380,414
104,475,575
354,935
536,977
252,529,666
129,330,806
164,425,905
630,994
326,942
294,438
557,609,806
80,177,897
357,643,871
501,811
471,527
22,98
110,215
127,779
745,990
175,446,806
254,350
200,230
473,706
128,262
494,917
130,812
101,424
312,470,656
230,739
26,344
320,534
170,455
191,284
467,812
647,868
495,675
43,112,889
638,829
921,982
667,737,894
212,287,577
609,811
425,451,694
70,614
365,382
228,488
948,958
589,626
122,743
143,383,799
483,581
486,894
487,735,842
294,621
299,775
79,351
734,760
353,635,643
670,813
264,409
503,557
63,417,872
457,742
97,857
730,837
58,65,170
588,826
829,854
134,532
527,942
94,390
433,946
4,149
470,641
219,487
65,125
126,252,722
238,759,778
156,515,849
259,805
285,530
44,118
680,942
39,677
35,721,792
376,679,728
79,457,727
13,757
72,109
271,478,837
43,166,409
124,339,466
105,138
34,557,610
21,336,360
394,769
483,811
743,805
142,436
232,888
46,871
109,530
510,691
260,318,534
384,436
752,799
88,557
88,104
648,650
685,689
37,113
87,331,474
677,893,991
379,524,723
399,460,474
758,773
688,944
301,480
262,504
112,966
750,871
624,715,977
192,900
168,204,827
240,476,811
68,307,634
717,994
121,424
321,426,641
643,729
738,796
360,465
624,847
148,477
242,783,849
388,793,965
537,576,950
543,964
172,801
477,639
83,728,824
515,839
267,546,848
221,842,939
446,746
30,115,646
298,388,762
217,455,604
77,952
684,955
622,694,937
108,350,390
195,245
104,783
738,934
369,826
22,632
497,580
101,155
367,532,692
78,420,983
485,630
95,809
557,898
378,447
750,849
548,663,882
393,465
167,713
416,761,810
519,907
20,597,919
358,749
44,72,605
60,563
748,925
151,322
714,907
232,578
569,945
280,742
242,268
567,773
235,476,829
449,494,776
112,836
262,987
199,286
668,885
693,754
500,666,769
794,949
22,185
482,660
643,644
496,580
535,546
435,630,645
286,493,515
227,480,957
160,892
409,701
30,541
303,665
742,885
386,764
340,538
529,815
434,767,930
176,980
656,970
389,852
36,374
21,251,391
533,570
166,933,975
163,470
842,900
263,912
113,592,742
28,687,933
129,588
471,506,765
390,492
324,516,922
54,269
158,930,998
424,833
303,998
250,510
193,856
169,331,398
190,598,810
281,984,991
222,306,743
76,529,929
232,386
695,836
350,476
281,612
445,792
24,447
19,129,653
188,732
102,259
32,103
351,837
286,337,851
161,607
230,950
810,935
404,606,919
186,189
919,991
228,293
836,991,999
3,65
95,153,254
190,410,887
369,936
321,497
116,146
36,105
573,851
85,490,894
273,777
578,700
571,962
6,139
374,481
885,904
35,411
114,334,541
185,219
324,597
611,771
20,816
786,940,997
109,849
229,670,934
63,897
27,98,119
495,614,996
29,339
837,868,980
149,288
381,664
42,221
214,687
379,723
762,792
532,889,906
525,539
511,692
133,988
432,780
437,450,643
305,392
87,339,773
298,968
797,936
75,452
286,674
2,58,91
470,619
39,400
40,109,702
7,192
13,390
531,800
43,780
109,632,860
472,528,768
120,220
66,592
410,909
945,999
677,872
145,892
57,126
246,405,456
165,743
364,935
285,376,881
165,499
207,887,927
5,785
544,729
343,373,463
215,316
473,748
23,60
766,971
98,169,342
689,797,861
764,897
103,835
214,720
74,187
397,414,483
660,812
589,632,662
196,647
142,308
218,444,487
306,560,889
508,907,959
162,526
368,882
444,725
177,231,617
579,663
133,441
129,609,924
617,919
289,704
451,634
537,736,870
175,525
284,713,878
772,906
166,546
177,719,725
256,618,623
660,695
491,517
456,899
112,367
314,819
461,716
224,514
675,890
466,467
216,835
189,881
47,135
218,577
771,843,953
574,612,932
555,947
482,873
681,905
214,750
338,485,608
100,613
184,287
811,851
507,595,771
300,652,850
36,229
618,956
243,349
128,784
171,599
5,154,887
554,655,829
47,383,422
520,742
689,742
554,719
354,620
181,412
70,539
175,572,599
382,543
314,703,794
187,266
680,989
728,811,936
125,902
296,401,836
350,575
341,830
665,930
517,766
369,869,990
245,808,942
139,641
407,786,900
59,823
71,969
147,372,844
638,772
204,856,986
228,469
190,414
91,507
750,853
205,253,961
933,975
391,950
8,19
192,494
27,191
396,744
392,462,530
451,883
35,364,851
231,290
538,814
554,964
369,720
412,545,614
421,671
477,512
642,769,880
7,842
301,368
20,53,736
495,745,954
453,978
90,269,468
361,550,747
746,855
260,420
93,142,592
472,523
434,982
569,599
836,841
254,597
12,363
440,533
287,1000
81,126,580
7,487
240,601
375,424,682
386,680
946,990
239,796
1,955
63,754
698,877
91,227,986
177,686,880
763,874
166,926
54,340,846
270,976
4,682,995
841,886
542,599
224,910,986
100,1000
306,537,788
758,824
202,799
621,780
358,905
165,860,961
72,214,546
528,876
521,551
412,580,685
572,893
663,810
61,676
364,468
634,900,965
508,580
147,482,577
249,927
241,946
176,485
186,521,785
443,525,740
311,437
203,985
4,597,948
12,766
226,669
179,918
32,605,740
63,414
493,878
358,791
465,514
112,309,323
298,758,781
768,997
546,604
72,563,964
720,727,868
506,680,739
699,840
70,143
870,924
265,581
248,715,725
100,296,351
336,563,766
19,114,442
640,789
181,260,501
535,920
90,224,727
252,896
162,164,500
144,346,895
632,850
488,992
379,609
40,407
63,533
57,192
274,532,680
415,461
901,941
431,554,787
60,515,815
10,520
32,851
57,196,919
116,498,955
424,431
566,636
14,58
13,715
203,712
169,305
287,757
166,800
478,942
25,270
377,547,597
364,740
561,1000
32,258
588,887
339,597
416,420,749
663,668
170,865
117,234
281,375
13,436
210,285,547
99,498
35,436
87,865,913
929,990
472,902
574,734,826
45,813,905
533,958
417,751
692,723
570,723
167,928
261,308,919
804,954
157,774
284,747
210,551
208,388
622,990
526,784
329,740,781
23,162,165
385,524
261,431
525,569
426,941
121,134
658,922
827,896
104,424
181,787
185,307,429
441,816,971
439,759
539,583,708
13,40
367,517
437,968
75,735
659,944
84,576,683
195,895
813,964
329,602,640
96,115,275
655,849
409,651,687
217,802,952
111,288,765
50,528,818
488,753,869
848,963
435,552
64,794
156,191,208
223,624
50,175,405
454,883,979
18,75,503
65,709,719
636,896
112,632
32,776,992
270,384
357,702,882
143,332,747
330,653,828
782,792
518,707
761,800,971
212,260,906
23,137,620
205,264,788
406,537,677
197,401,561
418,488,666
375,674
181,996
639,693,911
43,632
188,439
90,792
615,684,993
63,972
627,984
110,237,807
859,866
372,787,925
293,437
194,339
18,123,236
468,668,830
384,747
7,203,831
80,861
56,180,472
50,785,988
203,266
99,679
603,859,898
214,854
406,528
395,692
634,806
354,854,961
697,961
264,427,592
325,895
119,840
262,787
486,935
584,958
76,449
597,672,698
345,992
280,549,844
385,708
606,896
149,171
329,341,350
784,863,959
780,832
156,614
399,414
436,735
175,928
494,728,787
30,571
51,123
403,632
353,481,544
737,849
303,795,978
290,357
394,802
210,466
363,418
135,719
437,666
26,109,973
27,318,937
19,735,802
510,643
747,971
325,351,515
416,831
230,280
523,840,890
128,791
130,622
324,661
440,456
459,864
496,552,671
168,437
172,359
104,172
283,772
811,905
159,503
393,437
524,820
282,419,641
190,657,902
272,462,884
284,823
317,464,912
449,685
429,534
18,21
501,558,609
7,75,384
67,400
167,592
535,702,843
327,742
39,826
429,976
787,817
80,698
119,349,741
102,216,557
735,859
202,639,806
364,447,571
178,950
163,213
69,417
523,619,726
379,864
301,710
538,575,867
861,971
303,395,892
54,403
494,835
432,554,565
182,207,992
517,671,997
286,712
314,767
52,155
682,952
813,836
296,411,621
432,468
378,993
623,774
450,460
165,985
3,18,703
191,851
780,799
435,446,752
723,992
426,648
154,694
10,146,380
15,149
967,974
510,546,997
439,725
687,934
623,830,912
66,591,817
243,528,573
750,802
292,840
630,872
672,980
120,519,784
523,625
455,510,523
375,997
193,319,948
850,904
565,755
534,535,701
178,451,793
437,872
94,642
189,867
42,406,429
574,630
508,529
695,877
606,902
668,737
535,790
197,542
275,285,463
187,388
134,240
890,983
52,809
754,852,993
595,816
427,782
462,809
133,968,994
554,632
424,466,846
318,595,710
259,557
157,884
299,353
207,653,818
93,449
163,192,326
43,346
247,775
222,789
274,314
832,869
363,450
887,977
274,385
95,254,712
5,220
632,669
227,678,718
176,958
194,421,749
259,563,978
872,912
203,453
129,430,865
340,791
283,436,738
330,524
717,797,955
362,423
328,699
37,910
899,917
281,823
330,906
50,64
534,631
151,227
399,557,907
324,376
280,386,527
31,678
88,101
68,891
535,865
194,426,700
122,627
50,712
61,343,697
261,518,702
267,878
219,795
112,140
308,704
346,836
502,576,781
177,842
101,344
341,503,942
303,728
332,998
89,586
489,869
529,573
286,299
589,846
413,472
207,602
781,833
222,237,478
436,794
517,945
484,750
57,495,835
93,618,797
419,701
288,682,770
28,949
295,411
406,544,819
431,972
406,718,922
105,539,764
60,91,665
872,947
388,653
221,258
493,499
105,259
588,856
554,698
27,946
565,620
395,663
825,850
593,700
173,970
374,753
517,733
457,931
734,767
523,745
310,367,422
28,631
412,747
352,840
40,289,444
115,288,721
127,266,406
349,513,519
254,598,623
59,202,263
720,855
199,888
564,914
237,253,970
647,682
55,556,850
182,856
504,641
338,797
279,635
243,874,885
90,426
437,597
53,640
343,491
812,894
194,831
555,694
587,877
816,920
257,941
435,743
623,956
120,636
37,483
117,504,957
405,662,752
744,758
416,728
471,922
563,730
187,493
56,548
423,908,921
480,745
140,843
160,495,572
81,137
118,952
440,839,941
271,395,763
561,884
420,533,739
407,842
211,279,493
901,909
761,900
416,830
638,676,884
574,632
259,750
61,859
649,929
221,304,804
186,867
519,715
222,730
291,473,851
943,963
400,510,617
109,257
558,734,832
36,606
274,485
397,762
605,866
314,655
475,828
38,478
81,951
121,320
193,837
412,523,646
78,661,785
17,377
13,178
550,852
451,512
852,992
329,424,620
135,216
129,383
49,248,716
51,544
446,738,782
194,939,965
296,771,862
728,840
108,298,672
242,985
413,442,614
527,566
319,758,817
777,858
261,336
48,704,913
567,970
281,553
402,723
599,620,943
107,185
121,481
218,734,994
441,730
433,993
18,290,419
82,515
183,466
140,499
158,360
76,177
185,831
89,751
181,873
669,923
260,843,864
250,497
529,901
629,942
361,552
296,337
201,866,930
310,880
132,815,838
35,804
78,929
75,319
610,763
444,766
79,492
193,629
782,895
595,656
405,700
61,83,665
759,972
506,876
133,560
106,508
28,564
357,446
474,639
208,887
509,709
425,651,894
23,786,974
172,667
770,991
365,728
74,445,532
49,925
394,774,986
299,321
628,652
398,654
514,929
344,482,859
744,758,949
85,184,284
839,988
264,888
309,678,827
100,935
384,939
655,952
248,665
140,523
121,434
96,899
518,616
387,737
456,558
657,867
181,727
135,484,609
870,966
89,671
483,828
106,308
40,44
67,317
161,642
595,983
120,180,523
131,599,757
834,836
162,849
397,507
78,269,844
521,737
257,900
761,762
525,675
110,767
407,444,539
306,428
716,787
97,211,628
9,436
377,515
376,381
542,705,860
640,682
136,205,622
393,579,940
230,511,617
84,93,532
290,708
903,988
22,533
585,944
289,512,608
352,706
154,554
23,472,615
811,987
199,677
868,890
97,840,937
31,181,910
479,736
349,690,877
524,852
144,861
708,946
90,965
428,625,691
81,341
477,619
463,604,645
493,888
376,930
18,980
83,752
678,815
31,159
81,179
317,428,766
295,662
409,872
263,385
72,366
121,884,907
809,832,833
217,505,593
199,694
609,948
541,758
794,945
252,751
339,546
20,648
327,832
304,672
486,566,881
28,500
670,676
86,891
710,828
179,309
514,715,978
43,512
248,521
61,831
494,764
98,231
357,755
46,712
212,644
200,853
468,648
415,783
540,760
527,887
143,408
54,855
145,978
536,561
652,723
522,913
411,662
377,785
38,260,750
150,504
612,744
230,665
634,915
53,354,536
252,493
222,551
686,773
303,425
14,399
151,154,496
136,710
330,430,865
130,507
682,684
22,403
97,825
629,957
86,811,934
4,280
637,808
424,660
448,462,865
81,463,946
567,882,908
612,656
128,196
719,913
363,727,793
12,355,383
76,716
202,791
380,554
167,471,786
148,224
859,949
572,824,934
476,658
114,324,428
768,831
6,297,622
123,411,873
228,542,627
36,273,505
290,559
83,245,633
331,342,748
431,512
121,611
840,900
269,652
218,642
428,637
225,587
121,194,379
668,760,916
13,385,953
518,752
247,355
82,818
768,976
465,883
133,761
170,460,613
280,286
277,287,950
115,373
18,187
847,968
470,803,911
126,227,946
68,973
36,380
121,866,920
236,429
888,960
75,196
342,598
30,81,150
526,946
466,806
281,378
290,397,493
30,392
541,571
824,860
56,125,632
211,760
5,248
342,490,956
166,916
183,394
715,823
739,861
331,727
122,918
9,71
37,709
367,617
375,401
197,701
463,775
236,360
530,766
659,768
259,909,950
284,895
403,790
311,951
490,950
376,624
395,617,878
170,690
72,338,794
283,387
344,598
171,313
531,654
669,785,814
764,900
582,774
532,907
630,972
463,753
53,471
69,712,844
272,791,885
442,921
120,241
448,721,803
254,743
652,861
14,349,740
62,439
240,429
86,95
100,731,821
143,396
457,870
344,441
102,675
142,264
824,905
10,299
839,975
19,712
397,407
582,916
85,754
335,590
202,289
50,129
143,326,832
211,578
605,611
443,767
680,840
101,791
77,81,870
172,304,344
707,861
478,499,815
385,958
207,495
129,389,845
356,430,632
530,848
491,903
649,796
614,679,758
384,782
165,979
19,73
59,87,580
844,941
719,783,978
360,446
763,956
247,342,715
634,842
266,864
276,787
173,498,774
384,522
153,409,556
131,224,898
123,242,710
98,570
279,699
516,946
158,677
604,803
78,942
27,720
342,637,785
168,444
614,802
248,806
341,377
87,103,903
420,484,916
474,759
109,406,849
252,566,600
690,885
104,800
242,681
849,927
95,550
394,650,853
100,211
579,602
162,443
199,226
389,551,933
314,688
194,207
134,179
134,800
336,608,985
68,848
555,896
798,856
60,224,512
128,947
77,366
255,814
744,907,931
185,492
410,559
168,382,418
388,624
644,853
121,558
787,858
52,726
435,966
529,590
236,524
61,404,585
59,292,710
613,946
242,399,884
512,845
214,883
175,456
263,966
50,149,995
4,232
112,922
403,440,752
288,824
555,887
114,523,667
195,447
562,985
384,397,499
61,710
586,825,838
459,881
594,912
461,523,549
648,852
549,765
128,708
299,749
683,795
153,335
196,706,948
443,599,870
356,564,780
62,682
205,576,669
56,596
650,808
242,973
805,813
605,686
702,829
1,256
336,907,998
232,299,332
215,966
101,466
209,838
109,489
511,662
624,810
82,282
91,355,762
372,533
330,724,756
346,711
296,957
634,665
418,521,711
816,915,998
160,546
539,551
282,297
225,476
613,728
166,187
576,826
472,694
520,853,887
168,615
833,929
84,556
654,942
545,948
107,711
404,786
655,858
277,362
125,588,820
660,721,789
202,829
16,113
217,765
149,925
20,338
315,801
213,402
278,366
792,949
37,150
158,200,535
78,120
2,189
296,605
111,117,861
10,324,484
178,849
488,583
6,234
69,440,995
568,974
190,881
307,828
4,962
787,925
80,355,792
284,800
480,868
397,857
152,824
544,865
57,221
433,441,660
652,788,821
168,538
216,338,719
390,556
453,840
46,689,698
83,787
264,837
2,508
523,529,817
658,781
221,388
163,196
74,597
765,825
184,414,992
59,831
348,415
499,533,622
434,811
242,258
66,536
405,934
159,692
649,679
491,887
503,595
354,514
296,337
353,396
444,618
526,855
38,414
468,565,823
163,443,628
109,832
113,322,841
690,971
23,188,512
91,308
51,203
795,812
80,883
18,216,693
510,862
449,867
42,558,965
155,237,489
90,391
29,223
67,730
4,79,334
371,399,427
209,455
261,545
173,516
650,746
45,656
93,563,907
196,581
134,591
253,929
458,480
162,987
237,316
210,733
288,721
185,247,436
249,625,981
169,419
96,114,580
481,651,848
322,600,908
411,959
861,914
163,683
158,203,693
270,329,612
370,809,967
451,645
491,906
309,660
267,523
99,167,565
735,851
270,917
422,949
480,622
279,566
555,772
252,507
356,380,390
607,954
320,687
35,378
146,383,684
398,904
270,352,668
451,563,821
201,512,920
663,705,881
225,679
336,402,782
404,716,879
211,472
75,880
546,658
41,358,610
181,189,196
179,398
21,762
76,724
439,809
560,697,831
559,572
379,790
99,734,918
201,723
503,925
744,866
147,352,758
352,858,982
178,278
244,851
454,948
91,663
678,862,966
248,633
791,830
131,569
607,655
21,389,640
1,916
120,288
494,556
222,315
323,943
226,317,732
126,482,980
255,707
828,848
351,933
352,668
294,583
272,320,334
60,693
455,733
286,515,740
131,365
835,910
907,949
190,492
48,204
81,228,594
76,111,126
109,632,687
55,142
571,740
304,966
266,892
277,752
68,72,145
175,941
71,117,202
570,930
247,537
246,593
18,150,859
368,760
21,260
234,373,757
168,303,584
859,898,945
297,382,847
306,400,401
216,514,945
306,873
81,887
312,629,663
44,644
827,989
21,901
913,981
50,94,541
144,445
80,734
32,611
796,950
922,949
368,845,980
171,199,245
513,837,894
16,130
671,691,846
324,412,817
265,286
44,228,929
136,829
422,451
229,596
80,240,676
6,761,888
499,646
659,748
154,973
185,221
232,916
59,366,697
358,587
356,663,737
169,278
365,482
500,937
213,453
77,80,231
478,746
334,651,830
65,123
461,886,937
395,400
95,484
243,637,990
523,742
89,423
461,624,999
432,806,897
62,237,677
206,351
79,292
30,227,234
91,544
351,574
312,655
14,408
444,483,665
742,803,806
63,272
399,891
506,647
432,684
138,473,649
227,789,901
95,824,958
824,934
414,657
211,541,941
149,838
139,369
180,523,765
384,446
16,276,863
511,788
278,450
823,857
497,553
240,725,797
36,479
286,769
2,454
304,882
709,712,742
392,998
312,468
291,319
7,682
542,963
606,872
420,804
628,958
606,955
312,693
399,660,696
299,496,876
16,798
66,152
669,862
299,629,879
103,434,711
545,680
506,791
441,797
16,444
132,552
520,774
129,237
113,679,713
93,254
146,751
675,873
391,729
54,287,342
18,96
529,868
420,926
316,417
10,97
228,784,914
135,176
805,833
404,457
268,674
424,631
388,561,985
52,552
143,368,535
138,813
496,580
846,993
17,954
161,634,941
255,732
831,903
699,733
336,639
406,655,840
273,903
29,88,220
739,745
930,998
255,836
42,639
79,167,586
244,840,958
675,818,917
279,988
490,788
169,998
97,111,775
588,976
402,853
622,851
198,548,786
77,797
158,336
127,443,458
116,538
103,650
241,448
88,347
754,822
66,473
86,870
79,797
427,630
196,976
136,501,505
485,964
676,939
33,264,370
524,694
380,408
316,570
664,696
346,436
35,478
150,863
583,712
201,389,468
654,732,966
76,823
109,624,756
26,322,846
5,113,556
191,958
764,834
89,742
142,151
445,920
762,819
522,701
645,836
190,301,620
900,950
465,893
401,838
690,858
563,975
149,359,609
70,417
429,989
845,967
20,640
952,979
17,490
357,461
123,133
69,870
80,895
327,363
610,696
62,112
40,610,949
555,942
452,511
178,924
530,715,903
69,818
211,412,914
589,592
31,779
125,966
156,213,271
870,953
154,861
11,319
133,359
326,827
323,870
456,760
33,478
237,574
981,996
107,914
461,945
553,947
660,784
403,531
266,944
554,814,900
251,762
175,564
8,123
172,342,796
343,905
34,487
15,594,790
196,581
39,726
203,620
586,632
112,179
859,895,973
123,800
765,995
88,254
243,506,676
39,79,607
452,988
470,531
92,367,455
133,504
64,240
44,849
48,363
267,516
89,458,918
188,268
286,681
204,215
258,259
424,456
361,432
491,772,834
110,353
18,362
196,753
69,712,835
292,432
1,617,972
14,766
29,801
96,740
10,603
483,518
450,768
194,293,780
73,675
1,172,441
486,715,740
132,171,607
147,596,761
147,892
335,360,560
631,635
188,401,424
20,698,734
181,278,372
267,364,752
184,804
236,311
605,787
281,556,688
244,883
68,320
168,921
816,920
358,471
189,206
537,615
164,351,982
298,375
438,703,783
211,758
130,629
612,987,994
294,563
51,745
6,64,390
160,161,349
566,705
53,538,931
31,655,715
53,359
39,763,840
138,356
192,607,619
333,469,778
162,275
682,941
26,258,536
602,783
146,321,846
214,599,855
478,559,839
307,585
73,141
581,733
414,938
420,731
116,350
390,490
713,907
281,830
338,697,965
24,440
292,919
215,911
156,160,267
695,950
54,334
185,283,563
262,696
849,999
223,442
299,596,824
403,996
161,659,942
98,425
25,331,699
246,812
101,597
305,768,926
622,850
701,847
105,829
19,126
192,525
253,489
3,141,945
671,860
500,995
530,600
474,842
116,489
264,702,905
212,522,620
157,967
478,971
222,681
143,639
666,699
739,934
406,619
139,559
603,762,931
554,799,865
744,993
23,813,847
433,993
221,400
338,735
16,940
218,938
83,498
454,855
416,875
445,821,842
395,434,772
337,661
528,742,976
772,866
231,542
460,628
442,804
37,501,689
361,751,804
33,743
656,905
201,659,662
76,211,722
562,686
779,919
118,552,569
337,890
391,530,803
182,469
359,400,497
171,973
269,287
199,234,528
501,829
428,854
296,759
293,505
658,970
616,783
322,795,951
580,753
174,204
124,349
392,505,535
104,798
239,513,558
123,588
23,991
235,399
26,174
301,970
920,953
301,820
94,269,716
771,975
232,559
542,683
25,138
263,849,857
568,927,984
255,308
551,567,794
133,566,978
25,521,757
312,483,772
451,475,497
453,702
57,61,954
362,640,719
70,844
59,881
187,667
785,839
807,932
456,880
899,954,989
75,341,555
38,428,768
8,556
496,628
127,170,289
371,605
457,599
195,862
441,459,638
277,779
397,816
404,733,734
783,949
96,262
578,925
291,373,835
231,678
312,828
32,365
445,794
727,912
247,338
181,419
182,200
312,640
134,695
210,363
437,688,822
150,404
390,685,797
167,197
171,721
18,535
256,579,631
544,551,560
194,564
363,646
36,385
649,730
9,757
553,557
14,185,745
88,345,413
468,535
104,347
206,858
269,354
380,614
65,727,816
129,287
245,491,642
216,240,281
469,691
155,770
434,768,948
251,530
85,785
961,983
159,367,895
499,579
396,429
168,548
253,884
111,760,837
785,839
316,356,789
487,903
151,782
552,846
543,765
747,785
27,69
928,996
1,380,956
67,683,810
377,606,991
104,239
519,615
389,605,906
703,765,844
58,541
373,860
265,591,957
382,813,855
138,196
817,982
147,878
475,684
16,200
429,462
498,508
224,236
80,772
421,923
126,540
130,926,996
242,574
630,648
552,747
45,637
252,403,925
634,894
87,509,772
313,429
254,635,872
235,537
191,236
258,692,819
7,614,704
483,738
176,737
30,172
348,644
207,281
73,577
784,937
111,574
205,900
334,397
759,780
887,974
137,664
381,768,937
578,668
108,345,363
27,191,700
193,728
211,522,740
454,476,956
188,315,689
221,534,831
282,990
454,559
144,599
153,549
228,420
25,461
28,132
335,424,643
438,913
97,180,876
82,183,796
386,457
564,878
942,995
79,195,521
352,1000
389,633
201,261
102,387
180,549,699
115,641
108,624,898
537,771
502,517,918
522,571,664
306,349
55,238
82,393,550
424,497
186,279,910
237,657
353,902
31,506
14,19,231
312,427
281,737
574,577
26,442,471
73,528
177,248
123,242
117,327
207,555
408,920
25,764,769
580,607
72,408,967
225,861
42,401
113,347,919
514,721
172,753
498,899
177,508,856
156,881
532,715,932
488,856
237,631
325,611
179,195
271,364,929
80,184,653
302,579
735,787
152,279,861
125,399,730
23,316,600
90,103
36,80,134
444,505
549,716
587,791,898
56,881
10,709,831
882,902
295,581
164,364
280,699
36,97
491,727,938
391,828
201,366
850,903
707,797
119,457,519
816,895
36,37,512
304,536
589,733,798
620,674,763
367,913
524,579
619,712,747
78,783
478,519,867
200,391,871
389,780
429,491
251,392
448,466
70,149
775,776
171,412
514,907
39,373
100,514
411,684
672,681
3,601,816
28,441,516
472,703
489,505
664,877
510,630,763
30,981
6,262
415,992
249,315
423,597
367,477,692
64,283,725
711,844
67,113,458
360,762
212,242,766
250,984
223,321
132,547,965
484,516
723,773
477,491,839
493,614,747
429,853
463,487
217,596,612
532,534
456,496
102,812
218,352
685,732
506,674
289,639,715
683,836
73,673
928,940
753,933
397,849
1,169
284,495,567
199,626
352,839
289,358
22,508
466,787
389,745
300,830
95,907
201,693
89,322
860,883
374,468,517
899,937
104,332
256,377,433
238,423,484
805,869
98,186,905
121,686,735
321,363,921
333,727,773
57,722,936
168,354
303,955
775,902,932
132,541
146,678,893
486,682
323,671
279,792
73,397
279,334
255,634
54,95
105,171,278
371,460
308,809
512,762
289,848
51,903
432,796
486,673
46,215,327
151,208
51,54,412
148,293,967
220,590
80,777
647,706,916
121,396,507
389,601
36,667
868,926
669,879
94,275
202,360
209,848
379,398
419,533
427,575
433,637
297,785
194,919
812,925
202,756
184,303,532
162,173,643
145,487
188,663
31,39,991
146,878
88,760
223,882
650,779
753,963
158,242,389
126,192,605
191,341
50,705
161,346,461
704,896
712,727,946
32,782
10,48,931
39,423
265,425
803,892,921
331,381
193,365,868
599,759,940
125,206,370
5,122,688
932,982
29,365,935
141,694,916
426,861
34,395,432
639,723
25,161
85,114
9,210
678,878
176,957
205,486
656,849,880
664,935
224,468
96,577
251,436
733,810
371,645
148,710,750
121,202,274
276,951
90,230,913
117,133
630,823
26,302
524,713
314,932
16,452
434,591,986
645,787
112,458
10,933
57,744
12,514,717
631,763,963
465,753
378,877,922
128,167
459,524
326,789,886
430,502
393,620
31,201,212
131,480,819
365,957,981
139,351
129,304
553,620,938
365,770
696,719
705,819
603,819,869
514,772
208,542
120,331,998
44,312
2,785
228,856,938
149,464,840
936,953
259,916
87,138,324
17,296,919
89,344
609,644
509,517
188,210
18,644
589,846
96,139,720
21,802
303,534
31,895
189,351
210,218
467,790
257,573,962
235,427,630
79,862
420,527,749
20,994
315,955
88,460
222,454,681
53,68,271
183,557
80,177,392
168,576
119,641
422,866
20,951
102,145,413
546,554,910
262,768,894
7,346
276,909
120,760
32,200
186,916
227,876,983
155,604
323,533,635
277,685,866
279,647,807
80,383,535
321,814
305,962
908,984
649,748
32,138
259,713
469,699
210,841
14,702
498,874
168,311,810
40,428
652,787,818
154,292
612,883,927
69,137,845
53,123
249,537
160,310
28,409,597
162,306,378
248,260
92,272,697
130,962
234,660,988
12,404,755
206,228,492
574,763
534,875
234,845
24,131,442
430,674
448,880
576,987
101,302
65,379,710
118,416
42,972
446,724,802
681,689
458,522
429,448
364,365,581
277,518,743
104,228,863
47,589
543,608,829
33,685,808
220,315,788
189,279,420
111,244,326
580,851
106,746
87,712
690,914
37,411,998
494,649
317,431,904
373,523,925
76,442,700
271,972
164,522
111,262
9,563
664,752
423,488
453,859
295,732
65,193
711,824
206,500,817
91,535,750
11,587
225,659
983,985
283,586
721,728
94,244
392,429
36,746,859
83,348
256,356,501
152,572
91,240,702
2,114,522
101,124,621
151,665
278,334,625
817,932
114,256
194,289,701
322,768
700,878
388,665
116,870
652,794
129,336,446
547,932
45,820
438,520
180,317
132,296
325,527
253,540
33,174
237,350,987
304,389
467,526,909
61,102,640
856,973
491,892
151,520
265,687
152,858
166,205,754
683,687,701
155,156
194,392
728,920
793,992
65,507
492,575
306,466,679
341,919
512,626
280,901,936
314,462
405,629
327,588
322,741
15,663,994
180,222
924,964
18,186
385,446,889
18,767
772,949
260,503,534
312,920
69,328
583,590
76,232
673,677,884
576,873
15,658,919
195,283
91,609,610
459,866
113,421,439
247,688
35,124,659
543,558
536,573
459,639
32,876
761,856
85,428,764
250,513,897
550,914
133,480
138,257
409,718,794
239,344
54,820
12,634
9,998
454,508
44,158,452
148,847
250,868
43,164,848
210,317
557,575
8,272
476,538,922
307,815,996
557,755
105,299,989
154,434
282,708
245,920
231,560
397,543,767
189,925
369,904
126,629
369,805,858
132,305,486
252,712
51,213,335
465,695
110,870,883
52,433
848,869
476,979,992
325,376,829
305,830
289,565
189,514
92,261
85,879
51,474
325,828
31,463,705
688,909
53,122,594
560,793
673,947
59,487
113,227,327
751,974
39,437
46,990
231,484,728
237,627
816,882
689,950
121,134,928
174,311,952
298,569
433,575,862
58,113
691,836
182,393
243,468
496,723
282,295
308,450
91,913
313,831
335,963
254,795,851
15,327,707
661,861
373,934
311,601,833
29,391
245,299
712,990
743,833
251,659,897
402,926
532,538
153,172
253,884
461,789
197,893
400,645
373,738
343,512
113,553,621
720,995
382,975
873,888
242,791
102,848
415,481,959
146,204
252,810
49,300
96,233
83,936
211,328
102,535,554
377,424,526
767,892
159,792
38,679,832
320,531
97,606,765
308,437
584,779
680,731
528,826,935
60,178,518
13,90
338,649
160,758,926
614,910
895,903
637,826
522,577,619
138,279
393,574,992
403,540
562,971
17,523
578,748
194,362
197,427
803,885
213,358
289,617
342,757,980
689,786
85,143,573
130,757
218,963
354,559
355,656,906
82,985
580,986
20,106,933
205,846
631,663
269,428
300,862
325,422
5,919
265,425,482
143,243,480
157,760,768
85,428
129,570
390,651,707
596,989
177,792
578,983
753,781
345,832
53,345
458,797
508,727
197,242
80,840
301,615
434,828
334,967
646,983
166,341,860
265,284
186,646
415,863
45,354,664
363,553,589
222,793
356,464
193,297,936
90,455
492,762,946
24,742,976
642,749
52,408,972
28,435,786
539,550
584,821
212,928
98,811
382,553
471,493
194,530
602,994
310,474
773,888
81,626
67,702,949
717,784,989
357,524
740,952
83,356
223,435,631
13,208,464
495,725,863
76,257,523
660,961
132,572,808
25,919
540,815
48,296,851
653,991
400,813
210,786
377,462
170,849
99,753
220,781
288,361
18,212,950
97,506
444,899
329,398,718
94,451
26,339
184,927
65,429,485
936,943
197,359,572
266,275
69,825
125,599
343,469
252,388,497
542,753
135,213
221,562
482,584
191,509,674
479,668,980
400,814
392,625
393,663,860
238,775
79,659
681,944
861,914
81,350,500
244,629,879
846,999
293,629
107,625
169,670
323,729
197,341
99,110,476
36,320,333
391,773
755,895
261,264,955
264,908
65,399
743,751,799
527,830
268,621
789,874,991
262,596
848,913
696,878
652,697,968
132,405,981
599,675
637,739
87,362
460,575
258,483
229,699
157,738
785,968
296,400
367,822
507,663
660,964
759,780
147,413,957
367,477
188,215,339
444,998
105,752
321,460
105,958
685,708,841
228,421
591,694
46,145
648,974
133,387,409
92,231,509
186,495,675
271,707
116,896,908
163,243,555
632,955
440,910
144,582,930
35,757
478,999
80,450
360,450
183,653,950
721,825
444,949
482,842
117,851
6,600
375,975
582,812
540,640,646
385,498
88,526
365,514
249,671
467,719,875
443,997
510,535,574
282,365
58,82,103
411,902
654,828
460,862
545,607
341,663
286,597
11,771
220,959
212,911
99,597,974
328,905
61,90,201
16,756
581,877
337,447
262,328,467
819,977
291,728
269,901
354,961
480,841
758,776
100,941
478,705
522,554
111,987
522,736,910
815,837
269,364
378,858
262,393
38,500
30,308
205,496
171,441,590
26,400,627
76,642,935
397,694
604,622,918
33,441,654
864,1000
198,890
8,39,476
135,776
668,851
40,906
286,741
291,369,680
56,241,954
609,684,769
60,391,900
86,544,784
196,660
338,892
113,641
38,524
520,977
55,166
811,976
215,781
18,479
199,690
346,443,940
67,627,958
393,530
139,324
334,926,990
211,442
177,911
470,663
31,472
60,146
715,873,965
258,629,897
382,991
52,590
211,376
294,715
670,988
29,97
199,494
74,278
163,885
524,601
55,195,285
897,949
657,909
672,798
223,627
495,664
285,475
791,851
189,428
8,468,801
291,381
413,740
49,138,539
397,607,743
526,635
215,394
243,294
429,669
572,700
188,348
91,178,744
168,542,991
9,34
615,830
370,586
530,632
195,479,697
366,846
185,231,945
136,620
139,932
194,215
117,594
443,696
225,961,979
98,101
204,404,490
630,841,896
35,245,861
86,479,536
37,474
473,962
140,795,796
875,983
753,979
492,592,952
154,428
436,653,750
775,960
230,689
37,256
558,638
106,378
650,866
147,494,527
720,722,727
15,827
27,628
197,936
784,933
387,989
498,522,901
449,693
192,736
367,865,939
390,585
648,896
751,857
414,923
561,642,918
200,237
310,816,854
35,193
361,768,894
502,659
63,474
542,717
69,279
156,428,629
139,680
650,889
520,805
668,861
328,345,559
530,985
617,724
172,830
336,849
6,599
439,523
503,769,914
249,270,723
201,389
437,733
333,570
250,705
517,818
61,186
364,978
175,839
421,704
78,219
317,967
11,778,922
692,795
250,404
415,583
306,357
90,276
131,180,700
355,395
861,970
684,983
678,809
47,725
725,796
321,643
21,395
218,533,917
277,511,633
583,765
400,672
861,875
234,466,827
184,685
369,703
446,613
879,981
253,494
175,873
479,815
388,603
30,978
134,325,946
90,412
367,997
79,463
267,863
91,981
85,319
123,816
68,792
289,534
485,636,932
245,842
230,621
439,730
172,841,862
184,555
587,840
302,346
79,588
154,943
460,788
817,864
199,666
831,866
277,470,673
68,369
381,664
489,542
248,266,990
62,618
632,737
369,524
820,959
512,610,895
32,339
260,470,939
71,601
384,581
63,564,786
245,621,751
50,252
615,918
82,639
174,576
376,457
692,827
104,831
161,467
28,730
152,529
124,812
174,263,722
429,690,907
349,538
146,602,672
763,854,963
158,249,642
71,355,448
730,781,966
699,824,905
440,832,985
721,945
287,828
186,247,774
621,951
695,850
315,626
889,959
412,696,765
88,605
291,544
455,644
834,909,915
224,230,452
12,135
220,454,548
307,382,577
128,693,981
714,816
572,785,839
219,972
244,554
775,777
105,722,873
630,792
422,446,792
351,603,966
748,826
531,875
332,629,929
331,948
105,428,760
375,841
71,430
42,927
661,873,960
73,381,699
537,678
246,535
74,785
409,441
874,999
307,928
178,292
487,903
417,510
309,706
515,769
95,999
521,556,730
507,617
411,843
16,106
550,766
899,917
319,616
757,811
259,633,867
716,945
114,192
4,25
573,932
591,772
261,940
718,926
647,672
318,407,503
461,712
169,282,818
370,651
516,886
386,556
457,728,840
986,993
30,304,783
192,550,808
609,890
144,248
793,936
102,453
602,940,952
16,172,492
86,762,766
27,585
759,796
60,74,570
300,991
192,640
506,649
255,607
775,837,893
493,670
111,413
427,497
337,599
66,294
581,986
214,566,627
273,996
352,790
61,669,699
627,727
540,698,768
429,793
434,729
408,705,932
429,540,741
215,957
155,190
761,931
440,877
442,885
640,978
768,890,995
230,308,441
305,742,797
210,269,283
213,361
436,772
388,711
76,94,550
587,639
614,714
529,572
716,787,925
2,822
39,541
827,956
413,916
832,855,937
129,385
621,639,833
650,985
94,314,865
10,124,309
110,661,664
160,672,857
350,504,510
483,952
74,202
135,703
588,639
608,675,705
34,209
321,414
183,591,953
91,686
56,879
850,852
340,382
488,802
324,641
451,907
318,815
482,504
337,954
811,957
515,630,785
162,695
310,996
128,462,597
251,958
145,325
591,804
208,817
165,695,751
114,791
273,906
163,736
475,971
561,638,964
73,334
300,358
63,874,933
222,268,350
39,176,830
291,740
29,786
272,921
172,522
316,767,990
121,798
146,390
108,182
587,752
468,791
675,742
159,715,794
470,822
191,342
252,894
352,402,595
321,601
284,409
532,907
79,125,367
320,735
522,876
77,95
68,260,617
122,597
551,922
461,566,868
172,951,969
928,971
438,583,846
149,654
272,333
344,822
587,862
378,620
231,495
401,860
164,846
782,838
273,468
495,573
72,259
837,995
242,465
43,635,689
264,414
356,649
255,921
353,625
309,719,750
164,307
54,546
831,898
293,384,404
809,840,908
47,82,650
523,546,602
143,828
73,96
290,935
821,902
293,531
420,591,758
259,601
755,759,978
184,762
227,316,726
624,716
310,687
574,897
35,963
22,218,499
438,529
138,837
436,566,673
652,690
77,692,945
96,175,785
7,615,712
326,733
54,294
514,957
185,202
394,477
599,748,876
553,949
187,682
420,529
977,985
77,200,889
35,115,954
261,347,579
572,724
382,970
243,533
291,629
21,429
47,136
846,994
810,818
91,701
141,413
38,139,935
310,343,676
318,470
225,604
223,797,852
28,374,770
82,224
590,717,827
158,244,538
490,863
29,623
434,767,783
189,566,758
251,557,565
121,563,692
355,390,604
400,752
280,373,716
114,166
662,843
474,524
39,421
519,571,990
27,227
146,809
697,901,927
492,969
266,343,600
254,367
56,324,519
583,840
244,702
645,755
466,608
143,496
584,762
279,461
319,696,731
510,896
64,402
450,705
4,151
209,467,703
104,458,781
193,712
263,268
540,598,732
72,1000
226,716
365,764
905,908
591,712,815
301,754,968
130,358,958
138,812
244,625,667
87,763
8,424
462,611,736
63,437,966
648,923
473,668
224,611,939
676,955
850,918
621,683
271,306,748
480,486
397,614
811,925
118,203
844,948
289,369
345,761
468,563,713
110,339,915
123,850
160,528
212,624
166,233,997
420,868
10,860,896
403,619
357,834,892
314,353
494,659
421,944
478,614,989
472,672
214,764,911
702,897
125,255
19,534
14,273
440,826,917
197,657
512,842
312,543
309,654
206,559,840
93,774
231,483
607,905
655,869
615,630
193,552
831,872
267,840
220,484
233,367,519
394,732,833
81,116
412,499,550
314,555
288,479,743
121,320,465
179,927
296,735
719,795
221,367
446,570
26,763
12,212
138,646,916
158,666
563,767
54,932
189,536
389,796
667,785,804
19,113,933
320,857
529,783
655,804
63,233,598
284,512,819
560,920
546,932,994
112,329
230,353,826
362,445
454,675,700
512,991
212,293,890
121,603,653
292,389
285,444,519
147,775,806
356,495
222,600
101,359,997
176,542,923
587,743,821
307,512,712
254,298
539,916
251,611
465,663
92,384,624
132,929
320,346,693
334,442
172,226
375,883,959
919,927
575,626,966
342,852
611,928
366,871
78,885
739,887
240,768
380,396
313,552
819,924
619,742
338,711
591,701
19,387
641,804
862,950
893,952
104,448,457
267,584,633
541,837
50,325,928
80,354,870
584,752,760
838,894,988
180,576
86,216,358
28,166
33,853
289,426
206,784,954
845,903,924
73,761
151,628
508,868
555,622
504,528,866
189,664,935
514,843,866
114,966
404,836
180,529
515,957
187,343,755
650,803
489,576,982
182,413
288,481,752
180,251
166,746
655,680,766
70,410
655,832,969
188,347,489
437,630
49,562,633
558,865
477,952
58,209,845
172,561
337,813
231,307
134,227
741,826
430,985
373,479,623
186,890
701,795
182,184
201,837
65,123,230
148,880
385,517
681,852
224,735,795
154,693
146,520
35,932
67,741
117,538
62,941
770,857
46,237,855
517,634
517,880,967
405,425
167,702
211,823
151,332
138,839
61,715
598,662
248,280
317,589
789,923
333,483,903
189,657,823
168,283
112,382
235,341
401,627
155,261
107,583,807
617,710
780,811
10,168,602
410,758
561,651,800
276,285,669
232,773
350,812
334,896
146,591
2,56
327,525,816
120,250,428
219,865
758,839,885
20,431
296,727
121,187
174,378
54,615
427,576
484,908
20,594
48,94,501
50,98,181
628,656,679
371,576,660
100,668
192,369,825
296,373,608
204,836
407,501
537,590
273,429
762,949
597,662
143,192,844
64,345
217,668,708
53,932,992
175,246
489,592,951
716,849
835,868
226,308
79,243,650
606,855,882
440,539
91,283
130,981
168,733
94,384,946
607,879
289,829
719,761,775
119,361
123,503
1,961
170,924
674,884,896
310,703
172,235,476
42,848
460,478
64,796
558,939
344,978
22,80
105,319
49,172
602,860
90,783
68,334,605
281,329
133,381
243,575
182,253
89,427
441,726,751
128,396
42,268
195,497,631
687,813
322,467,542
149,328
85,97,559
32,42
501,786,850
402,633,714
749,873
48,576
72,806,985
299,649
43,994
767,866
61,102,697
339,340
65,259
387,429,920
538,554,639
58,152,827
694,934
567,832
340,993
480,842
43,159
506,550,914
499,694
206,950
268,377,378
145,310
48,307
121,995
190,239
114,372,572
56,107,295
219,278
557,781
25,428
455,683,711
572,646
452,497
85,948
46,142,754
387,699
148,285,565
432,543
268,424
564,760,974
516,947
242,660
72,928
122,691
748,755
32,82
716,720
53,912
537,632,763
216,875
495,740
237,564
7,290,729
551,866
192,416,636
8,209,779
122,604
134,816
265,333
70,527
51,194
420,770
2,188
165,946
67,626,643
130,641,661
402,567
71,263,379
383,842
381,486
72,533
390,696
70,496
215,268
71,406
85,954
101,411
67,361,897
111,122
367,826
470,729,834
129,511
83,575,639
249,491
124,166,188
139,143
800,875
473,572,876
718,990
301,538,984
614,742
15,914
425,442
786,999
928,950
486,641,659
269,319,522
649,823
77,262,607
315,627
204,695
520,940
264,425,519
493,652,740
304,418,942
122,176
79,315
312,388
533,857
527,726
553,734
38,196,372
167,296,671
75,755
100,270
4,30,758
329,663,833
367,397,684
420,569,914
160,595
223,968
268,424,832
666,983
90,430
507,714
457,785
246,424,957
570,892,977
253,999
120,718
413,761
88,489,928
342,789
445,998
327,330,745
288,692
203,596
179,987
294,589
303,693,709
258,403,816
284,504,522
282,552,708
255,631,759
437,539,693
721,801,935
83,782,864
122,480
569,873
203,913,996
694,876
85,705
195,805
471,534
19,903
589,631
184,813
681,754
281,872
135,750
248,650
49,651
113,704,974
371,837
271,489
490,901
360,505,782
349,874
61,391
149,905
67,782
96,769
350,757
336,594,856
544,605,848
201,561
59,682
318,633
564,788
406,543,713
194,1000
94,591,694
383,679,821
380,407
167,671
117,472
504,521
638,787
25,815
433,685,921
92,880
387,703
440,808
136,154
271,440
461,607,637
419,513
224,561
157,233,684
392,461
215,401
37,102
348,754
22,525
546,733
26,253,421
687,747
670,867
477,641,768
800,802,985
283,561,793
365,642,989
204,715,828
179,764
34,293,535
645,855
218,584
349,720
439,855
942,991
537,619
491,713
259,609
260,329
74,530
265,332
809,833
386,646
312,450
5,526
489,588
495,585
18,611
454,670
173,295
454,997
41,989
185,641
540,732
355,360
365,513
487,895
446,703,729
455,544
712,854
153,208
393,629
604,783
338,459
497,546
603,791,868
464,466
272,464
769,904
639,744
424,788
204,391,689
297,372
134,595
215,435,836
276,938
124,546,966
283,509
85,111
790,939
79,95,322
10,682
674,782,959
560,779,823
355,531,843
42,535
101,564
679,686
657,677
768,821
275,624,993
179,953
486,584
177,836
63,771
614,636
81,109
76,457,572
29,602
229,668
14,931
173,707
154,686
39,216
397,639
829,911
541,899
172,489
88,494
21,222,902
105,405,899
43,670
501,544
163,517,739
334,752
166,304
548,669
13,374
277,304
47,654,981
431,933
360,757,869
90,267
35,275,629
83,519
600,956
714,777,911
743,938
362,806,935
793,964
132,324
634,749
2,900,902
119,365,538
37,725
260,334
390,678
284,644
187,468,931
296,585
467,903
381,482
493,607,663
440,666
508,572
268,308
97,358,826
179,778
483,864
175,934
25,769
150,196
59,675
214,314,933
406,583
109,777
732,903,989
442,620
89,296
515,901
154,875
138,613
739,868
247,710
603,819
405,861
69,99,898
706,954
517,655
88,690
270,706
456,910,954
253,630
243,808
4,127
445,530
599,962
230,255
25,206,494
528,646,970
940,971
235,375
573,731
216,991
285,588,947
715,903
575,789
568,775
464,872
71,290,518
389,507
63,635
69,225
620,888
306,925
406,529
488,663
355,407
110,118
312,514
199,527
2,521
508,933
195,506,986
264,967
672,737,788
634,664
655,752,847
754,805
56,839
259,395,462
17,832
676,853,964
327,353,912
350,428
722,886
296,797
130,270
188,197
239,332,461
311,809
31,915
648,735
543,652,679
75,619
390,919
121,702
475,745
104,921
147,473,536
321,615
56,385
844,879
739,740,768
18,534
154,333,796
234,775
568,759,822
222,683
347,809
257,377,776
308,670,956
508,581
129,806
322,684
518,736
171,472
225,270,511
442,879
10,353,992
414,447
280,690
62,179,182
572,636
139,210,709
161,726
44,355
518,905,911
624,897
475,617
330,822
715,966
243,952
387,861
118,420
76,133
73,555
23,53
193,351
286,425,527
577,769
367,696
171,599,670
365,411,592
56,234
35,808
512,891
59,148,978
479,949
371,489
484,961
572,803
112,635
60,346
214,282
157,672
412,697
729,817
918,923
597,898
245,671,964
189,896
733,769
422,880
130,708,763
79,559
96,494
173,400
94,252
438,535
329,858
207,905
213,541,839
622,885
505,601,786
80,362
21,325,485
591,758
48,375,830
538,631
550,978
601,878
567,908,951
253,754,993
335,348,682
523,752
716,803
33,198,350
79,873
130,390
64,718
12,948
135,468
354,587
395,903
505,843
211,344
73,682
73,699
111,572
324,916
32,793
307,308
234,326,480
786,927
510,582
50,217,286
799,806
687,835,952
538,946
364,593
101,254,993
384,392
47,260
160,232
41,68
232,283
418,989
88,184,759
73,293
108,532
649,690
180,837,990
143,736
142,783,804
388,440,457
375,604
620,958
477,691
4,141
750,767
28,444
42,980
137,168
9,175,575
350,517,580
159,878
234,716
566,891
158,797
218,931
215,520
249,849
34,102,800
75,939
504,585
489,814,909
257,460
111,440
64,93,229
23,556,780
30,714,782
455,686
456,904
332,358,519
459,607
103,505,517
733,979
242,373
237,454,991
48,101
47,325,687
589,592
717,837
204,617
242,435
211,262,369
474,806
164,295,566
303,969
507,892,924
776,917
192,673
100,461,708
382,967
34,779,977
447,506
220,484,587
277,795,978
895,920
116,467
590,835
394,834,990
91,310
286,480,740
23,76
435,662
523,841,958
217,296,785
407,465,503
106,695,759
91,342,702
8,971
783,823
60,883
382,669,836
236,663
33,410
528,840
302,839
637,694
195,636
366,382
74,411
42,707
557,794
193,214
261,553,618
829,903
398,635
172,967
296,615,733
348,570,590
129,990
99,902
880,971
189,629
396,605
594,700,915
434,884
328,829
77,676
1,110,872
729,794
582,612
1,868
290,702
513,824
261,704
246,952
377,827
653,815
422,884
345,431,860
88,195,832
310,419,491
120,545,941
496,858
531,719
401,902
311,369
148,638
428,527
203,898
370,627,632
178,277
700,863
45,714
815,897
147,194
108,226,733
348,952
642,787
164,290
579,670
235,315
352,519,958
56,115,300
157,239
106,946
663,699,994
52,345,887
347,801
182,595
55,490
62,133,513
105,619,764
512,766
188,874
920,935
256,885
177,293
325,721,943
523,671,983
111,976
71,120
212,853
623,687
119,894
579,984
219,338,897
109,737
561,803
106,956
209,902
65,410
574,801
162,822,986
273,875
202,306,355
10,805
426,769
186,978
292,633,665
339,490,542
453,755
26,116
15,303,985
281,733
525,888
489,918,927
476,632
185,268,868
73,531
69,243,305
716,818
66,145
64,312
175,338
114,255,289
585,672
355,791
38,731
279,784
215,685
594,722,813
566,879
637,940
403,656
98,194
859,982
209,219
739,894
112,273
352,946
624,963
388,986
562,709
831,871,985
320,800
299,480
433,865
8,503
26,520
191,373,727
577,716,910
44,831,992
403,443,811
269,838,942
221,274
107,580
130,932
220,618
383,392,848
392,397,771
829,965
206,419
56,66
122,766
74,121,752
192,940
212,738
810,813
239,843
85,682
293,880
451,650
572,602
221,610,655
250,502
122,735,894
14,208,788
97,419,596
766,950
433,734
421,435,540
311,797,874
321,896,943
196,408
725,871
467,470
525,738
239,363,814
133,301
235,381
40,170,236
147,888
39,440
7,298
3,694,893
617,778
215,317,814
604,716
555,777
169,180
42,555
389,973
361,549
512,869
249,596
455,557
414,865
329,860,947
624,762
239,414
11,699
11,598
843,895
164,467,561
742,879,910
103,161
595,883
32,487,782
180,246,837
24,38
315,781
337,933,949
860,892
114,663
258,750,772
561,608
168,607
256,751
175,888
277,963
80,735,779
65,97,631
463,803,823
508,732
172,335,972
240,777
271,682
12,733
348,863
127,368
484,640,954
277,409
159,702
614,700,776
163,547
345,775
296,701
646,890
168,806
46,155
138,820
151,887
3,611,911
128,555
166,335
334,513
10,841,943
502,582,707
167,843,937
159,950,977
122,162,411
369,898
558,782
205,818
28,378,627
477,516,998
13,514
317,586
88,164,458
894,936
454,764,861
450,940
486,496,807
52,197,257
78,459,487
153,627,991
41,485,561
561,614
99,911
676,779
328,403
322,463
834,895
772,926
790,891
383,642
554,994
59,423
318,444,681
669,705,750
229,521,870
302,460
176,323
97,206,740
129,509
103,531
126,632
92,177
20,700
478,637,699
359,963
436,439,789
580,912
96,152
396,608
35,403,804
730,904
542,574
300,571,916
281,399
6,176
644,995
287,430,568
503,545
100,555,736
178,221,880
174,337,594
181,516
61,892
332,413
174,739,890
264,347,732
160,985
321,516
341,862,869
269,707
37,452
787,855
535,888
106,192,555
522,550
185,531,535
562,757
139,220
714,853
395,794
227,649
407,465,961
286,653
195,437
175,962
774,825
1,772
149,942
338,724
586,738
264,450
644,823
419,681
12,149
12,928
448,508
72,663
369,585
208,408
206,972
141,293
24,513,652
503,738
314,608
430,967
9,87,963
84,810
31,595
223,679
558,915,930
229,568
355,928
815,870
466,863,967
685,728
366,692
311,588
514,866
636,664
69,296,409
626,777,991
455,903
299,768
445,750
878,902
158,925
66,143
202,231
275,286,773
940,975
374,515
322,830
617,900,945
552,625,838
323,463
85,555
568,848
260,552,758
100,212,890
391,470
37,697,865
468,753
205,684
781,808
90,531
607,831
40,65
224,570
721,905
125,720,946
571,591,761
521,542,846
377,643,920
198,437
879,948
538,685,938
143,597,627
74,370
165,354,439
97,536
335,687,754
666,937
350,535
638,774,863
406,624,766
155,405
129,565,884
56,867
97,494
34,132
113,250,623
379,937
60,346,713
214,618
151,724
489,919
184,862
27,479
14,609,806
307,324
674,803
114,334,539
523,915
52,330
808,942
29,167
217,331
526,844
302,520,612
711,744
79,220,225
35,116
517,987
189,623
60,819
285,741
354,841
74,159,379
18,85,787
10,635,944
42,396,875
353,568
766,911
337,637
527,752
369,559
23,402
143,973
708,812,901
17,112,780
30,491
280,695
353,948
99,780
369,673,801
49,865
244,752
77,397
217,322
141,147
21,273,799
56,675
170,903,949
115,653
315,585
316,318,576
56,331,752
81,820
94,442,917
599,817
273,697
49,139
283,611
459,686
258,260
117,533
187,309,613
171,643
351,827
453,686,775
467,556
839,865
586,684
236,337
469,898,903
115,630
83,483,840
41,428
631,977
310,491,512
572,727,934
490,677
81,872
239,469
437,516,553
232,405
312,666,884
164,364,728
817,877
16,166
276,932
32,303
99,460,620
113,162,304
100,986
199,431
131,647
132,652
668,727,885
475,618
191,470
273,933
228,471
205,231
190,302,408
876,914,935
35,625
431,702
73,808
206,559,742
141,156,696
781,938
61,88,264
292,812,965
361,456
93,414,476
376,994
424,674,893
506,661,886
586,970
311,357,911
228,232,962
740,896
579,727
169,862
352,619,637
79,741
353,798
596,706
471,499
652,659
689,783
343,605,898
148,452,913
105,245
16,54
71,231,263
447,580
41,644,796
75,489
29,345
720,736,942
651,833
885,910
105,159,954
90,550
429,829,978
444,671
73,482
458,992
125,193,585
414,955
744,853
421,650
366,374
171,174,812
480,501
234,499
869,958
398,421
202,366
57,609
287,766
61,462,679
756,971
192,749,976
189,525,619
431,745
162,711
242,880
534,655
484,621
174,557
91,251
243,625
385,617
309,888
171,431
41,287
70,281
788,970
40,375
164,181,573
266,773,862
421,770,880
27,324,496
87,127,782
351,519
161,262
25,581
235,444
213,267
239,520,699
154,318,477
200,483,692
609,767
434,640
418,726
244,706,933
513,893
173,367
322,325
481,673
143,727
4,738
553,951
164,212
479,576,930
108,526
84,238
216,610
452,965
685,878
462,802
86,561
367,831
124,341
142,623
242,258,998
361,591
140,566
29,63
228,287
699,795
437,921
656,932
710,756
679,907
1,207
491,517,779
656,764
374,393
132,624
335,827
361,769,817
863,957
350,461
301,672,921
544,895
567,583
537,944
391,392,805
191,747
300,361,937
30,791
354,940
413,758
152,815,942
464,737
106,340,896
26,650
314,756
859,900
559,808
251,530,843
365,467,685
443,486
416,442
289,795
271,447
804,995
474,627
302,483
203,348
297,951
116,117
97,546
468,791
186,866
447,784
320,328
720,942
157,296
379,903
543,795
272,978
950,965
608,891
457,962
64,746
87,167,858
215,663
420,559,675
40,892
144,228
501,998
38,760
362,396,779
698,933
418,508
787,808
541,970
68,806
65,962
331,524,955
143,151,388
56,973
473,805,899
22,607
380,993
536,668
209,485
132,636
42,557,949
207,627,896
301,796
90,298,862
220,717
590,616
55,403
207,358,785
195,848
754,781
173,298
266,462,915
709,971
341,600
438,651
184,217,695
649,742
127,201,800
86,234
265,389
53,658
249,424
253,938
143,942
467,481
585,669,963
419,596,804
328,334
203,841
195,256
513,690
22,285
127,884,977
204,393,654
37,338
614,825
135,244,861
380,775,862
862,920
81,116,927
192,257,632
257,885
790,880
610,892
241,324,504
166,655
172,468
234,438,988
55,256,298
764,802
256,489,974
93,382
334,770
478,885
260,304
195,883,940
31,362
35,241,443
471,838
226,341,467
268,439
178,314
135,326
507,669
329,597,912
656,710
530,945
280,675
125,934
581,661
668,728,949
730,854
146,743
405,808
289,823
654,798
139,416,479
263,543,849
73,275
299,849
59,638,772
375,802
366,434
744,958
363,999
437,506
636,773
541,757
278,482,549
304,409,774
35,182
27,73,914
544,994
14,106,173
121,158,672
91,633
272,339,478
770,828
545,890
498,820
145,251,906
154,233
733,840
356,707
317,480
482,956
7,626
61,260
586,973
78,472,784
139,205,495
133,912
191,468
573,824
266,908
12,185,459
61,144
3,845
214,982
211,533,881
168,689
445,807,908
114,234
363,968
129,978
15,409
239,432
150,856
216,290
923,979
38,45,105
100,286,573
100,211
441,796
267,403,773
256,641
23,918
151,815
183,595
286,628,858
272,308,424
124,646
170,568,622
20,663
489,932
318,602
476,825
747,933
58,418
190,393
143,370
147,707
471,583
385,860
120,622
44,391
568,912
828,987
124,144
604,927
282,747
114,580
659,680
117,617
621,720
95,340
530,903
468,898
365,550,658
257,661,699
368,613
814,953
204,316,993
490,589,594
699,890
601,711
318,596
338,406
910,983
16,649,673
629,818
634,786
117,721,769
614,738
548,698,968
48,482
75,486,552
245,419,941
32,247,907
306,751
602,696,930
544,921
116,690
60,672
257,392,868
564,908
106,646,826
4,506
735,891,945
201,362,692
400,465
201,248,831
42,650
181,515,581
64,154
152,403
375,478
932,959
126,580
527,727
41,931,971
591,839
172,535,996
674,784
369,580
361,539,662
1,459,660
378,982,986
494,913
497,531,604
365,925
575,809
7,310,401
92,389
25,944
655,864
92,639
39,674
289,426
150,516,798
466,621,856
547,944
247,816
513,782
312,928
66,218,500
274,477
578,879,980
669,863
69,718
90,512
92,854
508,792
322,450
511,701
547,615,986
89,188,955
507,719
43,182
162,412,785
262,420,471
129,240
158,808
56,522
247,617,709
342,552,712
698,771
26,79
288,925
95,238,353
491,609,738
295,523,925
337,590
356,659,726
66,180,267
15,421
499,686,950
86,357
75,831,853
488,548
269,508
182,997
84,734
450,490,520
13,293,709
59,89,662
628,790
241,957
578,817,888
235,476
663,886
939,944
88,698
315,657
302,329,677
20,864
361,472
558,644,819
147,408
336,756
203,979
152,668
199,386
872,991
292,795,945
212,828
303,367
271,301
82,459
16,44,95
12,478
95,759
779,907
381,890
163,948
466,546
129,534
772,978
374,467
18,307
410,492
60,719
196,761
49,493
18,928
890,905
450,647
297,936
93,398
286,769
179,527
4,799
245,706
250,839
238,331
97,333
394,596,860
729,920
542,720,980
440,944
415,961
625,825,890
469,743,983
227,437
45,171,937
703,791
512,567,649
252,536
483,516,689
629,776
177,638
677,963
177,723,821
415,648,988
43,276,508
122,528
222,862
641,785
11,110
140,744
404,883,955
104,708
598,843
121,182
5,558
107,234
12,531
49,140,364
125,404
402,849
137,178
43,88,311
334,675
194,853
41,159
220,313,380
804,811
319,536,700
100,785
35,605
434,619,924
223,473,931
149,539,696
213,405
337,840,877
245,386
232,446
19,656
363,688
47,558
71,574
330,530,900
74,809
837,943
331,566
26,266,566
35,614
86,312,446
216,518,756
277,477,596
207,502
565,701,819
148,567,822
554,950
15,33,344
86,517,518
142,313
217,944
239,841
183,924
321,516
94,373
281,626,680
168,321
298,463
133,968
179,923
959,967
113,124
297,973
300,647
860,982
13,88
31,260,849
217,481
248,638,650
102,681
2,282
349,361,935
112,942
46,795,996
227,252,881
385,474,924
26,272
467,745
116,335,972
313,757
391,503,903
103,237
764,769
456,480
906,966
617,907
18,491,755
329,869
250,891
174,291
397,446,507
2,30
79,268
354,586
347,371
55,733,855
250,717,922
738,910
344,621
500,699
279,808
814,857
79,847
815,938
555,697
606,767
26,151,608
172,251
637,917
499,957
499,948
697,939
226,737,844
132,270,324
229,457
258,426,653
665,949
456,837,980
94,235
583,777,782
452,572,916
469,507,915
22,443,572
48,398,678
230,509,535
626,759
784,969
170,449
343,715
171,337
742,750
666,762,838
17,979
368,741
169,189
116,454,786
20,432
109,446
116,195,987
206,735
230,563,871
32,357
300,565,877
330,801
664,774
309,547,632
114,416
561,779
594,723,844
528,925
849,988
550,847
438,804
370,371
645,717
41,259,843
341,809,860
224,430
616,632
99,155,586
9,75
184,226
667,824
288,501
51,248,422
156,487
66,353
128,805
552,627
245,333
335,484,951
289,850
207,399
243,450,618
478,527
253,735
159,611,853
864,892
2,600
235,250
272,309,418
267,649
174,937
453,891,971
258,343
419,629
259,347,844
89,372
754,868
470,968
79,469,781
297,322
175,322,651
616,742
66,143
114,344
476,862
221,422
276,333,393
215,727
94,523
698,935
216,534
140,294,481
294,510,958
97,295,673
97,784
702,842
366,802
594,622
832,927
604,724
102,387
92,671
101,163,843
622,690,858
239,870
604,808
223,846
104,730
636,673
99,352
353,805
43,414,874
141,308,861
176,674,689
69,174,914
49,250
691,934
44,148,558
32,61,831
606,852
24,425
294,949
47,819
357,796
172,647
112,684
286,577,580
444,849
153,763
73,680
307,998
450,551
503,524
470,508
449,936
226,469,991
428,865
288,762
328,642
176,470
217,819
279,372
47,145
68,798,889
12,268,588
382,418
511,853
340,499,558
328,699
68,392
553,644
357,378
437,645
203,664
61,428
92,750
497,534
396,834
187,611
46,726
201,315,345
380,546,713
295,528
120,133
17,276,790
204,313
699,879
532,864
140,716,752
377,814
190,622
3,91,777
251,383
130,797
23,620,933
72,715,903
461,536,741
297,714,888
771,883
374,549
351,870
20,101,417
295,585,960
198,471,815
17,444,864
28,829
86,604
675,736,873
873,889
113,348
223,682
196,686
70,471,773
381,773
435,785
26,582
129,246,532
39,538
58,178
183,658
327,388
186,562
54,841
890,991
599,891,950
348,940
282,486,668
254,758
6,488
158,389
312,510,536
22,120
542,672
435,455
310,864
440,500
341,966
633,714
681,908,954
119,473,580
137,592
47,388
813,927
298,528
31,33,781
799,913
509,860
39,153
439,671,932
263,444,939
186,280,386
218,373,486
869,946
513,868
303,928
487,977
46,194,361
174,563
92,889
603,760
11,198,878
104,993
704,772
299,509
104,268,967
50,119,960
489,536
168,484,986
222,387
128,307
387,453
398,620
70,100,690
491,796
379,709,903
404,961
118,137,683
82,448,855
157,547,683
606,621
730,850
17,350,623
318,884,977
780,822,855
147,495
119,295,724
185,233
156,275
808,954
2,142
161,973
98,798,825
442,799
678,718,846
529,744,977
894,934
245,449,881
539,851
250,364
359,559,884
730,975
180,457
42,803,920
64,793
37,247,914
482,818
513,919
238,925
69,571
698,896
734,846,912
640,935
489,671
227,282,617
343,595
324,480,764
28,207,306
680,749
175,619,970
140,724
388,803
811,886
15,157,984
307,635
434,927
597,801,945
19,689
241,583
160,282,739
63,250
152,466
500,513
23,565
690,749
371,951
176,498
703,792
263,505
341,453,906
465,531,978
15,82,295
220,938
28,407,834
188,416
147,652
52,301,370
523,831
563,726,767
3,491
57,291,749
285,291,972
54,362,584
471,750
114,727
287,558
483,563,782
349,661,910
348,635
272,302
228,404,459
477,721
215,670,858
555,567,662
614,841
65,945
87,750,945
223,410,551
548,902
658,748
420,440
16,142,184
221,405
176,433,860
364,746,917
109,248
301,511
111,935
139,742
478,528
29,539
136,239
564,587,895
260,555,750
128,368
28,359
193,195,577
489,516,771
16,254
374,874
109,170,451
48,687
240,471,555
682,953
580,937,957
504,533
318,495
87,602
550,758
52,618,669
689,863
267,835
850,924
372,515,840
167,542,810
291,454
746,932
327,432
345,602
89,289,426
519,619,636
260,468,985
5,526,700
414,679
442,576
789,976
82,501,817
594,942
27,840
36,367,964
882,930
187,666,833
298,304,586
144,927
406,955
58,561
420,891
111,670
366,609,724
4,456,970
448,800
208,827
115,675
5,88
309,991
110,173
161,193,699
25,906
476,631
9,949
349,577,881
126,727
519,747
35,227,234
339,999
836,979
30,553
441,955
374,793
221,266,791
138,533,652
254,786,805
87,436,806
73,672,674
118,392,982
608,897
651,755
56,758
293,422
91,457,545
431,600
399,459
671,891
515,706,768
441,795
377,585
91,831
428,905,916
77,303,957
40,924
417,850,966
463,906
106,685,919
249,439,572
84,662
26,415
728,839
90,145
451,880
400,850
298,345
123,545
53,974
403,826
394,794
462,973
432,532,569
352,506
126,896
162,460
288,697
603,942
232,454
761,886,995
171,181
679,897
779,885
115,569,736
290,543,608
134,399,475
805,928
301,738
541,604
152,836
124,165
99,254,327
250,348,960
260,697
147,840,894
267,367
329,878
545,957,962
243,333,944
268,313
933,961
56,525
147,179,656
309,456,648
553,872
4,648,979
168,686
678,975
603,725,779
281,510
521,628
648,998
3,533,962
563,816
557,661
620,951
71,393
754,779,960
619,770
364,936
241,361,659
238,878
591,868
599,974
383,768
419,670,930
320,866,891
364,416
601,891
411,590
275,352
72,907
18,913
326,376,527
487,729
37,534,725
754,902
264,539,653
189,575
181,607,824
192,387,666
372,620,918
408,730
62,390
333,650
132,906
396,676,697
703,766
380,469
177,375
99,762
13,537
182,417
664,784
545,957
418,467,846
548,951
135,746
195,197,351
542,927
22,519
1,431
161,780
92,362,512
434,560
506,603
543,953
191,638
180,826
527,899
146,444
137,490,836
354,542
106,378
123,521
462,543
274,895
560,697,848
112,253,987
611,985
460,734
141,261
404,521
258,544
683,877
398,450,586
141,525
16,594
470,615
211,270
626,695
171,784,954
23,974
185,640,709
120,573
249,457
39,67,1000
666,960
111,995
632,805
162,538,970
890,976
444,685
643,878
183,779
63,322
31,735
28,232
578,983
300,789
151,528,817
210,830,940
428,596
426,692
251,313,737
154,263,795
474,587
89,365,749
13,959
88,930
45,164
85,670
466,484
787,794,965
151,876
876,990
20,56,432
573,588,966
446,493,744
64,956
68,272,325
368,616
734,996
106,239
493,696,942
14,374
501,604
471,694
315,327,385
234,457
490,579
295,858
11,734
34,608,795
272,710,990
762,934
299,983
797,833
58,879
944,978
317,485
921,967
279,416,660
32,369
686,915
723,930,949
65,529
661,927
10,903
460,542
293,756
394,430
220,651,772
363,671,927
790,797
348,853
160,706,771
194,656,674
345,431,718
483,895
271,710,815
508,983
444,683,735
358,880
213,983
134,859
799,882
223,224
235,340
258,731
504,649,948
77,949
744,865
151,162
667,740
143,213
749,824
68,640
16,966
154,587
65,336
493,935
353,554,823
64,853
24,642
528,666
621,876
148,153,759
165,588,890
528,985
438,488
298,351,664
297,581,601
613,905
607,642,773
238,775
881,935
447,515
43,278
98,471
196,673
591,749
252,607
1,556
127,177,735
720,818
189,827
376,775
524,528
31,477
480,572
235,772
21,32
127,367
176,523
284,390
144,325
624,995
135,400,408
383,429,865
636,799
556,867
48,708
39,119
140,345
472,523
764,841,887
514,903,915
19,245,604
818,995
259,638
306,451,834
832,929
398,672
419,666,764
441,757
797,862
1,131
746,882
65,389,611
31,102
529,571
111,343,372
40,608
172,984
635,841,969
409,712,905
236,885
101,163
106,300,842
466,475
7,256
709,998
96,539,768
595,845
399,777
531,950,971
177,283
195,521
128,768
370,574
113,375
633,902
511,913
323,612
577,621
323,893,933
38,412,868
209,843,889
176,626,846
68,630
265,428,482
635,905
268,424
519,640
67,71,177
324,908
104,441
457,642
426,432
312,655,949
122,485
786,868
186,598
959,979
322,630
153,301
324,675,727
604,658
596,995
293,430,474
194,865
48,514
141,767
506,721
130,569
451,453
687,737
49,934
10,443
317,404,907
868,882,976
495,984
154,922
825,936
139,286,619
305,412
804,975
412,668,770
205,612
224,318,320
314,535
113,611
646,748
559,954
129,711
71,834
113,630,872
50,126
399,808
235,844
94,291,352
208,347,992
27,656
501,891
53,475
56,294
698,906
257,933
32,534,601
576,669
373,960
462,980
494,764
202,430,907
661,687
104,521,606
211,227
4,675
587,895
483,581
497,872
210,238
520,775
157,827,946
299,305
103,116,285
94,873
230,780
214,613
402,551
161,826
472,639
561,950
543,601
380,895
109,258
262,884
262,421,766
320,768
433,696
653,791
10,943,992
182,833
208,277
16,321,717
223,575,593
122,681
341,729
309,537
107,990
756,935
179,576
460,567
430,660
140,962
272,395,1000
350,672
674,947
324,499
173,198,685
15,526,648
242,392,834
311,546,855
424,716
171,279,646
9,32
268,992
302,433
596,673
100,280
37,391,534
508,661
384,738
568,632
293,366,378
121,703
434,444,911
487,543,558
56,366,719
244,386
211,334,471
243,438,699
143,271
374,720
568,940
102,616,880
415,632
150,672
11,615,1000
856,986
262,577
211,847,961
335,441,734
216,797,927
158,300
264,312
565,729,795
314,544,761
220,762,948
233,590
642,914
353,369
753,782
946,955
190,686
390,658,833
95,909
193,561
806,861
446,874
294,760
60,939
154,913,971
201,746
68,531
332,977
48,959
229,238
823,852
732,774
568,576,850
247,675
714,884
812,879
232,480,980
509,799,903
212,526,725
216,617,719
512,793,834
235,318,608
785,839
329,662
303,611
158,750
628,894
180,807
42,261
542,698
191,421,566
842,965
153,865,999
27,206,666
435,810
456,911
231,928
121,338
193,271,495
105,989
182,435,967
271,825
666,720
369,461
740,741
168,691
497,520,630
351,780
185,273,357
172,830
287,325
301,308,849
681,792
887,997
218,280
309,981
508,997
588,982
280,902
679,762
763,993
11,443,762
316,636
495,740
309,466
118,904
591,941
313,510,755
183,259,906
284,468
381,768
734,736
184,223,621
74,409
10,331
188,393,813
495,705
291,872
107,189
529,785
401,424
111,929
157,240
262,392
333,657
108,118,658
492,682
782,850
249,281
85,115
47,443
275,856
621,753,862
420,747
79,95,945
396,426
57,252,571
501,661,719
193,291,404
82,559
807,926
155,419
127,434,928
643,855
53,350,400
244,342
659,697,818
70,289,529
33,370
296,313,348
217,500
294,737
483,859
297,386
306,591,903
657,811
928,947
328,506
181,581
84,576
590,984
234,373,727
125,846
800,892
218,381
335,363
726,842
602,643
69,448
71,255
52,68,552
457,944
411,573
914,958
218,386
362,436,722
166,497,778
634,755
402,723
401,410,593
447,835
51,290
549,904
42,939
28,125,900
203,608,802
42,177,875
140,648
198,552,958
324,831
51,650
106,994
61,401,641
472,993
107,386,425
209,705
297,751
228,814
175,383,535
300,363
314,626
350,674
167,252
97,852
612,867
247,880,911
171,291
716,900,920
45,694
172,916
324,618
52,328
176,248,733
278,365,690
447,555
597,656,776
636,704
8,187
164,475,769
253,438,533
512,892
147,332,666
7,363
102,761
355,363
310,341,559
365,505
28,743
33,967
622,886
191,510,722
815,886
437,581
233,313,943
447,972
109,724,845
57,966
340,348
563,795,899
516,846
138,372,929
267,629
54,90
317,797
803,842
507,985
411,578
550,571,957
144,178
360,560
380,618,732
124,142,585
455,503
30,654
353,927
169,815
646,818
460,743
238,989
164,807
294,421,561
433,506
81,600,638
409,972,994
368,537
349,486,642
441,451
226,615
46,615,730
785,838
80,254,741
128,366,949
630,660
256,862,929
26,335,597
53,896
245,328,744
535,871,884
197,503,700
54,105,587
46,375,963
12,849
124,717
56,369
453,907
15,390
299,366,839
259,313
406,775
798,874
239,240
7,9
34,400,956
186,420
83,194,274
329,378,769
418,872
163,208,286
61,505
455,610,828
1,781
439,854
59,406
423,537
616,920
154,354
75,217
543,957,966
10,813
91,325
220,541
119,440
57,76
487,824,968
2,731,905
16,101
124,226
503,973
142,698
30,262
330,703
413,450
26,878
333,434,518
32,432,509
144,268,580
243,703
155,363,377
316,606
33,869
190,561
249,353,623
102,152,871
515,785
484,766,792
338,507
199,976
213,244
227,529
523,757,764
245,508,625
426,845,930
72,734
467,742
167,513
346,511,971
155,975
60,87
175,681
190,786
195,262
821,831
517,523
78,358
511,950
579,693
1,437,681
329,586
97,660
156,861,877
158,686,831
144,920
339,386,516
370,378
493,807
292,683,882
762,870
36,924
645,734
67,92
159,391
810,846,971
269,837
89,142,627
75,330,605
578,583
647,942
121,638,707
65,180,960
287,756
519,849
329,796,913
106,909
135,334,583
340,593,634
261,500,697
176,597
306,556
538,723
43,564
160,267
91,687
721,886
278,688
554,964
193,539,768
470,883
174,547
294,690
267,812
155,855
351,759
315,390
551,662
555,728
164,525
571,934
307,385
60,622
364,447,508
686,934
467,923
156,405
208,229
340,912
320,397
91,187,703
105,556
277,762
81,746
408,604
722,885
81,198
74,791,842
408,913
169,239
501,831
54,966
895,926
585,681
261,281
173,703
1,122
54,81,687
189,585
332,572,675
980,995
246,652
212,430
411,567
619,920
363,787
35,300
783,928
280,449
26,841,921
595,633,791
796,949
42,374
615,918
44,420,485
364,637,954
353,976
408,951
554,769
629,746
80,481
768,783
371,819
403,441
77,315,424
101,467
442,690
217,305,996
198,236
31,51
386,543
104,261
278,912
199,211
156,936
58,947
259,303
42,722,859
284,573,826
384,462,907
334,533,818
362,455
51,148,803
114,294
137,232
32,642
117,248,895
556,805
176,520
74,203
419,631
41,468
138,299,953
389,392
395,535
361,403,675
493,637
31,819
318,527
207,615,820
427,622
155,619
396,866
578,719
755,991
286,528,666
393,547
649,652,988
146,945
170,817,934
482,661
28,220,672
477,890
374,786,936
290,913
114,914
128,647,716
214,651,853
684,937
83,964
39,55
48,233,414
270,461,833
195,588
458,870
303,446,487
519,545
31,399
332,452,529
72,219
144,391,782
862,969
303,457,794
327,351
80,718
609,948
593,628
268,992
477,621
76,232
461,474
389,783,819
670,680
88,282,415
116,393,587
263,1000
5,458,585
157,184
512,780
638,679
7,376,541
30,788,827
207,835
583,757
11,306,327
388,441,991
88,141,340
795,956,983
816,892
392,445,738
881,952
107,787
434,962
62,113
596,747
532,644
108,422,709
50,120,700
294,998
490,605
172,463,631
812,839
44,794
337,877
634,639
59,763
70,334
402,705
424,484,774
549,658
312,679,762
307,967
540,556
11,165
247,419
229,418
290,336,383
236,965
474,964
177,790,911
435,734
52,184,255
364,811
808,936
457,493
33,351,896
240,243,271
282,436
10,206
79,277
894,930
464,645
280,369
96,164
682,797
346,845
17,34
104,311
595,645,665
118,474
486,662,920
116,969
73,191
28,107,696
212,725
488,681
45,761
90,750
472,619,989
842,898
481,490
108,682,753
471,578
464,952
722,917
692,723
233,497,586
557,598
161,731
606,673,933
594,944
310,330
170,178
289,367,693
144,807
241,873
491,517
137,403
417,743
218,522
236,943
110,799
109,231,366
869,891
368,944
158,263
442,539,628
126,642
265,550,680
21,873,957
651,693
17,331,469
129,535
58,735
590,800
221,249
373,777,868
187,416
91,650
231,294
349,699,752
96,103
290,405
391,764,956
78,725
704,803
155,211
140,438
363,996
460,882
560,889
471,578,666
132,946
151,716,804
120,980
374,847
782,999
477,678
283,399,875
440,508
161,664,668
117,815
103,997
593,813
90,339
359,615,919
65,853
88,556,564
40,209,638
708,881,942
4,782
110,642
730,847,999
27,208,294
90,151
460,820
44,92,973
152,461,584
34,203
32,503
233,707
158,432,864
261,780
242,684
93,356
867,934
541,566,813
403,515
274,638
224,915
221,445
497,734
25,403
780,932
529,535
401,474
334,948
514,710,895
902,924
271,472,581
367,503,845
169,627
467,627
122,852
711,790
63,882
444,474,511
82,201,977
577,780,971
258,746,846
365,420
9,679
89,190,488
763,788
64,196,739
56,958
65,148
632,651
64,640
609,913
671,712
336,799
39,401,705
296,510
31,595,616
180,237
77,246,707
68,587,665
640,724
347,443,828
53,783
176,484,621
308,969
557,675,723
140,661
325,511
710,918
23,620
564,958
538,691
246,658
509,701
292,459,462
98,726
259,803
391,505,530
695,945
603,656
105,498
432,937
794,854
217,716,960
632,788
554,605
498,630
391,610
538,689,952
131,289,969
911,930
168,631
139,667,694
496,992
4,656
227,294,860
393,616
337,593
69,471,478
200,456
469,869
164,257
254,484
450,959
31,320
253,345
176,376
147,432,769
154,357,931
80,310
299,587
240,308
531,807
150,782
394,511
36,74
190,247,607
224,391
590,660
46,463,955
101,488,604
620,816
363,539,867
653,767,926
90,346
567,883
240,455
231,462
432,709
567,686
494,727
289,898
611,903
333,544,987
132,432,654
361,522,571
293,332,972
130,232,768
175,456,720
75,455,532
177,448
95,904
88,947,975
559,767,992
657,883
315,695,707
51,273,563
202,341,938
100,359
50,572,873
134,370
221,242,907
46,476
95,574
177,362,900
429,853
32,199,242
150,946
315,316,630
63,476
512,845,889
109,288
175,622
172,304
750,771
266,501,943
97,441,722
14,822
142,437,872
158,650
386,659
24,965
174,442
202,429
207,635
334,515
139,983
41,144,219
16,604
222,490
104,285
394,714
204,931
593,791
521,557
175,257
690,861
435,788
746,920
177,560,834
402,932
35,297,629
104,963
101,182
351,568
371,538,548
195,215,410
206,667,742
29,929
349,694
410,845
76,494,926
336,635,899
644,924
137,984
216,296
145,613,939
108,415,469
555,625,661
245,840
221,725
198,933
155,618,620
78,162
214,830
344,654
868,976
301,316
145,632
391,817
235,993
357,366
695,862
157,993
441,460,796
484,561
217,402
368,653
287,931
87,226,281
49,139,598
428,888
143,660
134,651
345,616,617
509,578
114,668
531,544,831
449,663
510,672
310,825,826
27,706,960
171,371,868
134,729,777
228,353,972
16,467
59,289,716
405,905
42,617
158,465
92,655
201,455
288,376
634,928
946,964
141,351
118,223,302
422,455
642,892
296,492
498,782
270,505
72,414
879,936
65,360,859
512,725,978
170,336,655
72,608
473,646
277,843
152,637,643
92,223
552,660,712
209,460
188,262
544,714
602,977
69,334,349
139,413,765
58,600
259,630
97,910
246,324
431,649
174,621,896
255,492,887
101,860
58,176,949
864,918
212,514
99,226
551,819,848
36,539
544,775
159,209,474
626,725,852
229,234,937
191,649
753,869
117,758
532,714
276,304,974
21,435
135,300
156,331,504
394,932
129,702
453,641
640,807
155,510
65,624
241,430,509
51,330,915
72,363
412,613,649
191,275
89,915
12,520
15,437,991
319,527
270,300,514
119,648
407,719,865
284,480
104,339
112,119
79,516,709
456,662
62,542
207,322,359
121,776
344,959
151,571
645,798
569,901
2,636
644,978
954,957
155,361,685
198,304
229,770
718,972
468,795,849
77,80,755
92,430,703
322,781
672,730
400,856
167,427
761,844
407,746
174,181
104,846
67,162,415
691,901
30,817
242,462
160,545
206,306
65,783
583,888
326,831
538,543
332,526,837
190,489
428,943
630,839
72,369,721
52,122
141,206
351,724
552,954
147,369,583
344,363,862
330,634
531,868
395,601,853
300,533,768
123,569,709
112,632
509,727,832
413,873
36,200,898
295,326
470,762
62,162,968
708,972
177,656,866
182,235,409
319,706
313,352,541
166,537
203,346,518
232,661,831
216,945,949
403,584,818
249,618,984
63,186
239,783
333,823
835,948
193,373,731
107,452,849
187,656
240,258,762
88,547
337,364
483,914
55,60
13,72
536,649,825
48,253,548
202,781
27,303
25,647,937
92,161
90,563,729
158,790
501,654,913
66,825
95,205
458,869
74,397,1000
157,847
513,837,886
516,590,658
351,643
741,818
606,760
313,490,545
617,793,985
10,359,458
75,499,733
751,899
66,826
412,535
82,978
65,729
295,878
416,768
308,488
348,466
325,391
342,501
226,375
656,939
290,614
6,246
266,903
574,893
328,647
757,833,876
722,748
271,486
292,762
332,672
146,168
185,485,928
66,105
41,185,563
170,387
397,650
343,532,630
209,744,858
181,550
305,605,669
22,131,556
244,784
443,787
89,846
83,93
32,669
158,557
219,590
107,246,405
267,404
323,688,995
216,939
118,170
228,654,829
210,797,992
609,709
109,508,959
57,802
287,436
119,646
221,480,559
606,862
180,276,700
736,812
69,140
178,514,998
454,966
30,284
793,931
94,191,614
653,725,891
279,646,917
309,974
69,673
76,825
210,656
882,979
151,313,318
12,287
579,663
75,751,842
69,672
549,652
164,479,888
298,766
216,524
619,900
253,319,464
138,929
661,739,765
94,172,755
23,680,884
284,768
206,281,328
353,871
843,948
429,714
308,972
43,248
155,952
194,388,842
158,483
636,664,914
278,480,580
197,427
318,747
90,824,910
939,990
454,582
224,391
730,733
433,827,902
94,721,919
372,936
64,72,451
78,440
255,828
263,336
48,669
338,467
353,399
399,697
312,897
74,898
745,785
238,278,322
294,857
283,396
363,404,986
445,850,963
439,846
574,814
904,934
119,326
349,601,903
570,857
86,181
488,635
696,837
286,886
229,416
394,937
35,647
372,428,592
361,830
701,902
179,822
198,275,391
305,790
351,619
459,570
540,752
778,863
223,447,898
174,729
178,509,719
283,414,487
65,867
101,484
410,788
181,242,243
187,533,776
115,271
237,691
184,383
580,952
690,861
345,414,481
36,320,346
32,77
132,586
41,524,608
412,742
444,653
342,566
191,745
41,55
1,55,157
534,965
447,817
72,916,957
395,445
655,970
414,819
59,186,856
211,456,495
138,270,416
259,796
463,810
204,854
185,426,608
206,240
386,758
59,726,755
167,214
194,455,800
830,838,962
571,636
134,512
470,767
488,677
465,701
561,945
299,980,990
287,928
359,811,906
115,126,486
138,456
548,629,734
510,513,931
387,388
52,61
77,746
684,693,987
532,601
152,358,372
546,846
748,768
111,815
120,776
393,672,684
279,628
861,898
5,378,476
137,363
595,701
887,943
391,610
263,820
333,387
709,774
948,996
506,972
164,941
157,458,683
19,501,710
306,854,902
363,494,755
61,692
413,496,980
384,821
52,368,704
175,354
551,813,947
389,514
207,354,567
362,409
110,126,277
25,70
262,511
221,267,755
145,666
992,994
546,575,684
209,261
477,860
38,245
16,28
829,868
659,835,916
606,705
398,536,999
486,677
382,568
393,961
539,811,929
315,329,874
150,239
152,545,877
65,638,816
200,352,775
477,930
267,469
21,804
110,383
421,624,866
928,973
377,476,576
38,472
5,104
323,614,733
469,484
261,947
380,556
729,843,989
346,394
60,398,556
690,997
83,723
195,222
620,756
303,554
589,775
309,591,679
545,594,895
479,708
59,188
588,677
15,940
290,595
389,539
207,838
530,927
32,738
274,650,744
38,176
588,658,733
548,952
283,534
140,371,912
9,293
383,946
600,678
246,425
736,801
365,660,837
386,722
24,543
529,851
171,536
49,981
730,882
820,864
146,323
41,360
600,851,933
609,792
478,596,929
90,165
217,519,840
333,907
480,495
111,404
270,481
406,426
103,272,480
164,694,716
180,416
92,913
499,916
42,70,782
111,439
412,973
425,500,629
847,923
144,518,935
453,512
685,715,972
289,366,621
7,385,492
372,663,729
536,738
185,561,790
655,796
158,558,965
190,336,462
186,722
323,809
573,727
160,381
112,542
129,455
360,501
540,682
390,753,992
166,390,771
359,373
327,585,928
235,968
583,935
923,953,979
375,688
876,917
326,720,986
162,511
66,414,915
107,424
21,273,866
310,413
228,435
50,98
307,452,455
644,865
220,914
438,529,552
261,987
73,942
652,702
356,942
665,750
120,482
202,483
29,198,255
270,764
411,688
117,410,722
139,780
329,410,869
190,343,998
111,928
188,239,437
298,663
453,712
592,975
128,369,566
42,402,930
13,624,845
40,209,343
51,388,650
107,292
236,930
271,567
52,878
19,158
118,414
280,625,716
511,722
42,679,701
348,401,489
321,991
82,509,570
459,715
285,846
315,322,578
389,733
269,631
3,529,944
551,698
486,642,935
480,550
712,986
184,223
796,840
247,640
380,952
116,922
668,696,942
458,662,986
144,508
696,957
114,453
513,948
246,473
393,900
51,425,976
69,90
741,789
612,622
817,964
305,741
215,780
648,683
8,848,1000
461,790
149,548,972
124,306,936
77,247
306,461
445,624,664
158,985
74,676
257,589
75,146,974
384,474
189,630,788
276,304
112,585
379,926
28,31,706
110,237,951
652,785,817
931,983
221,609
632,832
30,37,914
536,591,694
170,954
707,809,967
69,111
38,78,840
180,569
47,71,282
114,493
52,915
39,409
178,333
57,209,725
801,890
29,87,675
87,279
308,743,754
628,876
5,893
422,915
288,289
349,428
262,668,739
81,681
52,63
329,728
80,777
491,557
100,751
254,932
65,158,819
662,822
339,641
409,931,968
258,948
68,360
65,455
97,515
360,587
98,808
28,179,370
621,925
618,689
137,593,845
275,522
139,365
178,272
240,787
491,601,644
327,753
226,734,902
226,501
92,897
149,151,825
374,697
78,114
2,613
95,630
333,336
342,874
731,867
119,351,417
171,174,495
163,532,714
895,973
160,200,951
58,102
333,570,853
108,492
349,428,840
433,919
798,820
369,958
435,747
291,673,807
818,863
361,829
586,619
287,697
415,893
553,851
135,260,416
109,680
18,808
730,984
804,877,988
479,580
272,330
435,685
243,494
319,523,960
97,286
724,828
358,374,502
377,869
421,567
517,729
79,127,583
14,492
5,832
540,775
244,996
306,556
223,418
365,372
468,505
396,842
112,475
491,945
345,882
368,968,972
276,502,951
177,803
155,458,826
4,338
75,293,1000
9,968
151,213
43,49,586
555,875
159,754
175,505
182,184,718
66,811,873
875,949
427,678
355,896
183,691,855
27,801
635,895
310,980
607,803
331,456,837
408,857
68,419,728
109,127,880
387,929
364,614,622
388,901
454,553
215,658
204,261,985
576,673
528,625
6,69
95,409
463,489
274,389
106,358
72,865
597,777,882
380,841,902
688,707
469,663
480,888,921
273,398
189,934
221,360
551,938
363,366,504
51,864
366,491,676
668,720,740
279,736,745
255,385
138,181
355,895
416,645,988
298,337
198,839
464,608
870,890
434,633
1,911
159,410
91,766
746,867
196,629,831
246,586
391,730
371,660,709
233,949
434,963
279,752
240,924
401,663,771
479,752,919
498,631
657,667
226,382,538
617,655
424,877
461,479
576,860,869
235,567
119,576
68,544,729
707,755
207,261,368
287,303,724
230,287
717,936
893,966
216,310
337,377,622
387,868
598,621
417,561
113,223,917
447,936
317,705,993
387,709
158,360
162,190
845,933
536,636,757
2,25
504,573,680
48,621
114,471,533
33,621,995
301,383
628,708
499,888
445,540,795
649,742
39,878
660,776
62,63,547
620,812
8,911
237,682
164,885,916
98,193,539
158,277
171,515,694
234,750
660,779
476,616
38,728
518,611
237,630,987
154,263
181,824
642,988
243,696,737
256,359,883
162,375
240,330,429
420,720
224,670
554,560,964
80,560,853
59,277
44,823,859
249,370,682
322,878
31,265
333,802
25,954
12,388
522,899
274,400
825,935,937
193,477
53,546
266,882
6,85
612,923,999
753,846,904
519,602
91,135,640
268,590,922
288,496
191,558
365,670
203,762
131,273
33,536,672
130,373,664
372,584
343,534,849
482,513
368,435
156,929
373,619,817
126,805,953
47,136
464,923
102,950
273,611,859
325,434
535,702,874
343,448,803
813,820
255,526,833
3,894
172,795
91,357
46,510,717
12,597
790,791
848,977
163,489
329,874,951
71,312,578
870,944,959
384,785
401,974
552,941
518,605
309,509
403,851
200,587
7,866
135,648,694
759,883,909
17,498
242,676
31,891
101,657
242,299,645
124,222,475
750,805
336,930
483,683
337,349
863,969
584,878
98,613,899
9,532
401,630
149,513,917
46,63,775
424,460
69,598
679,978
43,538,778
441,475,570
695,984
140,706,779
327,467,757
446,783
290,465
19,263
81,268,291
296,315,492
86,224
543,767,900
580,785
205,726,737
242,715
159,395,700
30,652,825
364,565
225,827,850
25,929
118,215,466
415,597
414,615
121,568,955
132,721
257,575
307,606
716,906
105,826
227,267
399,444
696,982
406,902,968
126,393
265,471
57,541,779
140,170
334,941
837,941
211,619
428,742
33,751
439,736
238,743
94,273,574
515,592
209,744,750
906,935
247,816
486,719
25,722
15,146
179,191,948
637,799
318,743,819
41,283
144,501,857
887,982
72,260,273
88,555,933
611,638,711
382,850
302,508
277,977
86,120
362,472
130,375,996
217,826
447,552,649
336,616
758,804
74,374
205,604,912
62,330
369,934
379,531
262,808
400,930
8,354
2,840
275,847
795,920
76,546,574
917,945
736,792
191,960
27,213,660
21,121,384
182,217
101,737,753
717,766
99,430
798,852
523,541
68,277,360
170,865
357,779,859
100,835
176,325
224,263,785
3,225
91,791
213,599
624,800
345,401,984
159,644,711
380,671
27,525,745
18,615
57,817
487,798
704,841
204,990
8,59,633
651,900
374,704
355,597
16,327
279,284,479
393,902
92,515
334,757
417,467,994
28,380,953
256,674
185,382
207,290
774,920,934
665,705
447,533
278,300,787
101,167
410,688
811,925
12,957
537,556
61,201
724,845,950
303,462,915
149,241,324
51,286
47,187,998
751,834
328,739
20,830
101,946
248,955
237,775
680,901
56,110,734
129,407
576,663,688
80,865
787,801
520,850
73,202,833
133,543
73,275
67,540,944
327,991
832,982
350,403
53,806
724,771,830
846,849
516,602
824,892
691,852,938
41,368,983
58,222
266,954,983
578,583
347,484
246,352,990
695,863
684,698
78,132
57,319,784
118,989
311,553,945
168,419,783
41,283
21,191,569
252,381,716
294,548
401,878
263,717
180,792
60,318
116,385
662,687
217,334
73,196,342
37,982
211,964
330,538
412,761
292,611
196,461,614
375,759
69,486
66,615
204,256
137,443,783
263,333
356,982
773,789
386,808
41,517
135,248
89,371
329,484
139,469,798
272,945
228,822,944
165,189
558,794
461,877,960
434,710
794,821
103,385
534,968
285,571,916
448,584
67,344,356
36,676
51,455
647,718
534,571
670,716,879
387,557,616
241,366,838
252,539
3,202,248
166,997
127,585,848
227,532,876
90,219
115,471,844
63,612,946
157,939
740,976
63,311,658
516,822,969
320,681,721
77,177,492
26,155,875
370,758
445,576
746,858
173,811
398,902
252,752,771
209,725
429,624
321,578
621,786
35,634
590,849
47,652
304,685
178,407,509
170,595
610,979
30,835
589,854,922
606,923
195,520,810
38,265,573
616,828
223,453
566,694
263,542,889
140,557,605
466,961
44,446,978
375,898
517,744,961
105,250,721
12,808,860
32,650,799
171,824
194,491,531
253,820
35,164
246,761
184,249
15,296,854
221,252
175,658
428,758
275,506,628
607,976
346,911
616,919
304,520,997
303,842
346,767
454,737
177,274,310
490,606,672
580,929
466,687
105,421
508,694
861,916
16,192,604
280,368
274,388,562
33,524,595
104,398
497,669,992
96,299
420,877
152,174
680,736
364,419,825
20,266,961
233,974
121,397,462
122,685
435,573,890
49,120
347,498
365,695
727,918
846,934
19,292,706
644,686
174,799,828
693,875
309,879
396,643
422,524,724
372,385
711,895
922,952
473,999
721,773
517,967
535,806
893,953
32,897
426,430
511,853
652,666,981
517,788
111,614
815,934
649,844
754,998
186,282
457,699
463,902
596,825
127,178,251
163,515,824
798,947
579,778
98,305
681,982
32,203
270,581
379,893
445,735
239,805
401,415
264,629,816
370,923
597,743,945
191,478
79,172,767
156,802
13,367,709
463,551,678
151,463
167,229
234,243
509,870
334,890
469,594,922
251,367,634
618,732
602,912
525,627
263,686
409,933
228,814,822
4,731
52,142,847
405,787
514,620
552,858
66,867
46,667
270,747
74,106,189
146,705
576,643,855
364,401,537
24,649,960
211,541
38,290
56,456
554,939
298,586
356,598
221,853
280,825
827,830
270,877
95,123,952
823,949
342,539,954
20,731
118,168
548,863,891
414,854
291,421
85,898,971
127,634
284,731,958
499,995
323,813
33,375
150,198,682
190,430
369,778,899
250,369
449,819
748,749
96,528
238,359
245,532
61,766
598,893
561,831,909
145,183,320
277,407
41,648
95,574,909
468,600
469,719
238,641
125,324
493,624
325,557
337,397,945
40,767,831
825,894
241,413
52,316,982
439,779
71,429,534
114,226
365,664,926
713,806
87,452
247,273,557
440,473,925
976,990
696,758
468,926
591,696,958
110,186
334,442,473
86,367
397,901
731,839
309,326
274,810
161,541
137,228,235
247,477
308,882
485,703,915
308,335,786
98,447,937
470,743
18,194,723
719,792
904,955
292,583
125,153
41,782,849
186,269,712
439,606,932
57,851
747,889,936
160,164,972
168,847
294,443,769
21,218
13,543,871
10,33,233
282,832
672,951
112,588,759
460,945
411,869
90,440,673
698,774,806
722,757
49,720
13,477
304,663,796
239,408
14,57
340,540
192,642
818,825
431,554,595
138,989
192,936
474,907,939
216,557
208,820
495,741
111,776
556,850
792,929
252,280,457
224,560
277,346
293,665
700,896,940
528,649
177,322
475,597
63,798,946
356,961
322,806
94,133,479
115,727,916
27,751
109,696,723
96,221
136,554
765,858
782,865,973
245,275,479
402,942
262,753
303,848
486,745
173,800
54,986
247,702,898
574,685,952
302,460,874
7,462,489
193,500,727
119,625,728
193,977
548,690
335,418
322,351
106,626
104,648,846
81,359
28,351
174,484,941
761,824
82,723,900
654,914
215,476
193,473
137,600,940
60,395
210,323
389,402,653
550,899
69,960,983
567,580
422,819
398,411
532,750,762
351,490
43,509
711,858
54,605
10,663,754
209,399
153,400
361,458
548,770
446,849
89,161
483,936
383,834
319,890
409,618
394,867
198,353
146,615,654
411,863
104,648,833
3,397
260,436,971
325,683,709
64,779
846,959
710,806,821
550,773,881
423,513
277,384
131,499
591,874
632,771
124,704,943
287,762,930
286,528
217,334
391,554
170,829
562,804
490,904
139,205
399,470,507
201,715
168,698,887
98,652,685
141,246,957
200,258,565
355,564
625,776,835
565,799
409,855
249,598
11,588,810
536,931
145,385
360,608
36,77
234,334
31,935
3,766
114,120
350,394
58,293,374
252,358,808
397,933
106,261
650,973
883,958
17,762
159,496,892
222,317,734
347,889
187,290,964
286,384
433,474,930
611,777
565,924
17,210,963
26,253,620
460,732
68,330
179,594
1,375
168,242
611,871,1000
490,739
83,554,659
601,816,834
626,743,944
278,598
224,746
311,380
109,541
275,876,894
195,681
656,738
465,692
245,601
275,808,826
778,836
508,550,965
26,171,938
76,453
399,458,748
374,697
37,46,573
429,831
58,282,580
171,428
230,492
101,707,734
382,495,545
275,894,930
416,545,935
393,516
533,660,995
191,699
546,625
327,435,963
145,174,823
25,577
354,501
781,797
284,607,905
60,492
446,587
668,768
31,117,808
293,498
5,660
49,674,989
300,403
234,275
594,943
124,564
416,879
124,306
763,907
325,713
237,938
201,353
604,616,735
94,364
346,895,965
122,184,730
250,898
293,973
438,810,952
345,786
199,442
756,966
376,457,890
48,228,329
439,932
481,602
816,828
162,780
81,313,678
245,517
95,763
53,536
58,91,303
161,680,952
334,591,995
106,681
12,123,738
138,346,905
311,411
84,489,869
103,148,271
682,844
420,721
235,877
312,407,434
506,869
333,407,617
148,487,665
334,986
539,838
250,643
326,975
112,424
44,446
122,790,888
194,292,772
722,757
508,651
53,783,891
427,757
730,733,836
23,492
55,256
588,830,863
320,465,512
420,506,667
29,89,249
15,424
107,338
495,855
261,505,522
408,995
592,979
331,456,881
76,848
170,391,605
490,790
31,388
127,819
49,128,809
345,392
249,798
46,204,268
13,800
190,734
308,632,979
272,770
3,42,399
264,389
722,736,860
449,642
931,946
269,696
108,356
382,731
357,562
21,725
606,684
312,452,871
89,604,824
115,305,801
68,304,724
392,468
257,438,745
137,475,860
734,840
863,997
403,659
693,754,795
251,693
28,600
789,932
181,495,995
384,470,719
710,999
292,633
321,421,660
322,844
403,765
79,743,951
395,565
35,246
314,317
151,519,925
679,979
566,622
132,133
544,738
203,487
387,638
114,478,969
390,500
678,699
695,921
464,754
366,436
320,816
33,702
320,522
344,797,844
17,359
165,707
20,945,988
424,615
173,797
14,357
137,483
565,867
217,851,905
238,322,498
385,767
784,895
59,692
3,1000
219,339
64,445
445,505
220,982
133,319
260,853
632,918
339,778
281,927
233,953
409,827
533,625
110,298,775
310,549
142,409,469
35,646,960
170,263
65,430,735
841,975
98,331,759
243,767
442,563
784,966
217,227,764
221,831
334,672,860
471,523,629
53,409
473,760,968
383,508
708,985
124,224,699
910,965
146,991
329,586,786
6,551
658,963
121,950
50,267
458,858
418,919
127,511
131,398,844
161,796
863,940
862,872
212,711
32,252
132,442
193,621
400,780
593,759
103,848
53,983
885,905
80,889
63,121,927
21,317,580
155,586,943
138,511
838,886,922
140,152
475,633
105,533
601,857
326,717
541,550
167,339
121,436,895
596,837,929
518,703
1,62
173,992
816,939
507,784
97,186,789
316,893,999
284,372,461
171,405
580,800
181,233
444,723,947
111,229
466,515
28,497,751
254,468
318,558,842
346,587
663,803
189,480
176,383
388,473
23,173
161,776
869,1000
537,861
59,526,579
129,742
66,78,944
124,596
275,505,958
150,668,926
220,313
254,353
130,914
660,731
530,907
97,633,889
622,818
48,702
811,888
211,622
22,290
427,717
31,656
608,610
299,728
377,674,822
807,976
91,788
162,822
322,852
253,370,947
420,780
37,231
602,719
208,265,288
422,711
792,985
189,851
379,702
144,780
29,285
27,506
559,716,877
35,736,990
22,789
300,331,937
310,545
42,616
428,877
147,699
143,494,646
275,694,838
228,463
463,627
254,961
322,836
565,690
278,485,737
641,784,989
153,435,927
14,444,892
701,843
48,466,798
470,930
309,850,974
11,321,813
94,399,507
819,915
541,941
112,308
212,362,849
73,95,507
565,793
297,894
718,876
6,49,888
95,947
178,793,986
658,714
121,254
49,305
641,784,917
662,672
238,556
86,543
496,773,938
46,859
73,962,990
497,835
87,823
289,312,701
240,483,928
387,794
633,800
232,549
366,482
178,440
143,191
160,578
618,874
258,683
355,546
179,604
35,226
132,170,330
499,541,838
234,550
282,868
217,353
228,454
34,907
480,578
73,412
18,973
704,814
416,536,599
87,849
177,258
38,972
24,550
639,948
692,796,981
107,125,844
533,748
435,458,651
669,898
331,883
226,396,469
20,380,588
9,509
16,668,877
119,599
65,216
457,620
224,491
129,402,605
646,780
447,519,942
71,108
4,381,815
5,315
393,906
645,733
478,700
156,229
1,663,947
186,670,810
74,845
449,706,868
252,840,970
3,489,889
457,838
210,827
414,999
449,646
128,529
143,917
271,349,954
129,277
197,521,841
33,64
215,731
176,313,830
257,326,773
397,928
322,476
802,949
561,884
420,560,614
137,999
181,186
40,701
573,629
14,149,935
205,872
405,528
739,844
166,672
66,595
97,126,481
225,644
639,920
585,912
212,444
21,909
785,827
67,776
506,642,731
64,663
643,662
541,789,996
531,894
11,683
414,604
22,365,668
46,726,778
33,148,271
263,692
413,962
251,432
387,615
82,341,424
143,752
434,474,485
156,471
148,692,796
612,733
200,248
20,671
634,779,793
157,823
109,518,535
35,479,876
21,382,452
631,651,797
609,918
112,567
65,416
115,740
19,443
70,824
442,708
139,147
432,471
144,800
270,525,976
190,226,893
137,772,932
82,145,971
481,580,770
4,73
309,775
206,522
134,702,711
72,993
178,243,754
183,786
701,837
188,221,717
443,550,728
89,947
215,896
37,103
197,825
885,888
39,354
128,773
318,657,665
773,811
106,458,698
83,203,224
33,711
329,723
339,377,797
217,728
176,728,931
194,646
207,788
9,429
660,937
63,896
161,706,858
426,486,640
218,286
282,854
276,767
87,407
79,629,922
228,881
360,895
12,209
14,42
13,414
259,711
548,698,922
21,828
284,493
542,995
506,539,652
8,875
630,919
838,871
248,831,931
281,300,902
469,554,594
789,851,876
183,686
531,702
267,273
542,893
623,946
137,322
86,104
59,90
181,386,545
371,759
178,401,719
21,422
800,803
66,842
259,950
516,847,893
49,927
227,989
332,694
58,634,911
95,701
193,911
10,101
25,189,739
166,750
87,396,735
325,685
48,305,803
572,839
321,969
513,966
346,617
382,886
295,464
225,788,999
390,685
330,474
581,778
225,489
620,770
313,846
149,433
39,424,473
186,838
563,840,869
594,708,709
176,555
529,578,910
103,531
347,764
913,924
118,836,904
722,940
467,779
689,991
49,720
243,334
6,203,783
9,391,714
190,219,838
68,245
259,799
817,962
389,890,933
272,367
817,818
81,268
375,658
412,422
169,607
376,412
312,881
102,915
259,354
219,624
201,930
238,484,568
455,512
424,635
20,418
12,672
617,744
40,51,83
143,383,660
234,428
89,351
362,503
394,897
531,689
458,728
304,363,645
34,187,501
89,538
254,999
291,642
533,852
61,422,557
538,977
199,468
56,269
507,964
149,410
766,995
44,845,866
36,396
622,896
793,853
39,348,556
123,389,653
513,531,714
190,207,574
160,674
76,400,734
276,319
407,544
600,873
640,795
90,630,863
191,619
130,761
62,118
418,689,870
304,566
169,326,428
638,834
325,865
507,634
312,816
107,471
127,842
166,700
711,792,819
26,831
250,371
144,618
224,509,595
50,155
644,964
347,883
352,975
297,319,334
488,602
455,891
680,749
494,551,560
355,794
325,531,897
785,877
731,916,929
321,688
542,751
150,190,809
103,842,865
403,768
357,402,799
700,938
213,653,734
571,588,674
291,403
159,535
336,691
514,799
273,536,922
232,433,805
220,576
163,206
96,569
71,433
528,708,844
332,434
365,397
208,257
65,72
112,958
503,924,964
227,664,741
271,568
358,622
91,851
377,979
123,366
15,567,575
187,945,965
432,651
256,813
146,421,538
519,976
14,942
18,429
465,557
143,229
332,690
301,786,909
278,821
205,442,814
679,920,931
603,986
274,470
637,664,709
484,490,698
62,347
137,691
117,267
123,242,360
272,568,772
227,617
59,88
161,293
21,318,745
208,754,923
821,891
593,671
758,953
60,911
862,893
884,921
324,947
619,954
355,504
205,635
319,540
765,767
527,742,839
166,598
434,546
302,545
656,779
128,616
89,364,709
198,309,810
514,675
599,625,735
85,140,275
636,837
803,895
527,533
511,710
716,980
400,588
862,969
209,860
491,907
869,870
143,523,941
131,296
1,857
230,355
159,563,710
240,317
232,846
486,708
323,334,505
63,459
496,842,998
34,47
10,99
211,486
106,475
211,689
740,775
198,758
213,389,751
138,270,804
518,795
66,903
71,468,889
374,897,923
55,146
411,574,626
314,413
354,718
122,309
231,314,782
488,620,947
133,731
165,264
403,868
353,538,929
696,905
118,918
359,526,957
789,917
77,247
290,931
171,917
223,378,682
196,376,696
190,733
354,520
219,260,782
299,305
97,471
87,795,977
410,726
502,613
22,442
93,657
130,370
408,813
402,426
619,714
101,781
430,843
29,891,978
126,232,840
21,507
317,783
110,223,657
124,225
477,677
326,334
531,961
824,838
215,521
256,433
134,396,825
720,879
360,577
488,791
705,801
40,615,863
829,997
128,457
71,584
306,749,780
281,770
129,242,389
94,942
177,621
715,800
802,978
8,416
322,604,922
247,695
175,917
215,654
752,768
116,737
181,268
784,947
61,845
566,838
122,308,904
410,627,928
297,434
221,426,633
422,729,762
547,851
609,922
10,754
436,535
679,866
170,397,455
494,683,762
78,768
478,940
459,1000
413,977
269,797,832
797,904
408,810
37,949
17,738
56,999
365,741
745,776
58,610,900
131,232,305
2,171,731
218,899
21,565
554,900
109,803
529,704
88,371,562
361,936
862,902
353,979
167,521,827
247,973
315,610
82,746
408,450,590
24,217,326
60,962
132,699,700
169,500
19,927
73,109
348,421,688
368,788
412,659,752
311,771
196,722,759
531,612
718,777
883,948,951
856,946
28,999
533,659,935
300,516,679
296,582
10,137
606,923
55,494
80,679
133,711
200,528
548,974
8,396
428,519
180,324
371,967
250,260
130,667
637,879
62,730
69,288,752
441,729,991
326,355,362
317,662
94,479,760
630,992
233,238,576
48,302
517,709,710
249,448,678
361,784,990
684,882
331,835
96,486,976
7,514
747,976
430,991
90,512
143,643
491,667
565,759,907
222,338,895
126,647
699,824
776,783
213,486
294,877
345,579,830
373,748
398,756
151,472,571
723,744
166,350,441
78,328
198,350,687
278,461
134,273
14,19,637
531,715,819
307,715,793
177,258
45,732
349,973
6,78,381
20,349,776
357,708
350,732
473,700
596,801
133,826,877
498,870
164,373,500
170,869
136,504,966
138,337,901
634,724
106,903
624,697
5,258
88,711
170,562
650,813
90,360,983
751,839,887
145,843
878,946
33,874,932
50,160
71,430
266,394
418,856
200,426
507,676
91,646,685
337,646
810,932,989
557,979
268,484,860
753,765
111,531
513,519,771
446,687
726,874
747,970
761,886
71,512,576
353,704
15,645
225,340
218,607
58,147
591,858
217,841
476,844
258,604
87,310,875
101,556,902
447,642,926
267,659
95,340
200,651,686
738,845
77,845
677,811
381,953,965
118,402,830
188,407
327,663
326,349,976
342,591
464,469
152,232,858
584,599,962
117,971
221,802
54,947
263,455,703
263,1000
558,602
117,528
352,899
429,578
93,268,632
292,477,829
626,919
217,930
303,635,755
575,938
345,944
44,158,971
542,753,862
397,426,738
682,883
106,380,435
25,478,539
16,584,792
588,620
47,227
170,199
23,344
673,700
394,672
610,839
165,600,635
252,637,776
30,434
473,486
551,622,735
337,362
488,497
347,870,940
368,594
169,652,825
102,145,366
90,558,845
552,564,858
93,753,855
52,418,582
449,989
382,718,788
319,929
195,850
633,748
265,905
271,301
562,985
130,500
18,34,91
22,573
478,596
568,656,686
44,681,771
20,657
106,881
110,302,961
97,528
310,474,783
644,708
194,662,886
255,936
742,932
111,280,948
389,526
63,682
423,841,946
14,653,969
79,763
230,494
239,290
205,646
213,280
37,353
189,667
256,424,947
48,62
310,690
445,857
56,462
97,126,138
637,677
39,318,992
103,597
464,883
60,693
303,909
231,684
38,124
413,647
141,190,310
863,996
544,907
241,299,352
65,693
136,570
408,850
107,835
390,524
156,332
335,764,971
94,812
386,764
19,413
605,887,901
189,745,879
272,383,723
532,702
169,996
473,533,807
304,317,353
255,547,648
187,241
44,795
256,822,982
315,340,774
295,405
145,411
272,603,930
188,896
102,694
399,766
752,910
12,236
210,623
240,637
559,637,825
625,838
415,756
92,639,907
31,906
412,809
160,183,464
754,850
81,618
77,367
81,233,605
470,703
317,687,854
74,293,587
389,795
189,330,450
123,884
240,794
474,494,800
75,474,640
159,644
35,690,821
203,965
434,719
327,411,968
3,595
575,904
179,221
280,680
855,965
61,71
327,400,815
450,548,984
261,582,832
208,844
221,697,821
164,271,666
299,769
716,889
159,507
422,766
465,663
418,651
972,991
96,557
668,949
186,217
81,852
461,749
233,832
422,538
128,426,897
80,517
98,762
104,553
356,393
444,609
401,567
221,231
181,238
190,327,689
632,997
184,963
10,390
649,706,818
439,574,912
235,245,735
49,460
118,884
208,270,549
822,830
239,777
309,685
657,836
244,279
31,183,432
544,786
56,885
276,804
318,717
248,862
531,684
202,792,831
422,489
319,352
260,725
156,211,728
312,829,891
599,954
90,143
371,919
25,925
70,130
371,983
235,250,956
542,853
8,355,444
210,390
156,428,960
626,980
72,199,561
676,918
330,673
725,748
67,112,717
129,950
49,217,536
128,526,651
36,609
4,147
918,985
161,874
424,856
726,999
244,456
92,744,865
160,527
663,841
248,325
64,91,746
341,512
356,759
760,812
238,346
455,850,879
359,362
69,181
402,503,679
450,976
728,824,993
24,837
220,602
310,484
482,817
46,463,909
286,492
195,235,664
213,506,954
538,628,660
788,798
875,978
527,894
743,796
595,822,869
359,737
43,276,858
520,854
544,729
252,526
837,934
368,993
296,657
136,446,800
602,862
401,582
5,774
818,825
118,686
547,589
6,509,853
50,264
861,996
426,617,907
333,724
534,611
14,292
361,985
187,320
279,901
60,594
41,103,310
183,370,433
117,280
61,885
453,964
8,506,941
146,359
858,942
199,307,444
156,761
742,928
160,456
57,710
111,415,481
151,929
652,657
208,324,760
111,129
406,667
692,735
350,899
551,651
41,778
119,294,478
42,389,570
155,270
106,754
26,344
1,548
232,680
41,374,430
145,693,703
61,790,944
68,287,763
11,118,348
563,644
393,485,588
156,424
24,284
332,762
107,346,948
193,761
264,412,709
437,498,707
841,854
22,941
670,807
160,171,475
522,892
92,746,915
89,345
54,688,912
492,607
316,404,688
296,863
363,495
214,904,921
130,182,732
920,976,990
81,189
382,727
336,370,560
70,440
306,327
545,917
371,593
113,991
896,961
189,749
48,626,855
67,255,297
690,817
454,755
300,585
129,289
445,831,889
399,697
368,763,963
21,958
238,488,700
597,956
594,975
260,422,845
236,601,806
259,898
15,923
693,772,907
4,90,833
427,621,793
5,758,922
477,588,745
460,618
266,292
194,511
786,952,987
468,912
794,857
920,934
97,545
110,195
136,405,952
34,350
102,414
170,656
241,569,659
555,976
92,971
753,798,947
491,896
263,433,846
103,560,574
78,269
262,355,561
552,720
531,819
63,170
199,524
312,870
802,886
128,849
24,815
269,748
183,251,293
312,964
743,753
366,559
271,284,768
229,438,521
96,839
213,266
152,835,914
280,542
375,943
266,530
181,203
367,892
729,911
396,822
17,961
46,363
676,971
427,770
453,650,906
976,996
337,481,699
261,998
381,567,615
174,609
561,588
458,672,743
229,359
845,911
425,863
321,377
780,874
284,578
220,623
785,911,975
58,477
313,845
50,332,548
52,250,600
787,817
586,651,809
376,472
38,83,839
58,295
365,867
11,690
46,189,810
667,838
202,593
410,986
422,1000
150,691
147,417,640
15,720
353,737
466,775
693,903
30,86,365
14,248
937,947
274,453,845
506,565,799
180,188
189,490,909
130,549
11,173
112,761
318,694
919,969
745,818
432,491
322,469,847
343,466,698
709,713
243,740,742
365,972
795,948
129,258,259
541,842,989
214,396,548
719,880,897
125,615
121,881
433,537,900
545,668
503,633
36,259,633
108,688,718
144,813,943
113,292
549,695
741,849
101,618,912
14,203,985
62,475,904
59,725
401,439
429,731
604,801
698,756
442,591,954
65,287,390
178,194
299,562,831
24,957
584,979
429,526
89,408
267,922
423,468
138,507
194,343,762
310,507,624
154,228
112,347,857
25,858
332,628,647
624,944
95,576
35,128
775,820,896
808,815
14,475
42,924
671,874
341,953
667,933
103,533
339,463
22,824
755,865
951,967
175,466
385,509
167,414
103,284,787
24,736
674,794,927
384,451
334,460
2,649
238,717,893
419,470,663
240,823,849
322,654
100,232
204,264,371
602,643
253,806
182,677
2,265,839
61,444,557
135,473
680,954,975
563,610,710
372,566
75,985
628,835
78,623
493,761
727,747
378,488
31,88,618
4,107,405
152,261,576
105,479,807
41,59,656
177,407,800
273,343,779
567,685
181,873
212,574
6,551
203,848
241,486
69,162,950
7,849
324,824,976
56,631
217,506
659,942,983
14,55
10,226,547
873,966
578,642,747
206,339
57,536,706
414,644,937
228,556
158,387,430
205,561
272,729
51,703
217,257,410
407,954
569,708,766
90,470
424,708
449,894
741,959
585,762
203,293
24,147,180
141,161,581
163,186
686,725
192,291,416
451,952
613,721,855
37,250,586
714,973
609,711
53,677
247,288,706
455,756,900
185,485,790
229,572
559,838
376,910
43,85,566
251,674,962
696,804
29,728
121,767
345,492
193,713
646,682
113,116
47,87,624
86,121,307
52,949
313,882
248,829,898
141,562,584
418,820
80,179,702
37,462,790
105,841,989
206,365,960
561,840
451,902
191,472,749
485,634
512,767,911
166,467,621
481,547
212,263
66,267,844
175,625,646
12,823
253,967
148,394
204,342
197,309
31,68,985
40,287,407
40,665,920
13,183
225,415,538
30,505
303,501
234,332,349
9,273,701
169,244
142,255,927
564,663
269,536,662
27,138
63,233
513,804
395,640
366,605
404,743,753
392,402
558,794
391,880
560,684
431,584,668
494,983
849,884
335,423
538,726
179,438
99,404
451,681,788
164,480
673,935
599,706,942
264,427
400,588
283,386
127,871
707,847
726,775
23,904
450,685
84,347
160,457
534,998
168,411,484
174,905
435,443,944
146,207
247,518
639,856
6,626,969
312,325,866
401,577,965
227,428
270,961
88,678
514,561
91,892
669,690
2,628
322,447
40,777
138,393,508
1,5,309
124,776
249,279
550,787
557,816
129,411,813
420,525,720
175,302,968
223,347,986
60,208
451,898
34,613
509,697,777
122,135
