121,322,393
227,253
86,520
56,576
241,719,877
526,622,896
68,307,847
342,575
613,812
685,702
144,320,779
572,639
336,880
336,542
218,589
337,931
178,230
201,205
3,825
627,664
637,829
154,272,848
701,749
71,842
179,211,585
505,775
4,231,951
716,743,986
338,966
463,754
159,599
410,625
187,309
304,622
121,130
349,539,603
13,860
53,678,757
282,865
473,757
722,941
537,741
187,946
531,668
357,989
257,992
548,568
818,916
196,995
267,272,860
127,557
433,689
255,577
262,757
468,958
461,991
287,636,740
217,510
421,852
320,414
363,589,903
3,253,409
272,745
285,634
311,482
409,822
47,185,255
128,780
348,956
293,303
383,895
171,904
194,498
64,264
383,734
899,970
297,374
471,503,620
2,4,624
115,551,895
293,323
259,940
177,829
165,975
318,999
242,381,497
100,189,523
595,696,896
176,307
464,913
233,929
128,511
359,623
166,341
302,525
736,983
662,716
303,315,774
167,268,800
75,141
395,613,876
833,919
86,698
16,469,574
310,336,476
458,776
514,992
740,864
289,876
119,479
281,684
484,959
188,220,363
537,618
53,222
479,543
64,165
407,784
606,779,855
65,252
348,393
392,756,833
133,348
50,161,524
672,854
464,588,697
58,629
751,766
20,108
157,673
652,696,881
3,208
389,420,470
325,391,668
574,862
560,757
323,351
613,723
107,662
462,626
463,468,958
132,329,512
80,317
156,343,461
957,980
166,719
90,522,691
165,676
152,281
538,741
312,493
596,880
54,451
109,776,928
80,398,812
400,450
222,616
485,770
433,774
898,972
293,990
491,773
160,418,497
346,804
116,275
25,421
863,922
164,745
718,837
190,945
520,789
251,791
457,855
575,952
315,924
191,570,627
682,754
184,736
138,524
13,488
193,759
242,480
236,950
732,819
704,894
53,899
249,847
618,703
212,828
574,960
167,681
602,811
561,672,706
1,980
657,768
511,740
286,534
116,657
471,730
91,573,686
140,376,554
346,367
276,603
8,225
22,674,680
171,282,744
320,457,728
276,766
525,575
909,917
288,547
229,619,905
328,586
267,493,788
33,709,774
268,624
100,499,902
231,264
579,922
228,872,941
718,783
7,289,906
282,309
74,495
181,901
423,674
198,632
596,664,752
401,404
491,643
56,267
12,649
271,664,919
105,145,790
200,247,677
241,337,766
222,874
626,647,780
106,569,621
55,778
479,713
40,541
147,162
152,593
807,921
348,411,910
20,270,775
703,843
860,891
375,680
161,539
218,307,362
362,878
218,790
28,722
315,729
212,785
894,959
256,633
716,851
103,520,654
287,514
35,370
50,473
151,853
666,847
681,916
94,255,756
217,317,954
371,382
842,878
190,411
448,474
378,481,596
98,709
256,531
204,615
218,371,814
777,862
15,68,277
737,960
238,495,691
137,637
680,906
772,865,986
106,911
69,317
6,43
94,473
666,983
153,957
587,739
132,544,898
683,690
625,971
180,479
87,721,795
18,54,538
306,709,775
28,456
502,576
160,666,827
103,129,666
81,316
252,461,976
121,483,859
178,585
434,525
76,291,579
773,915,994
242,251,417
217,576
30,109,778
244,850
5,240
604,849
39,426
22,87,146
281,523
485,721
369,673
240,866
795,817,930
170,190
61,413
420,1000
40,537
407,954
252,573
243,319,859
574,602,682
318,421
417,841
679,954
353,959
110,722
191,338
537,970
246,271,405
73,946
148,780,792
4,699
119,539
82,399,960
17,450
737,953,956
443,511
254,285
144,741
703,914
598,888
766,806
103,216,729
63,204,617
361,860
203,366,765
406,730
395,586
366,514
702,956
27,681
261,476,812
68,805
48,104
743,943
168,341
419,948
86,181
287,367
449,460
131,600
445,500,922
331,591,765
62,371
269,532
60,828,895
343,547
190,859
436,439
155,976
153,229
159,429,444
28,476,760
691,744
336,338
423,978
52,902
23,911
65,501
219,794
326,999
129,484,772
204,237
140,521,535
24,203,208
614,833
228,305
137,623,950
192,328,408
43,83,398
675,829
412,720
265,668
24,543,634
109,989
263,688
131,384,939
180,345
261,380
103,557
86,662
175,201,439
71,187,306
7,9,617
17,473
351,966
583,683,802
138,291
791,861
11,821,953
383,815
158,528,672
190,482,865
297,531,629
58,812
127,499,581
36,242
233,565,661
648,853
556,575
327,449
437,898
167,993
613,909,941
401,557
839,844
72,182,622
45,589
194,416
439,998
476,982
63,717
88,390
341,673
467,782
326,453,455
309,435,644
175,225
96,787
487,756
5,828
681,740
138,574
12,76,132
367,863
294,313,580
599,669,964
269,424,445
465,646
29,518,526
302,632
298,388,649
724,775
20,210,624
130,434
39,136,397
655,949
42,557
291,739
16,988
84,528,703
41,125
434,542,968
105,550
230,479,885
143,495
606,670,869
460,536,780
3,149,877
93,276
315,394,799
821,972
355,637,890
86,188,263
149,382
402,579,779
408,745
1,634
293,680
341,596,746
29,511,876
419,873,990
252,314,371
143,416
11,887
410,585
205,253,934
147,504,849
925,996
114,286,337
7,770,933
747,749
104,196,858
102,341,659
16,77
444,525,961
519,823,995
736,946
76,569
121,142,699
358,663,739
512,994
656,885
371,565
229,267
19,194
133,243,304
108,226
457,617,914
170,378,605
206,775
352,599
543,626
709,831
336,607
174,498
156,644,947
45,267,649
129,184,469
39,392,916
88,614
475,650,812
181,629
153,711
299,727
266,595,677
582,925
38,416
4,307,931
365,404
83,517
198,287
508,923,972
226,892
286,907
126,714,851
17,822
83,857
466,482
46,117,628
199,795
120,758
274,707
187,933
793,886
374,868
60,607
224,241
225,530,745
85,219
492,512,783
429,578
576,614
429,906
335,515
420,750
184,655,667
759,848
69,396
362,369,506
298,300
534,563
133,802,947
248,772
148,548
95,662
67,526
163,260,279
285,955
272,593
263,992
114,144,726
788,819,966
292,329,675
170,892
204,867
159,810,912
501,918
198,413
384,969
283,663
288,744,906
178,804,996
414,664
46,417
410,735,962
458,920
215,703
133,262
829,990
170,486,667
856,998
309,961
209,698
217,893
300,509,617
570,673
438,574
8,886
151,686
384,668
73,216,230
454,778
223,373
224,548
303,612,806
63,659
446,896
325,330
784,971
552,566,738
91,665
627,926
423,676,956
625,731
404,716
877,917
56,152
649,865
449,821
63,316
244,770,802
30,541
57,142,173
267,339,843
448,560
130,645
221,349,966
301,491
180,584
316,549,681
3,219
125,342
32,367
231,551
328,972
107,734
77,417,537
364,863
500,797
716,836
287,841
296,544
610,808
162,379,766
465,638
479,731
216,846
340,973
49,233,327
11,497,909
489,732
66,812,903
869,883
520,578
485,595,650
676,752
68,869
53,452,691
690,890
366,727
265,713
84,285
67,664,909
229,853
116,535
40,165
386,824
16,418,915
603,839
90,960
59,112
70,796
665,811
44,573
536,964
189,534
305,542
617,982
331,394,406
241,425
469,663,735
489,943
287,445
135,596,977
155,788,967
150,655
82,831
32,740
82,704,977
734,902
155,963
101,726
620,657
46,982
68,609,617
628,654
78,192,857
492,963
867,898
185,921
47,543,653
432,489
2,838
56,454,985
69,551,679
723,989
232,632
86,705
65,596
483,500
130,967
518,873
159,855
389,862,941
334,882
529,564,955
2,278,610
20,984
226,338
771,799
601,801
31,52,301
303,722,990
452,861
379,670
55,846
390,535
746,919
453,918
591,678
616,828
423,504
342,710
128,872,963
82,685
402,682
58,111,870
739,787
567,943
104,371,575
234,879
511,759
169,526
125,274
366,511
576,762
92,660
159,207
3,383
579,886
533,567
564,865
371,815
21,526,593
825,854
50,890
105,876
497,938
677,997
234,237
668,781
289,994
198,748
289,297,933
520,858
222,585
74,890
302,901,909
677,904,911
203,416
417,765
223,690,766
271,594
447,786
499,929
397,413
66,873
650,692,751
653,745
21,50,815
73,664
399,887
468,982
803,992
204,838,925
200,664
442,762
64,309,709
638,740,747
360,802,877
73,334,384
82,988
5,652
229,355
281,690
750,910
404,721
189,851
342,455,602
431,484
206,825
16,221
165,335
147,770
78,322,583
305,603
134,199,478
370,527,953
549,776
49,510
314,622
790,969
44,245,563
277,810
300,975
386,407,459
126,194,267
213,397,974
230,522
200,379,964
880,921
620,846
154,873
797,910
401,424
110,634
551,571,744
98,206
132,268
510,872
61,229,451
890,930
103,525
187,432,768
72,857,863
91,235
70,579,897
702,715,719
611,699
94,254
354,460
403,618,671
57,645
291,551,601
262,987
44,745,831
300,518
86,567,792
46,558,583
677,678,744
209,669,695
631,964
238,402
349,752
72,965
158,615
837,847
605,703
573,802
40,58
62,384,713
407,778
212,497
880,990
584,706
706,928
371,398,693
98,999
48,70,787
205,351
196,220,838
497,552
138,797
91,113,841
111,382,654
86,375
157,999
236,702
602,933
1,385
540,996
294,548
91,470
649,985
796,820
358,637
15,88,210
652,881
239,641
498,879
155,312,981
284,992
183,376
400,504
31,665,942
337,824
102,213,932
532,843,991
487,950
101,646
818,861
223,680
14,496,961
296,527,911
133,328
383,728
775,932
174,992
174,905,980
410,542,874
432,484,603
465,665
169,253
379,527,987
70,252
558,711
546,955,989
48,227
18,38
368,769
141,923
412,608,870
269,467,778
869,964
307,538
276,303,572
769,860
673,694
43,588
823,858,882
482,750
98,393
539,563
713,790
253,357,844
207,783
357,926
87,258
132,679
539,905
48,693
421,899
95,217
299,902
598,773
391,468,849
723,863
127,225,874
470,670
746,844
642,722
651,692
139,237
787,797
114,133
221,829
212,590,771
911,978
339,388
152,279,920
290,503,894
388,683
762,807
745,748,880
217,447
451,619
110,401
205,446
210,427,579
458,570
465,508
324,469,758
292,438
172,203
17,405,986
339,880
364,903
48,674,907
58,507,570
545,952
271,715
395,789
662,761
277,824,939
668,885,951
216,456
457,508,741
518,540,927
312,903
101,332,857
221,382
246,390,433
804,983
242,843
187,820
565,942
900,912,942
282,569
42,478,759
367,622
408,554,815
210,497
712,827
140,852
458,853
23,758
455,709
213,905,914
559,707
84,95
369,452
389,977
142,199,245
124,522,940
491,921
352,895
415,493
588,697
201,359,653
470,536
242,867
22,498
427,919
452,679
418,807
210,568
5,152,842
127,503,679
235,654,724
394,491,960
400,717
888,965
92,339
744,888
285,968
293,472
501,525,648
56,449,841
137,467
23,727
249,252
28,68,350
315,446
10,491,713
372,910
4,49,331
276,839
334,794
153,814
666,793
316,909
229,330,879
277,617
155,840
881,978
139,649,829
237,623,782
426,541,997
62,197
328,435
517,798
435,952
180,337,865
222,856
9,284,676
171,404
161,269
151,346
168,960
30,280
305,450
589,651
122,710
16,775
32,147
118,907
641,735
284,382,982
434,746
21,399,752
88,682,866
148,154,548
391,999
116,702
110,959,986
263,677
213,765
158,615
949,967
92,210
112,615
149,196
463,546
294,855
171,688
74,559,849
668,724
731,777
95,392,722
141,847
287,531
530,829
230,461
364,722,735
250,795,959
528,928
576,683
246,782
294,549
374,602
34,509,515
313,559,910
673,932,973
34,475
198,232,542
117,507,766
500,502,713
492,802
51,656
30,146
281,761
203,657
319,569
253,925
749,807,876
144,595,884
580,722
299,661
176,660,679
196,552
113,842
687,765
254,316
127,333,981
408,549,599
70,473
250,569,859
155,269,673
209,721,763
163,658
141,895
196,559
271,737
426,682,945
477,479,843
131,685
258,864
199,355,917
199,307,743
339,481
325,749,828
530,760,798
334,848
686,737
657,785
358,699,758
235,418
305,434
755,963
38,491
524,943
727,911
777,838
346,412
147,503
499,614
212,224
809,932,943
749,797
110,227,716
233,810,830
351,358
606,924
117,146
452,612
49,630
399,443
192,897
569,594
253,999
559,686,779
204,350,444
8,537
300,691
966,977
654,938
870,903
681,977
221,820
575,837
415,794,903
692,845
886,897,914
304,720
104,614
560,714
125,364
27,138,951
184,690
694,859,871
463,732
227,742,930
79,663,749
250,965
44,548
45,381
298,329
381,828
752,915
41,326
133,674
324,780
57,300
245,934
30,365,577
449,962
676,736
823,840
142,660,758
231,377
205,237,983
246,598
47,437
104,945
299,369,722
261,398
671,856,911
367,544
406,407
78,220
281,615
512,842
213,300
224,520,529
347,366,614
517,767
375,889
734,743
533,990
201,868,946
62,562
40,753
227,534
318,701
214,555,627
208,643
271,961
224,260,392
325,444
372,863
4,396
133,751,797
702,806
30,64,476
138,558,892
59,243,372
305,666
231,535,763
344,486
674,853
345,402,490
6,493
62,851
267,990
349,745
208,698,933
696,810
186,495
760,776
442,874
508,904
3,818
901,941
531,957
426,801
441,573
801,927,929
217,632
645,896
19,35,37
85,249,809
337,685
30,58,667
123,291,678
105,140,898
371,659
472,675
326,437,782
158,720
157,968,983
339,387,587
362,437
76,496,907
99,143
42,60,882
158,804
491,872
99,202,699
44,288,591
266,855
601,982
223,888
40,228,537
218,594,987
71,442
558,924
466,837
407,557
417,830
55,549,695
731,979
40,333
374,590
227,797
801,988
700,718,1000
503,688
482,488
574,890
732,903
91,337,972
181,485,789
104,595,964
553,714
303,654
101,134,998
23,686
601,738
526,819,877
685,966
35,910
71,719,933
326,681,774
249,687,774
26,617
322,613
268,991
431,525,762
44,391
36,282
711,754
94,170
274,621,806
284,896
154,749
474,820
235,356
311,807
671,708
888,910
480,583
255,819
322,538
461,588
756,984
130,225,290
596,859
170,269,459
131,271,477
112,277,347
15,35,639
131,897
250,877
377,745
203,868,977
267,414
537,555
193,449,874
931,971
86,218
459,890
61,890
169,680,797
615,980
125,141,809
24,417
706,837
429,829
114,683,990
55,244
98,470
235,984
517,874
335,938
209,259
465,638,707
17,100,158
180,592
89,225,387
438,900,931
387,716
201,437,491
17,70
202,479
80,89
710,890
163,378
47,809
104,423,426
21,84
138,434
91,556
257,423
256,571,661
552,799,962
394,765
209,305,756
361,498,927
436,761,926
170,733,878
107,504,668
288,897
826,911,955
46,519,775
102,890
298,510,638
721,824
160,453
189,393,824
131,808
349,725
285,768,888
538,568,801
419,451
642,683
48,110,157
117,841
483,748
260,747
74,255
36,776
206,696
559,806
371,979
337,677
729,968
300,954
171,638
186,546
176,542,646
138,216
368,676,785
18,735
447,451
423,700,828
292,809
386,485,771
12,288
457,642,849
438,815
260,607
132,691
74,505,708
32,413
337,989
126,226
439,823,935
726,838
421,499
561,825
189,368
289,430
763,900
270,725
615,881
84,891,991
255,432
63,246,862
804,827
183,350,871
255,379,734
221,950
202,848
95,866,995
881,923
484,567
125,955
245,765
236,506,774
181,840
8,812
184,377
577,924
56,847
16,411
363,422
495,663
225,441
242,336,617
273,280,881
17,595
823,934
421,463
220,516,846
565,618,824
429,586
450,514
99,252
720,898
214,521
104,708
572,586
486,677
319,863
125,587,951
353,748
368,721
5,226,915
456,835
680,943
223,600
142,375
301,363
228,955
302,430
734,760
268,795
295,546,831
289,721
724,955
691,977
789,945
161,447
715,799
55,800
216,276
55,547,822
573,671,751
377,808,823
906,976
187,374
159,337,690
159,617
223,375
108,768
68,617,993
376,868
377,815,910
122,872
319,340,737
89,607
391,422
4,767
499,686
496,890
15,58,240
8,583,766
20,78
473,696,798
105,852
429,443
71,562
538,794,993
155,836
163,383
882,964
192,955,969
91,982
63,213
247,480
102,139,259
432,711
18,229,649
12,693,732
5,448
286,458
234,575
143,513
251,633
516,693
209,877
153,899
106,158,751
566,831
26,419
16,330
264,532
88,298,609
394,688
102,934
96,379
421,988
470,642,837
248,747
307,652
320,358
798,910
472,580
403,612
802,903
428,478
745,893
262,881
35,119,777
270,918
165,377
549,671
819,893
345,732
708,711,912
243,865,945
838,923
142,813
141,607
365,536,964
869,932
239,511,756
1,822
133,741
240,657
291,709
354,846,916
309,485,802
587,719
87,720,787
763,928
198,330,935
80,517
133,575,694
82,915
95,481
694,925
174,993
661,911
420,731
68,762
664,689
478,622,784
365,705
17,529,763
615,797
216,710
456,832
236,240,875
404,642
730,882
199,394
100,273
123,685,964
138,190
162,514,603
26,495
31,793,921
184,205,304
747,916,932
224,363
607,836
387,797
243,435,901
811,977
408,759
215,416,753
744,971,981
37,49
244,768
205,341,374
553,921
254,738
225,401,748
46,713,793
283,778
294,832
138,763
121,563
338,804
410,744
705,941
400,677,741
102,755
346,684
122,873
20,853
169,249
295,840
225,732
107,591
340,528,717
779,860,950
142,150
598,835
545,895
3,290
42,691
382,873
250,753,966
268,537
625,857
143,506
51,69,874
169,384,416
671,802
222,299
604,846,876
299,457,971
447,455
14,189
656,889
137,384,420
260,801
96,650
369,535
201,255,596
314,535
310,1000
95,217
307,986
370,606
131,987
49,770
517,765
456,674
625,694
149,896
943,981
591,803
42,245
450,787
34,912
162,561
93,627
89,355
586,942
371,635,810
220,805
176,519
900,912
180,680
408,463
354,626
661,997
57,396
493,512
19,86
82,230
157,818
11,260
94,436
227,960
279,456,795
169,493
689,790
54,127
340,541
334,960
188,900
12,665
192,845
497,660
40,71
427,468
758,905,986
76,348,524
403,852
71,332
48,314
119,152
556,710,779
370,924
56,125,517
180,962
943,991
92,221
282,987
885,944
327,678
574,800
203,634
209,876
384,657
611,701,920
320,582
247,886
127,567
235,595
131,462
126,558,818
361,486
162,973
306,598
129,590
40,369
546,916
132,679
205,491,988
348,478,584
792,897
194,351,557
194,283,394
413,558
132,378,587
666,714
128,596,898
664,687,802
391,541
217,339,908
550,684
16,137,976
71,278,779
193,872
575,781
508,907
392,819
453,717
163,233,518
45,78
477,965
272,874
220,861
598,891
283,462
127,304,503
254,315
334,815
124,647,802
161,886,896
200,277,515
680,958
483,809
451,491
81,502
200,435
149,319,615
234,312
2,583
689,752
552,623
603,800,808
231,897,936
288,563
222,495,863
83,360,896
119,464
592,870
233,522
1,524
474,516
277,325,771
160,240
21,628
48,967
495,619
54,151
350,920
134,494
201,461,810
60,757
281,907
484,894
268,557
195,243,441
144,943
615,886
201,668
549,581,832
239,816
240,562
483,597
170,787,859
238,797
170,678
384,395
40,93,996
110,123
356,979
77,82,569
282,470
198,427,624
858,926
333,363
370,589
289,844
79,151
230,658
108,474
746,839
285,411,601
151,399
73,370
22,140,175
366,832
156,400,912
605,722
382,913
135,236,247
238,650,942
53,900
150,792
317,694,826
169,564
181,304,893
323,898
828,970
80,691
206,439
448,905
381,432,637
66,104
19,139,414
443,774,850
162,344,422
372,883
204,837
652,905,992
578,595
316,441
332,469
603,938
188,422,523
51,837
393,736,949
168,311
68,132,735
417,842
589,695
405,698
92,173,339
457,475
237,788,794
53,840
52,314
152,930
229,329
13,94
55,573
244,666
461,804
184,612
632,655
464,979,996
815,923
665,857
359,849
207,451,620
181,822
100,282,834
18,376
453,973
24,618,834
220,739,838
296,635,824
70,511,915
588,868,943
160,383
321,971
108,736,909
247,591
410,886
96,222
428,799
108,407
147,474
371,434
216,697
401,821
48,282,677
334,502,872
113,594,798
39,540
249,318,639
138,409,522
167,596
626,820,940
167,663,951
399,445
176,796
303,648
469,951
84,152,307
19,72
640,683
514,565
55,575
225,963
34,50
658,678,815
420,491,515
55,573,583
45,559,809
456,981
507,866
636,783
214,872
90,216
194,611
682,697,733
190,732,988
80,176
335,455
51,375
333,380,642
364,975
586,817
261,535
15,315,416
295,779
145,545,612
68,500,659
355,967
779,800
518,783,786
108,265
637,836
162,296
69,202
756,792
54,530,611
23,174
802,910,997
115,247
328,723
775,950
524,793
191,807
434,762
175,919
221,299,721
462,796
219,989
309,429
94,200,775
188,435,776
288,619,629
520,662
614,744
187,359,768
214,435
205,317
561,654
602,946
742,906
840,892
809,960
757,831
516,955,982
71,97,110
208,228
200,457
64,477
51,527
495,890
292,469,566
275,338
88,395,753
225,406
598,619,918
242,437,617
145,521,799
234,682
246,448
190,700
53,776
702,926
102,710
230,267
46,256,645
448,874
592,881
240,552,790
27,30,521
247,451
192,277
548,984
169,806
202,326,781
23,138,516
90,152
79,785,887
579,776,897
293,694,808
180,659
18,986
444,549
253,610
423,845,947
493,494
423,608
35,629
199,564
193,386
143,448,898
167,479,915
35,588
241,796
359,750
168,359,868
264,637
398,760
381,689
288,701
744,893
163,742
274,807
259,860
57,765
836,945
162,589
451,615
257,296,865
330,493
671,935
480,525,632
249,624
193,419,995
158,320
366,459
368,977
111,784
368,938
31,284,685
59,864
340,527,814
103,612
42,632
544,579
521,684
670,761,955
238,810
508,978
371,675
739,925
143,632
36,144,584
113,537,986
347,830
368,763
231,271,536
603,888
568,577
84,836,968
154,364,630
169,664
344,824
157,205
83,826
322,957
117,659
662,845
287,942
406,585,830
9,732
375,723
692,698
569,690,950
325,532
182,642,879
687,791
356,498
335,515,552
33,483
539,636
659,713
598,773
627,717
180,381
615,673,710
416,907,912
219,963
684,786
322,580
572,603
307,434
249,596,901
361,502,562
128,353
741,954
72,553,626
354,677
263,505
68,460
11,271,729
243,370
405,966
414,722
307,329,895
369,389
594,855,922
100,615
139,194
356,531
10,328
69,765
282,710
392,576,585
348,586,706
226,248,731
397,825
237,491,909
5,177,389
479,959
390,482,521
87,682,919
174,598,691
400,665,734
223,516
26,141,304
76,442,872
54,59
195,374
180,277
23,549
271,442
160,994,996
872,921
775,906
612,752
728,980
1,149
57,829
204,486
182,222,272
734,948
70,347,554
431,783
366,499
97,837
494,708
437,667
111,139,517
72,472
657,844
118,139
528,611
533,733
187,537,827
370,680
254,417
340,580,606
181,239
251,275,1000
94,901
621,688,726
335,781
145,201,866
186,792
22,664
916,927
496,748
476,734
55,656
199,384
243,278,383
150,314
483,947
129,477
478,842
821,917
288,810
49,611
606,868
364,419,548
826,869,923
928,987
538,762,862
309,852
254,379
54,551
106,242
15,297
541,908,945
547,823
587,691,879
479,870
145,978
315,590
530,885
16,361
537,745,774
106,800,987
328,579,700
54,442
367,776
552,652
311,533,657
423,785
129,517
68,783,840
170,474
403,538,723
55,491
118,188,942
162,347,750
278,462,875
246,280
155,410,816
188,754
658,830
218,614,805
943,955
156,159,814
188,347,621
15,67,562
258,265,528
119,835
286,440,490
38,941
210,695
54,176
87,713,939
279,641,997
446,558
285,443
703,900
107,717
295,744,890
54,701
94,195
399,820
917,991
170,504,781
343,454
425,496
14,594,948
312,374
498,548
382,924
565,978
381,731
144,401
29,326,612
279,419,962
439,459,783
690,783
306,347,649
608,736
267,709
204,710
557,663
329,609,943
581,737
198,222
279,695
196,278,710
591,897
790,889
313,453,787
95,111,843
12,260
680,695,705
267,483,828
164,439
22,331,636
519,978
119,864
168,657
109,547
2,167,798
122,968
146,191
401,885
507,848
386,819
163,749
558,700,859
140,602,898
685,803
406,605,979
22,796,919
188,945
625,824
175,664
703,810,954
284,961
540,749,772
412,778,896
85,470
105,284,452
194,322
151,800
192,747
290,304,568
371,656
247,470,760
45,121,934
794,978
364,607
308,704
224,575,779
170,882
304,478,743
9,252,613
386,470
713,790
198,880
443,482,547
504,650,665
181,407
50,817
318,624
81,318
405,958
859,912,969
440,899
127,498
171,188
206,469,928
161,692,776
199,451,908
779,893
438,858,951
825,896
20,214,395
505,583,652
39,812
187,588
144,464
501,937
275,294
581,764,973
224,362,929
55,904
124,190,282
181,442
70,122
49,194
368,399
618,991
109,372,429
469,519
56,908,993
5,674
320,514,634
230,587
610,948
287,353
375,440
15,786
280,470
16,67,552
93,923
138,992
609,815
459,466,879
667,675
179,248
425,520
29,103,743
397,546
37,356,681
659,928
267,809
405,598,915
570,976
173,245,983
556,969
14,311
54,963
366,650,856
684,888
27,361
164,414,765
521,645
308,333,735
82,901
135,235,373
433,868
598,821
5,736
568,886
64,627
36,490
536,635,992
450,911
247,732,900
644,697
141,547
219,861
293,490,579
482,685
410,699
70,312
137,477,966
53,125
738,902
856,930
165,510
272,707
366,466
890,917
809,918
345,594,690
379,525,648
121,731
231,691
291,735,991
748,765
279,795
286,832,833
427,598
587,743
364,632,780
143,283,346
194,786,835
128,860
23,900
410,452,743
577,852
353,704
251,715
266,409,612
805,865
510,688
51,721
509,946
944,971
384,416
353,857
571,924
344,360,803
65,92,801
275,690
588,713
484,864
357,748,758
701,969
160,450,703
287,425
916,952,983
721,969
44,95
442,834
153,503
541,824
323,1000
65,446
108,326,598
687,956
81,215,729
313,408,972
517,638
414,547
183,443,892
266,810
625,679,819
395,598
303,405,725
219,972
531,633,666
202,215,248
756,831
487,823
166,230
92,847
677,822
60,628
237,310,771
3,309,598
435,599
326,602,681
401,440,497
39,405,603
546,563
499,614
227,565,982
79,423
38,237,827
274,633
180,352,797
480,922
334,494
580,708
36,865
237,314,562
593,802
406,438,649
211,229,327
337,914,982
62,323,354
112,635
186,537,907
120,545,892
56,459
711,956
209,571
26,911
183,701
683,925
586,674
331,394
646,796
437,482
389,827
444,953
419,459,783
190,502
129,259
222,505,631
239,256,530
472,692,999
494,636,794
230,555
25,284,877
234,539
328,672
332,894
270,718
171,373
226,301
86,309,811
236,324,819
89,580
113,951
678,923
239,267,364
4,805,974
568,573
161,241,615
399,818
349,658
653,775
24,501
87,169,737
87,215,484
131,181
772,799
63,294,295
5,788
500,725
107,385,798
96,741
307,733
625,978,993
12,311
271,311,965
519,678
915,988
424,620
93,416,785
345,669
826,964
564,836,851
252,513
318,377
219,694
564,963
115,327,372
842,889
5,34
102,217
486,811,896
194,401,830
178,203
740,780,816
550,718,888
442,542
338,535,769
82,255,983
299,674
371,382,842
242,400
250,581
183,914
75,346
516,822,914
242,347,734
263,266,508
177,753
303,704
334,482
242,573
521,596,864
693,744,794
297,464,526
595,663
462,909
309,680
342,593
512,542,840
178,664
374,908
193,858
37,588
365,674
722,835
238,784
167,728
244,555
51,156
16,202,308
406,711
194,744
7,21
556,640,819
602,788
19,755
320,881,954
115,643
11,29
321,482,713
14,30,158
58,187,521
269,343,836
930,983
379,652,671
459,650
42,726,944
82,477,629
224,615
133,172
56,189
356,555
424,434,827
420,633
145,881
73,472,674
17,922
139,628,920
513,791,1000
164,707
342,406
166,820
181,610,854
305,842,850
370,474,929
154,259,408
550,782
229,348,477
167,573
975,996
541,798
798,858
253,409,567
323,362,718
384,504
370,972
759,869
526,948
894,916
788,836
271,602
74,625,756
111,274,393
762,782,872
50,524,600
350,819
358,406,546
87,957
70,802
390,640,785
167,432,921
63,938
364,609,611
27,47
212,263,385
645,918
75,678
662,754
290,539
89,199
938,948
100,442
349,576
184,308
150,300
498,979
492,778
316,478
56,917
290,478,963
273,497
303,896
15,160
199,455
197,716
54,587,691
447,917
578,711
131,919
14,239
492,700
895,948
415,902
111,461
222,840
22,314
239,330
19,117,759
406,920
48,231
138,434
219,539,729
565,723
152,431,460
96,789
249,515
253,798
69,596
479,966
114,166
319,705,837
198,848
3,953
133,979
136,670,687
55,64,727
271,364,522
436,793
136,330
791,873
97,178,504
9,157
516,677
116,276,308
342,1000
226,530
350,375
547,622
17,428
677,973
191,265
20,511
433,633,698
849,903,924
39,269,755
237,957
52,145,994
393,575
183,597,971
536,583,605
501,763
695,884,972
19,84,483
91,915
11,137
101,106
545,729
132,454
46,827
295,781
129,477,513
2,958
381,551
322,546,689
655,955
268,936
389,446
318,613
16,836
555,626
242,982
368,731
484,945
367,551,649
156,760,905
139,916,962
161,884
173,352
433,502,612
64,703
589,854
260,493
460,517,941
95,783
112,652
402,956
157,281
390,901
268,336
526,781,940
302,782
335,410,714
309,458,942
340,366
690,924
85,576,762
228,255,301
19,339,863
106,440
864,867
217,333,709
135,376,893
505,815
62,629,875
753,979
409,494
398,683
792,971
359,654,976
100,284,604
755,986
354,694
389,857
432,503,677
130,829
274,440
255,336,889
203,367
376,797,832
456,985
542,699
475,529,652
337,704,841
398,892
34,267
905,963
207,306,679
406,673
134,239,449
74,262,346
749,880
502,736
739,825
911,958
409,608,808
92,970
334,976
457,627
191,234
286,706
455,459
408,573
224,881
133,717
290,945
43,955
303,941
396,560,743
594,773
158,188,680
640,931
861,916
126,809
174,982
721,838
175,226,427
656,759
184,970
154,492,809
847,950
415,714
496,577
144,579,662
402,408,458
709,726
74,337
218,320
652,670
333,358
215,303
849,905
177,550
171,421,513
516,713
341,926
259,564
359,804
72,229,415
73,195
276,525,884
750,758
470,873
498,554
470,735,835
393,883
361,941
227,484
32,419,817
400,417
274,288
616,758,841
325,792
58,653
293,476
267,646
223,727,910
304,452
356,617,882
815,882
455,749
526,537,785
89,712,770
235,399
5,241
822,924
806,938
267,767
17,652
357,488
345,705
234,521
103,603
365,430
18,490,598
21,448
175,752
437,586,952
244,792
362,734
558,904
316,478,590
154,737
404,700
20,721
133,751,813
864,970
68,512,576
155,367
425,937
186,217
425,794
676,702
419,547
78,719,786
152,163,290
231,285
103,157,681
65,302,335
106,192,751
109,952
90,318,591
749,936
755,857
366,751
565,751
50,814,989
501,739,973
677,815
65,285,875
387,616
263,306
497,627
206,963
394,983
169,240
113,869
140,645,1000
134,454,895
365,529
240,310
31,448,954
46,971
348,402
281,708,832
709,794
514,787,989
536,814
37,744
277,615,937
127,308
32,121,148
444,705
181,398
678,735
227,681
73,195,919
607,959
145,769,811
380,887
122,615
336,435
497,668
416,850
71,718
134,291,714
24,38
88,354
595,924
786,933
138,281,989
657,810
846,875
65,471
265,598
545,812,980
129,392
38,146
200,651
3,458,696
3,440,964
27,319
820,868
301,667,872
467,885
339,519
370,403,870
178,752
404,589
268,993
346,639,965
205,279
365,693
209,220
50,64,280
314,533
194,327
232,339
273,923
509,797
591,750,893
707,809
727,849
33,667,792
7,119,300
213,424,553
190,191,265
507,861
696,789
293,690
91,104,525
68,379,880
298,861
45,184
474,781
650,703
504,526,643
237,739
279,817
14,844
429,793,932
75,851
382,818
14,453
375,429
267,755
240,980
252,950
284,440,814
174,590,651
617,871
703,813
216,488
493,580
446,850
373,531,632
660,690
436,488
776,884,911
269,482
367,668
204,393
2,526,532
118,776,800
587,938
322,644
333,795
37,127,322
787,856
462,731
319,629
252,373,511
496,669
217,429,956
757,943
106,385,822
151,225,996
109,124
345,447,504
15,18,110
676,702
681,889
275,352,673
636,854
465,722,863
312,1000
622,939
391,552
170,924
75,102
629,844
839,862,960
4,276
40,588,602
48,363,883
193,489
275,784
197,948
135,292,558
155,660
351,632
629,894
40,414,460
611,860
47,178
156,313,421
532,784,860
278,739
4,817
341,617,871
80,566
92,121,971
553,911
170,755
54,977
240,582
360,425
425,808
49,787
123,577
223,410,422
204,520
296,418
450,921
392,673
849,859,992
408,837
587,971
70,124
223,309,499
63,498,999
456,975
328,803
713,941
591,664
88,352
155,954,991
218,242
206,539,695
30,702,707
57,816
152,173,633
764,782
687,948
56,455
78,187,984
609,902
51,461,914
64,218,660
20,640
463,724
837,875
80,223
777,971
35,491,633
222,829
106,860,950
834,909
242,439
220,580
291,388,649
254,326,736
169,964
354,356,702
333,376,730
305,431,581
78,902
41,479
174,802
905,922
414,536,990
101,435
65,405,420
200,693
242,595
95,101
511,674
88,175
845,972
26,981
142,330,493
935,954
236,263
395,850
59,64
212,911
475,505,945
403,999
351,376,619
483,494,830
256,646,934
35,754
483,745
74,527,544
66,187,249
328,457
7,943
56,735
115,925
282,842
607,797,838
39,794
122,310
158,527
9,501,602
367,914
101,371,549
228,479,689
152,714
772,805,910
34,748,928
293,884
78,168,390
168,361,537
181,454
157,799
270,748
23,924
58,420,898
314,715
497,498
390,685
586,826
250,412
155,225,691
358,974
744,931
143,202,361
127,713
297,790
123,150
36,328
36,267
281,525
152,651
86,696
189,881
519,975
35,854
337,352,374
503,538
527,893
623,907
563,679
651,871
428,555
327,481,622
794,817
733,792
689,724,978
306,491
643,722
52,997
95,663
426,754
333,844
56,714
292,627
521,928
52,458,847
361,415
59,243,600
333,675
765,878
93,128,696
75,378
144,557,629
15,135
392,666
405,844
62,395,775
18,401
589,727,814
497,817
47,224,486
599,684
74,953
825,952
131,362,430
77,201,555
344,774
105,733
68,131,382
133,165,683
42,413
87,318
330,570
303,785
362,643,862
111,327
584,608,833
382,592,650
540,730
320,534,892
460,919
119,443
169,605
510,546
255,563
448,861,928
149,924
102,256
897,947
44,770
199,349
355,754
819,891
711,939
62,986
465,794
187,806
36,162
192,689
702,806
129,448,477
365,525
19,452
151,619
162,487
2,554
67,842
182,331,784
242,891
47,448
373,571
191,938
621,977
571,968
276,552
22,595
384,389
65,493,527
479,717
209,375
44,89,110
312,743,949
346,590
327,499
244,843
965,982
375,472
195,303
391,672
863,986
218,937
301,757
181,728
265,639
124,499
288,646
424,593
96,170
198,597,611
66,676,846
266,385,842
3,230
369,766,775
251,715
211,619
830,932,959
167,653
907,979
26,125,575
538,659,735
828,987
18,33,483
227,525,763
171,382
635,644
379,528
403,500,654
547,649
87,918
266,779
687,999
239,353
408,561
498,856
203,500
140,160,265
437,721
407,432
108,531
181,874
487,873
306,718
106,374
204,618
466,587
53,856
279,624
385,473
35,67,756
282,644
303,755
345,458
247,774
857,998
105,654
632,780
50,576
151,890
27,461
68,503
312,322,582
365,382,988
291,342
311,375
308,673,772
298,905
717,870,886
10,212,912
244,467
530,668
174,583
37,990
89,643
151,276,516
633,839
791,901
530,646
833,874
322,340,587
598,946
2,833
868,954
87,248
381,674
528,542
337,852
157,426
559,897
428,845,994
379,565
97,746
388,649,740
968,971
80,882
296,337
291,981
2,49,486
15,425
526,777,988
333,363
121,743
323,430,713
210,547
387,794
452,586
655,847
275,432
213,442
459,475
552,629
428,498
164,795
569,832
221,350
861,908,991
722,970
561,693,969
800,903
190,992
23,475
768,953
344,463
523,872
427,848
53,234,469
255,418
316,804
356,645,977
690,814
6,202
339,427
257,561
950,966
216,362,790
300,738,975
307,334
118,516,653
418,758
570,703
286,457
303,684,770
884,990
183,722
31,156
181,277,599
157,572,850
629,836
258,265,778
68,738
540,597
498,932
929,977
152,222
153,981
801,820
294,476,485
21,236
106,557
119,297
264,312,927
12,509
38,909
444,542
31,200
419,492
359,609,985
192,832
92,858
224,868
236,377,983
658,752
78,884
281,553,919
211,259,962
40,368
225,563
125,712
262,537
129,484
831,860
702,999
26,765,894
16,505
41,255,768
161,639
250,958
188,413,970
643,985
283,626
717,925,946
454,613
381,607
235,550
244,630,764
85,144,697
250,556
18,382,578
227,665
14,504
254,976
324,758
863,947
475,764
790,855
444,933
91,378
539,827,853
106,742
36,886,956
605,712
320,606
184,438,954
834,870
75,755
129,436,775
282,830
133,372,997
819,840
354,875
164,560
867,992
436,789
301,491,977
654,849
74,529
478,619
556,670,711
294,610
40,625
90,361
52,311,966
42,183
115,750
179,759
809,827
281,958
53,312,551
15,87,813
66,448
141,510,730
245,861,971
40,687
609,872
206,998
210,850,934
292,503,989
107,299,580
293,948
850,918,919
82,873
539,954
180,766
313,510
539,704
158,458,902
100,883,945
918,941
451,591,663
502,828
541,664
738,834
496,942
18,182
366,852
32,630,926
371,805
281,525
66,769
695,849,961
54,268
265,836
458,823,907
183,930,948
165,431
358,578,878
433,481
162,604,630
252,664
100,180,520
90,353
178,923
235,572
690,772
621,713
147,243,381
538,710
635,968
225,324
49,401,557
415,484,613
210,215
336,626,873
545,940
213,757
6,249,938
4,387,868
23,529
27,276,289
277,381
116,207,233
536,809
37,315,644
382,655
427,803
668,823
571,686,969
232,557
642,748
477,769
79,179
760,972
396,460,503
33,89
241,669
331,786
113,679,984
731,756,914
609,630,800
177,510
108,782
680,730
743,957
383,404,825
39,678
840,873,995
166,356,581
247,811
759,875
164,714
269,770,963
106,426,554
305,804,846
493,689
589,721
395,552
798,818
204,789,798
797,951
248,799
181,241
403,422,475
377,691
133,635,656
352,939
800,952
439,767
291,746
40,1000
55,398
247,363,496
257,272
26,260,332
133,344,973
43,489,883
698,919
361,913
358,658,685
278,739
214,698,825
662,700,923
187,228,285
730,766
223,527
18,89,788
627,850
707,987
723,737
759,966
75,835,995
413,781
222,963
392,438
512,753,994
432,437,848
351,466,557
359,435,641
58,839
363,576
340,723
678,737
305,784,869
180,510
695,697
248,334
35,669
307,978
49,70,677
323,887,988
496,852,964
272,768
105,370
354,565,938
169,713
57,981
887,919
232,460
268,752
50,647,889
497,898
249,507,731
227,383,737
6,261
416,433,868
384,474
79,893
189,273
282,440,870
662,821,835
596,977
68,675
108,123,418
365,593
127,259
52,775
337,842
337,779
701,908
376,603
42,296
245,628
158,306
153,428
366,423,803
46,697
62,729
241,836
275,349
22,723
13,310,764
608,857
9,431,682
6,169
848,946
227,852
212,319,366
476,680
128,186,231
97,429
276,491,623
93,681
392,835,847
64,770,817
171,763,956
72,851
507,718,940
363,489
834,865
290,334
192,549
82,199,631
51,452
421,526
71,733
117,180
128,709
60,500,744
706,770
39,442
505,811
18,136
212,359
306,717
92,546
424,962
80,140
23,968
441,525
61,616
541,619
179,595,682
715,835
243,630
236,414,474
522,722
623,883
697,791
713,791,872
657,685
294,485
619,895,967
528,693
560,678
619,705
234,771
6,244
320,833
48,996
463,903
406,880,920
57,132
388,749,985
938,970
304,427
15,267
310,570
330,568
472,926
427,783,829
754,972
171,296
209,262
89,481
16,746,885
349,446,613
166,434,634
117,239
136,574
593,632
185,834,870
11,159,933
480,559
587,684
666,742
309,615
20,135
470,595
196,882,975
42,85,682
196,463
257,842
13,67,685
126,998
167,310,521
620,900
97,399,427
253,476,875
187,687,966
278,368,937
430,999
214,333
47,190,712
60,231,963
153,438,932
17,367
260,659,929
223,441,679
379,841,856
53,139,419
256,819
32,441,948
865,943
19,464
138,655,826
90,533
9,116
116,668
190,772
203,844
277,849
317,466,625
103,338,688
196,664
447,784
41,658
225,267
72,130,707
237,876
411,674
307,749
32,540
114,490
107,283,331
297,488,957
412,427
309,929
96,955,981
404,813
263,969
134,465
107,143,595
532,726
50,490
622,976
159,961
310,571
135,980
872,938
326,846,915
451,817
487,967
135,271
322,398
548,761,843
388,510,916
259,973
578,584,863
109,794
262,554
61,336
42,256
129,633
345,378,484
54,415
166,448,874
51,562
222,693
497,947
763,887
602,699
255,492
464,975
163,601
375,896,942
14,204,426
157,306
134,830
55,269,607
625,906
12,951
373,676
680,833
643,960
51,725
233,290
246,254,517
121,245,932
48,347
142,366
71,335
224,660
443,790
118,871
44,84,744
429,435
164,460,512
171,852
444,499
363,997
256,882
404,483,707
86,257,877
54,120
121,529
37,131,664
151,430
220,319
438,648
666,673
170,687
90,827
137,996
135,338,653
459,566
213,250
320,692,859
304,463,623
737,902
73,412,488
937,945
883,922
98,418,507
40,633,725
634,727
221,634,684
51,222
260,327
135,885,914
23,36,71
264,783
438,452,998
171,346
546,592
513,725
43,606
31,789
49,184,404
431,639,866
136,713
310,936
31,316,715
571,727
450,537
158,300
513,719
316,388
51,448
348,527
261,793
37,419
177,267
300,546
51,737
922,928
663,801
334,772,916
1,159,955
370,428,537
252,599
31,74
496,693,960
459,510
122,824
379,466,551
228,422,772
454,660,991
505,568,922
178,507
415,673
247,425
294,761,814
42,271,759
194,306,504
429,928
540,544
19,967
552,585,596
188,787
164,574
41,297
553,818,871
153,317
544,840
222,814
431,539
76,209,442
306,965
192,658
321,710
37,308,498
393,839,903
287,401,469
428,787
438,831
676,789
559,617,761
426,690
185,866
666,983
225,302
237,302,979
165,246
63,101
80,843,985
229,260
334,998
163,723
338,420,597
572,791
186,843
491,850
123,320,601
101,153
764,996
409,501,610
84,582,620
507,740
886,937
443,760
229,553,791
3,389,967
195,432,633
699,795
472,653
392,834
74,476
274,358,892
220,802
370,583
101,826
267,663,819
363,400
449,949
355,551
103,228,746
394,618,999
237,290
228,652,697
81,108,269
190,266,832
216,492,810
112,885
526,850
488,853
329,649
400,631,996
143,722
743,983
240,373
155,505
688,912
857,995
241,536
299,527
509,564,841
182,857
129,804
468,525,881
644,647,902
407,454
92,192,251
352,614,910
588,946
317,407,512
276,612,736
69,972
773,869
23,821
12,43
348,483
473,632,872
88,497,769
290,709
100,731
61,450
681,796
376,433
236,933
277,881
722,967
177,987
5,296,881
80,224
718,900
17,691,967
39,831
424,449,816
681,853
483,639
79,588
174,616
741,877
82,919
363,441,583
200,374
602,790
271,887
140,539
190,476,972
584,639,651
623,887
366,661,721
555,653
338,921
607,709
307,991
363,777,877
284,505,693
104,207,278
498,678
256,607
458,685
222,358
18,95,971
579,972
306,990
394,426,585
717,910
10,39
517,544
328,958
216,564
48,55
337,711
508,708
716,904
99,966
633,736,846
251,839
315,868,898
101,410
501,761
415,771
60,609,970
43,649,662
286,457
272,444
932,943
344,408
242,763
166,626,941
246,330,944
37,674
542,942
809,920
70,723
430,772
144,760
365,776,867
422,679
183,330,906
417,809
52,627
506,545
317,962
302,956
187,775
87,120
379,708
248,271
410,425,913
548,758
355,414,679
488,923
172,578,989
256,930
386,911
153,974
332,720
544,560
194,305,894
545,952
301,908
110,128
66,145
297,365,569
299,440,987
182,433
563,638,930
134,730,893
179,998
427,535,545
91,288,589
133,558
9,399,620
135,165,862
274,389
361,374
280,305,388
529,719
408,644
347,464,931
786,891
110,673
25,884
44,922
172,942
516,536
491,876,996
109,440,648
655,996
510,951,979
298,795,998
161,907
24,657,807
348,506
428,429
158,855
641,821
741,989
817,882
610,776
41,479
717,837
86,549,571
112,329
413,792
348,838
94,344
72,131
745,985
446,791
419,568
408,891
402,403,925
678,851
304,327,471
530,899
120,568
379,693,763
56,216,665
134,835,890
122,190
383,429,902
362,639
112,681
144,690
402,938
77,104,426
239,371
42,864
578,758
738,945
749,896
351,866
246,839
356,612
530,611,858
366,458
269,288
124,805
20,506
597,891
28,101,279
134,218
338,961
136,309,862
241,579
174,297,384
905,980
226,603
275,614
162,536,877
76,868
772,961
510,566,758
559,608
699,794
94,414
563,715
120,162,462
68,967
291,597,744
292,387
69,513
16,158
669,834
427,775
239,944
239,535,544
705,746,985
1,428
316,654
663,689
125,377
76,569,889
3,64
312,924
81,553
57,163
221,607,615
75,528,941
477,643
75,222
705,715
671,677
94,511
518,558
129,626
82,374,653
623,771
772,775
105,466
259,838
612,827,915
382,392
143,587
424,948
114,217
311,837
172,322
109,311
133,266
344,558,696
71,303,878
208,417,938
299,600,805
456,843,881
631,758
185,213
167,624,800
14,379,586
120,966
32,471,980
188,728
153,900
298,462
443,951
50,716
27,840
26,547,794
71,498
196,964
36,429
482,602
352,771
161,242,296
340,580,614
379,708
425,969
170,900
251,623
329,379
115,993
43,396
148,557,758
16,94,361
34,717,833
92,943,958
15,838
237,348,773
126,206,631
50,290,341
218,652
329,459,616
687,853
418,654
261,359
247,255,847
25,425,825
601,841
196,465
18,840
188,952
480,819
184,295,927
154,928
57,128
83,441,534
557,816
193,256,481
387,615,635
126,308
188,413
705,897
472,941
493,694
747,864
167,528
89,625,788
23,854
129,226,244
389,976,983
403,408
318,668
576,659
715,756
187,842
189,776,992
505,601
218,329
325,423
427,748
497,564
3,142,866
314,417
164,407
480,953
435,609,733
385,945
99,308
841,866
867,970
192,520
163,397
454,532,633
440,571
329,998
43,699,869
109,612
66,386
399,545
155,631
448,685
623,815,890
163,252,583
331,974
421,676
252,265
211,659
307,336
371,600
426,473,614
208,773
89,413,970
160,718
179,969
42,843
483,676
86,519,564
690,925
144,610
609,981
239,328
813,837
682,774
286,466
231,681
81,221,939
576,957
590,936
168,890
207,635
492,586
427,918
167,633
822,967
266,391,867
63,122
371,454
85,787
159,509
268,560,792
814,848,981
210,305,362
160,507,979
52,328
149,955
294,942
868,997
806,915
23,453
392,615
31,316
36,225
553,819
162,927
186,788,874
706,923
95,163
91,196
442,461,711
20,38
56,501,778
294,968
147,166,349
26,451
470,897
100,813
295,830
616,678,784
737,818
874,974
357,948
645,739
192,262
95,376,510
510,742
761,832,905
80,294,469
121,711
891,963
130,160,649
406,719
176,974
378,485
277,472,797
424,548,851
485,561,680
47,724
200,286,371
240,769,919
126,187,377
112,337,953
361,369,782
278,504
693,948
319,844
169,270,946
402,717
364,455
181,869,982
63,472,773
824,968
51,332
273,573
720,722,830
25,468,923
699,772
355,918
106,911
768,804
246,876
638,722,788
713,917
121,667
166,716,786
362,772
179,190
494,801
594,629
72,370,685
203,881
583,911
787,897
37,546
632,651,943
61,233
131,233,638
767,916,981
91,214,568
213,455,931
364,410
31,677
241,496
219,247
898,928
430,756
24,923
575,859
126,200,294
218,573,696
673,788
143,547
641,830
537,602,782
922,953
73,300,702
820,988
95,801
799,965
504,751,948
98,278
299,467,858
607,974
16,645,791
255,893
196,610
355,704
505,806,835
358,759
939,984
84,616,632
267,351
129,159,416
72,790
337,696
121,377,873
842,848
338,946
468,595
552,654
18,170
38,824,905
665,835
600,870
462,1000
404,411,900
6,116
336,411
177,676
70,293,600
506,777
370,496,751
361,475,787
337,656,800
33,449
333,354,579
473,615
264,338
343,517
173,827
340,514,559
154,745
785,786
6,160
204,344
258,888,977
524,700
273,615,864
494,781
316,811
202,915
629,768
61,882
596,644
569,877
3,419,798
698,713
450,888
58,417
137,432
135,457
21,105
395,550
451,891
211,813
94,977
218,444,955
152,566,830
435,661
11,687,712
322,810
161,490
604,685
117,655,890
148,316
134,745,787
786,981
330,959
344,837
53,730,861
493,579,939
493,893,963
465,948
300,629
433,807
277,871
558,723,811
724,999
474,959
112,751,956
675,908
625,816
94,681
259,619,981
110,991
96,463
900,973
523,700
28,302,692
319,480
382,650
318,373,462
417,613
456,548,624
639,730
574,726
191,873
636,809
595,995
603,914,1000
98,383,935
421,559,883
32,139,794
160,258,491
196,661
413,995
655,888
28,51,655
46,337
780,979,997
506,871
89,125,597
216,436,623
528,728
512,975
12,752,915
320,559
101,121,667
587,715,970
73,380,584
117,268,755
156,728,939
527,751
862,876
49,413
875,983
134,890
548,667,987
210,255,301
269,660
401,429
236,310,820
215,249
527,617
126,678,821
255,684
375,445,711
975,990
144,427
563,567,646
462,494,970
733,990
900,964,989
761,803
142,882
25,56,786
211,676,904
113,296,665
436,488,699
740,794
306,921
509,593
283,555
334,574,767
14,381
512,758
656,944
373,846
312,438,809
169,545
758,800,983
211,412,786
48,61
368,918
266,293,350
353,363,594
105,365
2,331
577,617
43,488
416,522,696
282,884
12,563,984
329,667,857
376,500,718
512,953
188,253
257,382
74,859
365,520,950
299,887
452,607,747
803,844
54,317
130,445,714
688,889
116,918
443,876
2,50
608,686
96,106,595
144,554,579
470,889
160,230
213,829
127,556
175,695,984
408,695
799,994
13,67,673
20,412,887
724,976
225,553
49,748,825
488,502
780,783
599,792
130,153,738
315,539
588,844
227,717
268,808
908,983
289,888
431,507,818
6,93,947
670,987
98,235
556,690
306,336
130,410,821
232,478,563
220,280,282
130,392,471
600,799
1,520,815
631,750
44,274
594,892,972
508,634
41,372
12,617
515,764
18,307,607
703,1000
230,699
134,647
606,665,953
356,434,778
334,888
167,718,850
542,921
856,946
107,114,845
286,495
342,951
640,702
45,377,765
51,225
743,890
746,847
260,428
76,690
138,180
199,446
596,791
606,961
258,844
96,210,214
269,593
238,404
730,988
299,654
163,238
28,191
295,447,885
80,724
43,134
246,306,626
520,573,958
6,73,145
490,727,852
445,621
377,927
55,470
440,480
28,968
52,572
62,681
206,424
376,910
408,650
39,743
692,880
328,798
363,670
62,321,437
247,952
640,918
614,824,905
381,580
15,202,461
133,732
79,809
283,321
45,392,935
285,839
90,581
262,839,920
73,995
117,638
333,824
71,697
124,724,798
76,500
377,679,792
836,908
393,615
44,469,701
623,698
829,830
30,313,463
40,264
330,473
351,472,692
400,621
176,433,837
706,929
281,947
451,628
55,508
579,644
58,581,976
205,354
262,286,309
667,720
2,144,391
533,818
478,547
559,682
219,879
91,393,766
75,117
135,589,772
189,647
21,433
128,136,974
15,209,542
148,510
16,371
307,714,831
505,905
478,852
764,772,996
447,780
20,230,384
566,600,872
307,329
42,221,693
960,979
317,585
90,657,718
186,608,820
176,726
26,116
91,710
263,402,595
1,516,569
209,330,622
636,948
924,943
242,472
666,743
39,839
55,232
311,650,886
512,845
49,324
367,903
475,700
291,693
731,878
115,236
48,358
371,947
403,902
428,512
397,956
34,796
163,246
93,875
35,568
737,808,903
655,841
434,1000
72,622
652,805
491,901
374,461,915
268,616
333,353
11,335
619,991
560,916
842,985
174,388
66,668,782
508,584,987
131,380
814,961
678,679,720
126,495
198,366,682
127,239,795
429,825,897
255,887
651,808
569,584
684,729
292,451,932
609,840
25,598
83,85
278,600
301,543,729
78,200,690
293,403,856
148,747
561,705,808
141,591
148,783
237,926
484,715
606,750
78,572
176,311
423,599,811
652,672
834,924
111,923
156,377,389
299,811
556,712
91,375
681,818
115,720,745
359,560
193,932
288,465
480,834
480,708
7,308
197,367
277,695,895
131,146,148
369,380
307,339,882
180,826
283,639
40,482,515
30,150,724
599,734
554,726
533,539
385,556
153,292,419
426,914
450,813
178,205
58,627
128,291,451
704,924
639,853
566,568
53,915
98,798
742,749,962
353,409,450
4,519
261,452
156,391
115,257
124,180,811
711,925
363,456,620
412,433,769
212,281,742
686,920
129,574,997
107,246
291,388
69,563,750
521,714
172,204
301,316
107,288
623,776
572,715,796
61,130
291,395,529
122,366
581,950,984
28,217,809
50,188
1,409
834,953
262,777
136,155,959
170,224
259,682
467,582
325,616
721,761
203,485,543
100,769
786,942
20,966
441,576
106,341
606,611,632
558,561,674
192,235
38,570
847,874,944
227,540,681
368,921
964,972
369,592
92,642,793
279,442
246,248,464
216,666,681
647,789
703,890
387,839
116,148,475
134,478,981
848,924
537,859
353,503,591
326,941
77,741,961
254,782
265,582
178,395
107,269,365
754,905,987
319,854
114,274,621
131,626,634
328,473
386,932
4,701
198,930
780,800,877
297,984
297,474
492,744
191,666
608,802
210,497
447,823,898
209,257,618
350,354
136,399,670
561,711
560,577,788
172,523,670
302,785
8,202
179,899
18,743
72,798
359,619
756,768
443,877,993
20,689
830,944
503,640
681,700
329,678,780
96,703,763
293,791
81,251
330,576,720
23,639,989
356,571
216,719,926
200,924
109,499,787
871,886
149,285
87,581
365,959
332,934
17,403,708
579,644,942
673,960,996
756,838,901
20,764
582,940
534,920
221,346
721,884
498,688
39,410
326,433,633
267,608
175,599
529,703,941
771,776
518,557,568
630,636
335,719
54,455,456
56,533
254,605
408,851
352,602
331,376
292,413,936
739,845
429,650
298,799
27,389,629
75,101
199,231
39,475,722
311,731
131,140,356
280,529
98,988
28,520
68,809,926
248,590
36,489,904
420,755
40,273
317,324,716
247,842
4,998
255,771,919
346,547,657
527,914
232,587
209,904
159,393,706
380,872
151,228
148,843
192,529,936
204,945
305,543
73,697,843
314,626,715
130,217
34,865
196,319
455,998
47,764
44,185
288,291
200,302,321
229,316
178,879
233,372
575,686
976,988
251,435
494,906
6,958
327,548
419,998
26,184,522
156,307
8,122,505
124,969
11,796
21,414
815,957
437,544,675
42,337,872
193,211
314,532,931
574,941
199,943
192,469
310,885
460,646
340,673
9,253,474
449,471,542
28,113
444,961
205,466
317,688
61,121,194
150,233,733
169,562
557,749
258,720
270,338,639
868,876
105,306
275,467,837
79,127
493,783
116,400
886,923,942
198,300
174,382
343,585
29,463
386,495
800,895
459,698
250,807
268,312,840
345,855
345,398,635
380,718,732
196,741
149,464,914
13,169
678,964
698,940
235,246,909
398,792
356,417,588
291,331
123,325
462,779
28,774
591,744
58,547
66,143,640
173,213,414
375,623
446,477
56,381
7,420,624
562,791
469,828
486,937
391,505,784
10,819,839
34,150
216,521
81,774
35,320
159,996
469,546
10,374,443
130,131,1000
766,910
247,447
674,738,768
106,635
96,511,764
306,361,685
896,949
233,379,710
659,759
81,103,698
285,325
500,823,835
352,581
111,410
820,887
205,938,979
275,511,704
464,732,907
505,825
4,483
360,504
938,948
116,796
107,825
110,476,752
386,782,831
700,754
690,873,884
10,736
84,470
767,995
434,446
436,819
8,185,928
528,571,956
368,387,670
189,391
496,536,979
241,406
772,903
247,520
143,306,969
37,155
297,908
148,254,707
325,475,973
57,394,471
480,923
573,644
200,642
191,411
271,354,979
493,917,967
7,550
448,476
408,852
784,801
298,932
169,433,940
458,912
321,886,992
121,548,636
116,989
37,289
306,643
237,718
21,236
322,626
882,903
133,595
240,661
134,794
205,582,910
483,886,889
299,905
119,947
311,901
437,604,839
709,998
685,743
535,837
526,613,736
145,940
122,442
270,317
409,856
125,990
568,823
549,904
775,986
532,784
272,967,995
11,174,887
17,336,453
112,642,978
138,900,997
436,443,624
827,946
527,753
93,591
72,980
220,845
180,565
451,860
242,435,549
10,321
195,604
194,730
380,883
290,343
454,649,839
273,660
267,489
53,123
630,764
455,880
30,711,776
210,416
164,455,546
115,331
499,859
729,866
268,902
864,966
591,939
261,682
290,991
183,497
593,700
197,786
265,359
472,695,824
478,735,986
541,694
473,592
68,127
172,576
485,671
807,925
52,105,341
26,447
68,675
43,447
101,649
232,351,445
213,495,637
475,599,662
515,555,702
123,271
195,338
284,946
348,633
374,938,960
244,657
742,981
68,264,843
2,426,910
705,966
231,745,944
373,979
730,899
732,932
504,662,947
59,227,523
280,328
319,556,672
576,741
383,514
300,598,971
331,374
192,811
511,907
143,254,926
419,822
615,699
382,788
912,923
113,928
766,847
431,784,952
199,560,861
518,740
66,981
17,345,371
457,849
57,407
425,982
425,945
131,543
171,615,710
264,335,633
652,701,897
368,785,834
738,745,906
185,383
171,441,450
308,854,937
325,493,740
480,556,952
196,310
666,689
678,930
153,538,858
181,218,665
943,975
306,887
349,822
479,855
117,183,309
232,636
755,814
206,616,722
654,918
199,649,841
138,230,468
274,821,993
34,162,621
771,848
784,875
471,736
413,492,557
10,652
416,887
135,938
287,464,582
335,657
93,603
178,285,634
974,991
161,863
158,429,889
295,331,466
47,876
21,78
690,846
45,849
96,662
66,751
418,892
147,328,622
189,625,959
217,799
258,436
41,270
421,489
140,252,405
274,563
415,492
207,360,987
196,920
527,947,968
476,619
133,900,997
121,551
529,947
173,899
652,852
586,946
373,386,984
79,211,576
286,371,444
165,877
171,444,709
443,482
640,725
169,483
12,186,427
159,457
257,319
439,659
262,467,789
175,826
175,664,850
413,616
714,740
602,655,904
515,848
98,475
486,525
51,110,396
248,474,582
206,238
34,783
514,904,961
132,489
54,442
59,73
107,571,924
530,586,711
667,925
95,150
300,451
72,465
632,974
42,49,919
630,861
110,848
167,264
349,415
181,524
238,561,701
346,876
151,680
173,864
173,865
274,540
3,189,892
38,937,979
296,839
683,725
3,450
411,727
63,729,921
701,705
453,605,800
582,946
297,425
65,526,624
63,161
859,927
29,874
145,739
5,518
731,800
20,744
63,664
231,931
376,569
384,793
134,636
682,999
589,907
159,235
585,742
496,801
48,901
131,876
35,562
445,783
148,728
128,714,794
265,380,493
885,975
653,666,848
142,722
465,908
209,381,865
47,923
320,734,811
381,399,688
48,371,565
156,362
109,610
595,694,845
224,886
317,947
61,449
788,1000
31,803
463,739
256,801,860
124,284
217,517
95,256,986
155,427
230,296
49,297
303,765,953
756,757
387,921
128,307,381
154,730
467,508
61,785
516,694,879
450,668
20,237,740
650,708
503,616,795
239,418
73,259
503,632
54,383,664
65,166,535
60,357
313,765
322,429
148,954
84,406
498,533,769
394,512
147,681,913
122,204
85,485,749
698,867
105,354,796
544,692
694,874
56,142,492
880,901
507,736,790
112,879
38,114
472,703
495,944
384,461,918
756,762,918
746,761
114,440
897,973
211,800
266,597
200,241
715,986
643,807
280,592,837
95,559
234,881
22,257
183,233,493
215,698
502,996
573,731
667,830
622,906,948
332,494,659
374,434
427,946,980
270,602
219,690
392,946
580,584
254,679,682
746,834
358,952
407,730,743
443,499,963
145,261,550
133,420
121,385
281,523
22,82
279,346,982
234,381
59,189,737
499,813,814
807,817
231,505
863,874
423,923
187,658
273,313,385
635,800,923
294,985
153,951
46,477,684
520,800
2,865
100,268,298
203,360
171,222
316,633
296,681
583,585
295,792
346,626
26,215
69,84,979
652,677,992
508,813
227,573
441,683,734
276,755
465,568,824
313,385,674
21,935
19,619
213,267,792
504,833
118,884
89,368
414,930
319,415
128,132
112,296,635
396,835
32,744
660,951
478,503
66,820,843
698,827,979
571,731
30,320
40,636
361,543
584,789
266,882
217,339,466
867,921
306,901
113,984
44,57,179
137,626,705
334,888,996
185,652,881
253,338,814
383,563
205,474,671
325,658
195,873
416,992
14,192,219
329,566
68,256,894
73,81
201,846
728,956
487,852
23,55,273
352,389
251,878
162,579
514,670
335,634
121,154
257,734
33,873
283,846
197,759
2,642,855
532,655,771
242,692
139,228
771,782
33,75,232
538,816
247,851
444,822,833
44,226
637,726
199,351
52,753
52,62,782
708,954
159,542
537,664,684
240,361
322,672
249,598,850
383,524,708
269,315,675
133,835
837,900
234,723
68,351,830
210,735
442,547,894
281,625,947
456,790
179,972
36,207
56,894
204,397
566,874
321,575
28,504,790
370,865
162,426,696
401,853
57,624
439,607,832
505,871
177,240
55,814
178,310,572
310,545
350,508,600
569,856,910
84,587
416,953
11,509
594,828
109,860
323,352
16,984
778,901
559,679
184,686
588,677
413,540
73,693
561,857
310,991
214,301
735,929
564,730
331,744
279,333,929
540,619
455,764
114,139,518
1,105
395,844
33,397
494,930
808,871
122,824
512,625,990
118,409
120,607
512,619,959
232,419,503
216,468,890
406,465
855,941
161,402
659,701
637,783
4,591
863,928
585,607
405,771
200,289,865
201,260
222,342,819
679,763
608,947
369,574
606,670
476,690,721
2,478
63,633,901
159,259
138,160
638,893
72,519
65,446,658
263,814
261,515,781
582,772
68,689
315,868
376,401
715,996
135,543
123,750
47,855
201,639
21,215,850
619,874
361,940
445,524
493,780,792
913,952
301,821
32,326,947
370,397
506,549
115,513,681
92,857
149,513
178,490
482,695
53,954
496,529
197,214,639
566,707
448,681
235,631,858
508,621,870
201,208,676
521,580
329,657
189,982,987
95,868
141,587
111,137
136,851
82,241,824
342,816
88,955
510,808
564,589
166,771
248,900
65,590
148,536,913
173,505
66,82
293,696,889
673,861
493,540,920
258,635
49,585
45,710
47,828,928
484,825
159,886
238,978
89,262
622,909
648,842
499,669,991
708,902
300,342
288,610,932
512,608,921
647,680
324,365
393,524,669
126,860,962
536,652
26,145
154,693
788,911
149,634,702
324,901
21,911
495,932
239,629
34,766
337,665,956
634,768
192,201
14,546
43,382
45,804
126,277
115,142,378
912,969
186,863
40,145
140,560
636,755
481,632,951
282,371,573
36,429
409,811
112,115,358
783,953
4,32,269
75,459,519
321,816
360,579
438,732
228,639,799
139,388,505
189,255,357
116,743,895
228,476,744
450,635,862
66,201
314,725
668,673
375,569
568,630
595,929
104,827
880,963
165,634
159,584,934
75,127,442
351,974
131,909
34,174
170,275
315,921
696,723,744
599,604
845,971
10,605
17,162,429
743,927
193,295
42,327,414
59,330
293,409,814
309,871
256,472
156,505,592
385,737,989
524,760
30,345,763
481,784
89,649,962
242,696
196,927
722,774
631,811
417,698,868
538,654
565,825
207,376
209,423
392,463
220,958
467,762
152,197,542
129,762,999
305,772,885
564,754
83,456
202,555
275,378
696,932
44,948
723,803
298,588,852
152,873,990
37,255,913
263,599,911
50,559
96,139
41,355
381,466,984
357,620
381,454,650
546,851
55,379
227,928
255,403,870
48,567,586
170,430
678,956
263,272
53,201,207
1,157
49,888
609,691
154,745
341,601,686
4,755
19,341,601
218,678
94,844
25,540
47,324
200,322,867
569,928
298,568
276,850
36,63
52,768
330,828
799,801
380,869
647,822
1,974
242,686
605,860
424,525,526
247,523
301,589
155,353
149,219
100,838
345,601
360,994
267,503
519,671
165,773
355,451,597
227,423,760
382,905
774,785
4,291
210,801
442,557,687
740,962
122,485,924
380,545,799
112,291
319,927
88,311
271,628
429,633
599,828
301,552,910
94,384,827
621,776,982
549,578,910
89,269
312,443
282,692
251,752
166,276,800
455,563,879
506,558
470,779,798
514,849,910
718,752
15,38
335,562,807
376,798
743,952
75,542
285,934
42,954
104,337,721
390,785
126,493,494
296,722
327,637,995
459,970
633,778,921
114,647
391,421
346,657
346,368
132,765
41,427,552
497,960
142,340
73,649
127,424,495
185,760,923
165,369
227,367,414
42,388
273,746
721,902
84,905
147,848
74,188,797
34,800
464,581,659
46,147
596,725,769
118,499,937
97,473
283,739,832
306,839
729,748
687,878
87,988
206,861
206,630,985
223,542
704,715
404,791
836,963
138,160
541,711
434,507
139,525
455,732
164,273
674,844,952
285,507
4,764
346,466
22,352,950
791,886
39,171,577
6,687,885
455,542,747
147,976,999
8,400
260,503
98,955
324,452
697,709,829
183,913
5,462
412,490
18,55,121
513,713,950
439,890
465,984
698,725,868
279,742
108,599,689
292,630,874
686,886
31,263
85,93
13,207,948
580,696
402,874,974
81,315,820
713,864,957
947,989
291,564,573
326,839,888
410,779
217,819
742,784
190,444,978
441,715,959
415,459,836
61,259
575,923
261,838
675,718
9,321
237,731
665,779
586,870
95,883
135,460
537,725
65,246
576,935
61,692
64,662,750
87,530,689
161,527,608
21,233
303,540
177,380,724
282,561
154,594,695
135,182
93,946
46,443,681
133,793
60,280,402
12,862
289,704
69,428,577
98,131
217,804
537,777
615,842
112,214,750
217,376,783
441,456,927
89,671
134,256,902
185,291
51,75
350,528
644,866
297,371,968
60,106,524
654,960
205,574,983
397,636
79,144
585,952
111,381,894
146,600
34,912
191,420,627
182,300
485,717
747,784
707,821,993
314,420
38,825
624,914
352,846,966
320,358
208,972
261,405
404,569,963
285,921
105,629
121,996
165,639
906,993
286,867
81,167
303,384
7,434,964
517,951
67,335,379
786,819
316,943,948
25,319
246,984
213,448
593,815
662,811
160,312,573
257,299
377,750,823
185,426,520
85,524
261,682
395,740,976
532,755
115,413
4,532
278,386,907
85,110,176
724,874
249,954
12,89
454,882
459,629
83,975
121,233
51,204,851
237,432,515
126,555
166,772
576,618
192,680
232,640
301,889,982
239,675
273,502
230,931
164,522
229,324
98,189
362,685
170,756,772
505,760
232,551,563
214,535,893
517,660
535,561,910
448,796
58,895
391,976
294,695,859
415,568,779
225,291,995
416,626
256,619
448,919
70,77,185
231,288
206,858,920
368,790
526,570
138,541
6,767
153,967
350,484
306,504,902
483,563
261,596
37,807
167,441
6,63,778
879,985
314,495
149,508,528
396,575
75,211,795
28,604
515,755
573,931
783,991
229,529
550,820
40,878
155,287
134,210
773,777
683,684
139,712
50,554
257,259
66,461
197,483
64,883,917
453,626
87,431,996
434,965
642,793,846
655,730
566,733
267,944
120,162
564,652
344,499
867,919
419,990
23,553
457,717
104,500
172,435,501
529,632,803
15,538
662,805,942
307,686
300,407
355,634
12,82
380,868
166,708,837
51,619,993
842,955
245,663
211,528,658
105,538
31,468,939
629,851
262,711,832
1,799
207,294,340
47,251,950
138,299
127,879,924
119,624,796
237,511
41,440
648,911
365,511
130,405
54,698
316,356,590
548,563,674
118,523,706
408,610
327,440,640
336,600
85,420,927
129,310
659,874
840,974
102,117,660
619,986
785,927
778,827
420,785
22,339,453
182,860,861
303,348,684
105,116
682,979
834,953
24,841
289,687,960
234,600
78,846
79,645
61,531
353,487,859
74,444
405,673,702
144,420
14,797
33,646,835
89,380
193,481
233,669
633,862
156,650
352,535
99,483
179,396
167,232
7,29
90,781
96,149
210,506
59,529,870
211,783
227,661,945
185,734
467,555,598
343,716
754,959
489,911
546,620,948
279,488,664
917,930
611,659
932,948
4,569
18,64,957
3,569
161,677,869
259,358
148,342
487,851,891
893,998
89,577
83,636,837
352,629
14,643,916
84,519
104,621,797
372,964
582,715
164,607
67,764
786,912
300,769
469,566
672,821
356,480
508,561
646,675
336,686,852
657,914
44,294
127,364
740,908
374,916
16,477
80,193,931
170,251
370,496
9,790
373,492
89,828,857
121,376
291,748,758
163,451
118,802,953
312,829
851,953
475,599,706
5,195
29,73,664
160,768,866
120,961
366,485
56,60
133,577
388,857
735,820
182,578
10,119,915
171,813
608,706,948
55,162
19,397
48,241
75,500
386,611
508,811
377,804
246,311,909
502,995
556,808
378,828
281,517,758
84,407
372,600
58,374
334,815
329,351,685
27,525
71,265,503
86,567
392,597,932
297,875
62,177
545,764
92,353,774
50,109,734
16,108,498
11,488
76,520
305,399
422,466,519
11,153
89,800
78,498,526
167,322,678
317,410,641
239,292
644,837
173,717
267,301
745,791
556,565
267,917
339,744
9,676,862
264,919
797,818
623,746
185,824
335,676,687
394,483,899
19,407
86,360
84,781,793
130,258,827
291,637
278,380
256,785
329,371
424,495,532
769,886
32,961
555,876,988
324,327
46,252,940
533,729
393,746,838
96,277,486
87,412,588
252,994
392,898
360,541
675,843
30,649
255,321
745,809
650,838
164,984
42,233,330
54,841
22,705
87,733
695,834
74,818
254,906
43,220,571
312,823,948
211,332
611,901
375,914
53,587
556,897,911
308,362,793
146,289
91,577
665,996
130,836
91,242,496
363,721
263,472
2,621,680
426,486
132,592,656
709,716
479,524
129,261
533,539
638,931
327,586
24,184,361
128,332,932
241,907
895,916
599,712
45,386
488,643
162,372,543
79,211
167,287,731
192,497,579
509,680
465,858,861
20,177,626
73,506,715
6,469,722
716,748
498,634
437,488
218,527,939
176,817
250,614,832
433,731,976
52,912
132,225,655
96,373
321,395,416
71,545,614
98,710
213,969
701,726,738
111,112,553
382,826,858
78,234
50,314
465,788
157,713,718
360,484
881,904
28,546,622
51,970
417,431
491,627,649
50,837
110,381
289,448,651
760,949
693,737,799
45,57,628
96,571,635
298,302
296,549
139,689
118,946
199,784,899
427,562
84,179,597
246,673
422,499
122,374
20,506,785
186,300
256,339
762,930
173,175
437,849
458,881
170,215
187,704,996
55,167,379
50,243,344
162,793,995
585,975
467,718,868
20,201
277,855
548,997
36,778
119,277
45,268
422,650
21,395
137,878
142,176,274
147,633
27,855
222,830
358,725,830
609,622
569,880
138,680
143,253
619,659,943
40,753
257,431,555
582,933
178,566
102,155
201,240
544,595
551,659
193,707
136,153,916
672,896
89,718
166,406
122,276
652,708,834
673,758
201,316
504,892
886,994
63,839
357,988
511,588
391,524,670
156,617
260,378
280,814
92,814
88,157
208,826
139,250,428
342,816
181,519
422,896
656,727,947
337,856
58,399
296,309
475,834,961
17,425
9,202,315
685,793,919
10,565
341,724,938
298,532,970
277,329
831,894
609,725
358,671,936
185,789,914
507,772,977
174,765
222,861
175,212
518,934
530,920,990
93,972
619,656
482,618,754
36,379,578
559,648
419,993
182,358,858
59,693
94,949
26,829
226,275
350,641
116,188,538
216,624
44,542
186,200,880
430,733,848
92,755
151,443,603
271,413,850
903,980
402,514
152,568,641
247,291,544
132,208
142,795
85,937
113,358
53,201,488
378,531
94,263,964
197,331,543
544,824
482,521
161,207
473,843
145,221,822
538,752
282,523,711
402,647
612,615
39,343,841
860,998
431,730
366,642,647
182,726
209,789,993
67,127,600
178,715,941
617,916
238,344
139,775
250,297,367
490,738
18,26
71,719,775
418,562
439,893,975
462,618
512,726
1,444,747
753,933
392,494
685,778
305,966
41,868
115,462,982
344,499,969
42,829,990
157,833
100,911
458,737
524,585
242,819
220,776
663,931
480,723
665,869
822,968
529,594
209,947
230,590
32,786
482,746
96,281
262,854
251,640
603,847
88,666,688
390,791
137,297
12,483,755
255,341
18,148,395
222,607,916
140,774
809,817
274,829
251,803
747,749
325,848
265,657
675,821,899
481,498
292,557,828
162,171,925
38,889
144,635
502,540
47,800
148,217,882
252,733
593,632
92,782,818
81,227
366,956
66,359
139,152,689
390,505
12,272,455
586,704,843
199,420
86,825,883
249,891,928
375,634
217,478
40,582
600,716,839
259,336
739,905
114,455
330,895
365,711,989
543,864
52,443
19,111,148
70,409
673,724
23,739
193,381
260,803
319,683
105,237,352
94,621
789,933
446,707
292,392
431,681,905
634,957
29,279,935
43,180
400,856
4,784,974
676,694
161,230,786
27,433,668
168,526
282,440
137,237
298,832
124,276,416
657,746
352,544
37,190,765
268,522
49,622
262,696
84,269,401
740,911
55,872
437,515,581
288,396,438
413,516
155,634,803
347,409
159,200
293,472,942
152,564
312,906
58,919
581,838
415,691
99,888
453,964
248,436
34,485
16,957
388,630
169,177
184,575
42,197,879
12,79
112,670
464,543,980
479,984
357,547
35,725
143,807
134,449
98,873
640,934
462,988
61,908
159,387,915
357,455
84,829
46,151
76,617,685
229,861,967
92,267
390,913
31,598
89,466,659
228,613
465,620,794
439,763
713,877
425,536,661
31,480
385,510
15,139
427,689
455,954
28,773
143,187
178,807
632,702
510,795,874
434,876
416,983
745,927
509,572
202,629
226,581
23,382
228,756
273,581
339,917
349,693
149,215,243
303,460
25,711
35,654,864
641,661
169,484
361,593,823
549,650
152,194,890
112,810,867
471,578
343,429,870
269,892
536,889
194,576
483,547
566,802
200,733,996
88,103,598
170,546,769
674,867
165,465
410,722,931
458,485,523
624,799
520,528
278,590
190,632
461,760
52,265,664
21,271,310
583,825,912
530,734
16,412,725
655,981
421,644
320,370,561
240,853,965
204,940
666,979
539,1000
18,180,831
423,458
611,742
253,257
203,774
148,784
134,917
146,373,718
105,955
68,130,148
653,688
74,333
385,856
50,348,642
325,990
147,751
218,340
263,969
109,348,575
23,600
158,227
93,140
410,609,722
21,946
206,931
32,889
632,697
676,781
317,449
459,934
498,773
165,689
439,840
600,705,766
47,113
33,483
160,521,688
251,985
59,224
709,874,991
40,572
351,894
82,634
17,409
136,514
510,970
71,499,996
636,644,943
52,693
25,758
409,441
105,770
488,724,983
566,954
459,536,838
721,842
132,638,795
462,641
296,905
70,242
281,319
581,913
172,294
90,626
299,766
641,809
278,559,914
411,911
415,481
234,437
314,477
182,385
224,573,854
104,808
545,983,984
138,916
116,744,993
149,366,889
26,419,557
208,246,352
14,853
95,953
684,918
263,642
252,488
158,372
774,980
308,361
504,656
425,818,936
364,630
20,983
506,888
187,276,600
41,103,387
152,298,330
94,794,922
819,958
288,546
28,464
458,614
342,874,936
69,152,829
115,386
303,307
538,707
253,710
175,678
29,205,321
205,219
962,995
166,800
315,850
273,504
181,238,662
251,502,656
73,191
312,935
69,564,780
447,673
70,253,900
207,516
174,261,699
203,479
301,938,946
385,815
654,979
147,352
684,784
424,502
539,958
644,823
143,713,955
291,413
230,376
72,481,607
638,943
66,682
45,214
176,465
51,211,377
34,148
571,647
594,811,849
24,370,852
391,696
239,413,576
516,670,852
405,661
402,710
428,610
365,644,766
513,907
70,650
182,576,611
218,971
127,532,804
569,674
577,815,957
51,111,744
537,571,588
20,24
121,722
567,739
217,747,860
328,363
184,394
342,475
10,550,818
449,659,828
321,554
109,606
16,52,110
44,268
13,234,246
356,612
152,155,948
130,288,381
245,630,817
82,265
501,516
303,417
181,480,606
237,446
145,999
538,860
292,482,589
127,290
424,765,835
113,201,270
6,27
52,330,526
581,704
441,466
333,841
607,657,781
161,855,883
247,624
885,927
332,625
379,608
763,828
404,450
542,916,954
107,112
247,969
184,256
241,592
24,870
137,721,800
344,792
731,845
304,751
188,955
652,706
137,849
442,495
540,867
155,667,824
499,734
552,781
52,820
752,994
539,994
469,971
596,953
365,761
203,689
171,328
385,463
281,721
396,788
652,661
247,961
166,254,780
38,347,902
343,795
412,719,775
155,407
375,594
187,739
74,969
294,412,415
283,533,676
291,407
294,600
606,992
153,241,420
530,784
17,350,700
805,923
2,947
436,983
333,893
490,499
413,819,841
71,137
390,530
485,561
138,398,528
683,765
196,608
674,900
485,502
191,464
764,818
176,376,816
234,776
39,336
128,976
152,869
446,719
810,968
25,204,720
515,999
529,912
293,614,671
182,722
179,329,846
159,461
543,880
144,546,707
567,865,914
86,884
374,808
60,591
44,227
386,487,609
184,494,632
141,882
472,880
115,371
760,868
107,802,947
172,904
533,623
426,473
324,873
127,840
242,313
239,447,701
236,521
76,408
67,746,752
163,333
82,687
115,213
124,490,728
502,526
402,901
284,505
198,290,547
94,302,356
104,388,522
77,695,884
36,924
559,817
573,871
243,529,690
133,375,421
148,244,796
614,689
199,683
163,551,678
188,990
10,521,878
103,208,289
132,936
469,503,566
2,224,937
426,779
132,317,744
3,447
288,956
361,434
386,841
83,929
90,615
289,384,941
633,657,898
265,782,790
688,727
182,905
208,642
70,674,766
565,763
555,605,930
334,587
220,299,651
192,624
851,927
304,567
293,645
345,360
883,962
208,417
170,640
210,347
68,121,720
4,963,967
65,403,419
908,931
745,951
496,719
281,834,904
78,627
54,246,518
378,843
327,971
116,334
290,904
15,926
205,249
539,713
514,559
394,801,817
165,305
252,864
220,426
210,271
249,795
222,452
547,716,780
503,917
15,170
187,377
99,685
45,465
420,472
45,449,646
179,630
333,623
137,316,488
596,711
794,980,990
208,492,880
9,244
107,433,693
38,965
818,875
858,990
679,762
388,591,949
210,896,996
116,169
70,468
240,853
237,241
626,803
362,733
510,707
250,856
87,997
308,446
726,742
321,977
465,801
28,630
424,769
208,626,664
590,634
263,943
44,494
246,806
652,900
552,962
539,688,770
61,161
323,464
739,787
115,292,819
262,910,955
433,710
29,299
101,269
365,514
689,922
264,989
60,569
686,766,925
125,227,459
71,316
483,846
264,327,667
90,258,878
55,833
423,871
287,635,640
20,171
112,273,923
187,770
144,883
84,716
477,950
435,553
25,837
137,318
456,655
251,431,790
1,585
253,302
744,781
121,305
141,888,998
101,472
4,182
872,966
58,458
237,622
89,380
878,942
45,835
524,567,636
280,458
624,749
91,609
828,906
97,680
373,684,995
34,763
808,823
428,534
170,677
479,752
71,143,165
692,768
125,239
316,497
377,718
152,994
73,378
387,880
229,943
418,850
533,643
398,906
173,195,443
35,697
184,308
136,329,447
22,214
56,331,825
144,559,884
255,668
12,324,892
17,486
530,944
55,74,243
307,341
316,696
114,661,727
805,855
784,908
254,752
31,157,244
725,742
322,870,889
705,871,989
30,693,902
260,829,943
40,116,235
645,979
303,875
156,694
476,506
25,891
598,629
569,951
481,575
534,711,875
73,432,872
126,966
429,838,992
177,959
35,67,782
97,321,746
214,615
290,630
73,417,921
6,202
67,908
84,387
210,814
535,856
298,444,683
610,776
241,495,656
300,401,605
80,745
148,205
247,897
775,873,875
15,697
404,670,779
14,73,883
115,419,748
138,545
286,987
123,784,874
23,523,717
742,858
152,387
255,488
418,817,825
381,659,757
97,633
496,669
86,88
535,549
518,664
336,922
829,838
203,798
460,726
77,613
168,281
417,730
59,457
143,857
210,827
70,350,869
549,610
426,502
53,150
219,972
77,115
105,302,788
433,450
178,591
393,811
236,543
305,868
636,906
22,252,623
718,921
304,374
53,749,843
258,405
861,959
725,873
256,739,852
766,890
192,584,672
641,938
218,508
289,355
70,165
356,436
160,397,447
127,564
376,749,863
303,498
137,354
595,739,955
299,922
21,923
651,739
491,976
375,505
261,502
111,614
106,900
163,429
70,258
390,463,940
942,981
409,857,958
114,896
240,570
32,229,863
217,512,655
309,641
110,591,631
39,619
26,325,951
418,555
90,418,913
285,474,812
26,61,127
177,401
369,611
17,642
474,484
85,485
105,462
382,852
114,322,463
471,593
108,140,596
562,769
420,449
631,996
190,952
420,901
377,520
144,869
39,466
591,615
158,278,710
966,999
289,743
326,594,668
248,588,692
46,659,957
410,609
53,141,949
24,216,550
180,553,903
320,485
229,407
157,470,514
66,581,736
98,979
307,663
131,239
60,758,809
690,978
81,244,918
382,422
339,809
776,859
259,990
179,445
409,411,488
891,926
70,443
23,91
596,942
472,650
836,975
225,641
5,419,826
673,790
174,399
151,705,940
377,712
844,926,966
154,894,993
16,248,804
397,744,943
581,729,909
176,483
413,629
76,320
77,347,889
129,787
163,739
142,388
3,468,973
562,741
171,389,582
92,100
136,351
351,360
325,339,860
704,746
614,913
389,626,731
392,636,995
197,868
261,633,719
401,655,948
126,353
336,442
232,691,843
229,966
599,763
313,779
683,717
84,403
233,565
844,868
598,726
418,875
435,708
363,411,883
123,384
230,290,685
410,439
669,802
288,896
304,473
322,788
346,390,941
200,228
111,141
101,365,821
229,452
165,658
73,902
375,583
648,968
426,853
31,334,855
215,282,865
449,671
601,853
505,766
626,773
52,479,552
378,462
327,446
200,238
485,821
468,520,865
265,996
904,937
284,589
251,320
645,676,806
499,919
290,796
25,541
269,943
309,617
522,819
323,489
35,368,697
276,432,574
294,608
299,802,919
263,347,651
177,265
452,699,857
171,480,692
699,707
252,627,681
103,356
543,777
129,271
152,548
228,999
510,619
96,941
75,111
689,854
514,604
599,619
226,818,979
80,875
109,192
235,326
92,469
28,891
109,601
205,325,853
800,969
240,605
234,417,545
426,534
671,871
324,694
454,916
171,501,694
552,778
84,790
801,905
319,560,960
295,936
110,232,755
406,841
676,930,983
282,766,833
43,546,977
269,959
601,808
32,707
342,353
181,928
512,646,660
175,277
82,919
26,415,532
842,987
514,612,780
712,890
105,361
42,248,752
281,651,877
192,947
173,273
591,962
88,98
536,826
124,780
296,631
48,416,967
194,748
60,397
176,932
825,914,989
583,859
97,345,644
786,814
152,783
510,738
379,927
98,503
410,619
223,444
256,551
753,983
311,532
690,732
514,719
695,815
482,511
270,327,690
165,214
73,257
122,811
245,269
470,609
294,594
415,456
605,913
416,676
96,447
789,878
516,620
339,977
48,138,559
450,913
284,529,549
703,918
310,933
171,700
53,148
409,734
32,173
210,623,965
81,666,777
490,610
411,700,808
181,541
351,455
56,208
47,760
34,482
60,171,395
614,751,869
185,411
180,303,758
313,671,741
222,607,738
287,646,651
100,855
789,967
217,260,269
885,917
411,458
336,449
130,841,882
179,183,546
52,704
192,408,496
116,771
257,278,869
593,904
117,483
510,728
558,980
90,245,730
341,639
890,986
105,497,502
227,662
421,837
179,340
250,822,945
102,861
242,363
409,584,842
105,521
212,595,692
50,883
32,449
110,234,530
687,900
289,925
150,510,744
735,934
206,726
121,738
114,159
144,578
30,876
181,212,400
724,994
366,989
229,998
475,598
428,473,578
424,634
413,477
382,528,838
329,809
121,453
169,846
5,36,899
61,784
621,914
290,369,961
242,904
63,136,482
439,959
154,266,485
118,850
290,705,809
340,869
904,948
261,576
509,737
104,525,813
500,563
189,599
188,942
481,857,998
328,348
93,673
87,165,356
158,671
429,784
537,630
202,539,631
74,409,429
252,634
210,237,326
370,854,870
421,423
97,453,711
48,299,814
352,939
199,329
101,381
287,373
45,364
173,762
286,427
620,750
219,998
820,944
43,344,986
356,933
25,657,668
292,713,993
239,949
59,189,561
459,889
105,903
371,737
377,510,517
7,244
641,893,908
199,794
505,560
685,776
126,960
80,206,967
260,461
358,767
40,772
219,849
399,412
367,425
496,574
194,532
941,993
590,887
330,709
328,650
136,847
122,346
294,421
95,893
183,674,891
154,735,991
292,705
542,742
433,872
354,432
443,520
212,680
119,235
725,729
73,737,898
59,494
284,768
550,574
149,614,721
162,172,360
798,952
194,923
292,363
181,836
599,784,842
114,440
646,975
657,668,919
673,988
261,870
111,591
156,409,577
116,966
47,331,346
687,729,999
228,909
606,911
131,497,772
118,601
338,848
558,589
599,602,973
423,650,728
356,938
120,981
821,935
517,916
577,591,724
294,403
4,896
851,929
565,641
167,598
494,777
412,939
744,930
26,540
704,756,898
563,959
483,917,986
118,566
285,913
332,828,981
137,493
28,706
333,504
179,364,465
627,828
13,368
164,979
100,695
478,765
392,562
262,454,499
61,851
11,501
4,367
254,618
400,833
56,199
351,612
816,879
89,287,786
358,528,577
513,854
136,840,954
82,768
398,888
476,952,974
91,180,813
244,907
525,797,824
501,728
221,934
224,669
13,432,741
37,666,966
16,376
63,420
633,802
473,489,912
591,828
153,397,483
190,269
123,935
265,453
316,666
303,923
103,567
227,600
335,865
399,479
356,671
127,634
678,793
328,398,454
18,847
514,909
577,961
52,530,799
343,560,770
92,134
675,699
547,632
324,875
328,362,422
48,559
298,524
145,299
254,774
28,58
286,472
693,914
198,722,827
119,248,812
125,352,971
168,240
250,524,947
293,893
146,306
452,460
414,611,863
47,191
677,937
642,856
35,854
285,361,574
2,102,470
169,542,983
75,144
360,432
545,958
344,761,883
773,812
293,575
1,108
18,740,909
248,802
514,694
28,125
113,658,999
246,650,723
112,609
14,747
239,747
67,888
424,967
209,595
134,356
104,358
464,755
465,494
52,79,402
36,435,586
79,164
255,416,689
588,779
457,581
83,260
554,881
55,120,938
636,771
19,576
283,353
71,135
173,388
381,519
16,354,658
535,604
553,869
518,547
347,644,761
304,747
240,612,804
558,803
470,778
792,999
303,909
695,811,854
179,909
2,757
105,349
293,667
113,145,643
807,818
229,625,831
417,542
592,945
301,807
868,885
117,268,283
243,825
246,572
471,585
97,681,926
397,788
1,42
98,488,756
64,708
159,496,845
13,201
408,890,938
286,561,751
47,289
269,471
555,609
16,309,316
477,790,806
78,103
373,778,783
650,969
277,680
256,269,667
180,253,517
48,739,813
240,556
234,306
124,725
183,609
12,176,917
237,311
697,762
166,431,507
362,812
110,493,743
547,940
43,565
451,707
583,736
286,586,911
108,164
33,136,547
33,609
229,823
239,667
969,998
85,833
81,487
562,822
143,999
156,382
114,809
437,839
104,741
374,815
2,535
96,922
584,896
923,990
554,846,910
265,411,828
691,882
508,580,739
61,285,303
433,578
43,812
32,121,259
126,407
231,547,616
451,974
142,861
89,92,287
281,470
481,801
824,912
661,982
112,614
126,492
277,561
795,987
371,656
375,508
101,745
358,482
221,254,655
88,906
323,497
678,749
109,172
496,567,813
424,816
269,594
187,310,624
5,746
111,290,993
507,934
406,991,995
186,515
472,499,982
439,836
185,401
3,276,372
415,510,861
48,360
676,942
527,859
185,927
33,802
845,956
308,469
403,972
197,848,926
314,996
54,526
264,396,740
13,685
381,858
100,450,798
327,701
294,665
479,741
217,252
82,198
295,736,761
582,927
86,837
353,734,899
421,473,924
286,670,731
643,775
177,245
16,588,685
212,536,553
703,831
17,383,958
303,402,421
178,427
538,794
66,873
62,275
34,367
230,919
200,292,893
783,831
35,60,239
806,857
374,966
299,677
59,245
211,536
247,723
778,880
114,331
633,760
248,437
60,917
71,689
291,393
129,295
184,428
13,526
141,829,975
109,648,904
364,819
190,576
184,430
407,792
4,33
373,746,762
511,764
44,231,890
201,230,976
121,125
485,677
108,234
384,969
50,313
334,568
244,868,966
421,514
906,946
462,666,682
74,595,897
155,590
176,568
867,886
89,528
716,875
695,871
160,693
438,622
79,534
22,625
44,872
367,882
655,860
336,342,659
346,839
211,424,530
49,137,688
357,500
5,35
285,827
486,671
53,163
10,724
22,260
19,891
14,133,340
366,670
542,794,882
562,773
828,930
341,401
79,109,229
514,984
107,453
281,422
472,482,855
321,619
267,568
418,941
126,194
294,712
226,998
671,695
959,995
832,999
226,266
179,500,622
322,490,575
578,695,942
267,970
184,438
223,892
50,470
97,137
602,652
194,566
834,903
432,904
403,510
653,746
48,529
133,651
53,117
175,915
165,812
424,649
657,891
267,982
181,575
279,404
20,562
313,379,925
797,854
356,489,592
359,731
123,546,661
144,426,869
580,922
558,623,977
906,916
95,518
504,666
182,437,930
24,612
576,975
85,721,978
157,461,777
662,968,989
826,997
203,758
293,825,947
295,432
371,712
180,296
207,472,947
117,416,720
527,554,686
280,739
307,893
602,645
261,605,653
263,299,516
459,492
215,443
17,247,671
103,390
40,147
89,911
3,355,791
199,292,466
541,973
159,987
108,1000
338,349
14,651,672
188,294
295,686
366,388,779
347,624,648
578,592
359,824
263,553
251,599
273,405,721
200,435,833
397,852
238,869
452,628,730
81,353,837
857,970
479,702,771
144,337,997
297,380,756
318,381
329,407
780,882
494,991
796,804
114,610
299,463
350,693,907
310,421
41,634
552,633,864
473,810
149,360
381,628,930
60,984
132,329,879
271,705,870
252,631
556,884
647,956
623,898,972
193,291,714
51,691
73,682
224,943
93,762
639,765
150,401,609
122,693,978
463,751
200,650,897
115,194,336
362,430,946
167,774
69,300
302,820
250,371
74,98
132,361
443,513
232,548
7,764
696,706
212,675,697
246,757
92,280
88,624
306,862
624,658,718
184,418
194,387,578
620,722
131,463
215,254,698
738,949
60,134
303,640,866
278,405,700
913,915
237,429,624
107,741,907
477,683
47,731
513,605,679
119,913,946
274,419
524,772
247,400,710
475,778
278,571
895,932
30,188
137,798
112,209,490
923,928
559,723
10,217
205,941
564,927
436,526,887
144,292,813
583,761
155,735
379,883
145,557
312,981
306,446,764
400,925
840,906
83,525,805
321,640
656,694
50,711
54,747,767
676,971
62,633
219,251
754,817,899
553,908
291,715
196,819
1,987
622,890
22,590,816
378,556
710,803,889
813,829
507,715
898,905
92,351
391,448
106,822
272,298
458,806
197,829,887
249,945
469,671
485,852
691,899
604,782,957
607,887
189,549,565
12,697
219,915
108,165,387
296,543
329,1000
298,519
33,126
239,355,540
219,429,608
301,626
124,133,320
3,132,698
442,963
661,732
120,465
159,482
471,675
486,867
779,797
206,292
168,960
732,873
405,462,868
611,751
98,616
259,364,843
16,926,989
188,574
60,206
840,986
205,545,657
640,999
301,814
16,329,605
40,464
695,855
87,250,380
57,993
537,938
532,817
13,187,775
655,843
247,344
837,894
216,419
314,729,909
527,980
342,775
393,924
77,644
57,410
443,482
207,647
460,993
303,785
51,152,452
363,592
475,578,583
36,529,693
908,912
242,459,688
87,489
534,942
255,362
795,970
123,357
149,473,705
176,381
156,985
765,923
134,232
677,833
121,748
224,472
17,511
560,998
496,785
329,471,694
213,755
228,684,939
225,743,895
601,865
13,341,352
562,681
268,641,874
282,348
476,747
338,563
62,117
7,829
68,431
147,380,506
278,953
342,936
764,974
211,716
665,855
155,217,424
3,391,580
496,692
38,653
410,691
64,257,595
614,769
65,390
477,544,644
37,138
133,654,906
606,978
45,691,917
153,722,934
1,159
521,625
57,293,587
73,895
78,315,489
401,927
453,708
244,593
203,416,462
141,473
708,838,910
39,745
14,703
785,901
411,490,822
37,605,799
416,928
225,632
392,609,636
425,621
148,292,631
795,935
379,391
624,844,994
262,855
189,754,926
37,264
171,442
142,380,394
222,860
57,454,863
778,946
587,669,962
672,730
331,369
4,981
889,903
380,684
744,911
344,582
318,682,697
635,751
818,875
58,114
37,777,799
362,566,741
327,855,915
312,429
332,356
431,680
228,887
199,622
81,227,269
94,359
469,518
111,480
520,844
579,955
159,394
90,610,776
359,537
50,403
196,419
589,983
60,754
247,604
83,670
350,803
71,143
166,252,612
596,704,862
278,989
212,763
88,517
144,862,962
41,56,354
522,663
59,299,409
204,606,671
243,294
46,427
66,853
128,300,877
146,573
230,354,640
181,442,961
94,98,550
176,959
272,563
130,949
563,944
562,611,743
38,167,768
123,378,517
380,983
36,173
289,745
214,775
241,972
104,216,699
179,256,367
548,995
108,919
5,270
33,701,812
116,783
199,542,931
340,672
689,793,806
432,633
162,832
240,821
564,619
430,537,770
372,480
2,409
114,971
526,539
299,779
158,481,866
73,283,886
506,570
589,692
593,662,899
620,941
409,431
704,971
870,924
75,306
128,367,816
319,608
315,753,994
320,441,849
560,832
154,245,795
106,549,656
251,271,902
391,722,828
545,652,853
557,615
429,579
337,458
151,252
475,621
406,917
242,632
454,880
467,848
96,660
49,974
766,997
202,335
193,906
91,447
342,495,971
388,755
87,443,996
626,998
73,432
24,467,977
661,955
398,514
775,827
76,271
56,647,699
421,527,617
391,683
36,860
290,645,978
392,781
90,498,658
24,252,384
453,765
184,455,990
333,755
213,500
145,306
182,440
764,814
307,327
101,852
288,544
129,191,681
344,638,828
659,952
439,542
263,814
619,720
325,522
312,407
171,320,969
796,982
293,571
282,958
163,771,984
362,738,808
231,406
254,899,964
40,168,252
431,620
225,748
124,881
21,639,915
88,335,373
140,590
516,803
197,452
366,467,584
42,92
169,702
170,226,346
123,873
88,369,880
277,338
221,315,775
173,232,419
197,831,954
266,736
191,753
451,812
410,676
189,739
183,697
83,213,634
171,545,637
891,997
265,317,815
298,927
387,871
275,600,965
337,426,468
697,752
298,405
273,696
459,929
198,636
653,657
64,992
41,791
137,787
248,612
326,573
35,760,950
51,957
149,444
568,900
43,297,379
33,750
383,779,937
235,560,840
27,49
340,789
418,752
298,647
17,103
157,752,996
758,792
98,106
152,179,512
221,276
102,196,581
470,489,665
138,881
813,987
681,899
951,990
62,213,713
668,885
150,570,906
230,240
115,516,914
269,917
398,947
138,763
298,817
187,555
256,290
125,962
196,1000
74,706
526,887
682,717
154,818
168,433
96,928
64,472
176,652,995
12,213,375
194,842
520,789,805
32,460
579,677
573,583
562,621
78,175,885
587,747,863
495,630,671
357,585,639
104,282,732
623,791
179,613,930
152,726
389,520,874
40,210
274,993
357,666
353,507
412,684
239,306,611
624,765
430,643
86,532
679,891
25,334
130,749
622,738
256,942
648,956
341,359,464
115,738
1,841
479,746
33,888
427,474
391,599,813
151,952
80,300,331
129,506,862
766,838,877
510,667
281,576
484,862
12,171
185,344,669
156,579,762
93,542
504,845
18,72
935,991
39,464,700
925,960
612,729
189,423
206,693
33,351,376
770,781
178,342
711,887
222,560,568
136,709
471,482
261,868
28,49,917
418,555,596
141,829
101,634,919
751,797
182,517,622
287,716
400,417,607
78,304
390,787
188,870
60,914
559,686
1,726
66,603
292,974
468,685
56,392
452,794
437,777
172,475
539,653,781
253,765
561,568
96,214
537,615
574,668,901
600,710,800
498,992
141,948
340,995
644,869
524,554,962
198,433
42,388,726
690,991
35,480
777,804,898
805,835
227,266,295
507,704
187,543
17,429
36,748
714,760
246,507
153,478
377,445
936,973
503,787
157,513
33,371
87,933
845,956
53,274,636
95,920,993
354,890
143,441
193,705
486,725
96,565
464,591
827,940
20,205
86,397
89,153,986
154,518,931
491,779
71,566,598
372,430
316,323
50,169,628
227,763,883
103,791
629,972
716,970
392,925
279,307
287,847
89,607
699,742
266,294,397
794,880
64,801
380,684
432,681
153,392
118,892
221,474
349,764,887
502,970
16,62,354
298,990
81,820,939
687,918
43,302,509
357,786
155,829
123,272
356,380
425,485,852
621,656,766
17,181
146,762
629,812
65,461,994
404,551
578,648,734
607,652
5,753,946
347,586,856
11,692
694,924
224,747
230,715
206,985
15,203,368
541,923
615,842
175,369
398,489
341,498
340,751,892
16,146
341,488,1000
271,998
109,328,656
94,449,879
106,825
419,600,735
689,1000
759,833
98,316
484,657
364,377,819
295,544
340,889
283,821
129,526
167,567
65,386
53,517
497,581,923
108,596
99,134
23,301
557,916
287,784
305,955
230,380
648,910
39,739
455,806
67,83
459,519
234,996
77,579
58,637,973
388,675,714
679,684
574,688
71,663
576,853
665,869
437,864,966
4,32,454
100,901
210,258
128,448
504,633
359,581,752
174,883
236,569
35,926
995,998
259,622
806,808
562,640
270,278,513
333,445,995
32,488
855,925
234,879
671,705
343,750
85,541
11,612
511,925
184,400
317,611,691
177,373,737
124,277
211,788
270,412
170,368,753
140,871
464,799
324,892
41,773
528,760
408,981
364,492
229,843
30,383
689,788,852
263,505,567
278,823
113,153
119,221
626,854,937
668,888
117,840
179,224,393
448,467
241,620,699
123,438
172,490
25,413
233,726
140,590
357,990
858,931,991
646,701
122,950
669,869
64,683
242,536
265,673
740,895
300,438,783
745,766
13,772,878
158,169
29,724
125,744
371,728
626,943
41,228,482
194,292
138,181,385
50,631
708,711,884
374,395
470,660
151,281
338,785,1000
338,933
221,574
86,504,610
860,863
452,735,990
830,865
171,845
11,534
300,360,494
120,381
387,683
385,978
387,501,853
95,160
302,412
394,447
274,547
46,657,768
209,907
267,906
318,736
158,221
728,941
68,940
811,954
97,167
562,791
36,892
249,963
115,961
791,883
72,954
358,491
694,747,971
734,926
166,647
142,734
123,455
266,498
635,907
184,551
141,542,967
561,923
271,603
481,516
472,799,989
882,920
609,948
17,227,739
61,397,714
221,814
467,943
564,679
252,645
594,839
128,389,929
243,849
567,997
131,249,848
38,590,718
360,815
207,303
31,725,812
317,979
315,648
310,531
119,806
80,381,795
99,570,756
468,900
541,699,925
270,780
24,699
19,336
768,817,926
720,870
237,796
216,588
320,628
530,759
6,177,901
623,770
299,925
555,768
319,681
260,338,902
752,793
163,325
947,969
629,961
53,523
140,649
317,339,351
13,183
430,545,781
359,630,970
361,901
114,458,741
888,890
32,291
219,555,647
263,676,768
35,238
38,668,868
493,895
89,522
576,971
212,911
15,718,966
78,477,685
780,997
235,399
103,134,272
319,370,584
75,136,850
878,950
163,186
307,461
423,628
541,881
139,791,923
21,82
259,866
724,873
383,409
329,367
172,813
7,875
443,500
126,449,497
890,995
37,602,732
571,706
310,334
502,841
42,438,519
590,785
65,154
710,965
101,839
41,818
141,388,818
496,918
435,763
245,440
203,449,817
403,617
54,456
130,617
240,282,729
279,451
484,984
120,376
512,860,944
191,374
400,696,855
127,636
484,585
18,688
459,842
33,392
423,549
420,629,926
494,841
594,779,787
691,953
155,758,981
153,873,920
33,757,767
441,571
2,393,741
301,787
117,381,625
455,681
107,612
288,750,816
764,850
885,983
584,779
760,879
345,524,794
2,600
67,559
98,818
210,850,876
123,215,250
455,671
410,743
807,822
204,306
757,783
745,841,938
83,529
159,800
760,884
360,871
253,257
81,342,700
145,418,775
197,231
155,691
185,444
113,693
45,641
445,547,699
265,639,645
845,925
99,419,662
304,412
186,326
142,519
188,609,749
529,661,834
138,877
90,369
593,611
319,482
187,474
484,643
419,672
175,314
99,227,562
326,810
203,335,862
336,397,906
289,382
264,352
325,831
483,556
295,304
24,362
635,751,859
8,226
524,905
125,245
185,569,717
363,473,924
214,385,595
274,376,985
111,360
8,109,408
881,924
452,618,993
87,246,432
106,514
571,677
778,941
750,978
109,571
62,818
525,747,766
298,863,916
659,767,830
146,511
412,752
111,150
351,786,836
141,144
44,288
169,297
477,768
423,661,958
791,968
423,532
87,652
180,821
390,585
270,434,473
169,549
77,811,815
144,761
72,800
434,503
81,215,624
237,434
362,796
436,658
340,821
469,547
666,762
610,766
521,941,976
424,893
287,499
244,755
39,164
311,561,610
603,673
208,214,526
622,767
513,699
474,479
44,54,880
46,221,240
206,547
340,696
525,934
271,310
409,566
195,378,850
121,202,284
47,713
510,818
502,510,884
568,611
364,954
98,681
307,508
192,224,900
734,849
291,672
105,951
97,330
496,645
375,409,994
312,587
83,873,939
75,206,514
428,534,872
102,438,451
15,359
179,989
578,726,908
608,904
179,241,537
59,768
114,182
352,793
217,818,832
348,847
151,402
30,112
231,670
324,801
520,742,810
732,889,992
54,233,317
230,805
248,432
452,701
757,826
323,559
405,682,848
676,943,948
107,488
15,166
17,451,684
248,560
563,619
189,253
434,539,572
53,325
42,847
692,711
3,925
535,926
329,540
488,582
440,754,943
194,788
398,889
354,427
356,848
165,798
170,184,593
165,643,848
282,369,500
543,572
483,931
314,879
88,316,555
762,851
125,722,821
474,634
830,908
362,444
284,728
87,123,217
242,345,690
379,721
170,864
65,178,621
107,227
310,311,392
27,358,499
546,784
405,432
715,762
528,905
313,708,842
470,618,739
148,302,939
362,479
173,325
34,877
209,955
60,649
688,913
178,292
163,846,888
435,749
477,784
300,312,959
68,469
136,351,494
549,990
103,143,314
4,784
170,842,898
381,500
562,668
234,435,891
258,731
74,912
531,910
204,372
591,712,919
29,275
110,858
176,413
594,796
324,716
898,960
377,827
160,498
431,556
695,918
103,240,362
581,676
341,687
246,559
495,879
187,965
326,433,898
191,334
437,801,979
467,626
608,811
682,807
287,392
192,633
659,749
245,738
55,137,917
586,984
337,499
264,511,729
416,570,938
851,869
293,565,953
33,542
26,201
503,655,995
231,934
903,925
20,503,531
857,908
147,567,965
520,798,942
30,122,128
401,495
567,825
469,691,840
11,768
218,450,903
131,526,988
813,849
338,877
258,509,864
264,295,459
149,158
71,111
166,301
59,677,969
305,411
137,254,301
802,904
517,735
174,280,372
615,798
645,921
426,493,900
597,649
158,208,454
162,636
537,866
7,602
356,528
235,252
506,574
191,239
872,906
200,602
107,832
306,770
546,603
527,561
908,959
463,928
650,695
110,962
434,658
99,129
333,638
838,904
576,742
722,742
123,351
105,812
385,565
468,717,884
4,711
563,788
174,444
85,944
392,785
276,871
519,916
209,823
58,687,938
245,465
67,380
252,682
327,691,882
712,877
490,497
369,416,443
284,519
161,583
96,669
79,595,603
48,375
132,279,483
320,695
189,365
271,627,760
273,379
105,262
589,962
555,611,785
484,888
499,516
184,931
122,808
305,506
542,651,752
134,685,814
301,685
453,760
676,940
105,119
453,615
96,833
158,637
735,763
299,523,924
317,491
106,931
279,748
271,483,768
165,778
485,905
945,966
439,906
358,856
142,418,950
467,520
755,837
285,887
900,982
697,919
18,182,962
252,362,713
174,467,821
51,256
730,765
110,212,670
205,315
204,601
443,570
501,763
278,725
108,394,726
779,923
303,535
717,832
121,447
48,144
181,473,674
54,249,974
114,814
701,920
801,979
52,919
89,413,663
271,314
572,688,941
755,850
133,387
447,548
130,627
243,742,901
748,865
100,284,911
230,477,846
539,873
778,846
353,545,842
408,995
258,884
692,914
714,820
900,995
302,366,868
142,231
623,783
323,609
14,529
37,283
290,971
340,815
368,702,919
138,190,708
77,648,912
285,446
252,778
684,875
572,775
381,993
13,664
150,329
44,785
196,660,853
200,294
135,676,782
542,848
418,853
397,860
70,158,869
402,687
735,930
120,864
357,925
379,541,617
14,195
15,364,498
186,454
5,283,531
442,891,990
793,996
378,780
547,744
193,424,716
421,551
303,909
7,63
717,722
275,346
19,449
589,870,901
603,745,757
293,721
42,548
105,219,410
30,970
36,701,1000
330,880
21,465,519
550,950
369,969
250,270
692,889
188,286
507,676,864
205,515
220,404,441
512,649
554,849
450,468
449,587,783
737,912
603,867
39,890
271,689
308,539
209,679
335,598
307,527
212,869
255,318
793,812,875
92,198,611
232,312,519
296,372
19,784
204,657
414,851
46,98,346
87,129,875
6,118
397,663,821
15,323
188,344
341,349
259,355
383,644
293,952
539,895
173,669
94,634
160,446,606
111,267
274,287,438
496,526
652,817
39,115
730,948
249,740,997
232,945
307,829
696,706
341,379
5,349,601
492,495
15,506
462,913
40,956
200,800,845
116,762,988
179,532,637
52,167,796
690,982
709,817,943
225,232
307,818
408,770
7,187,768
236,804,981
690,991
199,245,802
252,261
358,405
291,510
257,536
256,538
96,955
430,524,733
565,800,855
22,796
196,269,513
266,969
383,970
4,60
224,954
20,456
674,728,911
233,993
456,488
6,37,790
38,984
53,94
204,341,853
193,407
1,556,855
798,861
309,614
73,143,553
592,892
94,950
2,14,118
84,351,840
14,360
211,707
754,777
199,500
281,524
272,342
171,524,943
62,979
439,493,943
200,444,772
264,907
154,203,344
291,560
460,880
105,432,712
387,419
459,512
127,735,981
460,758
205,268
761,935
446,962
217,538,747
253,379,417
126,301
396,413
285,372,795
338,448
292,468,644
392,856
84,840
10,864
488,687,913
327,735,740
63,149
677,819
328,647
522,607,879
414,593
106,236
390,831
50,429
125,298,394
823,880
97,174
54,356
424,671
209,742
171,528
183,790
359,890
391,583,912
166,506
205,507
47,431
893,967
369,918
219,496
283,415,993
458,523
706,999
295,518
21,592
442,891
150,574,983
88,886
345,370
136,819
24,938,957
261,462,850
452,536
166,538
386,745
510,609,809
140,994
80,410,421
15,672,710
463,810
58,713,762
28,766,865
471,912
107,843,962
661,982
42,632
50,900
57,619,792
351,949
53,79
209,899
460,464,826
128,759
404,721
151,169
64,222,391
240,251
199,310,762
488,697,905
154,292
631,732
303,368
292,471,936
341,533,756
11,994
430,785
41,144
117,172
73,957
66,756,960
255,533
393,590
522,975
52,115,161
118,219,296
22,65
808,867
449,990
152,908
28,119
239,829
674,941
100,832
22,560,643
483,721
34,106
572,702,768
99,203
262,370,660
326,645,774
16,846,1000
312,716,830
332,830,998
370,824,926
467,706
148,194,494
877,927
239,445
497,772,875
482,563
199,407
59,306
456,637
190,872
623,804
80,479,902
67,989
454,621,727
554,632
363,642,905
226,283
370,674
157,629
238,429,947
354,797
26,386
9,771
61,512
659,786
82,302
760,964
709,895
127,225,873
159,717
685,869
42,332,841
21,136
489,610
284,776
656,793,805
166,550,781
352,793
42,530
10,648
734,889
514,960
64,218
468,923
493,780
110,519
293,350,870
211,986
300,785
280,978
39,934
116,323,748
129,772
117,465
13,667
492,729
123,160
866,889
724,782,864
329,561
153,217
519,963,981
183,206
707,858
668,838
113,288,949
201,542
726,972
291,317,699
776,845
37,790
143,149,596
63,608
733,837
252,914
261,262,615
633,715
839,860
247,530,796
552,835
682,731
787,848
143,915
57,192,870
17,243
228,308,389
549,939
44,232,290
421,797
191,882
191,988
478,634
136,698,767
182,560,954
125,843
63,116,596
479,540
157,941
855,903,994
60,604,751
105,604
194,349
6,804
231,389,526
240,502,641
102,419
756,939
268,894
96,459,843
394,891
53,135
117,456,469
702,946
67,311,368
382,705
726,769
429,468
143,255
254,862
119,373
109,293
223,781
164,798
198,873
25,29,450
456,476,751
149,597
461,642
502,515
419,813
132,401,542
275,602
286,637,918
225,336
321,570
644,856,982
49,102
430,643
451,649
167,645
279,286
180,536,989
179,331,828
487,659
905,942
41,321,412
245,769
86,104
335,768
155,564,851
34,372,586
129,682,984
369,478,726
3,601,956
663,895
162,263
205,652
88,234
186,616
531,617,663
436,810
80,458
39,145
497,559
154,455,564
90,443
296,586
171,370
98,241
330,563,948
117,532
208,844
607,624
7,542
44,483
116,186
680,758
100,479,590
496,516,870
350,527
47,622
514,578,997
550,603,888
302,645
270,306,446
230,954
101,456
470,892
511,988
48,700
202,372,735
314,518
331,510,879
879,925
591,749,829
387,517,847
138,751
233,359,770
2,51,228
231,619
194,339,451
200,450,686
77,975
753,955
195,909
62,756
196,222
12,123
134,607
382,789
674,773
8,400,872
236,733
82,919,983
441,509
26,272,465
157,187
469,566
30,569
712,950
176,836
725,994
49,546
542,558
79,298
39,450
125,339,742
377,637
220,992
680,773
222,821
580,738
661,857
390,683
72,95,388
243,442
18,609
471,743
168,406
114,386,640
86,842
383,569
421,841
399,762,913
327,560
408,559
688,726,840
108,179,913
378,394
558,807
487,944
41,474
200,615
648,876
145,526
305,744
250,689
750,916
203,917
13,92,276
501,905
165,168,946
147,993
76,230,866
591,755,817
329,858
731,916
255,396,745
44,425,464
21,471
942,982
786,951
95,493
615,810
589,750
576,858
462,762,875
246,305,940
168,201
849,951
206,251,569
314,978
148,307
202,714
4,157
607,993
576,679,948
211,998
408,812
229,894
780,831
414,891
14,583
9,673
22,268,291
198,788
161,575
752,827
173,813
598,898
668,965
30,972
253,642
34,38,747
183,780,991
233,367,641
842,972
299,411,544
124,331
153,687
302,582,939
337,606,973
555,764,938
80,967
510,766
349,630
248,783
24,365,761
652,714
702,809
167,331
53,860
330,391
439,454
217,619,860
14,606,824
152,518
328,369,572
222,619,794
97,808
289,676
82,791
191,552
939,970
41,933
470,528,871
733,771
221,658,804
47,337
377,898
209,499,703
305,676
475,689
247,627
202,226,774
159,218,690
327,357
213,231,847
357,750
19,292,934
333,879
43,360
183,894,954
249,640
128,381,809
340,834
151,633,918
249,433,535
37,557,989
1,142
93,598
615,876
516,827
180,567
237,846
41,301
188,267
23,569,760
23,86
17,341,528
501,520,792
413,510,908
714,738
322,706
119,906
274,707,891
147,875
320,421
108,379,526
276,769
450,902
147,897,916
576,587
190,618,982
46,165
476,599,754
98,302,303
504,642
185,791
541,700
153,558
565,780
73,613,777
458,470
476,905
69,101,377
277,402,527
191,400
320,865
191,373,715
662,904
139,951
471,959
384,634
370,891
354,791
74,573
177,280
377,465
36,559
64,471,544
70,683
444,527
239,351,419
218,839
14,64
462,878
4,192,891
341,643,868
41,321,634
157,509
56,101,325
173,720,860
338,798
99,299
789,855,856
427,876
192,271,838
325,543
159,185,644
80,993
164,576,841
216,303,570
53,623
431,548
90,448
493,841,971
115,306,396
254,812
440,505
417,858
256,483,786
169,772
427,641
912,914
147,493,908
142,788
293,475,854
240,346,875
478,923
168,631
720,952
202,950
234,341,781
148,238
268,298
758,906
585,993
193,288
362,530
521,588
337,422
130,244
68,739
119,254
830,986
192,471,488
665,909
698,719
77,662
47,502
240,297
380,853,868
252,412
478,976
437,591,706
174,429,690
389,695
391,422,813
745,936
200,792
79,762,865
192,925
271,352,698
454,993
265,424,488
263,892
306,771
455,499,708
250,546
381,673
252,777,915
197,836
544,721,905
89,491
4,998
517,530
199,312
159,905
181,220,577
31,269,649
529,890
212,836
1,779
48,403
559,674
176,336
799,822
3,55,845
87,978
231,870
6,90,114
574,709
430,703
123,742
350,527,877
612,963
168,434
649,858
195,431
837,879,885
212,715
482,571
220,543,710
454,543,810
372,385
544,910,964
734,774
305,909
212,656,803
526,678
59,532,568
101,709
430,999
301,773
78,121,844
466,891
111,142,840
469,740
384,498
629,832
272,975
5,7
544,912
707,934
573,947
417,651
637,936
184,186
125,847,951
31,215,238
53,381
30,346,593
164,561
428,822
144,372
512,643
275,792
124,170
251,652
123,419,566
65,937
599,677,815
231,433
553,636
213,722,726
228,399,584
602,616,688
58,399
233,512
42,447
603,716
617,666,813
316,619,912
44,269,459
183,239,949
367,377,392
163,331
72,174
168,309
824,922
138,878
258,338
143,497
170,258,806
853,855
299,319,594
766,842
787,884
389,800
114,610
203,543
63,389,974
138,236
820,907
520,588
321,613
69,123
379,608
232,481
334,509,609
170,708
475,622
292,560
696,727,952
685,724
634,848
247,581,763
182,891
40,342,808
171,635
456,538,639
265,464,715
110,126
504,554,686
128,689
82,169,939
518,703
372,490
610,661
407,451,535
106,375
693,761
66,704
86,282,656
211,667,749
303,411
405,952
590,956,959
24,598
163,478,495
657,793
135,574,731
354,491,888
235,412
347,708,870
447,520
450,751
892,927
153,462
437,707
405,719
535,794
36,347
267,641
136,481
180,423
486,595,802
717,973
668,950
436,721
371,489,883
806,877
574,729
497,1000
346,908
53,569
474,820
964,994
747,914
725,807,992
811,822
481,570
148,749,963
128,628,882
611,709
90,331
57,500
18,386,769
5,988
143,791,890
880,897
48,577
322,987
665,823
147,733
347,849
363,652
317,784
16,238,312
383,516
618,945
94,329
550,555,827
6,950
43,625
232,678
132,304
86,734
674,922
221,731
34,593,648
472,611
495,907
24,548
733,862
621,699
352,675
30,662
94,234,643
285,482
417,702
246,588,736
197,232
537,681
315,754
574,968
435,500,775
39,523
196,342
153,292
762,868
395,697,957
196,201,820
252,437,885
390,807
3,575,810
312,835,962
248,399
295,935
401,416,978
192,343
570,993
543,895
19,479,484
45,669
132,148
343,347,443
12,736
869,905
473,496,584
121,487,611
213,576,637
477,505
11,357
148,682
68,104,772
285,901
17,436,607
305,621
329,883
163,540
445,459
418,590
115,335
424,557
561,686,897
189,708
209,728
183,788
8,219
44,962
771,911
111,601
326,789
389,431
533,760
872,964
114,956
69,339,456
405,821
186,879,975
267,442,459
666,956
504,612
730,776
286,621,845
346,946
103,666
19,386
126,679
576,842
475,776
201,604,687
515,736
201,437
641,857
114,573
789,905
111,222
176,609,659
15,576
238,610
770,998
199,406
213,635
106,734
154,721
86,647
50,700,989
284,371,953
272,943
468,502
97,103,773
90,500
59,651
63,323,365
427,682
148,467
534,772
499,978
601,614,662
575,670
119,258,999
214,871
16,40,684
73,647
881,947
50,589
591,869
171,391
525,864
81,423
758,847
146,178,636
31,205,812
139,458
179,449
36,262
24,249,957
500,891
17,638
41,582,946
258,613
6,289,853
326,805
101,376,478
561,906
427,917,983
28,153,821
114,372
65,169,554
684,729
7,511
670,802
806,811
406,415
279,784
919,924
155,165
8,207
70,818
289,640
3,802,837
343,398,950
420,693
500,750
127,471
242,754
412,747,951
200,265,962
211,361
85,114,250
853,886
195,921
456,948
166,341
122,423,803
170,487
84,231,873
171,307,935
683,690
223,881
365,460
23,750
41,494
357,419
943,973
61,441
253,528
99,919,938
563,726
616,817
72,841
635,693
357,419
244,315,527
138,149
401,647
561,945
460,787
445,510
231,267,831
575,617
75,836,861
569,739
631,989
450,858
516,926
533,744
452,471,538
272,627
269,873
112,680,717
96,516
192,449
348,399
404,528,973
607,640
45,221,297
714,919
523,823
731,872
314,797
148,589
763,956
176,625
126,935
572,604
598,791
307,378,935
201,464,909
239,517
731,861,918
23,153
208,228
131,302,551
336,469,881
20,114,420
756,848
299,766,904
197,270
480,679
80,750
336,959,975
457,525
134,578,813
261,401
280,549,708
453,719
236,395
113,569
67,143
405,435,608
182,469
20,939
39,748,927
398,832
617,638
361,515
123,196
775,846
283,885
134,396,934
310,660
379,697
19,467
32,138
414,451
473,942
272,508,571
318,461,946
416,768,785
676,806
18,836
120,939
111,346
548,745
80,343,828
466,998
344,394
173,640,982
682,799
151,405,676
219,508,822
121,495
65,106,916
329,530
562,712
272,297
225,756
276,349
244,774
20,573
839,950
354,362,445
659,991
686,724
662,683
540,560
128,419
23,153,907
5,629
755,932
265,361,427
68,222
171,677,700
681,682
691,745
403,568,812
185,734
317,413,952
530,817
251,290
1,83,686
52,205,509
146,234
724,760,765
254,785
306,605,670
157,731
34,385
368,550,940
280,286,340
161,905
584,776
267,406
125,894
409,584
307,985
78,769
764,844
185,349,875
27,854
81,200
113,326
55,594
123,860
187,810,959
482,657
166,998
263,997
271,588
555,612
87,468,946
13,99,177
531,535,681
7,275,624
615,647
442,492
31,191,319
194,658
87,588
232,351,585
103,443,509
19,894
162,184,776
60,592
337,697,850
276,645
6,571
181,309,811
24,561,563
47,170
129,335
195,541,580
34,827
32,184
354,890
376,699
185,800,871
229,332
273,501
129,286
216,550,729
164,759
32,920
139,927
770,1000
77,102
306,619,974
399,420,509
3,680
313,853
793,906
61,614
466,820
132,867
211,515,959
177,782
261,864
650,837,886
23,490
205,545,785
328,754
167,237
189,955
92,726
830,920
582,781
441,529
441,564
501,797
231,798
468,670,968
315,976
728,997
428,810
658,712
23,798
178,664,818
502,887
16,134,893
947,961
289,596,654
772,938
136,879
291,750,788
159,587
245,631
342,735
527,631,939
376,759
247,350
671,747
454,693
163,419
460,934
417,771
271,419
744,786,936
272,998
317,421,614
71,741
20,941
180,815
133,665
329,604
301,793
692,977
292,512
101,932
329,406,750
71,765
800,989
397,855
409,811
554,761
703,752,761
626,713
482,657
3,392,397
276,683
644,966,990
30,941
288,391,709
420,633,731
211,655
428,788
83,633
249,696
275,926
515,939
393,558,855
56,917
142,196,447
472,646
106,694,886
33,830,882
40,862
25,258,377
530,840
167,249,349
503,515
44,576
132,929
471,798
876,951
308,432,498
323,800
323,673
212,739,834
24,771,853
103,703
565,705
467,982
385,695,924
873,893
32,847,954
392,478
225,601
215,258
419,563
295,836
223,608,896
50,527,739
95,243
46,629
277,470,912
936,974
202,793
167,777,926
107,918
33,765,991
181,958
53,206,336
414,511,617
406,526,775
115,522,767
12,182,324
91,577
356,977
424,439
540,927
203,207
222,547,794
150,239,932
415,775
29,986
521,656
345,862
17,85,571
20,247
177,698
298,304
642,665
144,911
601,961
436,791,939
371,700,761
421,705
444,529,721
391,910,925
79,547,742
929,971
764,884
742,995
194,569,582
328,734
150,564
141,547
54,123
338,478,487
612,933
74,212,553
14,677
137,351
801,957
537,780,982
13,712,715
111,233,611
697,772
610,789
197,975
465,929
397,604
703,868,946
128,593
817,986
460,495
368,651
101,784
600,883
482,535
246,889,915
138,371
366,650
755,821
3,373,437
316,814,816
412,490
393,757
207,826
122,578,907
56,821
123,392,720
160,432,684
335,724
161,358
88,613
605,994
342,495
13,305
589,665,737
86,224
605,990
400,786
148,729
134,930
693,828,902
171,200
513,817
47,865
410,413,546
38,248,640
144,914
100,220,845
267,533,615
237,257
264,372,689
96,149,710
671,705
211,758,851
68,696
95,549,969
2,207,825
184,573
409,494
340,402,528
39,462
94,461
244,638,649
159,411
200,638,793
213,758
477,599
627,885
477,486,759
166,799
122,317
353,847,894
372,398
80,206,557
89,152
108,657
678,986
205,921
327,672,954
714,765
87,94
413,477,902
335,388,535
100,663
143,645
142,591,701
482,701,974
458,826,907
465,564
117,836
313,945
872,997
222,967
508,896
431,812
151,790
190,375,444
3,504
306,650,753
198,374,567
285,835,1000
532,625
863,922
149,536
136,290,709
514,718
665,808
224,540
10,888
117,709
451,510
18,377,932
398,859
178,883
478,980
615,617
769,946
115,170,666
517,523
463,749
154,213,524
53,342
62,588,682
343,527
232,342,593
492,831,880
400,526
432,496
164,652,773
103,464
669,964
170,769,793
667,774
111,335
162,692
86,928
50,499
249,720
698,872
513,762,976
32,177
526,671
641,795
129,165
154,810,821
301,639
380,531,827
616,878
594,915
346,631
510,558
141,397
311,908
355,369,392
105,349
541,553
442,757,985
95,152,636
415,454
330,879
770,965
293,910
675,903
352,753,866
62,201
350,703,849
70,223,345
99,681,960
546,839
237,513,633
88,613
169,412
899,966
60,343
22,46,781
432,684,913
670,872,908
327,876
273,560
38,526,654
92,139
296,618,734
180,273,958
119,713
915,939
234,248,351
51,923
658,729,781
547,585
801,835
62,195
43,751,989
130,847
554,623
101,120,155
142,767
47,264
5,146,467
343,742
734,825
354,668,877
378,546,899
13,372,955
202,939
53,831
75,162,573
365,706,760
156,301
276,393
186,781
467,625
659,837
215,513
184,351
389,864
8,693
346,658
148,737
281,402
177,283
187,259
61,425
54,413
279,377
707,998
82,399,957
159,345,739
91,419
490,962
216,369,687
431,780,882
489,897
640,868
228,775,913
522,788
172,802
112,453
248,926
3,159
155,185,347
70,430
89,222
868,918
175,667
233,933
57,545,924
214,602
69,834
224,974
45,542
300,944
136,438
306,310,976
728,972
328,832
79,473
12,42,788
141,209,351
6,234
188,977
881,987,997
302,524
124,583
230,507
592,652,737
316,405,702
490,577,910
243,293,838
295,540
498,685
760,907
49,662
35,359,588
261,430,513
592,955
535,984
64,126
48,227,398
630,874
695,972
61,331,786
692,805,845
588,664
39,963
225,759
255,858,872
841,874
559,983
627,993
95,260
348,589
452,851
557,893,927
515,782
617,651,898
331,836,998
408,670
336,574
12,111
163,185
372,516,865
388,658,857
497,538,749
456,763
30,192,418
80,722,860
792,869
50,480,571
316,419
280,811
391,727
638,707
538,592,845
19,21,242
550,736
70,867
474,781,919
7,389
282,584
52,540,682
195,341,535
427,522
546,749
257,914
27,984
594,672
156,214
94,105
553,972
97,596
97,349
712,882
155,387
268,879
384,656
143,988
58,59,701
697,850
552,865
143,191,677
747,748,841
71,862
487,547
43,469
129,512,637
160,521
430,604
838,945
497,891
441,706,814
234,253
565,894
777,868
123,298
939,988
43,185,568
354,862
371,763
187,950
262,281,525
589,881
540,590
437,514,729
94,202
17,189,434
40,588
624,940
258,731,776
877,910
107,779,922
60,483,540
742,758
660,734
386,962
192,472,561
28,117,923
658,756
381,906
419,517
925,940
55,914
660,912
466,962
301,886
4,646
65,876
838,992
277,391,711
511,603
143,377,672
289,725
287,547
361,605,966
171,910
15,244,602
779,900
277,490
145,476,537
514,737
54,260,310
378,830
130,229,667
88,570,664
125,264
441,444,530
180,190
390,749
196,553,575
948,980
686,697,790
142,660
79,518,962
361,923
592,642
394,439
633,731,933
31,380
173,637
158,945
70,196
191,709,755
226,909
202,633
332,455,492
383,400
316,523
63,353,453
231,557,943
77,534
439,631
312,460,934
121,659,744
691,840
414,628
744,963
91,150
157,706
84,318
824,895
169,285,323
363,997
778,918,999
530,598,671
718,778,853
371,992
298,943
59,252
590,980
310,562
510,638
836,995
629,818
316,470
154,680
83,107,575
108,151
433,645
529,672
82,713,919
361,596
94,488,959
174,488
100,466
395,610
382,903,967
17,680,703
489,776,789
181,339
172,549,925
82,487
163,330
801,892
11,531,555
827,899
660,738
82,116,467
133,767
80,519,733
669,680
318,335,359
415,927
97,587
965,1000
4,159
265,493
65,769
210,288,853
480,594,707
26,320,986
362,738,873
375,429
311,719
144,439
496,708
171,207,243
34,578
385,729
370,741,964
14,549,687
90,935
742,786
257,670
650,652
419,596
510,611
340,371
436,919
279,441
607,659
104,881
256,493,738
40,719,885
846,945
493,607
447,495,861
851,884
73,491
308,555
376,394
357,424,587
455,882
255,909,997
71,746
266,913
393,423
97,724,822
226,418,875
759,985
406,588
40,403,823
4,500,891
140,370
191,887
254,490,893
359,737
265,938,940
292,483
903,939
214,710
90,221
149,980
393,614
120,319
433,513,820
115,993
130,343
52,827
870,1000
294,813
888,966
361,502,639
3,812
475,710
404,429
443,704
129,868
89,857
396,786
132,500,517
548,900
57,428,672
7,465,831
327,413,641
734,736
109,174,886
244,718,965
514,541,941
468,570
532,924
82,252
650,920
159,364
552,658
604,657
143,265
497,513
722,874
200,360,421
414,892,980
269,962
241,955
169,263
10,144,221
299,903
128,508
193,199,694
726,963
351,358,747
161,254
13,226,359
390,416,733
423,657,817
336,640
119,844
262,828
34,412
272,445,585
119,240
145,839
696,770
452,851
40,491
172,974
26,910
282,480
220,549,973
411,941
64,283
273,752
481,542,823
648,859,978
317,536
85,849,982
274,869
429,441,841
292,905
576,699,792
140,941
862,994
206,731
162,693,803
407,826
930,998
152,921
11,24
23,118,395
482,817
830,877
11,78
47,166,746
112,584,647
315,994
750,953
188,825
69,643,691
346,400,665
450,760,896
498,684
555,701
159,832,928
560,954
641,828
10,59,900
814,836
90,134
184,408,541
184,272
316,570
110,274,487
246,446,535
9,160,756
135,984
20,984
592,680
228,960
140,641,962
495,517
64,320
694,892
6,351,749
99,166
427,807
280,808
207,928
336,406
353,519,891
69,646,758
813,837
111,229,836
287,783
83,372,385
282,953
187,599,837
397,517
432,806
153,168
686,802
417,431,873
431,699
266,757
386,934
632,916
211,845
274,740
27,189
777,799
43,171
419,641
118,345,889
675,709
245,959
434,984
162,337
60,357
500,518
158,188,565
49,232
701,882
151,334
433,676
496,513,908
414,557
190,717,945
409,584,743
266,798
401,912
32,323
922,923
408,717
455,955
246,663
149,364
338,612
386,726,823
97,420
669,947
56,906
243,375,671
33,50
8,877
369,537
269,274
170,352
302,348
57,182,268
644,813,854
563,934
518,831
369,698,731
237,367,900
18,353
253,840
577,684
659,663
246,697,827
83,130
280,661
87,939
361,535
5,94
393,859
281,808,961
423,832
54,304
52,306
228,436
634,868
263,592,685
875,967
506,661
707,920
655,809
36,411
354,841
293,411,942
154,475,894
33,556
49,233,738
158,828
155,394
365,883
814,864
3,608,845
110,686,836
41,314
302,433,866
50,86
819,861
377,587
2,282
408,856
726,775
316,337,786
252,391
70,325,400
381,618
223,662
684,877
195,853,887
266,385,867
308,534
16,219
197,939
128,235
646,755,762
69,260,569
308,872
534,554
932,971
409,698,922
788,805
677,761
148,335
38,198
131,160,599
53,816
264,588
589,700
154,468
763,906
437,751
770,997
489,591
131,216
786,872
52,93
232,343,500
521,643
320,761
480,583,924
156,618
303,664,980
164,274
797,945
672,756
3,190
162,307,695
289,417
158,966
67,359,369
8,468
423,665
665,705
721,831
112,212
166,654
182,666
133,896
283,335,664
401,415,625
289,346
89,985
95,863
577,838,856
818,1000
103,713
411,518,579
674,745
48,619,867
394,422
389,711
584,710
596,799
467,907,913
551,828
105,764,919
324,965
234,867
308,626
33,444
116,805
100,328,732
758,949
264,468,917
284,456
54,641
60,930
780,828
515,752,796
388,906
273,561
301,888
56,568
94,306,596
716,738,840
8,450
747,775
28,537
256,342,962
644,766,787
440,803,852
850,885
250,987
210,596
46,205,550
432,769
420,627
522,819
163,394
121,396,593
264,555
168,864
368,689,940
280,810,955
588,764
26,269
44,264
316,363,636
545,550
675,952
27,335,774
122,779
245,836,944
508,700
23,87
541,572
288,599
72,619
390,564,704
567,778
117,447
542,973
58,654
400,600,859
170,251,853
159,344
73,708,737
734,737
382,472,672
77,683
298,530,626
678,986
279,874
197,803
458,945
528,921
326,362
46,902
365,800,914
537,612
317,334
359,598
565,595
410,679
57,75
280,404
637,784
29,762
604,866
444,670,945
49,663
59,927
18,53,132
533,941
480,910
57,988
193,899,992
353,638,716
607,699,823
190,872
427,436,769
678,990
535,764
560,601
59,136
137,384
590,673,769
432,949
475,604
253,548
97,133,967
353,645,950
53,274
231,597
99,598
33,84
737,869,969
777,898
209,842,905
707,883
83,185
392,795
147,202
30,814,907
461,687
351,466
403,887
710,832
370,987
255,348
41,623,697
795,821
705,961
502,560
79,330,630
106,404
654,673
381,468
164,790
27,300
173,652
206,906
370,851
350,690
379,867
8,583,754
304,575
359,793
434,811
367,460
190,209,865
521,947
353,820
258,308
426,690,987
436,935
424,655
96,108
52,235,960
57,288,456
280,642
603,925
453,953
225,274,597
522,750,967
575,849
176,211,759
438,540,816
215,736,885
372,870
3,220
522,655
525,731
235,930
452,512
3,76,340
523,997
324,606
544,965
98,227
15,685
66,105,314
576,967
234,957
11,253,963
141,861,880
15,666
387,848
23,717
173,597,745
574,678
224,696
123,773
34,219
643,905,963
281,404,527
681,777
542,546
335,998
129,240,605
534,994
262,881
312,728
45,260
521,850
182,972
53,551
525,674
130,917
82,324,955
149,810
219,567
622,929
161,345
205,631
90,907
336,514
223,640
132,183,407
177,926
741,810
92,475,903
359,691,845
268,344,419
175,509,790
619,688
897,912
91,118,536
132,745
488,744
397,929
138,429
290,764
70,940
377,784
381,932,954
535,563,879
17,429
353,563
169,203
478,578,920
721,940
241,573
475,801
21,718
709,870
513,588,890
284,623
95,419,544
326,430,462
22,63,208
820,875
170,285,443
439,681
537,889
103,656
132,378,745
184,288,709
134,518
407,641
154,932
283,458,735
139,1000
323,561
14,83
116,670
242,903
16,146,634
103,386
247,489,856
534,986
335,846
31,754
204,534,867
144,883
119,556,907
79,803
636,767
180,575
225,493,975
125,887
386,740
187,223
606,652,737
20,941
350,665
537,724,957
198,503
192,418,715
629,881
244,478
500,935,974
319,590,707
203,467
88,241,880
187,960
379,731,755
471,646
326,773
63,116
280,969
236,596
438,883
13,22,143
336,840
442,726
111,214
50,687,800
144,313,912
51,557,807
224,925
386,478
142,764
734,905
245,439
14,664,683
81,98
1,209,978
388,746
160,191
428,968
34,266
828,931
144,382,972
609,800
294,501
167,697
52,59,468
181,485
186,530,740
425,650,706
299,599,651
624,950
657,925
214,555,712
555,710
168,276
570,881
876,938
151,683
382,426,711
638,775
394,861
205,338,355
76,266,278
45,720
80,127
115,117,841
669,692
92,709,894
19,198,745
531,552,603
317,1000
327,893
5,791
615,728
613,976,980
108,903
148,418
320,480,958
226,493
668,852
43,488,511
263,344,727
264,843
41,367,713
261,635
57,60,327
370,677
38,484
466,586,977
265,772
374,799
344,602,780
393,805
664,723
3,565,800
178,772
467,697
189,402
200,945
411,423,569
194,422
137,178,592
829,916
22,582
512,522,874
809,935
237,856
90,315
56,530,564
477,901
833,861
108,319,430
375,608
312,847
230,753
286,516,907
320,450,956
525,815
864,983
226,951
374,448,645
104,209
172,197,751
84,382,833
193,463,495
96,282,849
348,888
162,470
106,573
52,267
206,792
543,658
142,597
421,573
89,176
156,771
428,480
291,365
166,169,775
423,634
194,200
258,387
651,831
24,389,443
483,601,717
468,501,505
226,768,996
4,222
788,798
91,319,706
65,994
16,63,901
186,206,245
30,677
306,769,957
548,670
198,659,930
41,804,976
20,356,773
4,198
731,851
702,749,797
799,919
467,550
76,773
355,664
163,530
288,483,503
547,799
178,251,392
54,442
257,702
150,332
102,641,843
235,410
317,737
118,394
32,130,154
25,580
155,332,875
557,632
452,724
337,617,635
649,882,936
418,666
522,679
337,886
171,189
627,754
9,93
485,746
214,288,817
664,807
85,728
561,948
597,770
11,56,77
578,853
836,916
162,260,427
169,360
190,535,598
104,728
179,587,788
409,458
646,753
145,710,891
340,448,574
641,883
253,364
174,281,411
58,247
185,741,867
1,227
130,331
321,352,368
297,427,842
85,524,865
389,418
108,407,540
513,715,941
364,563,831
735,873
371,561,584
203,242,883
29,873
383,832
293,309
491,965
311,640
73,164,166
712,990
142,786,908
112,280
368,558
26,405,481
160,613
430,569
486,924
533,676,713
437,513
357,888
533,764
207,529,670
241,257,723
817,839
428,914
797,889
247,580
318,373
375,644
45,773
22,208
178,800
59,262
227,534,843
126,424
448,545
478,547
85,456
217,766
448,785
100,121
566,707
96,700
40,960
888,946
383,412,665
325,571,806
531,695
425,672
149,606
322,833,902
266,367
108,624
144,514
596,791,806
749,816
490,972
319,584
385,789
102,977
468,863
134,661,818
576,620
587,750
139,660
208,530
604,645
452,772
459,463
414,475,611
347,426,923
79,978
377,615,932
169,395
336,564,962
286,486,835
729,842
210,718
303,457,871
151,807
615,903,925
807,853
511,834
304,697,862
238,419
784,887
252,857
234,616
44,232
162,891
118,923,987
810,928
312,665
125,503
85,633
540,969
451,646,936
372,710,810
46,140,758
47,879
82,177
45,489
206,767
378,625,779
3,973
205,716
65,116
500,818
680,798
459,934
546,636
956,962
600,675
439,637
60,299
223,431,824
169,588
223,486,932
621,931
226,363
169,276
229,292
195,921
135,560,865
94,304
457,677,935
162,575,835
209,833
819,931
20,273
344,664
633,896
437,774,915
125,412,816
495,530,557
235,509,846
187,598,820
559,781
217,488,726
445,972
202,817
290,934
43,677
380,752
206,735
299,571
338,790
352,887
336,678,851
309,338,426
90,113
228,724
745,800
263,465
87,160,361
135,146,412
236,407
243,366,391
91,882
51,268,707
81,724,846
747,985
91,486,923
460,640
161,710
178,302,626
193,649
140,146,681
87,283,443
632,747
95,432,816
341,435
532,841
882,936
357,471
305,624
207,676
260,324
86,796
722,723,889
562,827
130,330,655
355,882
125,895
127,136
713,838
223,551
382,897
354,439
69,442,809
151,246,359
4,132
448,628
81,105,909
329,911
471,487
451,478,969
176,223
454,1000
6,497
547,636
273,501,601
9,40,69
153,879
45,148
113,981
391,506
349,386
170,498,564
79,111,908
9,685
91,458
602,784
166,778
83,799
404,829
119,499
432,803
189,416,485
362,806,913
404,454,720
416,521,774
133,171
424,667
34,779
23,450,958
179,551
426,475,766
67,380
34,872
398,836
59,286,961
156,466,507
180,371,665
429,556
82,719,1000
68,835,885
235,315
159,683
14,91,345
278,788
75,134
847,927
573,675,934
39,396,500
82,194
69,748,780
271,814
266,761
205,210,252
409,714
341,510,794
745,823
455,963
352,833,958
34,144
671,928
392,563
66,151,509
288,676,989
345,527
23,152,561
343,495
204,618,824
135,234,812
571,761
76,379,541
301,412,770
554,584,993
841,990
703,813
191,489
119,747
204,378,848
21,178
192,337
323,702,901
659,669
682,933
435,939
139,610,889
772,880
127,908
755,765
44,101,679
173,393
84,197,652
494,636,667
425,723
314,446,643
288,742,985
119,598,798
477,605,626
432,629,918
182,456,920
173,591
39,203,603
346,511
247,580
584,854
126,345
178,681
411,808
288,395
37,253
203,602,878
175,440,839
69,163
327,622,893
415,780
708,799
666,702
185,993
450,680,802
348,671
620,906
92,788
231,990
402,760
420,827
803,977
445,749
72,428,772
297,373
447,815
295,866
480,808
373,420
191,837,854
312,395
643,876
645,689,957
25,869
144,177,985
357,639
170,546
36,345
550,560
436,668,950
228,574
370,456
47,658,984
206,239,343
318,890
94,143,236
763,935
166,235,275
722,830,990
793,963
477,588,682
605,619
297,896
216,252,596
460,969
595,796
184,354,842
487,655,996
231,325
319,347,554
272,844
70,490
53,701
162,411,486
108,729
254,772
211,663,829
147,326,354
271,941,980
6,105,799
236,702
375,711
465,780
471,809,951
116,301,791
320,865,871
43,98,338
86,610
239,325
122,138,787
358,715,735
22,682,793
263,520
7,564
477,697,784
90,773,844
790,902
211,352,575
407,967
10,81
583,669
206,903
709,901,995
181,263,859
339,430,592
60,415,767
70,278,924
90,443
249,539
134,873
260,481,920
616,767
350,423,516
202,276
482,939
637,874,954
622,722
726,760
72,975
939,941
282,763
511,810
51,342
879,990
758,954
54,655
153,821
147,170,903
627,656
511,603
29,135,804
209,444,696
276,634
198,263
59,581
70,529
244,368
108,365,828
255,662
636,932
85,448
10,234,509
262,472
150,560
717,800
481,565
519,909
619,784
156,583,721
470,606
548,611
219,475,987
244,601
772,833
311,555,733
326,511
169,945
442,792
873,906
866,994
234,326,731
353,927
533,685
84,996
47,945
84,115
304,364,840
56,336,890
461,640
32,176,796
18,110
14,77
408,523
408,904
177,234
156,534
103,344,907
56,755
808,810
136,207
654,724,868
50,926
556,721,882
129,167
18,619
787,789
384,717
30,476
826,872,942
739,953
509,939
486,760
608,623
17,327,779
392,563,788
428,584
636,684
332,548
319,595
806,923
533,932
293,400
205,281,301
679,704
221,901
196,453,865
222,310
787,881
61,133
520,678,798
118,292
447,730
283,681
149,695,958
507,556,732
154,540,726
195,354,360
627,762
145,495,814
274,879,995
331,834
394,541
38,467
657,834
400,668
336,478,895
4,394,522
393,732
178,581,876
180,480
239,479,898
187,697
103,909
382,577,761
400,417
389,712
133,739
65,582
244,751
369,602,818
164,538,748
224,371,987
69,676
720,959
151,838
85,789,826
396,827
300,406
314,497,969
398,905,922
117,595
742,929
47,58
107,684
220,536
98,332
143,649
10,509,909
139,401,541
517,558
175,216
128,546
404,992
776,987
213,765
223,526,636
519,586,688
305,316
374,867,938
125,193
124,296,978
19,711,864
71,214,897
578,770
144,238
341,596
299,814
586,847
143,167
357,412,824
172,185
481,996
34,505
305,544,768
552,772
446,524,948
582,947
46,427
212,610,964
4,126,938
529,553,591
584,761
512,841
135,966
161,751,797
21,723
144,808
290,354,915
493,530
331,795
101,223
642,693,737
385,501
204,444,479
294,475
100,130,733
40,454,772
299,534,815
107,766,966
389,979
9,362
434,704
169,405
190,633
562,976
152,547,625
413,493,763
184,322
788,906
10,417
144,350,942
125,436
328,762,983
75,77
106,512
361,552
249,321,390
118,459,537
452,815
223,489,692
68,172,902
238,497
466,560,755
40,838,999
124,598
376,466
7,567,717
113,258,305
550,673
240,992
291,449,510
551,937
565,644,973
40,319
695,834
457,634
398,610
174,680,700
68,851
344,741
384,408
520,964
112,417
6,160,777
76,263
259,311
366,838
409,972
375,672,798
148,931
168,453
108,951
875,1000
225,850
477,766
201,769
675,846,990
351,998
699,801,858
218,856
95,549
6,210
111,182
475,608
282,528,586
162,661
495,852
363,826
435,468,696
35,201
140,191,369
215,827
642,761
289,620
46,71,853
83,286
394,518
494,639
758,982
263,973
419,699
86,693
231,974
150,171
460,921
620,648
36,158,741
190,360
40,689,704
436,939
275,359
591,952
541,871
345,907,956
180,238,436
481,759
327,835
787,984
268,560
353,780,784
88,261,359
539,840
383,859
365,956
410,550
142,317
489,700,751
229,801
4,339
402,660,964
8,838
121,455
615,766
179,493
169,746,839
555,859
577,955
90,593,680
796,988
239,938
565,652
383,750
530,732
540,611
30,500
661,736
18,179,835
17,59,161
508,672
25,780
225,397
35,318,490
374,428,919
332,353
222,876
38,326,983
337,922,945
176,679
1,23
5,918
518,814
61,693
325,459
346,521
665,728,874
345,571,925
159,912
57,863,882
356,602
831,858
459,483
248,341
525,893
194,231,492
232,333,880
10,176,727
448,659
23,112,928
476,711,900
12,39
355,816
541,886
361,846
133,218
635,902
695,772
333,538
290,836,998
595,810
282,862,974
141,495
77,345
247,262
151,657,729
94,504
78,299
92,274
491,592
749,752
325,379,754
43,942
642,723
79,558,695
274,291
98,271
191,768
307,587,628
174,689
247,972,982
580,900
25,189,989
74,440,838
277,865
134,447,675
41,116
154,560,576
25,672
695,771
787,896
633,812
259,851,980
346,685,915
50,359
182,872,908
372,650
86,892
31,497
654,812
172,705
665,857
275,276
9,697
38,369,676
218,450,813
118,176,401
165,850
172,674
365,393
647,732,830
515,659
330,678
345,374
115,343,424
207,854,952
119,994
256,311
8,925
167,790
486,694,803
606,618,924
147,864,884
504,979
154,771
38,785,939
420,995
188,286,311
336,831
326,602
156,972
16,521,634
257,505
193,816
270,750
412,876
237,370
134,660,895
50,310
459,541,875
405,756
162,390
217,240,495
117,948
826,920
322,685,978
50,228
519,577
363,382,751
154,173,828
833,936
514,667,759
75,117
246,588
329,832
246,389
267,438
279,749
89,245
213,744,991
35,423
505,683
456,897
177,939,986
194,560,679
326,501
696,902
264,657
126,548
432,605
119,359
29,643
172,610,759
310,634,640
555,773,977
116,513
81,272
97,166
168,202,960
797,877,989
213,331
285,451,911
670,705
490,575
76,294,578
342,394
857,971,975
63,689
576,777
151,853
509,602,901
263,761
120,379
10,362
340,626
361,385,906
480,516
379,402,953
2,751
3,632,922
8,556
235,467
138,269,623
325,481
57,182,792
95,730,874
516,610
265,983
435,869
713,868
463,746,919
304,996
162,818,978
2,363,896
370,661
133,556
40,777
448,764
198,755
698,938
495,755,934
29,310,853
77,371,562
59,685
379,544
545,741,950
153,509
1,615,727
156,171,656
272,821
284,889
701,747
106,481,959
383,665
444,982
646,699
346,533,943
48,99
812,956
339,920
389,744
21,357
306,812
63,485
125,264
452,784
201,375,886
194,935
355,414,584
383,568,714
482,851
301,835
297,466
454,545,732
487,783
426,438
326,627
110,447
194,423
899,971
139,210
188,681,869
566,895
78,215,596
223,727
23,444,874
186,654
477,762,871
178,876
130,809
306,343
602,888
173,330,955
18,465
226,235
60,543
31,820
29,275
411,728
167,748
261,426,528
46,166
594,824,884
42,591,921
424,638
229,664,863
467,660
116,889
952,972
536,763
279,977
101,558,1000
39,235,620
607,991
67,188
8,25
273,365,621
2,297,365
172,548
246,888
586,727
22,354,374
575,579
299,934
920,970
94,969
188,838
82,961
551,617
294,475
109,693
41,432
945,961
318,788
199,743
249,774,946
43,565
464,506
320,468
410,726
479,868
179,469,742
511,657
388,471
295,522
597,795,796
824,945
372,375
642,958
469,631
121,634
413,874
748,917
180,594,972
157,316,596
242,522,971
398,533
649,882
299,833
347,450,696
495,655
715,810,912
607,995
598,608
50,241
309,480
157,897
77,262,386
135,187
74,441,727
141,998
614,870
79,313
247,340
472,802
264,345
207,485,586
629,664
419,867
397,932
19,499
861,867
287,835
285,812
530,587
267,329
435,528
551,663,742
65,163,556
212,602
518,646
369,938
551,943
402,665,805
152,917
115,166
159,586,694
617,897
17,554,704
677,987
112,335
318,496
181,503,718
538,967
916,930,948
187,762
1,283
33,218
173,583,830
647,705
58,768,979
56,76,78
371,983
117,325,765
195,674
201,288
169,593
151,258,938
6,292
88,344,608
427,724
10,338
530,638
505,921
310,371,968
743,833
426,938
21,314
520,763
652,670,798
364,542
336,544,1000
172,250,400
36,920
11,640
574,941
364,447
578,902
529,958
331,767,990
146,785
184,995
776,805
276,312
88,782
16,236,467
272,774,868
42,755
26,634
89,290,743
650,772
575,596
369,416
386,934
786,925
48,485,628
182,593
42,134
391,821
58,598,901
132,198,750
497,592
127,332,971
673,785
497,653
234,310,704
423,608,997
626,804
784,795
41,926
319,362,882
116,165,703
221,698,757
37,596,915
412,821
77,499
233,569,949
394,631,951
292,635
271,644,834
48,608
705,976
774,924
127,142,512
223,276,319
682,894,951
426,470
297,555,996
17,232,472
266,989
5,950
860,862,962
281,310
576,648,856
404,502
339,404,835
322,734
889,904
30,530
186,835
204,309,324
399,551
629,866
593,869
97,316,434
387,466
476,507,534
452,548,735
344,984
386,931
57,607
307,414
434,562
684,949,969
359,632
526,919
303,341
254,562,988
174,309,889
312,418
311,549,783
505,528,706
430,850
160,194,254
97,976
78,289
513,806
176,739,795
144,670,864
263,398,476
171,805
585,676
884,992
2,409
4,132
470,665
19,740,959
900,976
410,425
836,974
474,572
136,141,302
672,832
278,320
682,791,872
150,487
240,759
93,533,960
242,262
94,658,966
11,707
197,686
281,806
15,389
83,690
582,933
265,556,742
779,921
356,872
44,714,840
13,145
10,417
56,57,239
721,849,912
777,908
437,559,579
709,792,934
197,993
24,771
220,476
182,769
249,562
79,207
248,537
166,921
93,228,276
156,610
385,997
220,739
483,631
6,316,676
206,583
80,335,847
168,454,501
198,895
836,873
153,327
222,247
744,931
33,784
843,861
330,662
141,358,802
537,910
225,882
722,962
196,610
808,877,937
238,263
51,628,730
188,336
90,683
679,995
660,916
291,376
165,647,938
274,469
50,712
269,449
331,355
323,584,606
220,408,432
173,860
104,402,586
42,92
97,579
265,640
283,983
301,484
204,423
200,614
252,664
21,283,588
230,311
207,544,877
267,699
17,417
27,977
242,371,421
253,926
226,478,493
553,579
72,628,701
347,536
536,830
179,720
64,548
117,343
338,646
239,948
276,590
524,888
195,236,966
311,763,980
97,472
39,835,906
46,654
729,845
300,392
340,372,910
140,994
29,996
473,905
161,523
255,496
73,433
79,693
595,703
846,977
413,638,948
85,223
449,930
4,452,754
687,979
395,782
435,767
9,636
351,563,587
170,578
226,763
413,817,963
249,647
107,945
101,809
453,718
84,998
507,806,937
129,888
334,359,756
421,670,797
109,556,635
74,268,446
60,228
295,847
7,764
300,311
302,825
372,540,973
132,645
443,812
333,406,816
492,547,959
4,376,817
278,734
444,949
121,388
79,601
252,390
127,158
329,704,904
382,642,869
16,181,834
585,607,836
13,634
400,586
446,533,796
200,618
929,988
139,752
446,960
345,408
420,455
127,797
603,635,667
476,711,897
314,411
288,699,843
264,445,522
37,479,862
24,945,964
350,731
358,570
69,396,745
400,751
650,802
126,361,538
56,459,841
103,216,642
420,837
788,927
300,631
243,683,717
495,722
401,636,830
129,155,646
35,389,698
247,665
97,531
370,797
123,487
309,571
397,912
188,981
293,382,403
339,500,835
249,689
105,294
699,774
289,799
367,948
585,749,777
137,448,939
82,187
1,629,688
818,997
232,517
641,783
287,778,848
402,470
687,865
354,602
324,520
133,156
165,210,934
159,218
494,849,945
277,402
189,586
475,969
399,746
152,470
753,918
408,470
352,480
215,690,970
586,845
273,996
205,248
211,386,879
597,608
54,503,679
548,780
296,565,647
282,504
606,969
136,269
486,972
184,426,914
617,834
335,720,893
296,302
724,727
81,157
231,500,714
588,793
400,598
572,779
532,593
669,741
183,450,750
620,726
546,899
676,877
240,562,939
31,739
10,957
422,778
475,569
333,500,835
603,960
85,505
147,812,851
58,828
56,456,950
58,673,674
359,770
6,214,581
214,668
296,361
585,983
444,902
698,862
212,299
126,339,396
24,564
524,618
8,600
769,960
199,214
153,245
308,926
759,763
634,664
515,572,637
599,720
355,821
158,900
301,668
92,107
65,365
104,231,570
767,863
288,644
226,840,895
603,632
29,633
501,815
775,965
482,698,994
386,631
439,682
4,522
774,829,905
654,729
149,608,805
524,525
78,943
438,909
240,507
31,62
770,857
295,816
273,355
675,788
307,587
93,728
573,645,728
705,714
243,496,952
214,464,994
609,722
3,732,890
171,972
687,712
282,796
268,600,678
675,869
233,537,656
2,204,858
663,840
608,893
345,445
98,214,734
80,706
129,673,687
609,954
198,416
383,552
197,387,414
402,441
621,982
250,422
67,497
165,556
6,12,31
866,894
370,618,905
513,572
46,384
509,929
687,797
67,545
652,705
306,769
214,725
422,428,865
165,275,476
192,985
912,923
50,461
327,376,422
160,313,728
340,947
493,828
768,864
279,317,843
476,662
463,894
531,689
312,821
632,722,819
627,709
298,743,758
648,696
247,524
42,352
534,728
199,665,931
83,223,805
390,599
192,796
597,611,821
304,387
92,332,609
186,931
427,658,827
646,967
34,771
347,428,771
703,762
780,821,990
290,954
148,351
110,217
351,429
427,806
155,382
471,568,576
8,180
356,767
60,983
87,901
336,338,533
38,834
226,373,685
266,409
214,658
386,610,960
277,705
138,516,942
184,496,906
180,739
543,545,950
53,178
166,251,572
752,981
454,532,738
503,531
355,396,397
165,374
573,851
175,245
175,601
36,580
44,101,130
16,887
113,302
367,951
545,666
458,797
203,959
146,809
918,929
77,550
264,738
488,670
416,676
138,549
300,721
436,682
60,291,512
279,546
577,625,953
118,952
145,406,463
666,983
136,886
612,725
483,801
201,344,698
90,872,942
370,690
483,954,962
728,784
106,203,699
787,907,992
245,575
223,818
85,348
162,559
112,686
160,746
199,563,935
10,255
113,270,926
263,711,721
643,691
726,738
16,85
515,829
7,178,796
259,927
492,619,970
58,146
157,526,684
104,344,656
397,966
722,906
808,961
397,857,879
200,549,802
317,530
43,489
175,216,588
313,394
68,105,672
479,725
237,513,960
723,838
7,41
323,511
353,481
179,258,481
83,144,889
55,832
288,558
408,849
365,897
93,156,762
374,873
62,438
10,272,488
691,795
232,376,893
230,573
17,490
355,931
31,256
461,513
143,214
263,646
557,951
291,551
44,494,646
644,804
275,570
388,873
449,500
237,244
56,183
30,715,911
40,416
20,366,850
326,433
209,673
453,856,869
191,201,323
132,905
489,717,741
225,288,792
85,460
275,792
405,752
551,954,981
461,645,774
578,898
26,942
848,898
474,980
114,537
476,831
325,643,921
151,273,470
140,228
49,205,626
211,510
439,554
551,637,829
300,831
418,432,602
183,875
543,666
246,507
323,772
527,590
206,899
161,586
326,727,943
73,80
245,254
820,984
320,692
223,688
611,981
73,491,731
63,169,361
32,330
492,755
647,834
104,313,951
358,579,794
530,587
44,688
266,721,824
497,596,658
459,706
165,240
29,533
294,383,475
290,413
528,983
28,469,475
120,742
241,403
380,901
241,681
154,304,646
542,786
19,858
432,561
14,487
158,676,710
803,912
69,880
558,717
4,242,873
564,576
560,655,676
34,350
856,972
153,660
73,314
133,502,750
80,655
472,888
399,984
155,339,990
247,514
327,410,492
385,554
59,296,700
473,509,720
331,940
131,157
428,727
212,579,615
626,768
738,930
241,623
323,400,917
293,965
99,613,623
713,896
857,943
355,487
307,685
378,532
145,493
505,669,692
86,956
418,612,796
486,970
208,650
103,153,410
492,538
196,662
545,900,927
140,316,756
227,236
523,737
138,178
461,872
129,488
801,816
579,737
446,654,926
413,997
98,302
65,169,201
44,637
582,969
695,802
610,761
155,445
474,868,957
295,593,611
828,834
509,631,804
852,869
180,241,706
363,514,832
381,631
407,611
294,377,931
498,623
517,957
157,673
161,669,714
840,931
647,994
205,531,853
580,891
652,800
236,872
562,753
878,908
145,477
14,238,677
55,156
107,134
121,792,835
267,795
183,568
115,236,537
480,718
321,514,662
39,617
440,681
161,549,710
494,873
352,768
428,989
233,447,835
76,589,953
50,945
525,551,800
164,554
4,377,522
77,727
212,724,742
125,351,691
445,716
483,740
405,679
270,536
240,923
187,420
187,720
311,612
144,309
154,871
335,612,976
844,898
376,873
576,726
385,512
166,420
516,544
141,650
265,724
339,636,754
50,384
242,299,468
137,459
270,283
154,410,675
162,174,319
12,591
386,815
164,783
521,990
536,808
385,597
83,690,925
51,126
172,599
128,236,606
412,596
666,768,799
449,560
737,842
341,437,562
205,807
461,764
732,886
563,836
5,265,806
87,862
224,489
708,780
688,777,918
291,331
10,790,866
90,248,303
65,146,697
72,122
375,854
376,378
69,290,932
821,975
428,617
50,472
109,655
330,376
389,463
59,176,912
163,935
348,672
228,708
282,441,732
372,737
454,513
127,688
92,547,882
287,641
266,606
116,204,806
27,439,998
27,395,946
308,976
818,976
350,491
75,834
3,727
44,773
224,960
55,193,795
137,167,301
412,878
5,477,597
464,876
108,417
505,844
135,702,799
238,457
200,480
505,947
215,518,812
734,761
217,291,821
19,638
356,871
275,927
252,878
87,531
1,121,361
527,764
111,442,959
17,708
533,716
635,685
351,901
208,582
21,162,576
62,570,882
26,588
228,426
385,721
66,301,887
593,701
2,30,527
544,583
146,399
44,128,893
511,621,740
674,822,989
542,1000
655,730
568,996
12,585
301,941
545,601
42,655
429,440,499
166,756
199,687
103,598
150,429
92,747
307,364
103,774
1,605
86,776
240,362,448
936,955
173,249,388
57,609,716
13,175,941
398,953
217,358,459
251,502,940
37,857
20,673
379,825,902
361,380,535
242,344,842
466,557,659
7,785,979
336,469
393,502
391,558,594
55,732,865
115,394
303,390,919
155,544
170,430,769
458,678
216,285
646,827
92,677
215,718,872
218,291
2,11,596
733,821
100,692,903
202,799
15,705
71,525
62,462
353,445,963
287,780
3,845,854
107,247,955
139,897
317,331
48,472
216,327
359,778
479,993
874,878
243,695
12,216
450,849
243,505,667
4,45
562,941
295,659,971
173,211,893
377,495
597,853
632,814
486,884
285,774
303,572
205,645
36,559,721
425,458,499
131,501
160,853,949
497,776
438,986
417,463
128,799,883
386,493
368,918
294,663
143,502,812
287,408
438,749
124,340,383
75,186
418,663
385,756
75,735,828
196,871
607,885
117,288
122,309,340
161,442,454
518,660,846
183,454,820
31,706
594,787
257,648
273,855
599,877
116,781,846
272,408
130,249
43,219,958
726,971
12,323,653
97,983
798,884
69,512,630
760,797,903
126,828
594,737,989
171,175,258
71,676
704,862,913
155,297
10,605,753
424,744
472,807
62,431
39,510
41,93,147
313,377,823
665,881
775,915
21,335,417
200,382
39,154
308,537
572,641
499,502,856
89,132,638
286,702
544,605
257,258,846
47,289
513,799
486,751
50,138,877
407,601
438,830
256,566,742
579,818
127,284,605
235,258,772
229,292
498,745,830
399,507,517
299,651,867
505,894
212,328
462,519
82,276
118,961
268,721,857
330,782
305,415,454
108,474,966
355,368,495
370,599,644
414,951
732,928
146,603,887
56,272,931
70,180,209
88,526
394,564
101,934
74,322,937
95,148
446,733
256,979
763,939
152,397
30,379,635
225,407,872
134,921
11,24,643
653,921
803,892
351,546,951
605,875
830,891
157,982
27,104
569,963
496,607,740
294,870
148,848
263,375
101,752
89,947
234,888
290,720,981
209,596,940
209,338
361,804
63,432
191,392
61,771
524,964
327,740,927
469,941
797,982
98,275
278,843
314,924
229,492,829
278,339
543,698
241,375
345,717
256,678
213,583
742,813
15,258
724,998
516,561,946
611,678
111,220
270,572,627
465,722
308,416
469,860,879
212,340
83,680
399,419
566,749
173,874
329,507
215,684,862
537,596
142,679
226,634
9,633
513,702
356,465,978
469,788
392,518
204,632
417,570
58,223,535
388,630
22,335
368,673
212,852
345,601
240,244,913
277,575
594,711
727,829
15,687,899
256,368,509
725,918
561,678,719
73,800
333,519,880
95,727
671,981
69,823,840
65,591
451,786
792,824
112,686,826
417,613,878
33,427
443,593
209,892
412,618
465,625,712
544,650,892
192,944
9,159,951
115,120,641
324,631
571,854
54,99,470
524,777
379,589
145,640
72,232,495
110,163
43,813
491,605
12,920
327,926
245,291,870
280,992
380,770
99,591
451,828,873
826,894
894,900
194,300,722
125,273
458,546,628
554,760
123,136,625
386,838
42,457
195,465
765,991
188,739
184,969
619,904
331,333,376
348,953
52,562,999
285,603
609,817
50,565,815
624,1000
257,842
775,807
109,499,897
363,370,972
670,893
47,516
93,782
665,789,808
363,900
30,143,192
186,834
20,605
183,387,847
794,840
336,378
627,764
89,380,734
36,924
129,949
569,814,869
258,544
937,941
355,759
691,942
194,623,882
138,740
99,131,664
207,782
159,243,798
274,929
411,901
576,720
406,948
529,671
155,357
228,764
859,952
326,911
99,210
46,737
370,746
328,532
582,593
307,712
282,368
71,302
23,501
121,743
275,586
90,208
442,818
614,926
777,888
548,735,840
375,391
155,344
59,584
131,238
229,343
201,321
335,531
367,598,717
333,783,823
166,872
218,684
31,876
180,814,869
276,709
186,542
389,897
150,295,510
355,786,831
95,260,587
572,764
382,767
285,862
717,734
138,408
257,485
341,607
17,424
129,463
677,996
4,30,176
60,155,264
509,815,973
366,382
618,803
523,907
34,454
338,496
397,492
192,251
50,974
489,815
241,594
751,914
332,890
531,555
18,272
309,692
269,986
332,422,435
470,473,975
171,424,820
39,199
292,471,757
243,320
410,630,809
550,980
700,961
571,797,942
109,197
305,746
120,348
159,347,914
507,535
93,198
406,433
40,252,301
179,659
243,348,922
169,301,436
463,832
442,906
345,481
554,696,883
448,667
486,694
672,837
385,877
548,570
532,743
203,687,875
307,917
145,713
193,374,508
152,438
455,765
91,499,849
326,676
63,502
106,235,397
695,889
116,289
77,824,910
600,746
4,168
122,547
334,487
14,717
158,176,735
53,84
166,824
52,961
99,286
81,788
287,802
84,406
494,745
61,697
372,962
324,364
707,781
235,746,919
63,933
612,613,839
160,563
315,906
1,96
778,874
109,418
463,896
422,573
548,668
799,841
114,496
376,458
167,315
117,481
232,512
410,459
52,76
43,138
48,876,963
62,815,884
53,857
602,749
24,138
719,1000
220,905
169,221
221,437
628,801,935
206,497
327,446
214,574
202,615
90,249,474
300,779
216,261
366,969
217,481
833,858
861,991
170,927
197,801,991
783,831
532,624
841,960
131,609
3,396
268,729,812
463,924
205,483,914
643,843
128,509
220,441
1,448
576,985
356,490
398,964
752,876
206,329,895
532,598
225,397,449
20,132
36,782
413,970
63,84,415
157,427
148,226
59,415,560
511,839
15,768
324,720,726
53,449,895
231,557
405,653
114,400,501
612,945
592,825
270,610,709
619,999
219,686
33,83,627
507,606
154,819
250,473
482,602,940
438,709,783
212,854
538,637,874
228,374
309,655
115,991
289,729
367,663
603,694,817
358,589
20,166,752
172,380
191,545
242,710,961
244,246
464,612
483,537
780,783,882
494,724
34,868
471,569
342,816
568,695
38,684
270,627,782
100,112,118
355,747,755
523,920
638,652
260,728
216,230
86,363,599
669,673,767
227,810,869
45,585
487,805
56,788
242,357
272,405
31,775
292,465
234,657,888
65,167,953
152,260
539,714,784
560,577
32,290,860
411,982
332,893
580,843
393,721
284,567
485,650
42,120,185
257,328
418,543,627
540,796
786,861,993
323,746,984
240,960
74,869
326,961
499,721,955
65,265
211,881
51,457
154,364,995
150,357,518
525,787
19,442
70,584
569,592
466,581
140,945
392,615
311,497
180,204
74,340
148,917
119,519
147,351
159,877
515,997
6,297,531
340,511
95,185
737,817
523,594,680
459,817
559,777,933
69,201,419
111,821
169,258,854
299,834
474,504
606,822,923
164,985
130,934
480,982
248,255
85,496
491,526
228,952
37,214,590
19,394,677
189,567,832
781,958,985
68,272,747
744,872
667,871
697,966
502,632
402,754,800
439,986
575,886
202,562
658,778
551,619
187,511
476,696
478,828
374,436,966
323,395
563,993
253,489,680
417,704
157,448
477,710
880,934
895,975
43,806
104,608
62,639
28,644,820
153,238
511,719
98,500
348,908
338,925
320,855
319,476,842
397,566
29,508
613,887
657,901
63,884
202,648
47,418
50,845
471,995
426,652
156,205
29,108
133,680,897
640,866
235,520
103,215,752
423,723
605,980,1000
103,617
487,806
114,649
292,465
51,642
193,696
129,682,848
489,838
318,511
755,888
146,769
76,504,833
247,571,900
248,939
598,846
527,792
