604,978
55,324
180,510
39,449
125,522,586
102,265,924
179,359
354,723
58,466
546,831,879
11,19,473
169,252,416
682,737
193,909
6,574
714,928
192,545
48,389
189,811
431,646
225,765
462,616,868
150,405,675
268,559
531,650
646,954
586,676,990
89,787
405,500
147,262,828
56,747
663,978
859,883
46,831,905
691,843
85,430
792,973
622,911,983
93,136,919
403,941
280,288
724,868
616,924
894,998
248,529
218,248,372
557,820
560,579
104,257,736
142,813
169,365,637
588,692
94,405,1000
213,566
55,924
59,264,616
429,909
137,778,919
17,484
104,412
51,150,517
577,639,686
125,239
64,770
122,728
26,407,416
92,121
49,183,744
750,812
61,826
594,859
222,555
498,722
336,369
449,827,920
168,815
455,789,854
875,964
724,803,967
494,994
279,477
130,950
689,764
562,983
7,383
404,904
60,461,801
394,805
356,620
224,321,500
388,692
447,868
351,413,907
310,490
43,409
940,946
580,696
323,450
263,488,643
683,909
163,289
226,350,841
421,938
54,120
375,468
294,326
308,362
213,307,497
80,164,536
166,264
420,557,886
278,375
9,657
172,592
703,967
228,590,618
251,843
224,671
351,375,799
379,554
596,887,984
341,740
502,854
80,763,853
195,227,615
723,892
201,804,860
736,864
327,498
61,907
137,895
234,383
67,82
185,538
37,68
662,868
358,600,818
647,705
277,363
563,781
365,493,946
728,984
571,615,771
367,543,559
14,335,718
46,598,831
79,188
392,709
64,527
349,477
71,946
418,470
710,917
777,932
541,568
528,772
407,723
788,969
586,805,855
129,462
274,632,996
436,905
597,706
390,541,637
317,387
537,686
407,649,668
472,610
952,972
443,497,947
125,811
470,521,578
113,885
202,853
438,677,866
582,640
710,740
68,104,770
340,350
435,574,855
757,854
121,480,891
40,860
291,310,896
115,416
82,560,585
569,574
325,931
256,756
469,721
312,882
160,574,921
178,269
314,432
537,572,974
871,904
338,814
32,341
123,270
4,793,817
253,574
535,695,741
513,699
415,882,941
854,939
243,296
227,648
517,532
337,356,812
546,896
151,799,841
150,591
523,681
393,832,882
343,584
931,954
131,190
245,379
24,336,668
186,847
75,597,896
181,352
102,881
10,156,424
279,666,823
766,872
147,510
902,998
2,569
244,515,775
389,584
26,310,893
103,220
220,665
249,674
18,862,901
151,520
452,512
415,783,844
617,683,703
324,994
334,353,712
267,966
171,408
129,606
516,736,932
77,527,925
29,655
769,995
515,994
282,695
141,166
230,406,746
57,641
445,473,925
46,921
390,836
184,440
58,103
249,264
66,70,446
71,579
453,868
79,472,740
352,744
55,438
666,780
659,949
170,322
395,991
301,360
74,307
614,930
114,439
353,406,939
465,542
283,407
44,449,466
85,438
199,518
445,619,790
4,207
651,862,887
131,580
106,321
215,590,934
357,388
271,393,428
533,642,999
730,980
238,924
257,790
106,833,936
11,304
648,989
100,679,973
687,883,907
302,393
151,720
72,765,888
583,804
118,142,639
152,634
24,207
222,231
746,883
400,593,880
524,571,991
6,184,579
42,588,655
218,561,857
259,486
51,827
790,839
719,798
448,473
708,947
533,565
58,692
548,814
125,500
245,461,619
396,568
340,440,543
375,585
5,913
268,720,972
78,213,303
145,300
127,264
2,452
111,897
274,476
303,720
134,828
33,691
492,918
720,722,827
218,275
105,808,848
615,664
841,996
582,623
216,748
433,694
185,773
281,746
30,342
496,557,1000
211,684,908
19,443,490
587,850
21,688
177,913
185,889
508,511
643,964
96,714
136,435
157,478
427,777
94,231,760
181,429,872
272,919
424,817
208,681
196,776
234,872
719,969
321,678
64,990
667,712,997
545,618
114,856
67,217,501
72,630
212,782,832
324,494
206,481
659,750
698,789
22,502,764
52,145
611,803
77,252,292
717,932,984
911,939
495,642
223,409
516,926
138,213
477,606,675
45,587,956
557,584
172,614
52,207
278,459
227,590,839
152,601
324,531
534,712,995
456,497
583,840
650,782
196,319
760,931
421,844
478,549,578
416,434,675
131,397
549,591,679
922,927
187,922
473,768
408,628,643
176,359,497
602,964
250,408,579
429,466,527
122,298
354,420,468
192,754
223,586,655
274,793
195,957
256,959
322,550
383,626,824
152,397,583
463,728,864
140,807
219,300,413
67,781,892
112,474,937
815,961
447,623,933
280,825
826,834
62,242
431,678,757
444,649
676,976
91,680
66,164,280
103,507
139,325,1000
337,907
572,782
414,717
92,201
728,733
338,389
183,990
11,310
283,679,925
134,807,870
88,730
343,372,467
11,840
244,436
542,568
664,733
25,393
316,825
876,881
313,647
657,700
52,184
912,962
174,609
573,913
224,356
132,907
201,769
501,681
592,651
20,292,299
448,514,610
343,473
290,382,730
486,759
286,488
278,398
187,770,983
136,234
800,958
330,872
249,939
915,978
259,582
190,233,538
698,879
16,957
84,946
91,905
244,319,479
160,268
368,506
238,298,795
258,994
419,950
619,689
204,476
594,777
122,662
309,524
141,606
84,122
256,433
313,336,760
683,693
295,837
548,672
39,176,582
2,701,925
133,628,700
312,356
4,955
343,540
346,361,561
521,597
247,601
293,557
151,700
257,626
310,800
810,971
571,692
376,579,925
38,986
532,828
788,887
724,828,984
43,788,831
148,733
113,213,430
167,474,881
39,389
588,955
13,566,944
687,803
574,915
43,688
321,345
154,405,850
489,854
558,933
255,315
293,545
21,479
104,283,959
305,623,841
429,454,867
42,399
543,640
149,852,882
308,805
274,346
170,977
613,879
30,452,957
540,781
503,607
320,339,532
295,780
111,796
443,930
187,344,716
400,785,898
167,777
339,682,721
188,801
334,646
557,991
349,687,745
229,707
206,524
171,772
150,237
306,409,678
164,401
442,713
305,459,705
401,637,825
40,551,617
31,492,788
94,481
409,498
521,743
372,794
296,686
719,807
370,561
673,712
110,176,660
557,773,809
424,888
22,187
9,951
131,746
448,960
120,876
733,820
63,105,367
43,157
412,646
428,522
444,598
489,558
102,271
116,977
558,583
398,809
57,172
129,276
845,950
456,563
270,814
315,371,802
270,365
190,215
128,179
16,351,746
378,758
446,524
194,589
100,237,783
83,464
158,451,916
573,820
291,425
74,287,529
159,997
355,451,634
572,839
399,473
735,862
184,349,874
159,670
466,640
786,912
384,698
681,693
366,859
164,364,691
260,794,980
56,98,797
60,524,760
644,746
289,814
684,884
828,959
199,231
100,286
48,162
233,381
86,616
112,511
387,791
445,912
226,846
262,440,776
15,850,965
186,672,787
824,897
53,309
329,774,789
85,125,954
49,227,855
189,560
351,443
302,608
8,912
543,906
174,542,656
161,359
580,988
208,650,705
278,930
73,914
381,474
586,804
275,933
961,976
138,563,810
14,391
208,369,888
401,941
707,983
138,771
158,739,833
107,207,619
289,410
281,859,1000
503,513
46,404,775
171,207
366,837
257,478,724
169,376
575,834
490,556,649
388,399
80,936
67,263
521,689
349,674
265,695,895
479,689,912
453,691
198,396
275,360
460,897
247,399
591,985,997
42,609
821,929
122,963
205,408
300,908
113,836
143,651
28,827
91,328,763
85,503
678,804
43,103,938
334,798
164,672
311,800
480,995
632,664
504,922
695,748
386,602
55,119,819
38,204
16,99,847
71,302
366,546
31,172
14,578
218,500
374,997
257,921
160,816
196,353,911
386,504,838
424,651
340,623
599,964
490,801
44,152,999
393,989
318,457
46,178,433
97,589
226,420
200,636,847
175,181,470
81,342,568
609,1000
137,239,813
31,457
226,559,606
611,730
177,551
52,616
633,860,894
501,635
197,421
576,683
88,384,640
127,397,688
841,935
384,845
64,70
244,662
124,776
96,582
188,221,530
234,425
231,517
152,283
403,793
138,392
226,666
756,809
25,450
6,44,472
196,375
907,989
595,816
467,679
737,850
76,538,593
176,293,634
126,177,988
218,487
396,432,476
331,588
485,676
95,710
414,649,896
859,949
607,690
669,719
11,359
79,631
688,716
10,930
65,290
205,247,567
206,877
225,900,931
140,434
122,540,741
16,80,618
72,95,114
153,413,472
510,768
143,232,967
832,845
620,756
177,889
37,136
79,712
192,267,569
253,431,705
450,800,946
603,893
503,699,937
485,757
205,682,978
649,757
555,756
156,329,569
38,398,510
281,496,930
444,499
311,908
762,985
194,851
103,797
859,955
556,561
133,472,963
257,424,678
127,654
75,918
896,903
119,140,173
85,567
603,761,828
482,762
122,681
171,460,726
480,584
428,555,730
162,644,880
326,529
503,696
12,284,575
707,903
949,987
403,866,899
329,363,812
244,337
8,778
560,985
46,158,878
490,983
534,912
295,502,967
666,730
297,645
781,840
183,250
26,548,612
240,784
688,694,755
22,317
386,563
72,431
387,582
283,849
11,497
49,754
94,554
268,811
155,169,279
662,767,826
466,491,944
804,1000
595,952
23,555,628
369,383
140,297,629
992,997
762,886
396,830
145,576
347,663
235,545
185,294
20,164
33,653
402,760
17,284
409,449
687,775
207,412
328,450
131,583
582,929
288,544
719,829
242,743
24,141,720
566,799
544,619
23,151
193,279,675
737,819
277,368,444
229,250
333,516
202,306
10,626
67,557,807
383,461
97,649,726
353,558
212,445,838
274,467,623
702,710
67,186
277,848
538,630,689
57,744
30,115,165
108,162
556,648
463,482
58,233,400
111,825
262,834
495,682
67,351,679
428,479
48,456
143,864
252,618,796
173,821
792,876
87,376
39,324,474
495,905
13,556
331,553,755
246,988
587,716
175,396
146,497
354,423
401,849
744,812
887,914
506,552,692
23,664
216,527,999
145,700,734
38,324
513,780,785
461,473,943
420,892
348,723
272,798,814
189,771
350,438,892
33,352,788
10,843
670,964
486,563,792
11,470,555
50,824,870
28,682
68,126,229
541,904
95,678,769
62,152
463,520,852
592,986
246,255
736,926
6,498,763
159,319
205,456
109,969
570,580,810
543,810,876
158,197,245
405,436,584
73,330
255,800,910
769,779
503,741,969
406,712
148,585
909,920
52,535
759,904
259,524,848
152,184,477
97,692
438,577,950
804,893
38,889,901
70,372
422,843
59,880
568,720,863
358,973
39,973
34,630
393,602
43,58
36,146
793,816,973
276,864,972
871,991
442,617,784
137,926,932
50,273,532
302,946,952
332,563
886,975
292,724
117,742
566,840
500,862,931
294,518
52,479
549,922
409,778
248,480
447,560
593,662,890
761,913
297,730
102,149
238,280,646
109,714,939
121,568
839,907
225,353
149,337,896
216,428,882
442,647
364,430
677,927
906,984
287,368
95,646
352,622,713
150,371,611
556,810
679,743
9,234,688
52,675
47,65
158,636
737,763
394,591
528,635
242,255,833
344,797,970
149,194,711
65,477,723
26,966
145,791
379,456,568
146,900
9,152
212,965
152,804
167,425
660,889
637,834,923
717,778
550,877
160,903
307,444,895
53,646
263,468
354,519,859
155,337
51,111,370
148,517
659,981
455,627
338,454,515
526,625
279,341,690
411,644,685
384,566
586,633
525,556
140,563,955
395,938
171,807
426,444
667,883
875,885
182,603
33,285
15,103
137,909
26,649,814
537,909
78,129,607
119,484
813,843
29,360,519
274,454,535
387,619
330,516
252,559
228,954
9,237
92,307,503
356,622,907
60,473
288,821
303,638
172,887
330,940
337,919
62,342
80,882
519,750
293,350,700
411,503,536
20,395,398
604,725
60,68,158
306,690
14,212
511,647
202,806
117,696
232,582
272,295
79,914
150,468
312,797
78,199,911
549,768,901
765,919
1,389
621,810
23,660
601,916,946
3,517
232,516
520,820
536,752
121,794
423,649,728
648,837,908
1,363
285,528,595
183,317
563,711,977
645,699
76,446,538
130,544,845
138,389,731
80,257,305
544,726
116,518
68,898
371,979
41,413,763
129,390
602,632
90,312,368
94,715
655,827
531,834
49,352,839
396,668
534,878
535,608,922
81,580,732
604,613
354,924
45,551,790
540,949
725,729
300,879
228,923
275,483,816
110,553
58,570
229,766
180,956
481,940
23,348
65,312
120,219,252
13,160
661,866,913
234,366,951
197,386
138,319,941
14,473,498
687,692
388,579,653
56,559
27,492
316,584
386,895
410,768
802,957
74,997
93,705
63,349,553
111,561
221,517,827
231,880
10,367
369,820
738,995
202,314,641
248,348
296,807
753,883
241,485,956
128,658
328,396
99,872,980
512,630,814
218,315,341
367,482
140,240,721
618,935
4,48,614
299,604
374,673
443,570
216,349
293,377
85,947
453,824
228,523
248,708
20,500,812
486,603
95,147
685,696
20,757
224,369
382,810
70,503
275,835,924
217,248,794
841,995
223,478
664,948,985
215,911
378,914
626,950
125,657,895
88,726
21,410
361,439
51,742
783,904
308,854
54,695,802
557,615
335,852
336,452
420,509
538,649
94,864
7,940
697,822
783,837,979
405,840
29,823
184,810
920,934
65,68
60,229,451
281,686,802
53,228
166,339,395
240,420
217,518
722,941
886,908
226,533,828
831,914,938
117,189
516,545
190,826
367,394,987
302,727
154,849
745,891
663,731,950
653,768
30,559
80,383,838
757,891
232,602
239,347
383,809
105,385
109,695
751,786
808,905
138,927,958
422,546
230,267,966
13,353
74,458
99,665
218,954
133,406
496,736
228,473
169,726
357,424,434
276,554
378,619
320,868
55,910
213,977
385,980
522,702
124,750
80,691
430,693
212,970
790,862
177,264,541
36,644
585,774,904
137,545,581
122,507
230,386,600
62,818
98,205
506,871
3,367
295,682
254,334,337
21,180,470
248,508
194,289,941
858,953
111,556,651
2,638
738,890
50,780
324,388,577
133,998
409,464
777,846
61,359,779
43,261
18,269
265,288
188,824
422,670,856
617,821
406,844,902
202,817
812,882
194,876,991
344,449
63,314,384
341,735
115,403,603
301,757
79,729
652,671
179,458
584,728
158,802
102,694
301,358
3,125,958
537,946
340,911
345,874
255,268
577,857
684,690
505,993
308,883
570,573,640
6,893
486,597
321,797,881
369,430,508
360,598,710
411,437
442,794
106,202,626
126,728
673,891
11,252,478
869,895,1000
215,601
429,798,959
189,927,1000
61,397,874
379,673,887
141,319,975
198,199,446
134,531
134,147,688
61,427,947
92,753
216,893
90,750
133,511
362,945
188,739
518,657
33,276
859,876
271,548,632
191,607,818
230,693
159,417,929
389,512,822
157,320,514
535,989
554,727
309,700,978
389,685
24,268,655
548,952
208,221,839
16,74,430
542,721,866
712,755
346,367,592
107,512
7,281
114,632,844
236,351
382,471
606,872
94,658,734
717,755,786
377,580
305,628
258,428
177,317
357,451
54,830
340,565
332,972
226,498,870
319,706
467,608,936
265,314
591,951
361,509,983
388,698
798,838
78,316,673
151,893
224,338
497,602,866
768,774
500,518,657
48,656,661
418,926
912,953,998
665,845
809,866
761,893
729,740
133,936
166,276
11,624
324,884
127,462
239,499,600
207,803
693,895
170,271,463
400,411
132,901,939
50,147,813
93,239,969
346,621
496,744
450,658
12,999
131,468
600,829
280,344
335,968
107,498
187,668,801
246,276
132,253,438
14,302
172,275,476
266,392,816
55,626
262,358,612
48,389
646,748
538,659,829
121,455,763
256,283,579
232,554
36,710
18,243,540
64,716
328,527
604,864
15,840
355,597,913
195,622,755
713,788
147,559
34,584,958
68,457
622,900
197,236
115,759
171,735
86,394,617
229,564
373,465,817
41,247,327
271,582
849,998
607,610,848
573,901
229,380,422
353,424,860
100,578,964
14,564
374,426,552
91,203
222,936
564,974
25,550
120,328
198,972
317,835
676,915
610,635,967
303,499
417,738
102,888
426,712
183,184
391,792,842
853,992
138,158,626
78,771
349,799
348,801
845,891
191,630,710
728,837
92,245
35,133,484
17,881
259,339
136,995
2,585,833
589,592
495,927
2,611
333,406
270,854
387,654
159,872
5,39,136
446,630
95,267,480
53,164,511
354,775
241,498
41,743
284,792
322,864
374,894
318,409
36,409
177,525,602
620,773
513,715
43,605,970
839,897
764,918
316,692
535,978
202,244,738
539,980
243,276,905
404,953
457,848
574,712
117,125,791
56,935
753,926
575,673
562,856,918
343,792
111,659,712
374,785,937
513,922
187,356,623
600,973
15,772,934
255,854,988
107,358
81,270,713
319,964
571,975
883,986
408,985
236,327,959
692,849
483,924
731,811
28,559,781
178,950
549,809
685,966
107,144
303,557
63,373
409,459
151,351
226,284,816
89,388
268,405,781
138,573
765,820
602,850
226,268
224,350,985
317,374
326,387,933
466,716,746
794,995
252,498
247,322
153,557
103,865
171,819
91,609
558,883
170,413
176,821
706,774,850
258,477,910
281,906
144,923
623,877
450,574
125,147,404
125,314,519
88,532,596
355,504
973,993
106,550,865
307,390,538
489,654,719
394,629
16,750
691,983
163,804
587,868
61,198,992
658,973
15,200,330
42,360
865,892
356,666,900
456,854,869
129,199
459,613,921
447,892
441,662
147,935
90,305
454,682
122,879
479,838
327,393,624
104,862
17,364
651,838
33,916
149,176,281
197,292
96,238,813
490,583,856
171,461
101,110
212,549,970
299,867
313,902
469,537
61,78,748
438,479
330,341
368,773
135,990
593,671,935
17,510
502,510,662
281,385,440
18,170,782
110,153,719
130,268
243,596,996
337,545,954
64,307,900
922,980
410,839
134,850
728,929
122,412
227,402
467,639
698,922
698,770
490,642
100,184
429,895
126,547
574,744,772
35,813
22,299,956
117,178,930
24,662
305,511
17,155
283,466
31,203
239,705,708
215,415,417
224,584,793
466,580
42,845,968
341,853
113,598
630,779,839
56,890
130,838
472,999
459,668,780
167,190
406,868
162,251
126,174
1,239,753
168,591
447,649
662,693,923
128,484
71,658
8,162
606,691
492,604
155,999
430,536,750
1,981
269,655
857,911
426,879
274,655
15,369
92,709
368,404
668,961,978
129,312
521,619,878
638,699
145,240,379
114,322,859
726,968
736,877
382,959,978
354,775
123,442,900
324,384,924
26,513,943
638,717
7,22
49,353
99,128
590,859
207,780,851
25,513,741
573,948
286,945
498,951
170,455,589
377,719,859
621,639,766
20,544
97,398,960
669,941
441,857
265,516
459,986
402,778,966
5,366
250,507
431,673
18,235
40,301,457
714,804
159,404
231,728
317,422,984
170,332,865
721,913,918
822,895
323,897
261,409,835
194,321
47,555,855
500,560
239,673,914
223,573
59,678,818
253,417,750
32,615
215,475
191,222
196,879
185,511
343,697
397,552
112,284,996
469,636
33,545
838,912
334,506
733,955
110,322
369,844,976
420,807
152,419
142,738
29,88
554,842,853
648,664
19,682,764
659,705
81,874
43,139,896
221,759,824
119,614
327,912
397,694
98,440
216,354
11,111
171,591,612
191,506,880
250,355,601
108,339,389
383,796
736,969
103,312
43,324
330,337,795
541,872
290,294,831
92,289,591
908,989
756,767
542,655
86,662
617,640
498,514,561
144,387
227,599
233,541
146,249,475
113,868,897
355,483,774
129,824
164,974
455,854
504,592
69,224
11,380,644
161,563
203,226
356,385,900
258,599,630
219,500,823
289,494,776
281,296,731
271,342
687,765
516,669,937
386,689
45,728
418,900
15,506
167,721,810
34,944
160,577,819
98,854
715,718
451,522
787,815,848
542,793
801,867
130,385
166,379
161,458,772
283,373
189,280
375,623
230,643
310,836
328,348
126,971
347,794
196,780
196,757,773
585,783
268,674
111,821
282,284
132,715
40,827,960
71,801
310,896
304,506,872
220,465
167,254
51,381
37,240,560
503,623
861,985
420,695
701,763
460,858
348,969
278,475,890
437,950
2,418
710,963
386,868
752,829,981
79,344,886
80,401
660,694
224,254
349,648,857
496,802
162,465,532
126,459
13,219,707
24,780,921
208,227
354,494
202,247
128,232,593
635,874,920
167,947
320,607
765,888
366,448,917
315,950
68,716
670,907
27,273
227,672
428,925
258,524
764,838,962
439,779
491,606,984
207,355,527
399,557,862
152,716
80,427
514,919
421,643
375,477
86,217,683
787,818
248,821
186,204
154,670
221,758
146,297,965
141,787
21,237,975
529,834
451,776,892
168,564
745,925
182,901
285,389,394
889,970
881,978
517,719
293,389,927
288,692,777
478,507
270,926
101,185
144,283,720
221,384
578,660
215,914
467,661
803,878
108,624,820
306,373,671
305,985
203,339,396
174,820
273,568
104,661
7,307
546,643
292,925,956
297,777
701,923
191,992
478,568
128,337
371,679
528,556
90,677
491,886
10,341
201,906
337,462
453,514
239,682
563,874
229,546,837
193,552
254,500
82,375,968
787,943
80,937
307,752
342,597
348,413
667,742
378,852
598,796
86,173,383
7,323,873
43,104,798
254,280
51,918
747,928
237,455
688,978
249,581
144,607,662
216,445
144,437,976
514,940
383,701,936
252,549,682
283,443,723
287,427
119,180,548
305,696
7,519,893
62,439,708
157,270,743
356,550
372,570
525,641
324,998
198,792
210,604
39,349,361
530,621
570,762
380,564,682
249,666
8,664
453,704
353,844
225,474
180,245,887
643,661
17,167,522
358,580
837,932
18,211,530
532,922
100,924,958
323,601
458,595
40,214,487
571,857,968
262,904
150,378
177,556
31,443
468,528
420,625
648,689
534,687
471,728
353,437
854,998
964,970
100,780
139,447,833
878,953,980
601,822,856
219,726
431,574,691
869,988
352,444,625
243,725,738
137,422,685
783,813
72,513
19,30
495,802
318,601,617
39,178
291,446,698
52,539
444,667
135,418
458,931
81,284
731,948
208,772
49,63
370,592,727
50,318,731
115,881
325,706
200,974
180,619
372,885
88,130,580
670,997
705,887
595,822
581,976
252,314
350,492
230,868,873
78,164,662
191,330
672,877
756,908
842,969
418,772
53,372,681
73,676
37,162
493,648,967
172,816
227,799
67,530
39,55,165
209,228
571,735,774
95,610
35,867
151,817
2,753
103,110,792
393,912
61,904
128,329
527,643
197,875,912
645,880
585,598
593,832
230,390,537
559,836
592,869
80,401,894
366,422
458,551
261,470
984,993
457,957
142,605
223,951
13,953
580,881
354,775
29,483,740
520,731
468,475,739
535,668
129,693
627,752,976
620,888
138,626,658
263,985
665,732,734
1,834
270,948
310,542
472,678,935
47,121
540,750
562,659,854
369,551
362,384
492,524
254,519,685
331,845
140,754
131,312
210,753
323,884
447,948
328,356,782
51,150,316
50,332
240,984
534,741
448,884,966
229,461
229,818
376,411
39,338,641
513,752,995
42,343
137,285
148,273
669,702
2,536,598
405,640
454,845
201,243
217,590
179,934
633,659
441,718
138,594,837
186,367,393
1,758
444,920
329,690,714
33,116,646
519,631
179,843
174,767
766,906
135,700,968
95,917
141,457
491,660
135,530,846
58,380,433
469,695
75,406
303,821
230,597
598,911
446,949
70,891
104,451
823,864
115,211
363,672
659,795
153,163
738,881
484,633
893,962
69,359,639
90,552
427,840
306,535
464,841
98,413
546,755
698,842
131,531
969,990
27,711
506,778
487,996
697,994
247,295
359,415,885
15,132
90,200
669,696
585,591
173,598,681
77,948
661,732
346,496
730,739
430,667,900
955,959
451,758
76,219
222,894,936
330,516
684,979
20,626
62,121
892,973
574,765
770,962
69,489
14,921
667,883
81,887
680,702
770,889,927
359,414
36,368
461,815,971
603,863
642,682
461,488
345,467
104,976
219,928
442,610
1,469,997
824,922
28,392
72,913
942,978
411,914
376,611,896
237,310
428,470,510
711,930
49,769
152,525
175,377
626,1000
295,821,832
393,645,893
636,784
297,673
204,581,754
40,646,926
788,868,884
121,878,989
131,536,705
23,58
55,515
477,737
623,847,951
406,547
186,491,642
50,190
107,214
533,612
690,922
845,859
243,554,719
18,140,775
437,875
541,844
870,882
364,501
106,652
267,635,645
629,961
551,617
66,716
685,991
576,682,766
250,302
333,374
131,506,778
426,545
383,704,889
310,889
562,849
61,264
148,740
625,690,702
519,842
97,628
610,927
108,397,763
716,833
84,595,741
55,112
248,630,929
27,210
454,536
10,395
752,944
429,694
320,446,926
56,157,490
114,395,855
68,366
44,218,415
357,555
49,89,992
13,166
706,879
570,632
495,933
125,294,933
937,997
508,690,995
592,1000
804,849,872
65,546
4,842
185,829,968
273,651
14,197
255,507,790
84,100
267,894
740,793,881
145,584,847
230,755
165,476,500
262,973
7,736
104,407
882,938
641,705
482,636
549,881
358,992
188,539
82,542
55,410
726,814,960
189,476,850
604,882
353,939
6,327
160,172,761
580,968
721,792
554,881
2,459,959
792,827
701,934,966
535,751
674,859
50,840,924
502,781
406,657
69,273,1000
96,437,752
395,773
161,650,963
331,610
354,784
114,617,757
332,744
69,594
100,150,879
388,505
194,630
136,460
391,470,572
39,389
320,474
491,818
65,433
449,798,830
769,858
372,778
5,345,874
22,177
613,838
240,279
77,262,823
206,336
455,775
343,404,559
760,885
224,417
257,513,765
517,632
248,574,650
155,672
206,750
192,598
282,536,597
204,233
494,566
442,903
148,243
564,751,925
3,665
4,275
698,779,877
269,585
345,463
324,453
339,371
280,847
402,880,963
99,150,457
23,108
368,898
75,105,271
213,922
168,418
37,298,689
62,453
112,575,843
504,641
55,977
100,648,800
707,984
98,236,320
155,248
554,667
509,850,852
91,522
206,709,913
57,232,351
513,895,917
237,359
111,554
712,778
182,311
303,728,959
153,282
360,829,937
639,857
101,396,611
31,582,759
7,148,388
433,615,781
133,504
688,869
71,295
3,970
444,575
310,337,629
773,939
96,486,507
612,976
467,577,663
111,251,902
153,194
446,734
489,942
398,565
157,237,882
272,453,645
230,510
456,688,988
463,580
563,723
50,632
208,757,907
498,561
102,704
237,763
342,700
578,746,986
461,635
393,470,717
302,619
286,371,537
45,651,919
35,175,742
269,731
258,407
177,597
399,504,522
329,683
385,735,874
190,305
447,689
380,882
243,854
76,924
323,769
10,46,312
107,692
638,713,934
649,925
77,482
279,772
206,577
288,716
739,852
181,502,783
628,788
320,540,554
876,962
124,332
113,406
271,711
358,868
12,357
159,496
534,717,765
491,507
516,843
20,522
546,653
536,797,859
206,290
109,637
422,509
271,499
61,902
141,736,945
714,829,935
243,770
50,505,972
479,634,903
22,671
889,949
92,271,436
255,365,456
157,197,959
381,882
428,789
53,524
207,344,858
323,788,923
20,210
43,687,726
166,350,368
218,395,807
137,210
45,592
137,612,695
25,971
168,705
2,64,855
240,395
480,812
111,293
184,940
370,430
66,998
161,712
50,281,520
121,173,238
656,861,977
246,481
772,804,936
766,886,990
134,855,919
756,858
787,965
453,904
227,586
274,454,609
513,903
170,425
140,688
507,763
195,342
80,706,848
380,519,677
452,807,973
803,960
348,562
186,373,697
281,314
220,509,660
57,168,228
729,749
260,544
2,137
96,248,488
708,820
640,766,874
91,230,819
54,672,879
685,706
970,974
123,169,675
749,942
274,405
869,961,977
475,593,597
629,851,872
428,927
505,621,861
147,566,906
154,266,960
12,979
31,90,276
519,567,691
513,556
63,466,896
117,929
704,976
382,714
452,934
722,731
448,669
146,610,826
277,968
59,253,590
173,446,504
663,807
900,948
78,228
29,65
79,673,685
84,531
122,374
60,986
184,211,356
125,149,338
550,865
255,579,956
407,510
130,220,955
426,609
448,534
707,838
119,370,861
280,426,905
390,843
317,680
500,824
869,953
61,383
399,980
46,378
719,840
524,627
2,738
424,596
310,407
5,770
327,688
121,507
146,417,776
703,777
220,732
577,991
607,791,986
129,618,692
6,107,245
112,795
317,758
116,530,706
790,916,970
130,810,944
267,687
143,983
534,744
18,419,909
465,479
235,553,985
90,275
403,872
108,286,800
445,989
8,38,179
801,869
279,920
247,850
317,668
563,845
757,931
263,550
220,863
682,925
180,181
66,353,818
410,449,988
460,644
35,157
266,432,505
141,562,705
65,68
129,884
121,706
269,852
180,231
240,586,665
453,627
95,214
274,442,482
336,630,813
101,604
324,363,757
338,465,781
413,613,994
150,193,347
540,872
19,619,642
142,524,948
245,753,755
36,585
372,761
184,917
163,439,820
305,995
664,719,944
416,527,872
167,742
393,943
191,944
13,475,838
5,67,511
298,600,848
11,751,928
226,438
366,918,951
72,511
476,735
69,331,438
801,869
270,524
107,399,413
229,835
76,469
62,919
549,983
582,628,801
111,133,898
298,768
82,333,742
48,176,709
109,992
410,684,689
139,152,808
443,799
74,657
162,974
16,794
168,634,903
27,482,941
158,445,694
603,733,735
277,441,778
279,433
214,540
233,616
830,890
449,537
544,960
634,921
87,345
76,610
655,856
597,911,981
119,996
191,399,995
709,979,998
440,576,775
576,982
292,829
84,248,765
21,602,959
56,592
15,37
470,869
202,647
148,979
110,345,632
419,767
754,917
489,500,520
443,799
219,915
402,856
38,245
161,702,884
87,928
349,846,1000
80,508
381,437
586,997
637,789,844
483,990
12,408,457
2,370,417
519,538
63,726
79,658
72,812,904
220,385,476
261,400
732,866
638,651
204,976
560,632
145,610,653
137,598
327,532
118,538
573,689
543,658,746
221,326
253,710
92,117,596
338,731,784
850,992
272,877
69,355,667
36,968
442,632,985
334,357
13,500
224,870
747,1000
463,657
301,871
401,649
56,317,758
430,773
374,427
278,910
316,362
602,803
510,579,832
343,387,817
244,268
64,797
239,359,965
613,676
300,391
412,649
625,673
127,215
203,741
129,264,421
260,341,733
119,830,931
55,638
88,331,657
162,690
10,13,544
223,863
219,725
485,541
148,454
248,529,777
321,649
538,912
121,288,617
152,911
61,251,288
247,380,619
45,77
610,654
22,916
501,545,891
166,855
45,319
87,916
303,981
500,523,781
10,988,995
534,662,969
197,510
187,213
18,567,996
585,714
40,963
656,740
3,77,785
259,664
119,981
311,378,984
33,62
20,402
389,478
567,638
142,209,924
897,936
392,659
289,301
223,946
763,801
70,855
150,956
423,780,862
236,294
241,317,952
244,523
316,937
161,789
652,708
15,132
56,200
334,873
121,776
426,581,753
318,792
811,977
380,884
143,496
257,369
374,848
753,754
166,985
483,568
389,452
446,724
399,443
233,701,990
210,312
156,610
129,445,684
87,978
731,788
675,1000
96,256,645
576,588,596
704,992
343,542,828
539,553
454,519,806
490,674
377,404,993
145,571,719
52,610,721
817,913
37,171
409,495,601
134,811
328,743
210,782
520,719
9,779,810
256,295
189,290,337
280,285,362
223,731
367,1000
247,531,713
321,864,955
124,237
512,901
227,529,636
201,421
46,310,510
14,579
68,714,797
146,782
161,919
226,476
178,621
157,448,573
442,644,778
394,647
8,735
179,511,744
192,526
588,930
519,782
620,736
27,294,892
773,776
365,438,501
675,883
109,551,897
196,198
131,932
101,605,831
94,744
263,271,559
643,683
319,496
814,905
535,929
750,778
106,254,263
391,794
273,583
230,851
306,555
79,716
264,829
386,431,749
115,263
160,635
362,651
156,307
433,967
271,555,584
27,606
298,963
51,691,974
599,717,964
15,183
413,679
34,355
140,493
60,874
115,452
206,412,818
62,456
27,500
11,642,808
799,875
591,849,912
101,226
242,917
202,465
443,603
1,90,431
168,206,868
421,450
497,836
402,724
118,296
493,916
727,998
326,661
619,629
583,910,918
214,904
399,630
593,883
409,925
214,254
25,764,862
701,868
168,375
395,594
100,665
457,853
494,973
380,929
636,886
200,676
311,371
119,321,323
460,513
528,700
469,651,767
244,322,733
97,516,982
964,994
110,733
74,739
611,696
73,757
405,670
197,443
382,867
384,959
455,746
66,530
124,619,645
526,567,872
324,476
96,112,586
638,934,964
488,572
502,667
590,646
314,464,990
670,861,988
7,282
621,693
159,1000
290,845
63,470,837
24,68
482,573
175,751,815
891,940
473,522
794,888
612,991
587,814
26,869
166,971
474,737,908
801,949
728,893
122,782
880,884
9,900
444,647
415,932
63,458
392,509,846
188,385
349,354
78,106,148
238,749
115,139,595
76,390,969
375,389
303,643
81,441
549,971
520,626
81,478,633
144,610
112,155
131,307
422,712,812
67,395
150,749
540,941
159,985
701,989
277,659
73,418,427
410,817
4,489,568
731,920
13,570,877
419,531
371,397
757,779
375,973
241,716
611,925
858,875
714,777
168,225
10,507
115,818
75,406
802,948
597,607,987
161,284,759
498,502,872
153,305,824
29,67
24,254,811
18,120,890
45,258,548
509,632
49,777,915
135,533
97,131
182,828,985
82,500,614
148,151
183,779
493,613
271,621
110,421
459,679
6,962
525,780,783
142,481
198,681,920
271,700
252,343,739
66,637,931
35,962
134,392
396,517,831
346,474,570
560,588,972
158,694
222,381
183,239,295
405,566
64,637,788
8,577
458,607
404,793,820
466,470
446,778
170,540,563
582,719
453,695
333,632
374,441
20,108,758
544,853
538,650,705
165,549
159,227
192,517,904
342,474,588
488,784,804
238,316
161,910
388,428,579
5,96
341,346
36,603
265,352,637
261,470,909
312,590
422,612
34,793
107,495
272,855
98,677
666,763
2,66,358
200,435,637
100,110
721,845
437,818
98,315,736
208,395
412,473
338,977
161,179,776
470,786
2,558,994
434,775
306,440
145,874
333,899
13,117,792
181,726
166,284,631
717,773
194,946
231,696,879
464,674
444,618,920
617,809
415,469
61,66,920
153,162
34,977
548,583
734,933
732,964
246,492,645
93,118,718
446,957
114,868
48,609
9,293,697
289,293
666,787
491,709
722,792
687,855
366,793
111,370
109,173
444,634
310,956
481,619,984
775,872
181,549,833
133,288,895
111,239
280,769,776
699,930
165,697
147,736
144,812
189,224,567
334,673
110,970
237,382,787
281,793
438,766
317,592
338,959
537,707
191,696
88,872
198,273,349
702,992
497,537
224,288
743,797
405,991
42,163
626,945
464,604,661
255,984
477,562
422,911
221,474
506,610
196,541
139,679
346,640
510,831
49,811
235,782,934
243,481
134,387,585
11,48,702
224,293,582
3,693
327,365,592
243,278
197,542,724
18,542
352,383
40,133
584,740
32,220
410,798,878
220,697
563,674
59,959
244,822
565,690
700,802,866
597,826
470,746
296,523,913
118,875
778,786,919
949,990
206,281,842
71,366
382,838
437,860
764,992
260,577
498,914
4,883
120,330
141,662
719,888
235,933
748,939
892,913
155,852
284,440,573
99,882
178,543
610,920
511,818
424,663
172,518,720
26,304
28,621,766
384,781
486,913
728,764
579,905
521,836
182,542,658
63,316,914
672,879
178,588
612,723
260,432
26,832,851
68,370
254,655,665
548,837
367,903
150,223,419
383,413
270,414,798
380,720
261,984
126,981
477,560
200,526
93,162,719
174,318,726
777,964
101,756
468,617
668,879
732,870,973
241,912
37,296
100,409,992
782,901
30,381
83,299
87,937,990
590,891
2,951
383,982
363,712
135,141,440
185,301,514
363,744,838
345,819
458,939
111,159
700,742
341,963
512,584
144,818
382,568,705
755,976
91,644
587,605,854
715,848
642,963
237,845
68,497
164,260,694
119,129
123,605,943
252,584,605
434,579
156,572
243,738,972
60,472
330,452
390,791
137,900
58,181
217,329,400
74,694,895
276,585
320,848
446,506,788
308,490
302,583,916
772,949,963
278,713,807
251,337
466,860
230,1000
500,930
182,664
95,178,623
155,895
500,874
436,740
467,588
114,249,547
162,597,855
109,574
565,696
615,755
588,918,934
44,656
707,853,869
854,957
71,519,571
61,275
307,650,995
54,577,593
337,673
463,720
301,469
480,704,949
961,986
610,964
678,728
34,55,711
196,921
310,896
106,203
304,488
644,844
682,861
259,975
625,708,995
402,968
326,528
543,927
108,428
487,976
598,647
136,934
51,546
214,241
407,764
315,780
332,383
94,913
721,898,992
289,294,567
59,980
514,619,710
400,430,444
139,981
399,832
469,932
916,941
152,386,817
41,724
106,651,918
112,501,627
247,416
328,486
649,962
648,709
190,483
409,840
702,750,907
320,708,779
524,948
269,415
126,625
172,232
419,699
905,961
276,709
63,494,621
101,277
168,604,922
19,407
2,475
204,908
157,242
52,563
404,662,726
246,846
321,827
21,893,910
92,818
141,857
140,158
677,930
364,415
24,515
442,669
143,573
55,972
3,817
897,982
231,337,364
681,875,981
675,983
386,475,831
143,501
8,650
29,615
229,452
62,238,974
220,641
413,835
170,398,966
188,260
321,557,615
716,862
229,357,787
300,354
373,960
12,383,598
20,276,432
89,864
683,703,749
253,513,785
133,279,317
371,867
181,797
687,761
783,919
172,321,658
333,971
642,953
111,795,812
361,383,574
218,447
732,883
170,374
22,415,486
180,682
111,454
20,737
363,435
329,536
343,927
147,951
372,753
473,970
182,754
49,128,860
137,903
32,405,650
64,957
684,751
658,884
84,492
474,824,877
9,822
634,673
153,518
466,961
478,502
365,521,916
114,364
61,353
44,286,922
552,643,932
384,807,972
835,877
507,756,962
731,995
571,734
138,476
2,5
27,51
230,464
14,52,83
453,473
69,279,623
76,800
159,643
241,762
472,819
10,467,823
281,621
411,935
236,864
25,562
94,721
729,791,906
124,458
560,830
211,572
287,383
156,733
178,626
347,619
98,332
137,778
822,863
97,687
138,859
490,756,803
356,856
270,943
362,453,947
368,406,965
385,469,547
99,940
229,236,291
256,756
556,979
263,639
262,853
594,831
709,725
823,853
224,623
629,987
619,974
281,641
91,806
594,739,786
136,462
142,577
376,545
289,338
20,405,819
95,128,225
244,609
338,585,810
512,632
148,153,540
729,759
52,725
513,873
236,782
64,581
184,291
394,736
356,644,990
33,834
51,419
51,426,880
379,641
218,246
12,100,376
172,235,993
68,401,530
559,744
272,679
41,68
179,226
56,661
335,460,948
239,248,257
179,650,949
463,553,806
129,621
57,243,671
791,846
907,926
27,260
388,787,980
139,346
537,698
843,857
149,842
508,660
427,888
105,523
357,535
436,663
302,707,831
517,585,757
541,616,885
390,421,942
139,801,921
296,493
503,673,812
197,593
472,628
247,659
335,439
860,883
275,626
780,833
811,950
312,485
355,782
216,490,649
306,674
80,367,774
391,484
200,875
391,751,780
306,385
112,718
170,212
417,937
527,615
129,710,824
242,728
379,935
361,571,991
451,517,877
518,991
223,265
106,290
224,301,985
75,778
67,420,859
57,148,489
51,898
61,415
615,957
196,910
121,891
391,852
566,792
104,143,434
362,854
7,595
382,522
232,234
54,396,399
112,356
20,429
158,682
89,391
542,741,890
579,595
648,861
312,451
363,430
54,145,634
526,983
647,775
79,551,934
275,512
203,932
172,350
626,820
136,181
717,725,747
425,470,831
504,814
204,766
631,767
797,837,905
95,687
619,925
368,664
260,345
104,401
144,758
287,295,398
551,625
479,548,809
351,379,838
675,763
627,997
14,281
281,933
50,731
590,873
248,464
355,502
649,789
329,406
387,581
406,942
489,721
401,904
704,725
91,941
44,728
530,886
299,970
61,760,879
69,616,898
276,877
446,748
315,763,814
370,397,797
97,126,956
61,394
875,987
133,214
420,906
243,261
641,957
188,515,647
61,708
524,664
440,855
323,692
81,528
373,691
288,843,919
372,404
51,936
230,450
220,608,991
277,402
60,272
576,605,685
818,848
33,343
429,651
823,989,995
212,770
90,385
327,953
148,466
616,936
371,556
779,788,920
333,481,512
463,802
365,670,728
570,625,640
154,941
537,743
508,581
41,781
911,949
122,149,469
243,703
909,981
474,566,887
208,845
303,928
738,927
792,952
703,868
224,443,991
748,968
414,689
226,828
206,860,885
310,751
209,630,703
116,277,620
472,893
651,724
326,402,745
355,862
296,489,731
324,613
560,900
782,896
698,801,926
114,792
595,785
189,294,339
147,260,781
3,372,530
3,338,560
19,197
659,818
764,966
455,947
187,971,991
255,635
272,627
95,411
198,823
150,968
17,292,691
160,275,351
2,773
595,792
421,744
5,106,452
33,590
374,600,950
196,645,871
134,740,955
312,383
167,254,927
254,973
667,773,997
26,808
291,376
44,825,962
160,341
321,775
191,704
163,898
551,581
320,840,842
456,613
225,597
991,1000
112,297,529
325,435
201,380,999
159,394
68,774
138,399,742
219,589
389,996
233,998
666,860
161,705,765
312,622,964
392,847
361,377,726
232,542,573
373,819
593,967
477,507
97,278
531,545
285,647
556,702
265,641
200,290,551
13,938
184,719
43,901
139,798
314,739,791
316,550
151,927,981
248,748
485,788
456,984
354,515
561,770
289,847
510,968
38,257,417
94,134,674
400,627
336,514
33,739
188,345,582
722,897
59,282,638
101,394
54,565,786
312,726
7,378,480
151,249
140,259
62,363,595
400,453,860
43,64
596,636,881
441,887
547,785
262,841,876
174,204
342,869,980
302,459
511,544,978
316,764
280,545
172,740
501,757
113,701
142,787,867
51,119
442,643
312,400
226,567
88,922
332,827
668,676
380,472,602
436,483,792
282,319
367,491,640
169,631
595,841
274,348
578,967
570,664
336,622,718
512,722
134,1000
686,732
122,336
139,237
764,959
36,227,394
557,799,866
47,504,994
113,598,812
467,951
344,434,564
78,359,368
340,840
34,495,929
318,463
162,170,455
282,678
373,788
41,152,389
265,501
554,991
567,806
106,973
227,920,954
417,711
48,165,639
365,821
464,668
528,764,928
39,863
736,741,814
28,307
559,575
53,741
607,617
732,802
421,444
493,673,875
181,763
157,317,783
340,494,924
512,627
7,288,435
459,680
14,558,642
179,307,829
694,884
425,624,861
273,524
601,874
177,908
281,802
703,825
31,218
218,322
672,846,901
372,387,474
449,803
77,348
420,925
68,751
104,951
520,606
367,506,612
434,628
40,53,898
135,178
414,654,800
378,922
408,476
382,773
558,585
276,810
66,942
318,661,677
140,727
113,330,754
129,643
266,913,1000
185,718
770,803,879
392,543,747
767,981
81,95
481,663
486,658,996
139,558,927
519,568
101,126,366
56,216
13,94
328,578,887
87,208
373,1000
348,372
268,389,440
453,681
296,928
191,931,932
439,582,946
571,654,985
787,789
645,830,910
567,955
146,616
647,707,851
379,852
315,535
943,986
66,295
386,996
25,102
135,387,811
34,663
522,523,885
725,920
982,995
89,746
36,93,788
348,397
102,939
213,581
629,890
156,781
140,705,717
410,521
25,293
83,774
52,918
127,607
563,733,846
374,810
826,872
198,974
161,461
124,693
387,420
584,603
407,941
480,573
751,786,856
137,855
102,248,747
40,189,205
18,313,607
505,600
742,977
543,631
55,259
705,991
269,524
196,272
6,989
152,546
88,468
130,259,335
177,382,921
373,446
775,876
347,625
181,945
626,760
164,450
297,741
427,720
238,717
355,887,905
89,503
292,653
569,610
26,139
442,692,710
147,203
11,313,531
313,932
559,576
767,993
332,807,863
103,721
63,379
284,866
134,674
301,564
527,837
338,481,946
432,471
578,755
261,566,922
686,861
325,715
403,553
442,826
398,780
76,309
194,226,351
101,176,650
61,273,862
258,280
921,946
641,857
664,955
800,879
388,399
49,112,627
162,249
123,300
187,425,527
346,791,858
481,977
261,922
26,355,368
523,823
22,193
72,914
187,376
551,567
11,82,853
359,580
67,271,563
471,758,783
229,675
50,478
290,463
258,347,507
201,744
718,937
265,459
381,610,987
1,217
40,635
385,432,486
229,809
249,598
389,482
691,974
415,649
64,380
307,418,667
364,607,897
481,912,947
216,591,808
441,998
384,730,830
426,814
95,265
513,897
702,930
708,883
43,790
580,927
10,450
10,345
89,292
36,541
532,764
563,729
147,557
157,809,861
339,636,870
271,379
248,989
158,930
208,806
203,596,840
368,834
553,731,991
526,659
242,608,768
142,218,491
337,622,947
374,415
819,821
294,739
268,520
551,878
461,885
344,604,819
133,745
99,380,698
503,693
534,794
397,521,763
86,532,961
328,367,772
115,154
349,355,556
262,665
254,582,632
14,266,598
178,674,759
152,286
613,649
624,838
107,858
105,416
167,168,318
215,622
789,909
90,258
55,517
693,907,917
197,596,963
376,973
428,970
405,906
98,425
139,893
445,582
114,210
304,763,934
10,489,842
475,657
239,773
572,648,724
501,709,750
259,996
30,271,375
521,779
296,385
758,888
538,687
108,129,366
649,664,831
82,232
4,476
124,750
50,341
66,382,879
251,325
13,318
286,797
562,816
253,745
74,302
464,889
420,665
516,566
402,585
598,659
458,633,969
379,969
474,606,960
275,367
253,850
11,395
280,895
247,569,584
107,181
156,309,936
506,603
449,466,946
205,810
514,610
43,689
114,813,844
747,807,1000
767,858
64,508,563
59,239
391,502
5,108
58,236
156,926
25,803
680,755,971
576,626
486,737
119,200
387,446,986
51,124,225
593,685
624,807
798,986,989
205,998
118,321,809
33,270,925
276,846
317,860
15,316,511
550,955,981
325,714
494,674,722
388,425,770
808,964
371,424
299,619,718
499,749
225,582
124,141
67,321
280,284
255,926
461,968
32,65
11,698,783
491,677
9,716
415,713,769
100,699
771,818
37,351
468,972
188,784,935
59,89
246,328
336,671
153,656
14,787
295,675
519,679
365,959
835,985
418,918
175,416
46,424,786
22,328
92,337,811
326,560
531,913
537,986
70,283,658
68,628,980
97,283
46,780
142,505,635
474,582,837
139,304
161,696
171,234,464
187,353
602,869
196,344,712
128,196,200
674,740
139,413
399,670
525,772
330,421,610
159,635
502,780,984
456,490
369,610
60,719
170,443
143,278
486,907,911
328,456
13,278,960
692,848,884
849,901
356,503,958
495,755
484,618
188,941
146,231
655,997
9,308,539
301,467,834
449,588
634,951
501,832
212,591
131,513,911
336,904
220,306,983
380,432,703
277,776,794
48,721
139,286,967
177,592
602,647
1,997
679,922
445,875
25,984
254,483
235,500
311,461
211,977
453,879,900
160,404,817
343,419,708
337,843
334,407
404,701
567,944
220,731
554,766
446,483
792,879,985
225,682,948
727,740
92,368
8,127,337
399,410
543,568,576
362,641
610,695,712
82,975
582,847
73,267,687
253,418,974
433,455,984
39,467,929
31,345,573
118,227,895
123,558
54,388,901
801,970
405,610,694
179,225
773,836,919
164,250
259,284
445,716
14,136
124,1000
247,407
380,558
4,258
258,305
169,507
403,679,871
196,217,370
77,426
133,503
767,999
136,982
363,628
569,704
349,528
446,849
408,690,922
223,388
571,881
70,80
723,837
275,412
929,961
855,918,976
76,920
542,544
308,978
250,521
372,489
357,930
624,756,970
532,623,828
78,424,972
642,682
44,632,966
314,570
462,598
256,909
269,826,961
187,586
338,738
168,547
203,622,888
91,162
188,192
346,930
127,586
914,976
866,887
56,112
323,630
106,332,811
292,819
425,549,751
52,184
423,698
69,166
412,913
262,526
385,387,517
687,885
640,763,908
393,670
197,722
136,710,931
428,549
297,600,618
17,968
281,319
642,795
251,650
517,993
231,884
644,785,902
19,322,967
376,648,867
164,795,974
53,369
667,723
822,874
38,393
76,112
8,667
252,857
278,904
18,671,842
318,548,765
221,985
353,552,884
183,337,398
99,702,844
493,979
160,726
355,682
538,914
613,786,929
583,989
297,931
101,180,357
362,581
101,739
459,549,619
553,656
13,817,972
413,461,649
227,562
243,621
122,189
327,376,653
626,993
125,859
204,216
434,724,837
163,585
231,438
629,902
446,808
29,781
60,212,291
193,890
216,901
149,618,636
629,717
135,654
477,584,997
241,293
63,771
850,918,983
24,244
475,723
745,752
97,220
24,273
214,741
105,500,944
210,982
360,648
358,522,674
220,930
121,462,891
44,193,295
38,416
50,557,980
43,668
325,357
36,133
199,211
729,835
287,337
263,282
8,555,632
279,502
486,532,853
178,509
293,972
287,691
104,507,554
458,645
175,213
182,266
867,995
110,555,976
918,965,985
261,300
720,870
216,835,962
236,432
242,586
48,792
30,643,878
134,489
268,690
14,725
2,136,680
2,487
615,982
170,688
35,230
459,934
449,528
690,880
759,927
77,679
117,392
373,540
29,342,735
531,570
516,728
365,832
150,199
716,940,989
276,314
797,986
208,232
655,740,766
347,586
463,544
909,968
343,637,668
270,953
796,967
63,340
130,584
311,739
74,880
19,821
58,564
231,399
740,771
548,970
156,210,844
607,829
143,957
282,427
553,577
20,838,976
816,927
162,897
254,404
182,733,991
379,669,953
327,591
326,759
17,153,734
72,947
286,751
328,801,858
322,457,505
311,910
186,296
268,524,965
364,871
313,647
113,773
474,811
709,795,926
62,88
149,192
631,943
791,954
126,242,858
300,572
413,493
85,936,963
239,448
154,489,520
111,280
420,569,767
264,497,574
400,462,513
460,468,896
516,621
603,957
234,261
400,762,817
262,385,421
265,712
357,424,998
526,676
199,748
85,291
431,541,937
182,735
593,663
51,628,763
533,605
87,169,398
822,943
439,895
395,436
433,587
501,511
35,684
135,163
189,674
5,117,306
300,921
632,669,834
209,873,914
515,900
25,391,908
365,814
279,348,648
272,551
586,904,987
495,535,893
243,530
183,597
231,334
369,480,534
685,913
48,182
393,774
371,922
677,960
22,386,602
379,586,664
839,932
223,629
50,733
87,899
430,662
274,701
77,955
308,663
269,844
164,514
410,901
74,869
545,693
918,961
299,327
511,630
569,836
599,936
227,497,617
16,558
24,478,855
53,223,472
143,854,959
8,240
414,503,850
858,893
241,764,803
506,529,702
310,856
25,548,648
351,414
237,604
685,937
65,548,862
252,424
75,121
497,701,987
316,584,767
186,373
96,508
188,971
102,944
338,547
152,365
735,819
165,562,923
357,907
739,967
98,648,787
919,958
84,881
292,382,416
62,597
110,557,846
30,348,884
176,331,519
354,963
557,663,853
814,886
165,663,852
111,964
237,295
128,297
447,585,776
399,594
116,371
629,876
175,274
162,458
512,529,696
291,305
198,687
498,556,605
373,796
99,642,770
512,949
212,601,669
228,437
420,794
268,849
512,997
296,457,737
251,872
123,151
125,375,551
529,884
40,86,713
112,249,434
273,540,709
538,809
119,538
342,544,792
350,584
97,455
215,407,562
28,386,740
515,991
321,827
86,305,900
294,983
121,361,501
243,373
82,345,824
255,613
106,561
424,631
703,826,969
2,463,879
102,482
68,278,357
226,372
530,828
771,802
511,914
832,835
76,245,421
84,607
365,755
153,170,492
433,629
280,430,788
457,461
54,979
248,249
616,898
293,884
831,949
104,335,621
98,534
565,653
42,960
27,640
441,474
179,364,600
285,625,963
432,842
855,997
253,390,426
179,400,826
110,915
803,986
370,437,669
42,532,958
150,825
40,309
532,870
76,508,990
275,494,530
205,550
139,767,872
76,531
498,544
33,776
227,541
268,370
619,642
508,741
317,362
172,443
385,422
284,340
300,828
472,623
294,656
89,849
202,353,440
272,450,937
279,698
46,808
144,584,930
28,938
470,533,814
324,930,991
498,728,980
121,598
456,496
328,360
258,577
597,681
110,530,950
62,321
158,403
89,283,613
326,674
533,766
146,997
424,869
309,336,765
307,415
178,517
98,279
558,835
269,314,525
362,471,947
538,748
485,620
118,297
459,572,723
296,338
774,905
515,740,853
288,330,871
474,957
282,783
30,905
311,945
602,843
162,985
838,905
855,905
77,83
454,651
264,659
321,571
2,250,316
162,260,345
909,996
135,652
181,694
294,368
174,397
341,821,957
499,651,953
20,433,821
328,755
700,830
281,554
380,764
581,722
570,606
304,984
209,753,894
348,967
52,396
19,466,556
333,623
329,614,815
148,530
754,949
619,929
877,973
667,994
646,894
434,735
188,395,654
152,953
273,655,660
86,415,843
606,766
297,857
435,777
443,641,711
300,525
746,953
44,410,707
299,416,790
647,795
232,827
24,711
185,786
75,850
264,585,827
477,626,963
399,707,782
341,434,994
215,636,946
77,414,723
54,433,798
351,417,467
260,737
235,542,784
280,844
552,982
395,820,842
342,509
208,549
563,566
73,749
33,257,531
53,685
202,888
89,979
794,839
545,640,993
22,716
109,981
377,395
483,532
497,700
443,544
187,483
40,210,936
368,765
218,675
345,439
373,732,950
210,509
450,911
104,612,952
739,979
361,714
501,594
567,822
45,716,901
43,244
603,977
200,529
413,806
556,739
103,255
373,676
282,399
46,211
228,265,369
50,149
144,506,552
441,604,647
57,648
86,162
434,477
800,984
344,493
276,811
93,728
295,410,490
209,674,720
625,662
267,710
78,900
681,844
318,530
770,875
426,630
146,230,884
144,476
252,461,492
178,877
581,768
342,630
195,478,781
567,596
785,897
287,480,647
492,598,860
113,884
471,747,773
205,918,989
39,577,784
272,702
453,514,757
205,247,290
391,522
308,378
783,869
246,637
643,743,758
691,742
25,619,888
302,455
499,901
11,419,472
299,786
600,765
146,330,982
666,776
331,927
818,846
394,813
306,824
291,419
94,679
214,679,868
8,59
26,311
180,832
190,832
266,845
323,390
103,821
546,854
470,932
206,738
389,639
85,683,871
422,707,962
58,288,827
83,157
12,587,727
150,336
163,206,621
251,352,717
44,520
710,970
400,430,990
164,586,777
455,810
75,274,952
139,739
450,905
120,126
119,969
819,919
627,964
10,706,930
708,757
366,392
744,997
148,782
803,865
60,445,679
595,936
154,474
332,503
57,671
234,466,592
254,291
300,422,461
461,787
37,189
604,926
81,716
70,704,778
162,685
330,368
636,665,707
595,749
831,888
198,648,913
87,296
256,477
30,172
168,418,913
222,292
513,796
29,602
304,805
548,608,787
76,676
755,956
381,667
276,816
220,911
67,782,799
173,287
104,682
474,644
738,913
436,698
196,326,556
349,373,899
12,787
448,923
30,589,881
190,818
339,361,458
213,782
421,622
246,447,809
326,755
5,167
311,535
102,725
10,302
94,389
71,562
796,914
347,449,495
248,586,788
604,830
562,797
15,217
176,387
136,225,796
110,159,420
240,714
110,364,745
131,423
93,902,939
588,924
13,27
71,95
647,741,811
167,492
9,187
408,786
422,753
36,217
419,472,521
553,827
68,682,783
223,645,896
347,833
270,451
679,832
22,71,943
567,639,985
474,615,945
321,577,968
474,615,752
157,412
775,981
266,277
42,518
14,759,931
1,359
111,854
75,214,351
255,564
243,476
169,427,819
771,926
41,72
407,909
62,926,941
234,689,819
281,654,913
162,485
377,899
115,268,326
319,866
39,356
203,437
53,79,769
221,732,863
326,723
504,990
50,850
588,777
162,528
398,643
285,761
38,285,775
120,456,819
322,955
135,662,786
267,888
212,327,371
78,227
698,774
244,305
373,750,877
320,372,824
685,844
376,399
192,475,795
520,731
682,926
398,648,686
135,405
314,697
579,611
337,963
115,189,263
188,373
5,148
444,635
368,494
18,113,440
224,240
44,348
141,976
178,321,454
293,467,655
141,780
85,211,876
801,843
62,217
60,308
468,614
42,734
293,540
140,500
755,815
144,370
160,538
389,534,780
211,813
725,930
174,182,553
372,567,863
442,701,902
168,269,542
170,896
22,618
250,672
119,649
29,452,476
374,513,713
828,930
492,834
180,451
239,691,969
486,691,916
69,532,577
196,215,875
43,68
344,602
31,332,822
195,267,939
155,434
429,575
123,606
25,123
745,836
361,958
103,886
9,758,912
180,730
86,753
7,868
674,885
41,931
54,970
68,783
146,270,582
396,555,739
150,956
392,806
172,626
196,944
502,697
468,512,623
419,604,612
73,597
2,189
624,731
258,602
130,170,824
870,951
812,898
364,794
118,516
606,888
272,328
850,866
830,959
55,387
49,116,194
265,650
612,821
252,525
176,438,941
285,619,699
155,424,641
69,115,729
376,408
8,380,970
4,828
211,760,926
186,996
693,834
35,427
730,814
544,873
524,686
504,755
231,735,771
410,598
137,330,710
210,499
22,391
606,627
119,969
535,814
44,388,837
371,953,998
324,975
130,559
1,85,511
367,620,865
117,542,948
686,993
263,532,877
60,103,774
143,461,733
199,643,753
568,806
663,893
505,782
43,490
577,975
940,993
616,840,975
556,995
566,784,963
479,495,989
82,260
234,855
214,373,970
228,907
338,814
226,463,975
180,988
87,693
12,87
29,958
795,939
266,712
55,620
53,116
533,867
813,977
99,945
129,215
43,345
162,528
37,124
304,832
238,531,575
226,261
303,741
121,677
593,851,998
520,544
327,768
162,215,928
139,150,328
188,500
711,734
600,750
231,683
436,903
466,918
588,627
129,497
218,667
121,969
480,925
289,467,950
435,912,947
594,801
444,453,586
242,255,970
102,880
67,786
207,959
153,298
154,276,792
26,556
217,766,936
682,807,822
169,347
13,109
155,468,540
678,915
590,620
728,784
77,100,864
304,429,680
692,791
518,700
210,656
487,871
256,419,819
548,972
150,317,380
293,822
396,842
101,120
381,383,753
435,645
124,839
574,630,689
250,813
223,337
97,699
11,348
290,394,735
654,919
287,359,769
122,884
91,746,998
569,848,942
124,706,829
480,543
154,457,474
402,726
191,669,925
284,318
95,410,457
108,481,565
282,568
623,806
122,528
438,496,519
502,851
366,848
124,264
480,868
12,71,879
357,587
149,206,333
640,900
821,922
442,541,575
238,685,875
577,580
777,883
18,664
192,540,582
3,69,483
581,785
153,977
532,850
320,535
778,916
340,866
502,717,952
188,828
510,808
309,520
493,688,946
228,231,356
819,887
71,601
71,315
333,927
511,683
398,611,631
672,861
56,355,601
228,446,992
239,701
607,679
37,131,225
174,221,886
338,587
428,843
172,417,991
423,713,774
594,879
200,441
215,494
215,497,694
38,433
303,590
179,524
312,683
641,747
186,439
239,961
531,912
401,645
340,632,853
471,809
156,587
548,719,805
412,679
517,632
39,982
82,267,362
92,400
185,198
390,534
588,614,791
306,711
410,457,750
413,568
410,640
495,910
176,392
113,939,974
222,497,919
367,565
328,429
289,721
335,524
178,316
108,961
628,970
274,452,792
134,565
135,611,811
173,615
397,527
625,850,992
4,377
481,689
135,864
765,819
95,484,673
413,504
122,406,900
793,797
76,544
563,733,870
495,582
52,592
33,442
273,384,481
240,791
767,819
333,346,656
483,983
193,525
133,369,748
439,866
233,836
89,514,708
277,364,880
446,560
594,963
694,831
188,243,563
266,967
682,819,961
338,539
724,786
51,291
471,559
279,464
409,791
108,624,854
443,481,686
360,434,606
75,376,750
423,611
14,48,464
459,740
415,497,667
746,940
415,758
16,744,914
33,421,741
143,433,774
609,992
4,614
456,680
355,694,819
607,991
218,642
225,426
54,959
15,870
627,745
266,494,823
461,555
407,889
285,360
577,729
451,743
224,225
194,977
818,829,902
427,598,876
154,412
388,971
78,400
385,699
213,942
122,210
15,933,939
644,671,866
166,243,892
46,431
350,842
27,628
297,310
516,795,963
149,585
75,676,850
133,243
758,864
451,782
42,484,493
858,921
48,747
102,654,663
572,873
130,544
525,970
251,427,897
624,764
272,468
261,612
410,591
249,257
153,164
289,459
562,893
270,893
604,965
292,479,535
68,633,974
35,581
288,460
415,790
187,541
515,655
102,655
99,416
341,504,977
255,407
113,871,907
159,641,972
772,959
302,999
752,963
292,959
57,196
118,462
363,954
301,503
398,679
72,804
128,287
7,647
219,360,368
216,584
182,580
84,133
760,808
448,586,718
563,584
352,692
104,633,664
333,500
339,474
12,429
337,919
498,507,764
340,941
226,938
2,662
24,194,530
247,809
418,722
126,360
402,578,823
11,984
106,799
250,589
750,851
11,290,425
28,771
440,715,876
745,977
366,851
147,850
669,928
102,912
59,779
456,521
717,895
43,290,919
537,940
402,726
45,974
182,284,747
550,685
703,863
510,736,892
161,223
408,668,980
69,898,981
245,401
145,500
177,838
38,535
446,805
333,633
338,406
407,878
117,438,771
103,872
558,737
211,265
586,623,908
93,390
493,851
162,501
127,282
110,553
31,799
410,815
48,229,468
626,924
462,713
96,511
4,29,993
210,963
968,994
19,584
147,194
474,637,857
420,621
243,339,349
37,90,633
798,908
493,931
72,757,860
297,631
513,875
37,136,538
43,317,809
430,437,574
128,406
219,419,597
67,621
473,992
410,832
752,872
128,469
17,791
197,681,791
383,941
276,806
58,290,329
33,662,914
443,571
422,872,979
266,530
411,590,904
383,991
377,845
160,542
82,516,779
19,770,838
308,416,783
763,817
318,896
650,749
637,710
234,302
35,396,682
112,911
51,307
395,515
582,720,795
12,326
452,466,861
137,561,745
328,535,953
449,737,755
409,997
42,957
749,868
466,500
217,278,958
360,710,785
314,350
146,574
392,432,609
46,925
136,674
145,322,897
270,537
9,455,549
78,693,695
152,727
188,244,747
170,453
17,440
102,210
212,784
25,376,419
47,582,714
329,716
125,726,759
97,328,535
585,699
83,601,634
625,799,936
190,917
89,407
432,792
78,562
231,741,867
310,718
232,568
221,224,374
295,651
290,716
192,412
718,843
744,995
771,970
94,611
420,501,848
203,654,664
234,261,413
240,391,797
51,750
300,530
291,317,504
18,130
342,419
352,848,860
185,888
241,504,651
531,542,946
175,762
283,507
206,260
235,726,729
2,222
352,973,997
224,762
161,785
30,436
701,988
186,910
572,651,814
231,662,987
194,504
491,554,960
418,431
291,355,608
285,295
450,536
129,230,829
454,577
28,339
146,548
23,677
382,438
171,578,984
142,512
649,786
43,506
839,871
499,883
571,724
294,811
697,881
480,699
594,960
784,791,850
615,674,784
17,321
172,468,857
251,666
693,834
608,613,786
142,226
144,947
329,527,946
27,69,991
285,448
661,992
385,606,791
400,547
39,769,951
323,882,927
497,543
398,767
98,328,475
46,224
9,202,701
90,104,424
84,754
215,892
1,675,774
409,806
120,682
158,980
85,718
287,295
194,927
13,220,438
815,945
525,679
190,379,845
84,224
602,849
80,299
63,338,677
194,465,955
65,306
187,960
835,988
90,904,987
106,517
166,987
26,286
220,884
38,538,790
67,777,976
10,553,641
173,439
479,728,764
60,164
605,612,830
246,660
221,991
168,736
85,668
513,658
140,542
344,792
764,801
54,219,908
211,418,750
752,877
97,413,821
101,644,880
310,323
239,750
198,662,673
20,279,449
389,827
204,374,497
89,433
60,533,962
364,772
464,644
113,553
245,605,694
123,244
248,669,805
791,820
445,606
473,594,790
92,388,440
585,623,639
799,985
389,651
80,981
30,225
365,429,558
84,511,982
774,835
115,134,980
6,60
19,716
183,499
494,759
149,623
224,289,725
255,887
254,268
40,805,808
586,652
143,755
368,742
513,740,904
562,643
341,817
85,325,346
156,411
65,409
457,783
472,814
266,346
193,669
411,617
199,402
245,434
692,982
157,926
252,634,833
202,496
387,404,606
401,469
317,649
76,161,208
228,361,454
642,884
364,383,974
195,266,972
268,518
331,606,828
237,608
367,839
498,583,978
438,450
374,917,981
79,836
398,424
61,146
743,956
672,962
383,535
14,656
87,350,476
438,756
64,195,294
538,596
604,670
176,257
491,807
342,345,405
213,329,487
525,878
266,474,893
254,831
97,904
506,757
318,372,559
487,805
764,780
800,933
322,692,762
200,939
371,746
474,499,664
725,927
380,986
21,301
125,241
313,574,706
557,746,937
512,630,718
284,671
321,543
429,887
694,792,876
25,292,464
111,819
162,710,920
303,681
96,484,712
137,610
698,775
415,703
23,478
67,177
614,881
285,402
295,410
146,322
6,222
276,375
483,550,772
637,683
723,761
598,667,683
500,867
51,885
549,927
523,680
686,827
223,797
277,383,966
891,995
285,298,964
163,852,892
48,721
498,619
476,994
367,481
528,617
58,910
141,289,711
565,766
206,345,930
131,855,860
321,693
392,905
578,601,783
326,776
163,722
18,243
428,604,887
578,765
329,353
191,986
440,615,621
329,514
128,850
445,543,754
91,168,790
228,541,574
324,663
280,890
521,628
382,426
243,811
43,256
574,818
548,652
60,434
274,425
325,904
515,828,863
753,787,867
822,896
524,974
176,861
106,195
269,281
123,631
196,230
76,118,911
200,597
246,486
377,863
140,570
176,356
290,757,973
466,507
181,909
218,224
258,562,611
382,962
358,508
158,243,300
543,567
222,322,543
138,340
36,116,264
564,578,746
753,765
766,820
322,738
81,584
306,375
212,542
29,677
638,695,871
215,664
153,436,784
436,799
110,840
253,911
263,521,982
97,216,327
16,974
148,512,924
315,548
190,404
129,868
240,361,615
457,792
19,357
280,627
320,665,876
699,812
31,500
133,248,646
134,240,557
388,831,967
655,661,845
481,733
171,478
43,75
535,922
683,696
312,370
67,505
14,177
366,535
466,723
346,893
419,611
370,616
845,853
138,440,828
402,873
12,481
9,981
680,865
505,725
623,752
496,828
262,361
190,942
85,873
9,732
315,472
162,673
374,777
303,452,561
21,789,901
31,67,870
198,921
790,967
313,669
166,927
874,913
383,538
430,501
49,715
209,341
208,221
676,696,964
10,906
231,666,860
526,616
2,113,162
206,294
112,702,736
528,678
604,876
466,698
252,410,611
823,844
96,251
298,547
176,929
75,515,740
50,515
438,868
87,217
483,955
175,302,464
48,677
282,995
310,658
1,888
376,884
157,660,698
83,279,777
68,397
239,484,644
77,546
362,437
12,199
190,412
304,364,638
32,449
245,592,835
100,152
574,717,762
479,590
138,791
200,843,904
123,829
315,651,770
118,828
95,137,901
709,944
346,881
137,600
720,728
77,840
318,548,619
335,663
436,800
49,272,702
500,921
418,671,757
370,877
406,738,959
203,351,385
568,665,870
6,831
120,216,566
60,734
779,838
118,358,692
295,522,983
417,453,558
274,487
436,841
442,485,618
85,508
189,530,733
139,368
371,594
496,775
349,389,578
602,977
259,933
237,429
396,929
834,844
190,645
392,481,585
406,674,917
269,309
309,610,705
76,78
373,718
110,457
529,534,666
235,377
535,782
654,655
597,687,974
56,247
447,774
321,570,609
9,929
180,714
956,969
446,447
192,199,890
144,990
18,284
14,851
119,195,945
283,564,959
752,965
442,914
265,669,812
161,211
354,927
436,452,491
315,352
270,758,832
27,377
210,590,693
363,564
160,236
440,639
76,386
130,640,802
271,277
164,337
217,836,947
304,763
63,723
612,613,648
266,312
244,524,810
347,520
43,297
313,743
89,499,901
653,869
126,245,774
204,296,365
65,187,295
81,279,688
70,927
695,886
95,227
459,873
65,778
657,948
295,359,607
101,207
288,411,497
273,719
262,363
45,698,763
532,542
187,368
755,997
99,484
556,951,988
209,942,995
606,846,863
299,882
313,444
358,900,904
599,669
387,799
114,248
357,767
61,612,806
281,463,853
28,544,993
350,977
195,486
78,646
257,464
370,623
231,262,481
31,75
327,578,940
284,747
763,773,847
1,370,587
843,923
122,615
790,938
686,942
560,836
261,477,525
230,765
579,723
566,836
153,354,759
38,165
429,809
38,473
388,967
869,939
471,869
318,435
259,289,799
98,397,849
371,906
453,960
264,386
531,598,886
146,760
77,573
95,536,829
195,674
2,231
562,681,779
341,626
11,36
93,836
448,529
584,851
32,186
758,817
42,44,245
281,609
337,964
78,502
771,893
10,255
561,938,977
133,705
208,336
315,678
337,773
84,252,808
119,667,997
59,401,836
140,341,467
96,150
40,880
219,435,959
292,572
217,303
81,274
78,500,832
208,462,487
324,626,681
5,836
378,952
325,617,645
222,639
682,812,1000
304,459,478
105,686,892
2,114,818
537,955
256,490,510
258,548
235,764
257,610
358,581
206,244
436,833
164,839
334,390,681
3,346,775
214,720,926
325,450
191,749
595,736
346,474,846
77,625
279,988
166,355
104,507
113,788
153,828
145,526
239,566
390,687,796
143,689,905
535,882
10,381,867
722,841
641,826,929
226,420,518
191,508,622
306,420
163,827
6,467
501,767
614,802
717,736,1000
177,886
370,808
792,958
599,678
76,485,600
26,245
787,831,984
111,233
488,594,605
97,953
3,474,476
396,707
132,421
205,997
721,740,899
72,196,684
67,389
266,788
153,180
229,723
444,964
244,671
4,159
143,651
179,844
534,703
286,428
56,947
243,467,585
364,749
174,701
552,695
740,775
70,826
169,302,945
197,962
4,111,677
103,419,962
578,905
19,672
142,372,835
419,851
416,961
265,454
136,935
207,672
42,568
23,336
28,384,955
77,93,379
311,490,535
387,665
233,356,717
216,901
732,846
410,412,905
396,449
60,493,728
93,356,778
561,913
549,737,832
192,702,825
9,337,425
218,700,725
821,846
564,596
437,898
781,806,864
108,365
58,187,355
17,268,385
453,701
415,444,868
43,286
150,380
469,622
396,429,535
347,434,471
8,501
170,500
235,247
41,870
607,650,705
152,449
438,586
370,448
156,916
518,576
713,829
200,843
602,746
155,800
322,489,663
503,955
211,415,536
353,588
38,366,682
201,907
511,997
145,588
274,756
275,454
256,767
219,809
86,962
166,226
387,636,927
184,205,628
276,518
82,267,493
63,538,576
66,926
10,840
217,374
480,683
483,866
555,631,743
251,484
198,755
618,702,934
739,918
668,802,939
547,797,994
2,910
192,705
665,779
439,864
498,803
304,630
237,429
21,216
208,379,884
34,677
392,949
498,854
611,983
30,439
158,424
1,370,681
440,705
707,983
392,844,880
136,386
244,916
36,348
93,805
208,564
357,471,998
145,260,731
484,928
396,424,634
49,637
533,653
74,698
31,116
189,438,520
206,731,828
149,816
54,66,630
50,729
782,943
151,518,665
538,557
137,811
14,65,290
330,705
499,899
685,967
5,81,991
430,474
583,672
788,936
679,907
23,962
84,303
28,421
345,494,877
335,907
416,436
251,404,658
608,943,952
108,549
615,757
155,396
303,953
303,370,942
362,650,855
482,607,841
91,302,312
255,291
76,569
36,526,829
217,656
966,976
460,625
126,979
513,883
350,373
80,111,635
658,762
371,382,648
181,837
966,982
75,153,660
382,570,949
17,125
342,468
67,809,833
96,811
192,900,961
1,264
78,129,748
260,348
438,733
644,718
19,241,310
162,597
523,671
115,275,504
315,755,767
42,394,546
15,337,981
225,378
129,227,394
116,272
149,273
169,207,327
45,290,707
104,355,488
760,809
46,716
900,940,1000
141,539,924
369,370,609
398,433
182,809
336,515,988
471,745
116,145
204,239,579
38,241,428
254,600
769,938,955
646,942
62,847
13,235,948
388,651
201,704
159,390,710
25,338
27,342,496
99,425,873
774,798
477,821,837
550,664
888,890
12,387,851
130,178,570
403,472,602
275,444
427,966
679,956
173,330,741
294,930
242,837
7,33,329
75,554
255,918
217,688
592,767
401,915
60,557,813
602,861
44,290
18,122,843
7,194,468
228,547
789,878,887
218,735
208,659
430,818
370,388
714,849,974
458,644
336,462,693
670,727
75,655
247,904
493,619,971
544,700
431,772
170,454
719,757
76,446
411,949
88,262
213,288
177,688
9,152
124,394
650,668
243,822
204,228
88,432
189,751
67,823
839,901
506,829
209,569
252,767
246,309,435
503,515,628
209,233,836
840,841,985
62,865
828,858
493,746,964
473,525
444,589
135,958
354,548
270,928
123,782
348,597
395,494,540
50,505
327,423
253,873,882
122,673
423,493,786
690,760
132,346,369
447,473,739
813,919
110,220,899
881,993
319,320,341
282,339,590
204,964
480,885
335,505
137,307
284,293
370,501
372,586
597,926
216,412
476,870
669,812
467,652
303,602
83,425
406,501,919
819,888
115,513
464,765
166,512
469,481
53,619
81,187
77,767
324,561,878
181,327,493
578,592
142,270
688,848
86,111,857
239,464,539
234,408
848,893
110,400
23,224,452
179,636
473,585
294,597
37,264
645,701
606,623,709
423,537
659,779,974
331,792
19,669,966
894,991
503,767
503,689
263,483
646,685
214,364
251,498,654
235,671,957
14,978
265,650
177,887
376,472
121,131,204
263,503
195,406
13,584,781
20,498
219,302,901
406,429
430,607
290,336
569,954
254,656
44,598
370,915
692,763,938
18,106,367
347,826
108,495,947
93,179
125,600
89,905
841,941
469,674
11,47
220,269
537,901,967
707,789
650,926
89,929
39,145,153
355,797,979
670,819
492,520,841
548,604
274,739
124,272,969
901,922
181,606
847,996
499,642
259,384,888
107,449,832
39,524
63,503,512
394,614
22,318
558,953
465,665
127,852
561,734
565,649
259,871
488,814
620,969
58,79
107,229,858
812,843
582,713,765
96,334
86,92,895
43,126,739
820,886
171,308,680
136,185
752,936
278,584
284,877
51,194,997
427,776
197,800,984
788,923
159,206
595,744,760
116,667
7,662
406,513
738,854
812,846,868
40,855
7,213
211,905
516,681,794
100,123,171
249,484,627
280,956
47,555,878
206,481,740
39,842
560,792
680,946
304,371,592
432,950
104,851
375,699
483,516,855
43,315,422
454,806
136,288
614,623,720
29,409
122,198
133,939
321,795
235,654
196,214
294,784
78,754
201,796
495,555
288,752,796
392,566
421,965
422,522
302,694
66,400
53,218
654,933,953
627,965
120,279,428
416,493,589
198,298,966
321,379
137,202
211,511
310,909
84,681
249,473
525,921
287,633
392,666
369,812
195,580
276,655
283,753
303,305
3,799
323,402
252,284
372,829
422,467,935
430,828
634,903
114,633
175,197,572
304,859
363,868
38,562,909
860,880
115,434,716
203,240,970
667,708
381,504
183,185
470,549
33,36,637
683,748
302,438
443,920
265,779
301,635
502,867
152,916
163,518
247,569
119,578,913
445,594,862
142,880
89,473
28,266,742
308,616,812
363,440,774
306,504,805
298,423
474,536
361,863
470,613
154,741
932,995
272,843
371,971
371,797,833
177,434
96,597
76,275
149,192,592
144,813
556,956
31,233,808
59,913
749,925
120,386,710
111,118,644
692,777
668,728,939
230,326
48,576,955
120,315,604
637,754,805
161,818
321,913
777,796,885
18,804
670,786
818,891,934
566,882
167,991
39,975
174,226,907
335,550
205,606
424,898
911,1000
837,879
374,702,754
586,600
624,704,813
558,675
308,467
215,277
245,315,464
266,933
265,605
44,100,355
281,359,918
499,877
49,779
83,295,382
417,977
343,367,481
93,302,634
14,47
2,648
98,637,655
190,799,970
804,897
27,796
297,718
386,480
306,496
44,234,723
815,988
35,548
108,498
65,157,726
258,782
414,908
827,924
810,834
470,832
480,729
114,834
301,429
340,489
258,803
604,786
351,915
315,612
484,535
413,624
549,837
347,522
512,665
754,848,886
1,378,592
501,530,882
976,998
275,506
639,861
409,541
390,788
595,758
173,683
741,747
308,705
167,609
8,639
69,766
603,698
168,256,758
114,855
239,964
234,831
11,961
211,590,776
666,898
96,128,757
217,622,878
382,675,967
479,487,792
82,377
218,276,810
407,463,666
22,191
331,548
454,518,847
185,459,908
33,171
618,620,852
177,464,670
61,96,230
232,775
693,771
335,747,955
279,546
155,956
90,647
114,192,907
506,670
142,686
86,533,551
53,444,767
241,766,904
196,772
956,991
33,898
116,179,902
378,483,775
561,989
73,357,891
785,817
252,671
48,742
230,982
866,943
266,474
332,571
105,321
1,124
187,357
660,810
311,319
112,982
26,496
153,512,658
271,874
249,420
50,202
522,679
417,963,992
378,682
322,570,820
172,476
363,599,809
67,500,816
861,949
84,774
24,361,965
72,340,914
96,124,587
648,838
77,168,578
85,982
18,235,321
760,983
517,595
244,800
866,957
124,591,981
534,761,906
263,623
565,602
279,626
863,877
318,542
429,851
139,449
45,840
257,564
201,701
427,665,839
232,294
729,786
551,917
961,999
7,900
52,152
350,727
352,602
136,452
395,432,524
205,591
174,436,957
80,168,779
252,433,746
275,654,656
910,919,921
303,352
270,348,423
75,114
441,769
57,165
567,725,802
503,965
806,948
182,927
146,779,839
671,711,982
125,760,887
44,412
200,633,917
247,356
436,983
30,367
212,546
594,672
174,530,793
278,391
293,540
263,671
59,402
504,570,612
607,778
187,739
254,428
353,659
574,997
222,957
361,489
336,788
163,463,623
276,711
47,698,783
473,629,979
195,281
10,331
319,626,781
723,755
480,648
486,888
247,563
248,503,536
89,292,962
689,703
48,992
165,635
267,393
201,475,911
46,782
734,859
419,493,695
67,226,686
260,476
58,862
71,115
139,610
339,614
345,889
57,623,950
382,459,821
243,394
108,126,374
51,531,995
114,506
144,902
43,55,596
89,217
107,808
252,471,472
98,132
428,789,832
120,298
110,142,422
601,909
461,958
370,789,967
197,399
428,931
508,807
244,632,874
182,349,500
28,170
533,951
164,249,669
203,755
622,843
397,915
348,847
41,473,629
534,618
331,700
148,573
61,381,884
325,882
476,507
278,991
356,635
311,819,946
416,814
126,146,385
453,472
101,984
826,836
24,930
290,814
156,528,536
345,720
240,381,773
124,236
48,250
114,467
25,689
150,396,800
42,500,827
211,446,972
239,987
52,58
271,684
19,290
39,87,975
448,583
482,583,823
200,775
99,756
659,795
180,304,789
481,955
528,538
64,489
249,287,359
198,227
291,673
240,822
85,699
333,783
679,782,959
325,577
46,300,407
170,527
213,421,779
52,55,477
191,562
13,140,968
637,673
541,745
527,821
268,950
525,624,694
396,849
410,520,645
8,459
26,43
24,515
52,549,971
269,654
108,249,705
486,517
91,333
160,747,845
36,136
637,829
250,445
74,416
374,784
92,467
33,684
16,64
218,384
206,477,698
387,725,870
3,549,736
163,871
132,313
614,712
155,959
134,300,465
448,567
212,382
120,284,767
175,971
365,424
493,967
143,312
352,400
244,296
50,235,876
366,409
24,661
263,913
105,140,496
4,197
327,977
73,122,900
309,344
184,326
85,497,898
370,931
155,767
533,764
449,454
434,562
149,228,662
332,421,591
91,954
87,285,547
330,842,991
599,685,937
148,189
99,961
522,967
751,958
472,861,988
192,271
573,618
871,942,965
46,801
715,841
279,558
318,356
146,198,990
238,662
106,733,747
80,780
48,373
230,352
84,337,501
245,300,776
490,780,801
103,751
336,370,695
216,865
463,489
192,669,788
801,934
377,403,847
292,424
395,945
253,462,574
541,637
587,851
328,357,507
654,857,864
489,557
534,960
91,945
742,864
167,419,666
711,727
42,785
110,568,611
312,645
381,394
58,883
182,626
706,930,964
654,929
274,786
66,96,282
573,866
757,885
120,983
370,567,820
239,688
274,511
282,889
211,545,662
132,441
170,557,865
226,810
318,975
52,833
130,673
202,762
466,604
142,452
46,562,644
89,739
551,949
611,999
157,419,918
333,709
3,173
382,730
123,193
375,475
210,579
499,618
141,864,968
462,526,920
165,781
168,901
163,1000
191,668
98,813
83,425,952
360,454
26,91,787
318,658
133,683
187,956
319,711
92,267
605,970
54,767
198,363
177,986
278,755
116,525
172,176
631,753
309,393,618
165,342
74,248,305
273,729,775
720,930
438,825
615,990
892,933,973
467,965
140,632
461,543
283,416,689
389,852
16,489
636,790
2,7
510,591
270,271
16,446
253,415
241,461
27,565
190,569,599
429,936
66,982
53,757
327,336,460
10,54
618,792
654,721
64,726
521,768
289,345,489
123,237
181,241,357
206,260
446,789
272,539
731,823
1,580
28,577
384,568
397,540
82,828
412,716
498,990
543,846
260,320
41,622
40,868
26,195
55,155,704
247,665,778
589,739
770,912
349,771
537,540
239,463
149,738,822
209,999
3,897
822,955
480,495
402,965
458,825,917
324,544
74,133
264,613,931
209,671,793
145,415
23,854
359,939
314,944,975
250,788
165,343
220,467
194,683
563,614
719,952
459,715
36,239
122,151
556,797,819
252,800
463,700
223,977
432,741
277,360,875
357,452
49,442
75,740
43,300
517,748,931
8,552,704
86,460
172,476
534,769
147,520,960
92,616,635
790,815
326,476,822
527,533,959
352,825
741,829
572,956
139,396
685,942
38,348,994
271,389
544,826
208,748
37,745,871
383,469
143,357
640,970
334,571
97,663,713
58,602
261,945
245,956
405,505
555,664
70,705,934
833,951
643,755
304,447
51,519
55,657,725
77,941,994
130,194,664
32,33
603,824
337,548
583,833
95,337
471,808
230,868
377,520
605,992
36,179
96,111,875
731,993
421,777
516,679
293,314,709
190,370
501,788
247,317
90,305
319,360
196,417
14,185
21,206,269
367,643
277,690
30,310,858
152,656
125,329
242,470
266,768
302,763
255,570
564,613,838
828,906
223,252
29,531
403,899,933
124,378,437
75,859
472,612,988
682,746
468,734
266,658,978
683,942
637,682,981
481,941
126,252
714,826
461,873,892
542,614
312,722
106,865,892
83,414
816,974
376,528,560
86,666,895
425,574,860
513,850
44,739,819
352,484
235,490
414,601
730,832
216,696
492,595
789,998
707,791
210,996
262,377
189,709
11,814
361,494
26,414,980
91,594
157,258,648
34,101
351,491
651,768,946
545,754
314,987
310,603,842
172,845
250,276
62,818
161,714,718
51,894
105,242,692
627,868
180,542
610,617
523,709
403,422
225,531
8,629,892
154,367,841
161,982
68,407
27,660
428,763
766,824
56,567
506,685
256,495,782
9,117
57,558,780
508,618
396,702
692,818
110,439,762
490,520
718,741
906,936
145,619,831
502,629
136,710,997
96,265,448
15,514,701
15,526
291,304
606,859
600,803
366,882
171,236,952
152,395
146,162,818
20,582
613,668,849
51,600,607
158,591
63,271,881
6,326
550,559,908
96,504
115,663
228,538
514,923
141,331
95,227
168,541,894
132,217,435
325,528
885,990
387,735
378,544,822
299,570
65,897
330,765
751,980
562,664
699,795
783,895
565,626,959
196,615,676
669,945
266,489,621
21,376,393
415,499
22,333,793
192,555
103,179
1,371
416,726
73,247,370
876,879
19,81,423
7,218
455,767
638,690
98,152,197
577,761,876
280,451
211,629
537,790,809
285,915,939
401,736
167,392,968
247,371,935
275,313,572
309,747
272,595,656
394,678
137,486
602,653,830
84,256
430,714
281,928
442,704
10,314
231,998
727,782,787
62,437
491,816,842
569,684
533,716,979
495,670,821
25,573
55,392
105,194
142,424,468
798,889,963
531,626
36,118,364
642,688
5,232
181,420,563
780,969
272,809
232,770
42,601
126,412
56,495,698
507,525
397,755
76,287
844,915
599,974
360,564
241,555,887
145,467
60,180
433,601
552,875
23,248
17,709,906
301,423,945
291,422
37,66
624,783
118,638
172,752
66,251
506,632
117,864
533,612
201,225
77,101,624
559,778
64,850
265,484
134,907
875,961
373,733,961
344,607
94,592
51,846,976
286,851
505,950
540,784
830,971
587,851
166,188
580,955
419,670
12,152,896
546,582
246,380
410,502
41,105,131
12,579
186,371
43,477
182,486,540
574,595
105,221
672,928
452,956
225,383
773,777
38,99
232,373
48,159
41,739
267,529
37,499
687,760,888
368,481,648
305,631
452,480
841,845
417,808
366,934
155,716
340,981
45,419,951
202,392,483
631,675
644,827
446,635
65,214,341
653,882
12,425
847,876
98,282
89,869
9,707
548,838
242,743
180,443
365,366
295,832
389,652,715
499,818,987
18,354,927
217,506
518,588,757
575,670
859,983
106,354,542
231,712,923
78,298,904
461,925
197,634
173,870
302,743
307,712
206,1000
640,906
429,614
588,653
275,606
85,448
300,357
235,384
43,74,194
180,318
687,930
354,641
131,280,363
819,839
216,922
306,518,938
165,866
787,789
6,250,617
398,502
97,200,964
188,677,933
206,364
76,868
330,757
301,508
243,906
235,699,829
442,586
61,396
204,533
721,738
130,766
7,211,777
231,531
471,702
345,892
177,397,433
75,655,950
594,946
193,229
104,300,578
361,722
94,559
241,549
309,809
53,210
6,831
233,435
642,768
136,990
117,576
53,734
333,844,982
84,844,990
39,890
222,851
581,895
483,858,944
160,957
567,637
77,279,737
27,88,351
296,826,847
301,536
201,469,846
865,905
675,779
114,951
490,825,869
538,714
22,237,286
260,480,742
97,814
330,719
211,760
632,641,960
522,682,978
70,648
3,928
37,597
27,544
268,654
653,656,905
142,664
271,387
79,157,644
140,206
99,367,496
590,925
107,891
234,479,967
275,425
376,628,755
534,607,794
286,764,787
132,360,537
385,465
442,940
265,942
921,977
88,493
116,196,277
111,441
178,231
63,254,719
41,73,989
563,989
23,725
331,577,719
516,659,977
560,881
182,321,720
633,883
353,599
208,704
165,989
14,651,689
46,814
267,415,690
130,543
690,830
347,382,445
115,532
239,296
44,657
658,837
695,895
47,181,651
479,488,787
106,289
314,658
176,505
910,945,962
69,122,248
364,529
546,903
19,642,649
519,910
480,918
637,773,964
792,891
210,886
341,914
362,892
301,992
284,751,869
263,884
282,504,673
69,206
289,420
286,798
9,68
3,977
149,734
652,832,925
346,491
762,980
164,584
353,743
381,691
42,204,995
278,472,789
194,515
490,854
32,349,996
873,902
293,559,799
288,585
313,860
541,697
28,170
525,814
60,469,887
109,695
60,161,952
843,943
357,908,999
23,455,492
121,222
220,482,845
66,932
167,333
780,901
549,562,770
821,929
120,184
764,843,912
791,841
386,750
572,765
43,309
571,967
334,486
41,328
903,966,989
44,526,949
296,623
219,877
941,966
95,633
210,303
58,290
419,457,489
815,846
28,377,845
23,653
461,642
647,954
752,824
244,926
478,668
311,562
462,880
514,830
462,824
166,455,715
68,767
452,580,1000
164,450
51,222,687
378,635
152,572
437,931
127,483
424,943
105,195
177,887
93,224
84,298
625,701,917
91,725
515,765
107,707
391,555
163,474,523
86,131
379,486,968
108,644,675
236,431
29,178
598,731
450,564,803
94,991
273,554,559
253,359,590
408,631
195,452,845
430,785
81,762,975
4,847
810,832
205,261,856
164,941
196,705
446,767
669,875,888
319,585
317,564,916
253,417
209,503
217,430
462,894
333,625
161,633
571,720
584,935
306,576
198,289
162,934
127,749,834
345,863
383,894
225,777
364,684
783,929
140,335
335,473
70,73,969
9,46,502
10,904
63,474,892
211,402
299,553,799
10,230
73,890
465,661
780,878
362,951
182,732,828
137,688
498,515,530
136,530
345,434
454,781
42,948
279,946,956
504,578
310,856
61,538
340,350,721
133,671,863
203,647
154,418
283,809
259,561
373,958
138,660
35,130
264,341,868
255,344
74,370,381
215,726,787
424,893
788,794,795
344,917
53,508
493,564
31,494
262,700
318,732,799
147,994
305,412
253,678,931
287,754,963
742,890
44,778
66,987
416,983
149,944,962
411,896
406,635,681
64,479
92,966
28,83,881
100,657
213,529
99,371,668
298,441,741
23,180
920,953
236,350
306,975
716,739,967
235,410,432
179,342,969
751,943
92,758
347,423,641
85,646
92,898,952
17,589,862
372,889
207,996
357,543
267,695
191,316
245,413,786
587,842
545,982
170,492
585,810
201,666
540,732
587,767
28,438
360,693
303,410,839
506,873
335,609
377,658
425,886
174,468,720
222,435,691
7,362
82,377
465,517,761
225,528,796
440,721
40,470
139,203
118,575
220,958
320,694,778
191,734
125,226
152,335
55,784
851,889
121,183
3,828
399,481,637
94,279,513
254,360,476
147,149
8,647,765
180,539,680
144,267
704,935
14,613
404,520
372,428
178,321
841,853
214,264
281,988
106,239
476,786
528,825
61,596
83,367
868,938
245,676,803
78,764,986
286,296
436,960
274,761,791
293,389
98,382
282,415
423,559
292,436,620
147,254
931,998
110,461,467
206,438
442,776,890
192,813
535,672
360,765
950,964
301,624
22,80,98
173,487
570,774
15,153,213
605,856
505,850
605,831
538,771
648,991
605,755,837
113,245
515,941
490,596
405,974
274,606,835
293,416
296,473
462,744
527,601,889
106,866
337,669
317,970
43,300
831,903
114,963
155,478
278,311
177,472,849
287,703
24,538
274,547,779
55,117,443
507,831
157,413
129,130
476,663
672,774
722,740
889,912
378,841
295,912
28,393
64,563,769
400,662
389,978
210,448
67,905
598,631,994
405,756
139,971
282,875
184,887
775,885
400,633,693
141,511
463,810
98,447
110,480
493,846
237,856
575,737,879
3,67,221
527,668
888,947,963
404,893
118,936
50,836
708,776,875
541,623
718,885
279,872
179,320,939
106,641
159,950
317,651
45,290
142,241
415,596
530,609
287,678,923
687,693,914
453,506
51,240,391
415,637
661,674
402,638,895
50,504,621
392,814
373,551,682
638,847
831,853
353,638,884
537,953
254,779
274,567,939
217,926
472,728
751,763,815
44,241,679
564,715
412,960
224,761
390,547,701
706,974
509,639
74,497,499
161,460,969
511,805
813,947
59,930
189,385
120,389
69,190,716
147,691
27,81,358
58,250
250,455,510
557,820
406,877
139,832
497,804,880
273,761
445,836
48,375
286,984
261,391
41,592,878
480,678
65,556
538,915,963
25,917
564,675,838
407,470
189,517,935
252,290
296,339,505
705,908
254,677
43,856
737,752
176,791
204,871
143,254,384
35,662
29,232
144,183
347,399,821
195,845
817,982
120,428
64,381,484
378,572
317,615
50,152,375
386,712
295,889
107,397,903
257,387,903
70,959
19,227
503,719
158,274
62,90
349,434,787
831,922
178,222,801
437,903
7,926
245,983
220,466,722
80,118,926
631,653
325,612
26,157
577,842,949
297,662,714
135,240,318
16,765,919
195,338,656
110,445,647
803,933
261,753
18,146
189,636
153,294,711
184,280
81,342
82,645,915
849,889
65,432
665,895
181,372
357,377
34,568
81,573
540,667
397,477
150,483,718
64,650
402,922
40,813,898
17,657,733
376,553
69,186,933
118,614
383,434
664,726,771
256,763
556,821,918
654,751
86,383,400
405,677
651,752
552,712
695,874
218,318,535
124,211,430
240,553,901
18,357,631
293,689
112,684
488,746,872
112,425
40,307
138,423,772
268,972
308,554
7,208,678
176,657,841
511,586
484,774
135,151
55,170
24,799
32,312
272,678,917
195,210
175,578
223,688,861
515,526
327,424
161,231
400,625
530,959,980
834,861
417,749
93,773
238,635
8,358,713
705,887
26,467
527,608
248,633
667,796
354,885
718,904,942
202,494,576
825,949
66,217,956
172,939
626,822
276,351
248,898
123,251
13,402
270,679,908
652,806
523,930
1,917,982
221,403
349,614
356,692
573,582,584
5,568
24,132,885
453,974
24,275,901
356,800
258,291
470,730
274,822
694,909,962
678,856
231,401,778
358,879
339,711
335,733
756,973
47,79
43,592
76,834
718,762
474,514
447,918
172,192
368,485
255,764,873
232,339,351
7,156
446,514
191,462,610
646,875
18,430,521
39,288
256,412,591
754,773
166,297
121,599
194,385,781
73,843,885
160,254,554
433,698
49,66
49,118
229,521,909
292,497,998
164,374
29,58
314,488
632,654
336,387,791
579,813,852
384,883
377,682
290,491
236,428
430,645
191,430
265,484
151,553,824
213,575
557,806
307,618
289,557
84,394,687
538,705
641,800
146,303,987
5,8,531
416,855,955
110,576
459,882
356,807,944
257,880
23,245
25,85,942
449,579
470,490,855
745,788
237,821
548,624
296,563,746
397,921
436,767
332,333
59,375
99,504
454,846
340,708
226,288,386
599,818
747,888
256,951
49,50
174,314
202,338
967,970
338,812
733,899
427,442,902
273,623
420,622
438,465,734
863,957
214,975
73,683,702
672,922
345,557
654,695
34,105
703,753
403,542,563
138,259
113,421
324,860
278,445,651
440,989
113,485,995
94,596
121,183,826
20,800
153,850
127,713
68,873
101,314
200,583,944
380,444
170,822
158,783
255,814
345,685,974
524,810,840
173,849
331,747,941
360,868
388,659
755,882,903
620,691
260,328
388,889
346,471
222,432
462,639
399,551
25,51
215,330,453
226,528,981
20,623
273,540,671
66,172,909
115,342,771
305,678
51,238
68,862,948
212,989
227,625,818
227,666,839
291,728
221,270,290
106,922
676,911
172,385
854,908
224,864
590,597
231,427,613
42,195
106,459
415,982
782,833
24,28,567
127,144,836
554,809,838
45,717,839
93,272
699,778,875
151,573,828
507,647
436,857
77,180
539,768,858
152,274
763,839,880
64,652
175,490
582,720
464,878
125,372
205,402,933
269,955
640,775
391,414,587
149,385
152,865,954
167,492
617,696
45,97,250
220,495
190,684,740
246,398,699
204,620
343,384
2,545,589
293,554
266,271,377
78,80
191,362
288,484
264,863
2,150,823
646,909
774,950
707,951
706,742
62,229
167,194,269
21,455
530,568,726
762,781,957
736,974
23,290
99,753
79,877
610,983
154,674,792
728,770
359,888
237,407
223,727
80,775
136,145
592,819
90,485
781,811,930
518,576
630,788
18,864,899
559,865
105,179
411,761
764,980
105,220,588
684,816
216,937
97,851
233,727
255,763
31,256
91,929,960
342,350,850
517,642,755
408,451,624
293,822,927
136,893,943
816,894
584,587
791,811
91,320
403,735,985
491,913,996
413,574,772
286,922,989
233,683
33,582
898,907
233,935
109,484
99,175,998
369,529
41,782
956,965
2,141
206,271
92,743
6,538
309,990
671,820
151,296
370,438
847,862
148,516
212,244,743
59,285,617
290,591,602
119,312
240,395,913
527,746
2,248,981
216,977
200,464
453,542
51,90,745
64,934
10,463,654
500,623
264,449
46,781
638,718
555,882,994
203,219,744
70,437
109,287
132,225,227
92,690
135,924
242,537,789
395,428
298,736
637,857
279,908
39,284
624,911
10,257
224,777,820
69,517
73,191,531
285,408
620,818
700,941
910,940
233,969
74,634,721
381,771
47,256,522
205,842
110,505
435,914
81,242
97,453,911
645,692
208,415,777
120,763
35,948
692,812
316,873
250,487
623,950
441,832
267,575
140,518
366,424
101,258
204,349
138,814
156,597,884
234,723
374,818,900
385,563,677
80,604,956
668,789
644,669
366,949
128,603
491,863
8,914
164,265
51,633
162,590
344,355,601
587,635,733
385,604
64,272,741
328,526
258,504
270,767,891
502,594
57,235,531
34,151,800
361,439
207,762
25,317,727
190,995
36,508,839
981,997
131,489
691,995
255,511
10,264
264,658,888
540,881
232,495,636
246,525
80,839
330,453
88,203
301,569
599,716
460,581
622,638,880
156,610
172,390
205,276
421,681
59,185
396,461,952
389,652
55,818
296,815
601,662
703,709
42,692
222,400,871
137,358,692
139,643,935
321,784
6,790
744,839
6,49,95
70,112,228
350,462
35,588
42,323
222,363,736
173,705,749
145,532
23,208,224
213,369
206,535
791,957
590,656
832,845
414,419
653,730
486,943
55,267,468
316,501,572
117,657
703,895
383,528
42,420
75,789
12,669
364,458
66,274
635,897
104,298
112,480,645
467,489
175,507
282,818
174,246,623
456,577,647
168,177
116,796
540,889
139,999
395,527
116,696
89,93
460,773
521,858,989
375,543
160,203,960
150,297
10,542
168,236,688
35,981
790,878
294,655
362,513,945
69,538
87,638,917
213,796
910,943
464,579
88,343,713
36,498
128,654,878
595,650
378,473
459,876
464,501,514
447,758
19,45,814
123,635,925
77,455
305,900
744,795,964
192,977
451,608,628
699,804,917
32,609,820
629,976
101,764
374,952
639,654,865
174,700
99,931
240,555,600
737,979
21,190,929
539,730
373,601,805
113,597,813
575,801
105,623,806
111,370,895
271,338
305,760
15,213,776
664,860
347,491
8,483
588,919
36,902,951
459,651
111,183
195,890
505,519,606
343,373
322,666
63,256,330
440,544,799
315,946,951
45,723
201,709
578,803
249,977
366,743
563,781
284,574
13,135
302,308
353,622,712
254,389,560
334,945
231,503
298,417,963
318,340,402
288,323
394,418,928
180,763,943
765,933
73,590
400,923
89,668
65,477
266,342
68,177
67,815,883
607,635,888
384,823
339,581
67,289,913
14,746,763
20,737
34,482,721
409,795,806
842,875
125,658
142,655,850
45,556
80,561
74,272,297
642,921
6,152
4,924
602,859
249,291
31,115,584
511,682,749
399,429,767
147,304
531,966
371,525,693
295,416,447
284,460,655
403,584
136,230,313
331,614
186,289,567
162,654
555,903
405,663
498,656
3,793
341,554
518,899
219,498,556
692,904
85,963,982
524,604
51,896
523,683
159,847
333,447,779
557,762
436,886
276,733
262,743,849
183,249
488,666
512,515
282,680
152,591
60,311
466,849
386,895
190,954
602,634
408,507,865
233,272,912
138,964
72,111
232,375
27,729
447,864
523,614
147,262
595,662
37,233
626,807
389,758,976
25,150
118,389
337,465
55,539
161,961
246,929
29,57
183,935
304,959
491,729
145,482,996
130,455
148,802
424,929
721,734
587,925
574,873
349,752
365,756
92,509
239,248
256,762
397,604
408,828
500,582
101,527
204,646
137,735
622,882
257,663,789
588,996
18,261
877,998
366,504
214,248,370
378,451,583
24,500
639,730
591,728,746
277,430,480
190,274
178,850,918
43,854,980
7,435
298,778
760,935,963
907,939
103,998
212,867
262,663,913
76,812,822
273,541
105,126,532
16,901
247,292
105,195,614
704,819
90,106,869
202,544,711
209,976
65,77
614,681
649,720
169,612,649
779,898
49,424,973
151,535,732
157,785,995
354,392,841
137,325
428,787
269,338
418,995
185,227
1,62
65,628
197,223
635,875
329,402
604,739,943
368,825
318,533
466,770
73,210,920
298,949
67,650
355,364
460,503,804
20,531
313,704,765
353,813
289,340,610
29,915
586,709
602,849,962
30,633
613,963
467,623
850,899
427,581,712
87,530
451,856
72,776
8,778
180,472
46,451
314,472
510,806
158,168,838
111,581
583,753
537,648
267,577,755
170,192
668,713
687,937
214,982
487,760,954
194,289,759
515,585,816
598,848
216,613,737
653,972
29,464,860
197,295,327
29,865
423,929
391,399
64,132
735,859
8,884
204,534
112,678,753
188,568
382,433,679
33,730
597,607
478,693,948
177,181
482,906
287,647,888
193,742
99,830
711,729,866
149,385,465
305,426,873
55,72,933
700,851
96,684,701
17,802,968
520,806
101,831
47,477
385,735,968
420,669
325,576
743,822
58,461,507
479,712,992
733,877
193,449,800
278,940
233,282,796
123,594,940
200,627
346,367
128,581
106,187
284,481
482,728,991
256,279,459
97,716
376,664
820,904
178,483,870
571,991
494,892
121,647,785
441,569
415,862,915
324,672,833
952,998
173,251,359
33,994
140,489
683,687,911
771,843
264,760
84,465
252,321
905,959
345,419
573,813
52,642,780
72,229
357,689
286,943
303,995
316,375
64,693
192,419
568,948,993
52,856
120,959
837,882
744,973
164,247
20,587,628
754,907
440,500
795,895
261,958
109,936
306,603
387,881,950
91,251
280,486
363,609
304,392
15,209,411
269,837
55,497,553
415,642
235,311
109,645
766,997
246,698,782
42,457
623,721
623,845
342,367
283,803,837
323,659
249,288,322
306,346
592,743
94,937
355,732
22,882
251,545,617
725,772
393,986
462,693
302,898
50,853
249,253
124,217,667
545,617,935
490,502,832
45,168,343
235,820
938,988
29,552
406,826,883
505,952,1000
146,637
104,504
123,169
863,876
26,707
245,488,707
367,858,975
12,800
69,850
348,756
172,701
536,976
597,628
186,824
436,495
262,784
588,722
357,584,799
99,956
612,861
394,611,702
307,824
385,803
134,559,977
138,154,585
105,140,567
492,866
400,440
318,844
28,294,913
550,879
562,779
216,315,835
366,803
338,361
169,290
49,430
690,733
214,757
251,745,964
496,874
6,797
366,445,493
298,650
300,856
603,742
218,246
454,585,640
463,503,898
293,308
535,824
96,196,662
26,703,905
138,389,522
605,625
459,579,962
199,868
288,361
5,91,518
251,683
229,290
495,589,707
374,415
334,347
143,242,767
639,857,864
515,615
306,915
512,884
613,884
556,661
160,603,734
408,998
163,659
40,630,684
14,406
144,228,974
806,909
576,652,793
318,817
670,720
284,732
210,443,515
199,650,928
169,608,612
38,223
301,492,895
112,211
222,402
76,647
227,772
348,679,727
187,407
90,288,997
497,676
212,284
89,196,933
486,536
211,598
218,660,793
295,798,959
202,235
35,812
23,669
275,403
800,946,961
103,180,619
51,391,820
461,614,703
796,812
381,805
360,745,785
698,801
288,313,889
682,695
845,899
45,123,653
112,581
499,777
222,520,545
682,887,979
542,660,729
277,383,861
243,652
349,916
23,91,242
30,163
67,557,914
605,640
35,49,239
356,569
556,988
65,279
155,421
741,859
139,299
4,192
707,938
66,383,644
23,808
555,579
152,642,737
32,127,488
273,440
750,947
351,586
788,810,862
589,831
173,915
311,961
249,952
846,852
138,413
665,881
119,386,492
65,790
166,646
428,831
435,705,843
806,837
131,778
428,774
483,584
339,373
101,746
421,693
298,963,984
847,930
756,764
715,736
123,410
555,767,800
463,543
298,554
164,190,676
641,725
34,948
210,666,904
401,919
686,869
560,817
736,918
254,762
412,922
335,885
101,391,867
3,380
419,937
303,515,841
397,723
536,551,796
584,751
486,640
391,774
295,372
204,641
30,90
13,438
180,853
49,888
232,342
203,368,376
502,945
130,871
6,459
415,865
56,887
438,787,823
196,392
31,294,806
737,789
77,583
280,701
604,629
12,62
299,739,962
222,559
25,286,604
68,252,861
311,959
76,574,667
146,162,718
247,251
432,944
80,172,756
85,121,230
115,643,984
71,473
105,557
493,850
175,459
224,550,1000
351,440
122,941
213,407,596
837,889
359,902
55,349,620
85,773,931
136,212
691,693,935
17,982
179,872
184,471,921
157,534,758
371,391
294,323
339,717
561,906
182,345,1000
479,566
726,864
54,851
270,388
401,545,627
168,452
853,866
841,973
265,734
806,940
260,439
262,809,842
215,653
168,382,961
416,464
151,512
396,826
275,338,685
47,115,686
766,812
50,427
91,171
697,877
167,650
105,640
333,350,531
204,717
570,576
69,868
301,402,597
15,670
533,534,803
548,722,774
553,634,874
389,633
103,998
57,899,941
673,729,962
5,443,568
290,642
109,733,883
116,522,836
88,361,840
128,145,468
80,356
328,789
183,208,844
299,501
15,119,678
731,964
293,483,774
203,588
686,784
382,650
123,836
642,738
536,671
235,326,413
48,540,735
4,957
68,922,962
230,450,458
26,183
736,779
91,181,293
304,608,787
174,178
397,687
373,590,694
346,606
483,531,654
63,788
30,711
789,869
889,922
507,705
629,707,988
427,506
262,731,859
81,859
440,529
442,561
310,527
63,576,866
362,777
296,737
165,530
230,632,754
604,791
106,367
175,849
777,850,973
568,590
337,401,752
550,972
626,988
475,897
563,862
88,387
707,767
413,466,624
12,171
718,997
56,78
561,902
897,924,951
227,748
233,364
183,728
271,731
139,558
482,536
73,444
616,907
472,548
449,533
2,238,942
163,918
31,988
300,641,870
101,605
400,516
817,1000
285,753,900
507,604
128,226
136,183
706,825
190,356
56,490,546
530,817
538,604
110,351,767
684,907,934
71,920
328,922
118,369,569
611,613
85,934
356,369
242,708
17,990
123,814
174,663,775
488,653
574,585,777
414,565
96,111
325,534
270,393
591,808
248,293
736,794
457,572
11,91
422,990
5,240,913
411,880
336,430,855
143,351,362
696,909
340,828
727,999
63,281
812,825,992
159,519
77,104
109,540
517,703
293,414
350,568,874
173,699,888
9,270,470
288,354
103,288,973
34,160,532
418,598,622
70,421
153,713
203,235
602,836
223,245,304
639,810
22,55
107,514
482,767
39,375,655
439,517
126,154,870
276,847
420,746,898
102,351,385
115,483
64,76,370
665,910,953
81,438
316,744
484,685
253,469
14,677
671,857
648,921
340,451
27,189,658
501,830
220,429
159,733
107,774,815
130,403
130,516
95,373
440,740,930
382,594,878
7,78,531
46,408,624
693,997
673,800
97,267,585
556,680
15,358,435
530,812
614,668
13,289,880
683,684,976
332,655,847
397,539,800
505,543
621,681,701
204,399
334,705
561,924
80,422,748
13,244,734
791,918
1,198,233
138,895
100,553,759
155,371
201,670
62,264
401,643,928
31,543
418,477
751,835
484,938
294,454
563,664
217,668
282,511
20,407,925
587,672,832
161,404,946
396,767
37,158
245,777
41,317,751
556,583
581,795
330,752
63,794,926
216,472
777,906
1,368,390
19,862
185,736
258,499,528
137,257
78,131
107,150
45,46
777,785
149,338,934
309,323,793
369,610
120,623,648
341,847
45,428
361,476,660
778,945
105,598
137,352,590
197,962
883,931
310,798
175,206
15,725,903
42,567
43,250,889
300,583
78,524
661,853
17,54,470
27,127,762
1,24,564
721,857
310,350
37,845
276,523,824
220,717
283,393,445
467,528
402,982
203,561
136,403,838
174,194,596
290,653,980
230,967
618,826,883
664,902
367,585
342,626,766
220,377,406
130,452,791
1,734
32,149
362,391,436
725,811
391,786
368,966
80,580
362,860
646,917
285,936
561,910
151,709
49,344
602,950
549,651
316,417
106,235
755,945
448,746
6,885
417,591
808,827
76,528
708,769,844
517,844
14,946
513,745,812
596,957
488,670
203,235,761
115,263,505
73,675
393,631
47,943
132,497
333,771
395,404
497,569
188,906
278,641
633,685
640,935
448,588
180,953
87,738
493,831
23,422
418,919
415,656
181,408
253,370
146,426
169,998
423,978
58,759
154,371,473
242,789
610,640
140,218,816
801,962
27,985
129,191
55,824
157,949
590,643
321,773
556,619,815
220,985
293,746
479,831
555,862
182,276,334
511,601
807,876
874,924
725,805
374,509,870
44,56,670
25,819
100,344
428,653
220,404,573
83,371,461
78,202
518,626
463,486
219,672,713
12,746
410,755
571,716,806
283,945
710,825
340,746
501,863,1000
71,608
148,324,372
92,954
722,926
438,518,532
332,530
560,997
27,229,448
281,365
15,201
362,452
761,842
19,241,858
268,771
731,883,909
484,601
489,711
225,291
222,521
119,855
50,827
72,222,714
175,758
145,224
3,463,845
372,827
5,732
627,769
931,976
659,699,999
317,577
282,498
396,767
354,389,913
659,945
492,520,731
502,668
658,853
87,652
13,308
740,792
235,519
236,563
291,730
144,411
29,706
17,256
104,255,739
174,590
663,775
95,231
854,858
228,593
682,786
8,80
188,585,697
707,828
136,654,717
70,220
888,900
292,583,858
255,631,999
134,420
413,435,739
24,414
189,214
195,566
80,776
176,534
102,221
321,457
45,272,679
192,991
285,402,898
731,913,941
226,766
67,375,735
441,942
216,219,803
89,187
107,241,724
477,504
368,401
453,460
23,413,835
397,565
371,408
205,456
302,629
153,160,732
402,444
133,511,939
452,863
101,722
704,766
487,683
151,545
63,187
94,560,614
415,983
186,578
242,648
329,388
46,485,743
115,182,948
559,724,895
16,598,839
717,885
141,581
313,499
461,760
625,673
357,996
664,863,975
460,631
147,961
31,289,906
32,138,850
392,872
91,534,614
10,331,840
264,307
61,693,947
233,301,400
337,633
154,470,762
10,621
184,986
185,419,544
348,724
529,670
564,619
263,306
138,220,852
330,870
371,549,782
78,359,499
140,377
180,342
158,611,722
128,819
89,168,986
408,821,929
300,498
541,873
389,560,656
335,926
523,540,877
169,364
275,358,932
170,735,889
267,726,904
555,833
116,477
244,903
855,868
598,893
359,757
87,954
18,209,492
199,396,541
49,888,965
163,423
445,515
265,662,900
570,635
639,711,985
152,763
158,737
291,551
84,791,849
256,624
93,223,311
31,969
203,664
368,758,828
20,495
55,163
217,437
49,86
43,150
504,951
8,476,809
195,557
136,695
57,202,853
453,480,936
441,563
643,931
634,945
476,955
54,427,504
188,747
1,192
682,869
404,747,975
256,366,749
416,819
686,743,798
365,664,959
1,681
79,713
78,621
916,960
451,488,903
230,626
379,817
540,877
575,931
136,774,961
25,634
344,512,770
264,772
566,913
251,712,840
287,549
3,39
397,535
466,984
499,655
18,671
608,743,967
258,472,757
184,629
827,873
148,942
796,970
176,446
365,588
231,392
195,469,851
145,373
779,804
209,564
269,613
669,894
4,182,570
35,144,415
204,937
244,557,742
24,307,701
463,482,815
83,999
112,609
382,537
389,661
95,440,994
687,917
340,463,576
102,972
30,205,497
301,852
178,567
374,882
279,396,549
138,547
199,900
245,758
210,777
547,673
772,917
398,431
279,882
606,938
713,810
653,763,768
77,819
188,495,693
181,236,798
89,981
145,531
185,411,441
693,915
446,469
241,670
200,633
686,990
24,379
456,825
103,759,852
723,793
211,342,470
409,535,689
20,43
561,667
177,533
244,652
464,502,821
280,834
388,461
442,898
529,887,919
345,971
436,663
225,771
124,538
281,311,582
59,598
46,124
294,700
334,431
508,575
26,318,581
578,652,710
4,205
382,796
206,725
93,902,948
682,874,953
195,616,735
159,729,824
326,466
171,290
65,101
223,803,902
208,935
773,822
9,365,612
37,61,713
496,700
257,749
589,981
237,801
249,673
88,734,738
128,640,928
409,684
107,457,661
374,785
139,420
70,990
320,683
346,674,938
74,291
144,198
167,791
123,613,854
139,373,884
55,202,881
788,885
36,37
102,934
364,659
706,769
306,491
134,206,948
55,82,738
433,823,988
43,45,858
48,116
135,306
228,618,705
398,835
186,223
280,891
64,317,801
492,740
655,870
763,776
318,465
142,367,954
403,906
79,674
256,581
88,503
170,184,321
118,195,285
348,893
188,799
660,791,817
346,893,993
370,513
589,838,994
114,676
2,51
495,756
181,196
155,956
342,436,632
635,869
460,666
195,955
353,403
862,909
272,301,749
695,728
12,553
31,361
283,834
1,203
488,651
295,345
307,395
902,940
354,663
489,655
146,264
679,833,983
88,319
61,957
93,148
75,284,566
601,789,910
221,292,771
188,437
181,511
270,344,672
238,402,885
592,608,803
672,925,999
39,926
76,968
14,197
660,847
670,723
352,966
197,299,507
683,914,966
464,787,885
314,955
443,781
57,882
378,756
214,964
424,985
745,797
318,430,772
386,547,818
465,922
395,500
102,106
304,662
417,778
12,110
711,885
251,949
42,82,734
133,309,966
456,500
119,381
507,736
131,228
558,575
768,801
433,679,967
205,408,821
14,472
74,166,557
60,918,953
496,723
105,931
203,440
280,531
146,302
634,909
52,740
252,370
128,458
127,361
248,630,829
103,365
41,479,921
874,894
121,581,942
229,511
481,729
110,544
422,689
303,480
85,191,936
389,781
125,478
343,345
105,609,927
180,929
270,913
116,146,562
120,814,862
700,915
220,697
56,466
510,629
216,407
38,295,998
454,656
161,645,848
420,624
48,409
148,387,822
841,954
122,586,860
75,820
517,820
205,513,765
76,653
461,800
78,843
99,402,461
479,728
435,924
47,187
209,586
61,745
977,993
567,755
657,722
322,537
100,386,632
452,478
421,995
336,379,448
233,700,991
687,830
39,367
169,783
680,726
474,864
681,848
407,934
156,966
634,784,847
744,898
177,724
428,485,899
838,986
700,941
219,924
78,551
133,756
306,397
324,929
294,818
55,695
76,323,615
410,893
36,587
6,466
130,787
687,732
662,871
22,61,658
27,861
99,292,707
735,751
41,998
112,441,932
173,904
766,799
71,578
339,793
422,544,726
260,266,559
255,828,905
439,820
54,143,642
85,820
397,896
518,828
126,522
753,997
143,175,538
66,109,307
98,459
104,348,455
26,398,429
225,663
213,598
331,827
25,376
201,643
216,802
257,691
277,686
105,260
226,505
399,685
23,110,292
209,503
18,713
124,390
282,393
202,228,885
598,769,776
368,383,836
679,819
490,529,835
77,548,922
390,510
315,578
8,581,713
123,237,250
222,672,829
706,917
164,524,752
387,573
24,996
32,660,911
406,497
351,709
91,448
385,766
109,795,997
700,847
356,441
198,753
347,999
246,940
221,281
227,370,444
227,435
243,550
79,357
272,675
369,633,749
582,924
859,920,993
614,759,839
302,790
58,860
326,791
417,517,529
161,618,873
210,230
258,668
324,621
5,968
147,700
480,595,848
82,545
671,891
103,601,670
353,396,700
299,883,930
196,214
543,820
325,538,911
636,847
774,887
659,833,913
450,699
678,925
322,612,744
242,956
609,743
261,909
132,545
282,856
188,722
452,453
198,251
311,587
670,936
468,473
358,790
87,154,557
843,902
567,636,793
142,321
901,940
571,907
558,831
114,436
69,130,436
329,780
18,387,957
280,463,754
158,537
104,348
181,278,833
21,69
204,247
36,848
123,728
6,527,869
222,526
68,246
245,789
487,514,947
925,959
85,352,710
751,800,819
430,783
41,196
136,935
262,368,583
43,868
277,551,597
800,849,879
258,668,998
336,351,997
576,874
8,909
3,339,863
224,721
8,217
601,882
158,205
397,578
691,717,926
64,122,204
496,557
388,686
54,921,994
436,762
568,827
56,423
798,973
4,28,824
725,904,962
805,934
30,121,281
32,57
755,758
790,903
247,815,861
52,801
812,921
388,451
341,505,512
292,413,629
377,567
277,413,855
59,431
230,441
13,200
271,343,877
304,846
180,361,381
205,748
40,913
583,752,806
581,788,904
29,213,924
94,377,590
104,862,887
255,527,617
278,612
561,771
50,55
24,747,908
550,742
368,511,894
390,643,772
21,971
368,511
123,767
101,989
24,530
202,492,505
313,931
590,696
309,351
257,576
299,572,821
16,315,894
384,392,776
799,938
454,553,985
315,393,433
150,621,878
537,787
142,316
346,938
615,707,858
98,399,785
856,900
70,392,820
87,561
558,802
493,988
256,936
377,632,840
138,361,991
103,964
323,625
157,250
695,777
104,689,815
481,602
16,928
209,591,876
657,758
342,886
518,930
366,410
336,547,954
178,284
346,404
49,119
163,333
321,615
404,973
119,313,931
477,501
194,791
65,915
627,720
268,530,799
67,593
85,282,526
338,440
244,781
78,176
767,992
304,675,751
57,149
435,715
68,921
42,542
202,814
790,879
422,803
304,803
53,518
722,943
141,586
737,773
137,523
405,952
647,751
406,557
113,779
603,747
199,599
405,465
290,599
367,661
724,848
162,706,773
150,251,429
110,823
678,703,963
394,496,826
453,982
9,297
149,950
342,688
78,453,750
8,939
258,280
76,191,369
888,987
74,215
170,223,829
371,490
591,788
579,819,821
574,928
347,982
407,503,683
466,539
566,759
225,802
186,266
12,649
464,553
141,607
287,411
454,925
337,799
123,314
157,774
63,614
24,31,115
338,967
232,276
395,423
690,854
128,942
245,581,772
786,908
598,691
165,573
37,381
34,274,474
344,789,998
157,675
435,441,691
230,231,714
853,929
39,436
347,355
351,591
289,412
259,957
79,944
435,501,883
362,369,474
543,674,822
634,763,967
228,942
491,570
156,213
545,964
906,950
606,913
763,861,980
47,246,608
245,391,594
402,430
513,868
132,365
256,348
506,599
319,586
81,427
330,776
795,843
678,884
273,910
609,967
202,486
344,921
125,930
419,813,988
662,785
90,497
204,353,503
90,710
177,234
109,161
174,947
355,651,849
31,64
522,804
243,257,464
304,739
540,671
350,423
476,766,944
77,123,311
329,885
384,433
93,191
217,657
793,899
178,987
695,748,983
273,281,738
486,736
37,556
376,519
298,637
116,393,680
639,677
230,608,783
462,678,848
145,735
312,597,760
60,589,854
488,961,989
922,940
405,785
329,351
594,763
193,250
205,961
19,333
474,955
20,206
546,593,635
469,939
128,804
18,191
518,642
206,655
41,946
432,939
683,856
371,730
144,528
493,863
169,653
188,567
430,551
453,772
142,950
16,80,595
92,871
4,5
384,553,876
256,478
99,916
893,989
781,853
508,556,735
121,757,898
400,924
404,935
424,688
72,457
654,831
523,596,823
6,713
349,418
554,940
672,768
204,848
191,855
769,812,875
268,693
153,722,766
107,929
5,28,532
10,637
113,839
298,312
665,763
622,718,949
234,455
572,763
333,732
274,711
630,794,902
362,575
144,935
803,858
632,711,968
214,574
406,914
30,166,588
279,300
639,740
316,815
75,483,892
695,714
115,125,186
249,392,773
20,215
693,990
22,432
331,893
730,842
415,795,965
159,652
85,915
331,897
584,715
100,241
381,495,560
127,552,689
745,973
439,463,866
514,705
487,678
210,749
78,844
56,408,988
714,789
184,262,469
228,483,569
319,892
132,451
21,945
1,156
251,895
602,656
761,968,994
483,637
186,866,996
177,945,989
23,686
309,631
503,695
335,607,973
839,841
493,620,839
8,693
436,707
300,304
661,955
308,792
192,458
41,836
543,850
235,331,892
200,411
324,356
390,990
210,294,568
599,730
117,507
409,750,858
477,730,831
27,509,985
480,646,891
284,881
208,616,853
61,949
17,314,615
185,462,736
724,879
345,483,661
105,641
336,877,989
146,352
71,964
254,976
256,315,419
39,102
467,686
324,918
122,748
289,876
469,508
694,716
87,551
540,550,793
787,908,983
185,686
816,857
198,569,610
170,271,729
409,797,970
14,510,680
93,311
209,491
469,488
63,135
598,749
248,928
15,581,681
145,152,687
126,449
744,961
543,646
38,508
831,851
435,506
90,529
666,770
210,299
585,889
267,801,847
185,777,930
281,990
54,270
373,756
323,514,834
47,234
274,524
382,419,739
74,77
623,877
59,884
20,227
292,988
65,861
416,604
430,974
23,818
167,557,559
776,844
240,320,996
69,296
153,192
298,528,893
31,275
331,661,721
162,514
378,921
503,971
251,947
238,926
507,645,685
160,296,658
546,855
89,479
90,259
186,811
103,325,579
295,379
129,499,710
131,301,904
417,528
459,642
134,345,509
5,356,416
238,720
537,660
435,511,932
147,182,202
581,767
335,519
325,394
848,944
339,563
62,233
415,489,563
160,520
74,453
5,710
521,597
68,234,707
338,807,968
36,276,897
29,236,582
314,845
246,988
233,546,629
498,533,838
527,649
206,588,729
263,596,603
617,884
340,474,663
597,712,848
393,675
23,89,623
391,430
520,711,933
108,962
313,572,678
234,978
385,635
198,230,381
129,701,911
657,722,977
203,801
118,195,995
258,636,867
364,907
817,924
698,808
261,592
625,638
45,377,600
503,753,860
567,922,936
252,419,764
448,998
73,272
203,371,858
167,221,697
236,406
157,456
25,64
246,290
262,386
264,618
340,758,810
424,913
290,357,851
218,568
65,197,751
121,176,279
142,977
85,407
309,513
73,95,192
37,972,999
320,373,955
386,695
183,485
389,899
71,537
230,582
107,789
773,814
708,753,900
272,506
692,800,840
3,726
171,237
367,567
632,975
556,634,710
239,908
762,1000
15,631
629,940
429,715,745
244,463
628,724
453,708,779
20,921
584,810
313,448
59,113,681
235,577
355,837
725,881,944
553,686
36,195,883
449,867,956
219,392,731
44,212,328
362,400,411
254,461
216,872
95,211,638
653,978
956,984,998
260,512
10,541
535,571
261,429
424,502,587
34,138,509
692,696
616,633,812
45,444
314,496,544
444,856
210,213,897
316,702
145,818
337,873
405,641
124,645
448,499
98,412
321,435
753,951
426,937,976
721,846
648,887
56,304
187,895
146,740
322,335,671
351,509
149,979
169,683
64,269,732
677,823,840
46,431
4,259,379
540,960
539,925
424,751
729,968
311,604,631
364,516,911
92,694
53,228,441
234,651
126,865
540,831
275,990
184,994
289,492
766,801
98,561
287,832
653,798
15,453
7,837
552,798
3,149,372
228,323,757
5,103
319,632
25,962
226,247
65,422,971
100,731,977
412,627
65,197,378
297,506
289,328
550,655,807
117,652
294,870
475,692
815,882
266,436,505
10,793,864
158,728
181,854
250,728
123,433
84,647
332,393,916
46,330
84,92,638
356,616,683
72,712,766
138,329
164,529
203,403
223,340
101,603,639
471,876
593,834,954
533,644
300,344
260,506
238,503,745
549,651,682
230,966
196,942
368,669,982
277,632,911
641,898
67,582
289,889
332,591
81,566
809,869,929
860,966
191,744,757
53,607
8,119
22,276,974
782,954
37,309,593
720,991
321,733
535,951
284,425
425,502,978
625,757
337,360,932
211,551
78,481,931
675,929
322,847
501,934
33,593
180,707,979
374,602,667
398,702
346,885
367,544
248,547
608,724
425,572,780
188,318
241,315
103,631,986
597,745,939
101,790
99,150,819
107,877
375,993
117,518,811
185,327,699
40,793,866
124,320
428,680,879
437,772
884,974
677,732
97,647
945,952
4,904
341,373
274,697,719
503,769
526,834
278,315,959
455,946
567,852
866,933
429,433,961
372,719,734
358,883
283,471,823
392,968
22,461,693
26,184,783
458,590
48,178,221
91,675
529,891
467,588
812,981
171,397
38,723
10,636,977
709,716
37,739
328,669
115,811
39,182,677
13,55,289
559,596
622,738
250,331
195,711
151,404,723
529,607,704
137,360,748
82,153
370,519
180,290
349,588,976
633,767
147,446
61,638
134,324,492
461,565,611
574,769
508,875,987
490,510
317,850
234,355
378,449
653,922
291,751
80,451
535,601
668,878
697,901
113,411,541
471,786
173,628
224,575,956
187,730
119,884
805,839
464,610
21,478
54,716
201,362,381
130,476,482
94,938
646,868
79,791
284,609
379,447
492,757,807
92,254
376,402
186,379
255,398
518,726,993
380,833
238,671
515,857
650,717
644,868
9,33,995
864,960
823,847
697,997
265,325,406
168,737
743,777,940
432,677
97,120,594
522,790
219,764,821
389,749,985
600,626,823
584,991
15,39
424,905
544,807,827
442,750
29,485,595
270,737,956
199,752,778
296,824
331,966
462,646
80,590
130,266
369,878
212,647
66,581,857
785,947
316,930
756,998
338,933
674,807,919
204,418,586
621,699
356,635
507,798
17,652,899
194,877
407,694,956
899,967
273,665
301,555
719,816
630,795
695,813,900
36,525
453,499,687
207,761
783,798,970
253,815
32,329,580
189,274,711
171,991
275,657,762
776,829
229,507,817
136,415
338,870
121,590
33,462
162,836
758,875
604,899
480,501
105,924
414,481
148,183,694
310,594
259,474,793
492,911
317,724,887
371,445,653
5,782
303,760
377,515,974
243,864
260,468
272,593
107,495
474,529
226,327
163,463
728,765
527,611
781,852
813,858
351,740
297,803
992,997
29,183
415,702
415,655,989
2,876
233,402
335,686
297,893,985
321,663
24,738
513,735
220,367,571
792,864,876
257,614
366,449
350,699
266,339
605,783
659,684,998
388,889
565,573
371,886
258,589
392,452
212,989
348,703,954
247,921
636,860
549,858,970
200,364,880
392,784
379,828,899
308,767,829
25,471
121,521
125,632
161,200,268
768,929,953
131,213
517,941
179,920
75,328
40,690
777,994
857,916
596,602
209,637
85,934
102,588
27,457
156,458
261,328
142,166,482
261,562
638,829
892,930
84,691
78,149,445
10,688
593,693,754
171,985
150,469
489,544,865
75,677,758
274,715
395,515
435,636,974
33,667
673,749
535,783
184,851
221,319
563,612,903
155,298
153,930
79,446
297,794
333,784,904
273,781,845
491,886
785,969
82,457
252,263,508
69,489
276,941
610,897
246,416,461
301,644,754
154,340
497,908
87,182,665
178,482,561
918,944
847,978
190,817
366,478,962
349,524
75,830
430,741
183,569,586
157,349,946
696,972
536,773
449,540
382,455
104,393,783
217,617,805
851,986
188,805
37,62
234,320
211,215
4,740
132,710
396,952,998
222,297,411
176,370
587,995
28,151
416,625,957
134,530
534,903
271,339,420
375,491
136,259
449,497
363,895
228,485,773
322,807,977
387,842
410,816
227,282,954
362,620
822,960
51,369
39,253
119,917
147,832
267,686
230,939
217,599,646
656,938
194,816
19,311,516
492,842
33,570
288,667
676,683,963
783,833
160,730
95,898
705,887
360,559,821
122,620
428,449,610
567,913
581,920
396,953
399,717,937
229,696
80,643,665
385,469
357,675
294,730
336,736,757
189,195
553,816,886
206,396
237,613,773
132,252
507,657
194,585
498,789
520,947
716,876
70,755,875
20,780
19,527,743
269,847
162,164
282,337
778,779
378,434
388,990
348,642
355,380
578,929
96,118,776
70,248
285,410,637
125,509
241,889
64,476,916
716,877
146,359,581
250,986
433,471,910
23,584
164,885
126,472
79,118,334
190,749
345,580,868
61,881
61,166
130,324,823
365,373
191,339
113,288,597
127,746,897
447,878
35,168,233
635,670,710
586,661,769
96,201,678
230,987
66,819
334,910,959
44,579
184,597
308,971
309,680,689
428,916
363,426,919
449,822,928
339,432,763
70,475
386,753,804
239,564
43,797
328,490,628
456,587
283,748
198,441
643,741
98,398,988
861,981
350,537
209,982
716,790
403,873
320,475,907
731,854,940
191,741
411,780,979
269,465,489
336,708
297,678
738,820,846
244,596,938
108,364
474,519
57,674
606,759,960
740,930
215,884
195,520
226,439,471
80,617
226,481,820
290,481
62,928
20,967
573,626
38,507
587,742
631,814
440,743
347,477
101,290
132,951
738,766
37,625
19,787
240,828
732,842
497,499
588,831
17,34,840
709,978
689,761
60,414
575,703,982
117,865,933
833,861
214,370
41,245
587,591
289,439
228,434,941
369,598,714
164,470,887
92,234,525
240,424,855
271,621,766
215,848
52,371
158,521,774
228,353,754
189,340,382
335,840
100,634
248,503
372,491,660
27,743,838
182,295
82,260
299,887
389,511
46,278,424
562,828
138,225
466,627,870
248,554
609,870
41,624
137,421
677,740
241,245,347
361,530,762
38,163
436,670
156,457,564
371,698
223,548,814
407,651
229,837
584,772
60,65,560
138,520,991
605,918
151,253
514,785
20,971
230,793
147,398
75,555
116,847
460,871
25,510,830
26,631
144,610
431,919
216,250,360
389,721
285,315
192,208,231
341,343
194,543,933
1,748,923
16,164
21,216,493
181,629
257,280
11,493,624
540,711,985
627,723
172,377
2,532,675
367,482
422,539
713,836
42,602,712
567,853
111,942
14,347
354,438,859
223,454,610
52,913
238,253,615
121,191,894
239,872
712,805
451,621,714
324,636
41,52,746
300,998
60,279
876,958
52,658
8,508,620
851,950
36,182
75,505,596
630,699,753
105,881
161,903
58,707
65,126
2,370,695
371,459,914
456,994
125,467,532
556,872
86,309
88,520,823
468,496
495,790
359,453,959
154,300
170,846
759,881
292,372
144,703,997
445,984
227,696,857
58,98,114
319,557,865
701,834
464,822
377,868
211,623
70,891
346,685
766,853
454,671
663,864
377,555,668
206,386,676
74,127,538
620,717
91,315,1000
169,527
30,233
47,601
59,298,399
564,670,961
370,904
90,630,745
122,401
236,248,876
8,777
76,855
296,554
520,620,971
346,691
135,609
649,922,980
3,198
836,908
393,479,624
154,253
282,547
602,751
125,640
85,883
25,617
672,716,945
183,623
43,418,982
381,383
400,718,736
220,392,560
118,129,369
319,565
197,725
246,365,601
667,897
380,756
524,645,791
37,593
808,999
283,624
265,269
407,494
56,978
276,840
190,316,681
6,13
10,199
32,412
534,836
103,164,940
624,672,856
634,994
672,751,964
16,306
111,696,843
425,707,861
660,821,999
3,734
457,901
217,890
399,582
203,405
364,949
444,684
398,533
323,446
135,594
141,308,604
230,914,928
347,642,728
221,418
90,868
313,390,667
429,587,685
205,219,549
342,354
814,901
397,884
341,811,927
257,785
75,336
87,720
133,926
592,722,927
8,116,406
459,470
321,532
815,849
171,356
153,520,807
216,696
304,918
83,768,971
814,916,998
489,665
143,299,698
183,689,766
305,889
177,375,432
638,892
551,827
29,582
195,341,845
236,809,901
459,921
188,339
125,424
601,698
321,570,647
134,405
595,659
68,279,819
64,334
95,307
80,514,920
154,876,955
664,697,806
158,694
221,639
230,763
263,276,321
569,579,584
138,626,876
462,560
128,961
57,133
322,886
49,915
469,911,917
522,838
99,416,449
8,644,713
241,304
137,300
477,929
209,490
434,827
445,545,565
60,261,585
399,413,946
173,543,950
232,683
57,124,668
773,803
101,623,651
450,607,836
90,898
473,503,794
56,270
349,387
429,981
280,713
133,788
372,438,554
107,628,629
831,910
80,418,966
83,441,990
780,849
702,964
295,558,980
357,382,808
646,692,942
702,834
105,354
250,504
68,380,537
153,876,938
42,349
129,373,749
205,774
268,948
886,901
590,613,911
751,951
123,682
174,277,741
304,564
743,993
240,260,896
194,829
384,405
421,429,613
131,217,964
61,560
738,971
202,486
80,358,510
123,407,767
178,544
105,177
365,925
136,318
305,804
2,196
565,888
355,888
497,546
56,393
816,961
235,709
808,811
309,397
273,322
112,352,992
47,123,456
187,255,478
193,557,586
445,830
23,237,365
59,618
329,765
11,510
303,360
620,981
699,871
637,669
136,231
555,778
341,416
199,609
59,213
424,739
469,514
30,234,817
17,314
423,546,694
39,571
609,625
41,201,474
294,866
160,263,958
226,665
200,642
729,948
266,563
45,270
445,672,724
61,601
142,854
157,506,857
630,638
424,680
255,961,998
820,957
177,510,756
185,602
489,931
376,537
107,835
218,530
285,773,990
747,976
766,868
125,494,559
85,238,890
167,696
25,861
55,483
392,702
287,996
166,485
133,733
233,457
117,420
185,298
675,929
793,999
222,277,777
176,960
76,536
442,809
457,968
223,302,482
463,719,721
90,186,600
79,419
295,311,967
991,999
102,352
663,996
41,851
352,537,789
20,634,980
106,316
110,603
58,248,844
417,503
364,499,812
123,174
27,798
549,953
50,519
339,496
232,509
72,700,749
347,631
1,385,727
254,463,967
535,562,847
206,863
186,790
198,374,844
567,656
195,451,477
187,419
187,746
503,505,755
618,905
650,676,713
20,754
626,709
328,630
433,900
261,956
140,542
211,361,757
209,259
427,832
91,379,818
652,842
273,940
571,976
755,975
501,749
308,958
99,857
411,673,875
181,970
484,813
193,537
161,659
135,367
259,832
267,917
229,546
35,870
335,510
297,793
353,492
78,430
21,652
530,593
139,548,801
431,934
443,765
926,935
10,106
253,645
630,646
383,688
398,399
204,730
566,626
26,371,558
60,886
516,942
218,465,559
97,774
369,387
486,877,975
22,108,242
415,887
595,887
786,886
229,278,419
26,248
279,571,937
744,963
562,945
139,706,851
193,556
491,697
214,431
241,328,814
213,651,726
418,917
128,245
787,826,881
247,884
311,494
97,346
20,472
663,985
521,876
671,761
50,332,341
102,733
176,566,781
283,350,871
103,785
38,624,838
20,365,872
47,851
196,506,529
713,941
180,382
20,169
24,303,819
173,353
625,770,949
187,455,579
825,995
185,373
46,98,526
75,163
847,932
85,469
340,436
85,233,741
645,900
3,138,891
519,596
830,916
154,924
735,941
269,874
746,879
291,328
124,997
416,537
414,466,870
511,889
28,639
234,327
170,233
345,495
450,714
44,304
668,700
404,901
632,846
200,606,699
310,920,997
213,256
96,441
241,428,912
42,489
154,349,518
522,883
690,726
121,324
684,933
241,245
158,237,832
145,504
802,877
26,451
169,556
104,548,809
148,943
87,459
390,818
666,777
683,710
612,656
450,712
292,396
90,843,848
66,222,815
425,900
769,822
563,887
715,810
218,924
87,411
510,905,998
28,93,552
116,262
286,758
265,924
180,604
106,543
87,722
55,98,479
349,438
91,269,918
567,721
62,668
856,931
318,721,747
162,508
358,792
55,874
50,116,242
493,884
450,503
794,963
98,984
6,169
751,758,801
383,609
738,921
404,876
273,811
318,394
69,314
638,752
22,909
145,310,351
172,781,926
313,627,763
467,854,890
838,923
318,451,896
229,450
255,276
189,260,432
11,592
46,447
439,679
208,726
447,493
315,416,832
817,835
266,732
407,728
199,453
520,674
76,109,368
160,294
288,904
199,785
221,419,906
100,628,737
34,540
709,796
527,546
549,903
295,427,872
485,599
467,540
273,811,845
305,502
331,766
384,554
387,428
244,283,901
490,993
313,515,883
246,646
246,739,984
130,604
163,395
752,822
463,637
165,517,913
600,929
592,768
675,696,997
185,275,467
49,290
99,659
87,824
256,928
94,582
483,924
722,866
803,915
92,176
452,582
191,368
251,363
467,686
319,465,658
191,691
46,200,789
734,791
206,760
643,720
684,776,998
251,568
159,468,828
659,755
341,877
758,959
203,592
410,759
432,674
205,828
98,120,139
609,926
182,406
174,845
568,643,951
480,627,829
368,370
294,866
64,419,611
183,703
483,885
754,803
186,850
431,753
141,897,928
107,668
82,351
855,932,947
219,832
126,454
79,778
323,435
467,753,869
425,770
188,712
535,978
140,252
349,825
104,397
473,478,774
480,992
355,626
143,271,708
24,53,701
22,414
6,999
160,206,543
287,769
66,976
547,640
514,895
58,445
23,378
139,155
532,866
89,688
690,803
22,92
24,491
772,779
711,950
42,195,792
214,937
140,519,567
231,676,708
332,492
492,948
198,406,528
143,965
170,688
128,856
23,290,929
306,320
149,153
135,192,528
255,278
184,768,808
321,513
8,949
567,719
301,337
323,757,949
256,490
296,622
589,886
143,412,624
283,605,758
437,594
142,542,735
231,914
189,677
591,635
291,455,800
166,523,784
407,961
220,542,606
310,956
21,877
214,469
378,868
644,725
841,972
634,676
98,501
184,548,591
653,869,945
552,794
51,328
122,684,704
557,699
13,121
819,835
428,707,851
521,555
48,389,559
239,698
675,968
187,589,742
423,504
117,807
149,588
649,903
567,689,711
422,459,743
164,222
655,855
69,496
15,235
362,651,887
26,256,970
308,1000
243,424,806
367,968
135,702
622,712
71,171
201,810
562,849
271,900
273,553,827
427,707
112,586,843
62,122,312
306,626,822
158,256,549
53,885
639,721,899
345,671
634,712
263,950
418,862
32,505
357,644,736
319,874
842,865
198,617
743,793
20,295,308
102,734
327,592,710
146,297,689
569,842
64,685,689
53,105
439,584
141,433,783
832,985
230,511,931
267,362
36,609
621,845
659,818,883
347,768
105,476
166,197
104,328
266,289
75,502
343,770,779
193,237
27,1000
36,836
409,730
19,216
196,514,888
279,452
127,206,733
377,746
108,682
75,290
644,723
146,296,411
75,203
559,761
321,657
323,890,936
204,645,997
820,975
104,248
43,783,999
425,703,714
89,568
419,856
154,294
212,629,668
29,720
413,921
12,103,999
16,744
623,943
645,699
63,168,253
423,556
235,807
242,504,918
312,990
437,444
801,963
348,889
476,967
522,548
131,700
421,935,950
236,300,922
29,924,973
58,380,778
90,400
369,383
133,813
400,462,625
540,720
55,148
420,467
519,859,877
177,800,983
153,419,653
67,273,878
107,212
83,463
663,740
279,688
99,286,851
54,521,522
28,530,877
555,604
341,488
303,428,842
948,991
828,945
110,862
181,611,918
140,923
174,438
66,886
38,344,355
115,194,392
109,705
17,889
475,951
116,992
353,417
498,800,945
191,880
534,707
354,389,664
318,396
143,758
395,445
23,408
126,751
111,239
57,543
454,821
468,603
68,99
57,148
141,725,892
334,552,659
712,866
209,237,332
626,752
168,492,502
198,506,939
256,988
779,809
347,811
3,824
742,980
706,805
162,757
149,240,288
148,203
27,228,518
382,547
155,445
99,472
182,420
372,987
3,293
146,576
527,645
493,1000
639,805
362,460
67,159,709
166,292
816,853
325,393
327,844
25,867
561,959
10,34,88
275,828
177,674
755,941
140,343,375
126,292,858
189,203
82,973
99,617,670
929,951
19,311
151,387,668
168,493
21,886
436,757
97,297
583,938
580,648
485,538,650
192,826
110,333
134,713
101,962
508,900
40,659
38,821,872
343,350
405,691
795,805
739,798
335,933,968
593,818
449,782
628,983
788,921
249,369
117,235,609
161,458,516
188,322,674
682,965
175,423
24,264
160,740,938
204,403
18,50,243
394,693
366,941
177,624
377,438,492
656,977
49,917
294,633,728
385,970
231,435,880
271,870,907
105,822
243,342,756
13,357
475,552
820,904
365,461,546
359,863
484,709
508,833
257,401,826
340,647
170,622
278,505
318,354
691,746
528,586,880
98,252,578
161,844
110,842
641,944
3,639,656
6,237
600,945
533,592
225,261
184,788
36,962
131,681
618,619
382,675
609,991
527,728
57,842,892
60,568
334,795
272,280
476,957
31,174,542
179,703
668,918
90,93
315,885
149,793
354,677,955
110,167,955
432,452
126,918
103,287,874
912,986
97,566
755,987
532,661
720,870
156,323,334
20,119
146,188
166,621
426,677
397,959
231,545,673
320,492
114,593,599
508,808
349,654
65,488,674
212,784,973
291,342
25,187,539
90,891
134,399,596
696,898
419,739
342,367
435,710,713
400,994
183,248
30,891
472,561,822
104,649,784
519,702
113,593
100,215
307,498
41,977
172,824
380,565
507,837
256,715
226,275
389,615,742
690,791
51,214,964
47,555,770
203,260
364,773
826,904
113,131
115,468,840
421,535,652
79,971
171,861
91,428,858
364,874
96,516
244,615
431,547
497,859
632,941,970
63,826
45,256,451
60,89,564
2,251
245,304,879
175,424,733
785,995
24,125
15,195
190,742
493,592
365,942
74,713,923
727,891
643,942
228,836
253,977
370,676
127,687
492,620
424,635
331,843
12,684
795,852
439,686
422,727
335,403
413,867
60,578,835
596,877
375,571
7,173,829
338,787
457,964
808,898
95,362
724,918
414,980
511,659,704
187,488
121,519,788
774,988
833,921
494,866
677,697
365,961
605,961
163,286
631,663,950
307,475,692
549,956
487,528
237,448
824,884
253,453,552
391,527,640
244,665
222,664
92,692,752
901,968
525,601
186,731
878,951
376,848
42,499
564,592
335,615,677
692,784
588,751
187,629
107,961
48,170,799
336,473,571
246,452
15,643
204,699,920
368,724
311,980
296,386,808
143,419,533
90,507
155,849
335,440,658
257,353,860
283,825
492,805
183,905
594,815
63,697
220,582
69,75,603
191,597,928
325,763
198,404,614
36,238,847
620,678
417,753,902
38,108
91,781
222,419
132,144
224,500
778,781
4,438,580
337,736
589,669,934
398,979
626,792
133,205,949
110,539,811
98,193,592
425,873
232,482,657
227,446
207,953
537,783
767,988
106,846
90,196,685
195,870
884,979
179,518,973
375,815
149,405,468
839,875
862,987
214,450,513
311,605
528,691
641,881
272,765
183,256,603
328,674
221,263,886
507,893
591,666,696
259,823
53,704
276,942
169,921
535,656
403,886
209,422
184,311
290,875
184,229,255
64,673,813
252,962
429,905
711,737,869
154,314
104,780,800
222,937
206,404
664,674,771
497,511,645
356,448
731,952
6,357,819
91,875
261,439
826,914
341,771
242,286,428
634,746
242,644,847
53,717
67,134,422
104,582
324,491
554,761
291,420,882
148,385,403
400,447,778
30,966
159,570
35,736
349,954
251,555
477,782
50,661
303,449,979
63,568
397,505
364,644
24,817
312,845
541,670,795
69,468,477
406,485,696
703,812
265,288
252,458
69,607
107,279,466
89,629
93,930
847,944,975
426,586,794
286,535,970
292,464
324,553,559
24,291
170,299
264,575
25,509,611
308,979
569,1000
676,773,928
459,680
616,692
169,755,862
152,295
357,384
265,557
456,493
604,758,809
762,780
137,593
275,465
182,388,789
141,195,392
815,838,980
215,928
305,400,713
79,871
253,769
504,572,854
86,765
624,833
333,671,793
752,870
782,923
92,215,325
149,494
111,595
439,526
32,999
327,889
237,407,730
302,355
611,815
430,537
165,441
18,30,674
342,771
248,526
4,181
18,494,805
218,674
67,590,898
405,436
321,955
117,654
205,671
234,746
117,623
257,323,706
203,810
224,322,811
269,465
573,578
476,598
627,666
263,989
7,79,390
174,492,573
85,334
491,972
143,789
345,577,973
367,985,991
275,952
1,484
306,687
81,654,729
468,587
105,985
640,831
728,856
122,898
853,933
295,587
13,481,719
561,668
791,817,973
521,951
224,268
179,884
390,500
550,697
46,916
205,750
347,912
405,948
111,549
692,812
215,804,966
165,747
714,886
129,303,849
705,890
108,467,575
740,763
360,447,589
294,365,844
362,610,890
834,904
102,554,881
639,867
86,487
483,550
173,710
655,663
242,273,416
277,650,684
349,857
128,552
204,526,681
100,956
739,743
813,974
431,544
248,256
249,610
106,395,585
38,404
70,281
221,917
22,724
127,368,610
268,892
195,372,577
21,956
437,694,974
329,695
592,675
465,734,924
246,724
896,903
730,999
22,789
137,936
160,420,616
122,751,800
441,734
382,887,889
619,741
261,399
71,823
628,638
387,823,886
116,352,919
595,907
305,401,987
233,876,891
282,444,726
11,611
89,276,823
659,681
321,777,783
505,823
915,969
549,694
690,986
178,595
30,294
390,649
15,941
80,531
626,863
66,650
724,840
325,772
450,635
137,267,481
177,382,493
65,488
384,492
716,737,878
820,867
303,796
28,822
76,209
196,963
342,377
20,268
359,684
288,810
334,666
205,282,799
134,243
250,349
160,393,611
27,503,520
529,745,804
350,991
186,254
613,767
5,615
245,406
375,532
274,538
83,480
183,569
428,698
832,848
253,857
21,679
580,887
446,772
166,845
534,669
149,560,950
506,708
467,530
319,403
281,954
73,375,792
167,636
302,688,961
343,605
89,94,867
71,819
478,723,998
166,761
705,774
153,747
389,554,853
206,349,870
212,825
74,458,947
142,235,314
176,304
194,288
293,324
14,131,162
91,168,767
101,888
491,884
310,786,882
438,443,978
426,814
181,409,873
104,946
604,798
107,755
21,673
32,769
121,627,829
368,826
567,570,656
393,782
157,587
32,509
381,957
270,769
218,310
279,882
48,599,873
287,908
375,429
12,212,978
12,388,851
66,635
124,228
609,617
83,212,419
202,320
382,939
748,787,958
206,985
319,367,454
651,934
171,836
450,680
36,620,627
261,810
466,979
230,607
491,531
51,705
382,418
297,714
704,773,894
344,703
806,822
22,71,998
138,371
439,443
301,964
84,768
26,152,433
500,503
8,217,626
470,883
490,533
645,954
318,332
422,743
136,156,844
205,604,835
258,334
300,821,998
318,332
280,394
792,990
192,568
325,360,484
33,483,982
150,273,286
517,966
695,699
303,676,839
313,324,445
308,724
165,1000
644,930
482,711
577,889
67,212,742
574,668
248,602
83,328,592
121,880,883
125,276
218,711
117,553
136,192
826,883
141,306,341
188,894
610,895,987
181,391
54,58,649
511,995
81,322
560,993
69,214,370
2,795
33,105,960
437,623,817
658,875
182,615
224,656
223,527
374,651
586,864,938
265,984
603,866
494,892
300,321,562
503,507,639
551,552,594
317,602
29,671
509,554,634
17,932
643,929
559,784
803,889
273,543
391,535,629
37,662,699
89,608
507,814
65,743
449,611,787
102,781,816
243,494
272,785
611,889
403,491
92,499,644
551,565
276,795
691,780
201,354,528
206,799
184,382
109,303,705
542,563,784
461,502,787
735,974
60,89
325,983
648,908
607,681
110,884
169,808,898
78,630
18,284
325,712,745
854,943
522,889
700,775
13,830,919
425,774
150,470,967
287,725
89,355,988
400,666
37,339,650
90,949
337,650
496,561
653,783
780,953,992
153,717
376,414,506
255,278,688
801,994
686,881,991
355,488
104,727,814
178,721
404,559
193,283
318,449
252,750
565,731,883
520,703,707
38,583
565,634,961
492,950
589,809
174,582,585
184,765
706,748,995
667,729,734
55,165,331
435,794
193,767
504,767
258,479,746
722,892
43,737
527,854,978
299,787,962
16,923
307,744
196,441
213,400,917
731,864
380,472
210,818
259,643
573,784
223,733
764,797
64,108
457,790
46,612,787
457,621
469,524
235,991
51,144
223,409,835
47,407,887
380,423,668
947,982
587,959
343,403
277,563
35,65
165,167
481,529,898
137,587,638
254,268
487,860
41,356,919
620,769
170,251
135,757
322,888
309,713
366,504,819
584,802
90,390
514,617,657
42,725
749,796,834
88,365
625,831
205,819
536,547
362,891
289,827
462,762
537,634
145,732
632,656,847
560,686,865
83,355,535
154,233
296,521,597
116,752,924
230,257,788
262,762,876
136,360,920
18,585
352,995
522,653
519,782
419,428
330,460,547
477,908
65,856
554,577
491,636
249,669,996
363,374,894
116,312
449,522,679
369,484
543,658
214,501
167,948
33,316
69,766
222,490
364,448
454,843
9,999
186,322,870
216,255,922
561,822
253,401,635
184,576
276,955
224,478,600
325,884
629,846
5,361,491
948,950
113,440
261,284
124,248
6,412
62,129
279,429,815
192,215,363
149,948
16,279
114,974
494,597
100,299
5,494
459,797
412,777
472,487,805
362,442
19,360,488
427,464,783
728,753
317,564
653,738
36,189,881
161,653
472,474,689
460,937
122,752
203,582,977
248,708,777
68,393,854
136,444,883
140,652
211,497
393,682,772
612,763
525,819
116,176
123,628
452,821
23,252,396
394,762
231,812
10,455
877,885
69,239,490
378,425,984
644,818
394,897
776,974,990
537,594
157,255,270
707,789
267,508
188,474,614
743,755
361,483
32,862
195,894
269,448
383,445,953
578,675,764
279,592,849
595,900
44,833,979
491,975
4,314,806
10,31
63,398
371,502,962
507,828
887,929
163,520,955
363,911
348,784
334,472
40,304
521,633
30,766
806,949
275,584
315,866
70,600,884
709,996
699,980
57,154
399,746
5,899
342,632,639
347,694
196,883
10,13,674
509,788
369,694
417,749,987
394,685,702
429,558
506,772
666,704
19,783
24,188,924
571,960
593,897
410,967
68,675
379,721
106,738
288,662,749
87,568,892
249,574
817,955
296,431,700
634,758
225,329
310,398,591
232,491,977
363,632
221,276,494
89,459
555,774,833
193,992
203,343
44,464
584,996
310,933
582,1000
97,100,459
174,462
493,833
71,636
475,573
401,494
404,583
431,667
103,605,905
833,956
211,635,836
329,517
67,677,731
164,873
198,717
184,893
180,300
784,933
73,569,593
35,73
319,710
516,705,989
204,586
267,940
277,826,964
306,481
56,329
233,369,516
29,950
596,951
241,504,782
65,733
70,622,902
274,663
423,688
43,306
312,638,667
65,537
165,961
459,980
628,688
118,796
24,806,928
219,510
729,853
795,867
234,784,917
573,866
704,910
241,691
296,523
505,770
77,528
731,858
223,493
115,245,497
15,541
433,968
14,429
46,207
160,584
335,439,567
215,885
154,392,924
642,713
700,975
369,514,932
66,209,632
341,791
437,840
610,871
464,814,994
199,276,942
411,895
303,506
165,294
43,349
116,438,468
325,460,826
227,562,836
175,774,971
728,995
457,886,993
568,935
418,549
52,228
159,626
44,790
766,840
92,211,386
351,367
415,699
109,165
68,833
217,703
68,493
67,122
126,870
471,916
717,974
601,925,953
278,787
88,138,720
574,633,644
387,700,892
124,144,900
244,896
91,471
358,374
431,777,942
131,966
20,38
141,657
193,546
495,641
207,397
6,293
4,320
55,519
45,493
469,745,800
263,933
18,894
68,278
274,430
386,765
170,390
482,496,656
189,708
301,437,701
300,327,368
775,824
585,705
170,502
35,595
594,941,989
422,564
170,606,733
145,968
931,971
664,672
107,931
125,388
872,914
515,615
347,371,428
725,761
283,391
114,650
180,438,841
246,613
697,994
140,235
768,880
135,432,596
32,339,349
223,295,723
991,993
456,651,832
31,918
188,681,855
168,434
509,775
880,975
373,948
96,154,739
762,994
802,972
101,853
345,582
274,519
469,696
177,693,860
392,866
299,382
547,556
92,915
425,471,952
216,355,854
539,726
199,728
217,514,620
61,917
123,746
554,742
403,863
264,513
596,617
156,644
69,163,375
545,919
523,550
246,270,315
389,913
292,988
35,637,659
455,879
114,573,712
494,665
329,981
375,828
25,503
341,556,702
327,801
380,737
319,445
48,996
144,437,829
731,876
1,323,779
291,380,831
429,728
730,829
74,519
531,825
415,704
207,706
359,499,607
182,254
180,878,943
96,812
25,258,893
20,70,305
509,718
629,830,849
208,891
596,615
89,407
122,431,947
109,569
33,299,315
273,702
157,653
520,720
477,704
354,660,779
325,796
253,520
151,560
711,726,971
44,77,470
418,484,919
560,740
536,788
707,768,829
523,564
200,607
254,567
179,325,810
495,613
880,883
527,544,582
298,911
683,828
219,290,299
467,874
77,161
689,707
9,47,488
705,914
539,613
158,447
468,561,771
135,740
61,97,860
100,414
600,710
539,546
346,577,838
194,340,729
459,837,951
221,440
425,874
128,308
262,656
322,859
300,952,980
25,651
462,599
717,859
117,481
96,627,898
180,283
468,892,938
571,673
273,491,715
90,235,484
127,545
808,940
467,684,815
151,353
130,160,361
193,355,397
388,407,572
220,609,853
296,594
491,841
378,535
128,362
613,779
95,350,689
455,798,980
33,790
145,576,660
233,569,595
40,48
801,957
385,733
233,622
320,515
143,402,411
146,475
646,946
135,895
360,622
85,667
556,750
53,839
185,938
686,755
100,344
340,354
242,480
363,569
715,804,922
162,934,992
115,274
356,997
175,317
348,413,989
237,784
27,318,991
62,450
185,773
274,553
93,674,727
73,249
380,560
34,106,791
171,815
434,887
419,472
276,572
134,322
655,705
329,935
332,468,876
389,510,760
13,697,784
946,951
547,809
304,459
39,92
793,933
620,752
375,572
257,433
247,629,845
113,372,466
11,619
191,465,680
17,508
567,823
106,831
439,608
35,448,780
11,258,555
20,564,811
255,428,962
590,635,954
370,771
92,784
111,333
386,981
198,515
297,765
696,769,794
799,824
609,863
920,932,989
157,612,867
750,980
172,866
122,364,614
531,896
167,712
202,632
229,735
75,622
232,328,803
130,289
356,528,692
895,926
100,312
226,621,700
465,505,859
562,797
583,587
625,757
699,816
544,547
650,906
53,111,214
245,410
4,247,614
15,951
362,472
614,951
180,314,965
378,830,962
1,683,923
260,440
38,207
435,529,643
278,986
59,208
465,665,742
443,1000
253,402,915
368,779
568,827,892
458,676
395,654
174,404
201,765,870
657,983
727,907
366,393
607,610,828
287,717
157,558
682,979
14,820
507,800,977
303,364,427
37,316
357,655
63,857,881
308,347
70,164
51,215
419,522
54,447
774,896,932
37,73,705
343,391
46,725
360,551,765
738,810
351,716
44,83
475,599
105,165,638
66,129,595
236,396
499,604
40,915
52,379,872
598,699
454,640
749,804
251,299,914
219,371,962
607,644
561,676
388,787
311,701
113,881
470,895
402,702
146,534,989
737,970
474,559
371,912
125,792
52,229
537,781
216,821
266,660
451,529
33,590
319,957
4,261
29,125
444,469
648,716
184,250,308
146,222
25,216
296,494
20,671
24,53,964
576,759,810
542,855
612,907
170,952
6,946
270,643
113,330
448,560
453,752
532,592
102,207
133,693
227,643,844
84,712
360,994
247,701
325,785
41,504,751
415,757,883
266,591
624,653
268,272
241,406
210,625,891
333,467,677
328,849
91,414
332,472
726,746
386,517
715,967
242,749
98,282,804
128,997
692,717
49,582
687,894
628,666
19,458,894
387,860,879
382,886
125,906
54,245,300
135,256,703
440,614
363,428
366,624,768
676,773
480,528
429,727,946
103,436,692
96,839
457,563
769,813
609,653
135,861
147,664
62,527
162,216
68,878
295,868
214,368,712
356,478
268,451,494
196,349,467
523,654,1000
117,476
587,651
286,921
139,219
666,757
514,981
351,843
25,450
402,755,911
180,456
597,645
215,884
504,862,918
57,200
301,360,460
218,306,640
560,750,818
289,996
382,698
459,619,698
126,608
532,673
119,508
53,86,394
255,311,715
897,975
217,690,954
184,728,979
656,676
27,824
471,510,979
109,829,926
190,596,933
64,590,902
369,805
323,687
386,393
261,300,980
334,717,997
532,632
83,773
85,726
106,254
254,631
265,538
285,501
8,297
84,319
316,497,902
145,584
5,203,793
183,591,924
861,983
239,353
636,937,954
567,958
409,479,671
42,494
155,899
116,258
232,960
453,497
130,847
208,265
44,495,507
351,729
182,275,577
284,373,467
15,470
382,803
305,597,843
181,887
500,649
583,930
612,851
287,323,937
315,380,507
81,495,896
252,587,670
296,550,810
196,413,972
387,998
248,574,990
371,851,862
886,972
31,1000
461,921
118,516
629,861
237,752
114,585
337,508
461,462
523,923
224,680
209,646
423,633
287,795
143,397,986
506,818,891
165,238,438
2,122,695
154,221
529,541,772
134,830
320,823
836,965
282,414
474,816,863
52,608
63,576
189,440,550
200,582
47,332
224,256,463
412,558,800
449,711
355,725
17,365,749
67,452
588,800
48,405
198,233,415
63,775
825,884
430,802
149,159
18,518
853,892
171,602
255,283
357,787
188,445
320,332
77,788
307,356
283,479,994
446,461,993
293,544,606
192,204
285,843
376,440
303,945
17,662,779
91,856
165,328
649,867
291,592
283,318
145,610,733
500,790
492,957
182,441
588,898
111,595,900
301,360
661,742
320,538
418,528
459,946
447,945
437,595
80,417
688,740
76,621
265,437
106,188,729
290,378
59,629
362,480,858
690,738
487,522
750,771
414,920
387,994
506,897
368,805
599,990
717,952
39,296
27,553
268,715
652,686
22,783
455,585
157,245,502
258,694
501,742
218,500
136,534
254,626,656
247,612
54,119
58,838
410,849
659,848
420,726
452,828
256,679,999
600,666,885
31,504
291,348
213,257
546,822
598,683,981
383,894
251,942
138,149,853
367,662,870
437,545,647
2,251
82,828,852
374,771
106,274,864
477,717
309,565
240,478,686
419,811
171,264
125,353
225,431,794
156,267,932
306,892
730,924
35,884,949
469,554
219,998
165,606
280,567
245,727
216,643
186,958
279,971
607,839
436,876
141,286
84,538
19,647,822
52,633
33,117,864
646,844
721,732,816
479,955
153,636
208,799,810
180,542,852
727,999
96,376
135,194
74,235
116,369
671,815
543,752
220,384
350,654,824
604,782
377,426
348,564
105,707,844
258,927,959
151,289
168,234,905
29,273
225,514
428,699
136,152
659,860,895
719,760
27,109,245
559,732
414,538
92,978
105,711,764
159,627,889
86,233,242
148,703
200,622
198,767
277,683,891
114,150
328,344,352
439,991
361,767
483,731
493,540
790,848
461,835
680,758
126,939
464,884
355,621
551,659,749
187,575
625,714
301,475,713
863,896
677,932
374,785
173,927
542,841
100,771
528,801
334,791
292,362
16,582,602
257,763
133,381
78,541,575
242,278
194,977
534,693
143,707
662,822
155,649,905
359,813,955
303,420
525,746
64,450
222,892
302,815
2,528
227,898
519,793
199,706
724,951
290,294,421
202,284,823
460,684
627,773,908
108,120
268,988
377,840
260,906
215,253,370
512,582
782,830,925
625,861
378,675
203,347
421,647
310,338
682,889
111,389
47,901
648,798,849
76,993
335,586
336,890
116,450
281,652,958
352,667,752
667,689
38,571
668,716
296,646
913,941
758,938
566,573
29,333,810
394,915
16,514,920
496,639,784
17,199,414
217,687,990
24,658,729
171,721,759
434,583,679
142,145,332
359,999
124,374
200,600,687
594,672,831
185,309
26,264
125,162
140,700
328,814
325,681
471,546
324,566
168,455
260,679
12,175
678,748
42,654
36,799
158,410,978
252,583,909
127,353,536
173,545,610
459,908
391,577,646
65,727
291,315
548,604,951
247,901
34,385
546,878
684,958
466,981
389,471
244,622
290,347,594
281,725
174,268
435,513,748
156,337
883,923
328,447,956
15,937
110,827,877
128,917
181,237,283
229,447,925
449,567
48,380
219,315
696,740
90,638
189,440,606
284,331,568
76,238,487
114,155
65,393
129,431,818
327,524
566,828,938
97,168
193,514
3,397
437,513
688,988
188,361,465
260,874
306,913
699,757
188,766
204,347,464
236,929
100,377
340,802
925,981
864,912
236,895
298,788
750,861
754,778
156,683
109,141
246,940
586,669,704
554,577,771
286,675,961
360,586
69,384
60,158
44,56,219
359,695,830
171,943
521,711
260,699
180,755
55,314,335
515,729
62,852
206,352
843,875
520,985
86,773
158,798
369,437
420,452
207,908
204,760
287,596
73,936
399,425,739
587,974
511,923
333,677
549,564
101,948
546,663
145,195,259
64,262
763,769
418,818
716,723,780
174,294,735
96,195,962
39,125,515
38,978
112,526,976
332,424,485
202,296
655,674
206,509
166,865,930
41,202
163,619
22,317,451
153,481,731
120,252,327
51,926
95,772,883
100,921,970
600,769
50,438,570
138,447
695,901
399,455
340,350,615
423,879
644,888
829,967
3,274,930
375,881
408,628
767,770
255,546,602
238,336,991
624,905
295,558
375,420
612,980
186,262,296
606,898
557,567,968
35,230,539
161,617
829,932
146,976
208,503
118,884
30,580
45,412
30,94
183,469,528
259,321,722
406,818
275,523,816
507,631
13,165,573
313,788,804
179,836
735,765
661,775,811
733,820
259,674,881
147,693,713
140,532
499,576,734
647,695
405,733
33,111,595
318,515,658
250,317
628,832
46,148,586
245,408,882
124,485
321,697
642,713,814
44,873
35,699,796
7,368
123,774
220,984
20,658,865
653,849,979
938,960
70,622
494,735,941
113,667,895
378,851
432,908
307,745
436,915
596,981
143,175,707
557,946
291,555,634
657,866,999
485,995
277,469
33,94,864
422,431,721
403,438,467
62,825
756,858
170,574
398,537
210,646
101,327
117,322
528,687,934
33,357
44,755
127,552
775,925
13,341,721
17,287,473
817,993
464,706
64,405
356,526,620
320,555
53,238,353
30,957
154,882,883
188,564
242,783
176,674
218,263
83,291
484,653
90,622
568,585
758,865
498,659
204,517,802
266,637,706
60,311
246,408,756
376,970
241,335,480
110,123,802
335,379,906
318,664
150,234
437,920
5,125,709
195,222
199,643,894
333,392
603,766,958
367,946
798,843
349,483
436,715
549,953,954
102,748
652,959
250,261
248,402
162,753
12,433
183,630,736
177,399
226,500,816
53,200
895,915
45,302,746
608,864
341,932
451,966
125,235,824
189,306,656
232,467,816
188,927
597,643,760
842,847
553,725
249,513
549,743
43,672,978
900,936
372,878
362,627,964
112,305
553,654
278,767,879
468,852
382,767,971
96,280,406
61,532,955
722,874
267,424
371,382,535
135,481
153,505,761
747,807,852
367,755
85,116
145,404
255,278
124,900
601,948
163,827,925
506,911,917
306,658
127,128,750
358,837
109,695,947
244,289,395
139,279
26,97,111
627,777
70,156,164
236,391
238,781,789
655,761
798,866
227,839
732,771,817
511,890
98,780
99,165
22,245,968
397,694
49,225
198,923
5,697
110,764,792
27,582,677
73,745
2,209,511
123,588
287,471
22,777
232,482
571,857
223,702
620,926
330,481
88,585,944
415,550,625
12,348
204,488
62,964
46,605,887
257,316
265,335,711
381,921
360,933
174,540
229,507,670
302,446,928
330,365
27,404
327,493,701
282,739
271,554,559
748,800
452,658
756,980
835,998
213,675
90,757
498,814,893
160,565
763,882
99,304,679
70,581,590
344,856
774,996
283,727
107,110
441,904
315,803
121,574
257,659,921
215,441
296,667
87,459,611
177,547,754
516,945
63,544
458,661
328,864
160,284,544
593,730,903
278,355,493
153,781
469,974
200,531
14,962
157,381,671
651,884
307,718
44,629,716
398,525
81,174,752
507,537
922,973
48,550
44,283,549
174,456,879
537,798
58,293
112,450
873,950
44,247
480,904
221,447
97,252
303,995
217,579,877
335,350,881
53,940
819,851
92,218
51,94,754
838,916
375,468
213,914
746,889
716,769
231,322,405
88,432,566
513,765
85,86,297
143,690
971,994
1,776
450,671
354,737
715,847
220,289
22,357,634
160,500,729
570,665
93,249,683
144,239
428,789
511,790,832
444,812
278,548,851
73,415,951
546,562
904,916
145,985
573,923
93,490
956,983
243,470,844
674,854
36,841
505,815
772,928,949
58,673,773
14,197,205
271,637
24,806,892
193,893,994
137,911
697,733
391,537,790
93,551
198,620,802
289,715
506,916
273,420
284,537
541,667,744
161,647,898
144,305
262,807
740,820,842
67,105,859
271,492,823
564,972
127,712
42,938
76,607
261,682
115,521
291,526
325,554
147,494
90,303,307
19,110
112,644
179,795
252,600
385,991
302,809
230,642,719
238,911
5,279
62,162,696
38,535
368,887
578,707
142,972
499,906
218,427,776
141,286
701,832
481,509,641
20,461
468,791,811
417,595,779
913,930
255,291,470
270,283,533
574,848
264,512
715,735
771,931
188,503
131,384,900
395,850
331,387,567
499,778,935
500,540,828
400,555,580
658,775
125,239
573,850
284,421
610,871
612,770
168,357,838
15,768,878
267,700
32,55,594
592,933,978
355,383
395,849,956
110,135,202
27,230
155,999
117,443
650,717
134,709
52,104,605
665,685
156,430
242,423
