114,998
15,240,883
632,784
12,957
578,707,763
148,296
85,640
300,508
313,771
606,772
370,507
573,587,988
22,416
565,904
209,518
492,608
143,299
366,378,401
296,326,662
251,312,354
435,884
478,939
628,769
694,811
313,625
194,415
204,696
295,563
807,898,955
212,453
239,542,820
71,665
77,504,717
361,714
126,279,947
330,603
253,980
125,159,986
243,715
235,746
87,786
171,564
367,981
222,357
124,632
26,245,560
13,626
111,526,907
200,876
744,940
514,929
31,693
460,777
134,381
494,553,626
811,839
333,811
280,613
196,499
436,470,672
129,244,924
475,780
770,930
256,523,681
205,640
710,773
84,90
468,746
324,741
96,341,657
34,97,137
146,636
914,953
72,749
543,563,902
375,629
64,476,952
29,673
330,517
488,999
602,943,992
427,499
121,197
195,533
245,745
228,373
207,315
132,827,838
254,334
649,774
429,659
529,958
250,328
280,391,517
77,309,396
430,619
387,628
29,92
486,616
279,536
85,323,740
34,607
179,923
63,113,515
287,770,931
533,703,866
421,773
48,575
20,1000
799,858
276,349
401,634
442,757
38,60,372
195,886
223,379
241,366,577
33,422,891
5,455,655
319,589
749,936
636,746
67,136,797
114,481,744
417,485
6,606
321,711
354,506,994
34,450,630
78,825
314,393,817
501,877
612,681,747
81,516
643,689
151,745
30,114,482
283,684
142,882
5,862
844,913
86,998
255,313,681
931,999
85,405
114,182
513,618,791
196,811
181,968
212,303,870
137,729
311,328
203,512
541,834
771,982
67,978
261,915
712,779,1000
724,851
498,647
117,582
762,786,831
1,168,414
12,436,938
431,511
389,802
330,434
583,955,985
48,490
50,287,315
32,712,877
678,745,822
50,578,645
251,470
363,671
213,691
61,818
705,850
176,850
330,559,981
2,357
152,624
264,668
506,557
309,457,647
178,436,646
60,313,335
344,712
11,49,200
364,465,977
383,488,527
67,73,579
392,979,987
58,744
845,907
288,302
186,362
564,770
312,313
324,522
299,807
5,163
137,274
292,958
224,456,535
198,296
599,618
419,874
333,553,685
395,927
653,756
303,632
215,530
338,866
215,680,914
612,684
125,569
174,405
506,548
653,846
291,989
31,310,634
765,892
323,659
31,524,913
49,781
129,802
50,374
182,223,892
39,391,426
387,684
178,534
489,542
493,774
244,622
295,496
432,664
307,957
330,414
477,789
210,212
468,938,958
882,890
260,272,747
347,492
506,733
191,728
37,643
577,646
744,776
568,600
412,442
346,865
335,459
29,69
809,899
385,416
513,577
982,989
23,99
234,291,463
842,955
411,937
414,476,914
271,650,925
215,610
398,410
387,651
782,844
35,52,167
516,730
687,714
103,847
248,972
432,546
266,648
268,491,887
68,715
103,337
407,430,841
101,867
118,150
462,819
105,966
159,170,885
472,637
135,879
171,579
425,786,979
7,149
800,981
498,673
365,653
598,741
255,940
160,629
38,342,690
158,263
322,958
195,284,798
241,488,866
375,653
961,975
206,942
56,441
278,669,944
193,670
828,855
266,522,889
99,823,880
79,85
323,514,881
510,534
352,605,921
354,796
291,739
731,741,790
298,885
499,592
85,164
154,482
354,794,802
55,67,261
461,607,790
241,598
28,725,753
595,774,802
39,505
414,514
488,701,768
692,775
32,107,398
122,839,889
47,185
228,266
309,310,855
620,912
422,634,844
83,953
637,937
80,496,982
163,579
16,27,306
786,843
458,623
751,971
135,664
491,890
155,193
233,339
328,609
253,368
583,585
216,231,500
175,319
299,964
192,336
216,409,801
483,637,765
291,660
8,454
22,316
408,721,957
80,108,403
137,986
209,681
413,847
34,638
269,307,354
3,469
72,831
172,993
290,419
40,445
392,796
453,769
221,675
174,636
48,431
21,86
145,270
169,203,983
339,729
344,947
118,256
699,952
19,515
408,919
448,879
377,768
495,558
306,687
833,845,890
693,883
258,416
375,421
277,393,538
194,609,790
135,545
580,809,920
164,227,603
371,579,664
724,947,982
30,186
39,547
467,633
344,953
118,671
132,677
177,302,640
776,888
423,514,770
48,137,211
117,267
601,792,913
124,624,722
13,97,825
612,646,652
281,399,542
268,859,921
137,752
747,895
274,462
386,717,901
979,990
375,440,534
130,136,704
337,346,994
21,998
239,681
526,863
151,610
71,877
824,882
193,272
415,968
265,620,861
111,776,790
32,501,993
605,922
450,939
367,826
186,650,689
613,853
403,869
847,861
320,704
433,992
450,708
199,644,840
8,159,637
48,680
724,895
265,766
353,713
116,435
182,598
61,478
828,940
645,772
91,158
420,555
693,913
396,454
612,883,910
687,832,964
524,673
491,516
846,978
336,799
682,951
46,974
185,933
485,745,820
232,240,869
159,300,498
7,741
33,95
167,730
203,263
137,943,999
77,168,638
141,336
134,241,565
711,774
445,670
679,984
741,920,928
701,908
267,656
201,535
294,526,838
436,495
412,995
84,259
663,670
93,939
431,644
100,214,990
500,895,984
430,547
103,561
460,469
171,416,780
391,562
347,617,777
911,913
145,538
178,456
653,896,917
580,704
206,738,743
79,565
246,263
163,922
29,889,941
535,595,708
223,277,732
698,992
182,708
395,783
204,679,716
115,376,640
214,248
817,894
561,594
670,819
689,887
428,849
352,770
237,702
361,492
82,340,795
408,494
7,478
55,102,497
205,795
170,268
477,649
349,731
793,883
108,412
377,489
37,113,652
286,349,631
706,819,877
738,894
56,358
494,692,928
720,866
12,83,565
561,591
214,723
291,960
20,170
172,359
24,147
147,241,381
111,365,463
319,757,930
233,581,729
497,699
306,867
16,17
382,718,936
58,116,624
108,399
524,637
260,673
491,794,992
7,927
688,703
798,885
823,862
9,822
523,737,833
405,797,940
95,276,827
726,882
387,656
70,854
558,737,943
676,683
289,376,778
238,408
414,639
293,977
104,974
95,891
272,988
463,596
204,590,923
24,693
454,772
54,689,708
60,848
892,967
313,701
102,298,913
38,878
255,811
14,157,314
176,384
301,519
164,837,857
681,723
8,125,328
2,243,806
645,745
234,281
10,212
321,436,997
366,642
52,54
498,560
378,525,961
302,348
476,564,705
720,769
114,949
316,534
90,368
226,487,491
126,430
141,972
411,976
142,297,532
52,305,629
593,745
209,702
28,266,400
157,300
687,970
710,759
283,921
339,692
78,874
872,955
154,843
629,672
309,775
557,629
375,600,830
592,634
488,624
408,838
173,336
378,865
773,785
353,394
854,906
696,727
826,835
591,682
365,913
488,554
731,883
23,406,922
387,440
129,690,908
3,688
170,470
512,614
258,421
116,252
238,731
311,638
44,461
114,919,962
400,787
848,914
84,615
172,376
666,877
14,180,851
360,629,705
19,174
220,480
239,939
113,801
36,842
104,288,967
297,849
10,448,820
630,827
662,738
801,848
490,964
477,885
190,362
394,914
588,973
231,782
115,346
600,629
433,776,817
301,883
284,454,770
76,248,392
330,965
407,691
558,594,948
370,539
4,266,284
80,748,828
569,914,918
91,890
612,872
979,991
453,516,536
87,411
633,696,848
251,377
432,477
237,617,690
52,531,707
57,606
24,659
446,702,857
468,558
123,204
126,775
382,653
218,889
718,825
620,715
70,233,306
499,591
760,976
559,811
143,382
305,791
11,551
280,917
178,926
499,722
237,714
267,834
40,499
185,918
465,823
78,500,823
832,846,984
87,656,910
435,955
6,491
531,973
453,492,675
99,105
513,634,889
446,687
66,586
44,459
572,829,832
516,908,947
28,295,817
716,831
214,509,929
103,989
150,555
383,988
182,556
744,813,936
112,806,816
453,805,836
369,478,606
335,407
573,943
26,766,782
205,495
716,911
755,768
697,855
298,951
589,676
121,625
252,676,913
351,530
21,799
754,774,973
389,708
196,596
633,839,954
56,521
547,677
627,940
124,932
35,816
594,995
121,960
14,264,687
388,819,987
505,883
171,983
86,715
395,920
56,309
37,279
423,764
446,695,995
926,996
3,219,436
6,413,469
866,872
116,531
232,431,479
134,374
106,349
22,290
718,758
44,204
6,55,420
60,553
123,255,584
459,859
328,489
34,391,398
232,805
340,352,924
180,409
439,830
129,360,664
635,808
204,282
192,237
229,804,880
195,512,706
341,597,747
465,707
242,285,344
127,219
570,619
417,800
274,352
238,338
132,573
517,545,853
484,609
582,839
101,378,558
307,600,862
413,909
393,671
286,413,811
401,855,906
260,439,781
228,277,470
891,937
138,381
287,569
387,751
76,384,573
686,707,857
182,478
407,777
446,938
438,478
514,776
291,852
10,483
311,343,376
6,449
184,268
185,341
57,159
332,633,642
213,579
220,810
98,387,530
88,247,266
93,665
146,778,837
595,912
532,736
153,392
605,742
116,607
202,315,920
159,704,724
69,265
99,718
251,396
657,832
487,569
103,611
852,973
396,881
114,960
232,672
64,979
584,687
322,713,760
79,133
406,922
142,591
45,403
4,360,770
621,993
314,738
361,861,903
488,728
353,530
578,921
316,862
88,144,560
535,664
112,625
26,519
76,246,687
190,354
554,960,996
249,738
458,689
304,783,804
421,524,929
199,821
755,792
413,576
201,539
620,924
197,245,844
159,532,889
248,347,892
812,947
246,846
212,395,680
203,663,894
581,755
7,427,609
620,873
319,416
572,893
851,913
364,612,616
116,410
21,826
193,675
172,707
542,984
323,531,902
100,869
203,885
327,785
167,721
57,690
452,637
158,207,770
876,946,983
572,859
106,229
47,255,695
251,384,830
28,182
30,962
147,829,969
822,964
334,997
192,360,458
429,719
576,772,803
163,265,307
75,287
186,459
309,323,547
331,858
185,692,941
556,630
421,816,986
266,315,787
65,96,998
97,676,755
588,818
717,719,754
668,824
15,471
6,937
219,816
296,548
62,141,241
260,432
735,816
139,760
144,784
179,406
507,906
107,198,231
497,675
433,781
428,594
273,859
311,431,801
447,739
85,94
64,275,781
767,983
76,149
411,496
661,933
235,778
39,617,993
141,529,571
285,491,926
80,235
620,904
796,896
877,994
119,739
623,854
330,706
135,222
321,434
78,534
8,458
168,250
352,887
469,570
238,847
166,739
80,828
347,617,958
7,211
33,989
557,957,986
128,914
374,602
747,988
389,642
253,870
684,989
362,660
25,610,828
55,159
74,511
648,710,909
321,883
77,701
406,881
522,795,946
211,313,956
332,969
504,630
14,850
297,864
71,427,739
298,648
88,564,764
236,401
177,218,526
288,481
657,947
122,771
6,188
93,289
345,724,913
92,661
304,650
649,994
53,151
380,656
529,689
338,969
105,685
225,467
82,113,861
47,949
415,550,560
34,151,320
207,764
43,548
475,492
658,949,977
643,693
123,648
42,442
3,638
104,315
353,355
245,598
441,477,576
218,865
368,442
406,501,672
221,470
299,999
164,187
386,633,664
123,799
221,382,969
20,439
366,661
29,717
758,825
581,793
725,896,904
314,693
778,849
50,766
29,948
496,811
78,590
224,540,601
550,922
3,256,656
90,494
330,935
617,637,991
741,796
876,985
22,917
42,875
467,722,982
162,192
39,835
202,560
183,246,664
153,592
635,665
110,800
44,952
257,352,909
70,788,867
3,174
803,889
183,842
117,430
457,996
20,779
404,452
587,836
342,612
432,719
199,336
208,357
277,487,837
132,281
476,930
195,205,331
437,675
137,769
47,73
746,856,958
156,208
931,939,952
394,720,779
180,461,546
592,976
37,64,474
75,672
79,591
743,853
146,927
133,478
174,488,827
652,854
719,891
748,937
56,109
650,665
276,479
41,117,380
628,822
410,594
390,509,697
258,366,755
137,457
284,352,710
75,867
65,228
213,302
23,648
261,900
331,530,771
115,887
310,555
468,511
44,792
487,515,968
696,738
292,436,627
159,353
314,411
690,741
916,943
34,665
56,67,712
146,235,554
531,604,935
618,881
327,411,588
21,872
250,281,483
133,685
628,815
158,540
426,462,926
283,348
92,754,852
16,750
101,186,634
29,576,937
241,847
95,126
148,548
702,706
192,647,648
26,358
118,226
795,844
204,449,579
696,790
539,962
378,864
811,853
275,349,756
588,906
186,539
119,789,993
50,437
118,858
144,308,914
576,644,826
426,445
147,421
534,542,600
88,285
611,646,647
304,918
801,966
742,850
141,571,844
124,177
657,697
152,793
231,505,758
179,470
526,947
269,897
584,926,938
549,773
473,538,878
3,656
288,811
352,948
236,279
529,731,756
339,431
408,914
314,654
187,957
61,986
663,888
79,555
10,323
638,803
264,536
35,51
47,765,929
256,324,547
137,804
74,330
274,420
378,577
384,846
57,103,507
88,249
156,851,922
30,93,749
127,452
20,528
3,84
63,461
58,200,556
509,904
104,105
158,446
690,920
291,910
440,717
254,502
232,823
4,152,478
792,990
376,946
409,465
317,512
192,538
216,573
56,649
716,881
804,813
157,605
414,605
415,623,929
230,643
527,619
369,504
376,932
525,817
155,647,968
278,586
544,750
217,640
689,929
219,227
439,516,801
31,655
420,422,942
316,384,797
613,812,910
629,914
400,662
74,91,371
196,941
393,683
689,849
585,718
316,840
555,863,989
196,498
378,784
419,607
751,795,995
776,959
91,540,894
38,501
200,849
128,232
604,647
298,473,942
704,921
175,492
95,132,369
116,142,701
149,172
75,204,758
385,512
13,459,628
42,600,879
452,656
550,745
483,704,788
326,785
253,346,963
347,832
61,254
457,717
12,247
182,958
14,869
4,309
193,589
382,459,621
297,579,659
81,178
340,691
111,238,274
864,899,991
9,230,472
620,765
319,676
448,562
36,380,489
57,787,951
137,467,649
144,911
356,444,590
531,915
425,564,913
49,612
13,90,651
65,640,902
133,196,297
68,541,937
688,966
48,799
125,195
150,333
137,433,926
41,848
733,775
237,309,918
227,505
302,318,620
20,402
257,720
208,377
210,226
277,737
238,311,383
335,364,918
46,922
288,555,775
245,781
707,867
4,629
189,263,769
907,942
3,325
95,313
235,732
38,521
204,335,613
139,229,683
374,617,925
530,784
115,367
419,658
47,99
590,716
6,26
711,996
649,754
40,132
292,412
186,407
187,908
211,665
221,514
141,618,863
968,970
15,628
590,631,679
145,544
114,824
288,534,644
471,518
425,531
106,749
675,974,986
675,696,832
514,919
304,322
168,210
267,550
661,844
156,357,989
632,872
782,854
82,456,464
665,935
361,821
283,723
641,642
28,523
133,925
352,470
369,870
386,912
12,244
403,958
15,591
14,353
505,699,968
203,956
84,361,868
374,800,809
880,955
481,545
443,530
208,338,936
131,730
198,243,613
121,396
406,740
210,286,436
323,672
122,808,810
294,731
142,882,893
249,475,983
677,929
38,335,679
343,531
843,998
332,492,999
331,715
558,784,869
733,809
83,231
376,832
281,892
260,478,739
400,770
710,965
787,848
307,757
60,512,692
274,848
133,967
226,650
118,550
155,763
214,809
165,698
117,278
79,398
30,908
787,788
148,516,914
189,518
163,563,736
379,528
304,334
119,701
222,622
155,390
873,993
106,372
410,527,956
383,584
239,835
311,415
699,742
44,140,283
232,994
45,787,870
172,474,931
385,857
121,393
677,947
558,705
297,954
333,456
403,873
107,466
838,969
364,681
58,210
390,771
95,282
148,335,998
426,766
18,739
596,989
536,588,828
258,972
281,569,607
523,822
197,620
150,961
335,681,769
648,986
154,988
110,373
83,335,556
61,376,758
249,773,830
339,590
128,430,786
459,630
302,958
387,612
52,283
68,830
284,826
161,478
150,566
178,702
240,547
143,661,803
255,437
29,254,623
219,263
182,725
310,362
227,579,928
37,95,291
585,960
203,261
6,628
183,306,483
432,545,650
168,879
54,669,732
900,917
591,916
67,284
96,196,302
235,458
640,896
137,925
84,498
630,824
279,614
52,565
192,213,960
154,612
15,577
266,418
230,329,959
305,869
639,970
401,484
219,906
423,788,977
139,334
163,983
95,359,459
78,603
187,619
160,676
108,392,622
39,335,769
405,930
117,546
112,923
549,887
361,841
8,609,686
133,843,863
88,998
107,664,669
837,881
225,771
431,471
287,928
209,724
65,342
86,306
283,926
17,874
245,354,516
509,649
351,926
197,501
13,312,478
177,907
579,737
586,746
361,427
95,116,825
173,615,665
339,686,745
101,380,855
123,714
649,668
255,317,355
813,941
447,677
420,475,536
740,810
279,522
548,677,853
438,798
113,195,318
362,617,679
192,951
726,733
509,968
355,373,539
454,810
136,263
159,540,921
336,603
152,658
150,646
756,890
757,927
196,345
155,816
216,303,472
60,515
596,628
327,661
16,486
169,926
272,957
518,904
352,909
791,962
287,785
313,999
348,669
396,601,700
80,841,999
137,932
120,491,583
23,328
847,887
178,841
362,451
507,743
5,458
169,555
166,198
488,975
69,278,513
145,785
403,926
235,429
533,550,847
140,985
65,646
222,828,909
63,425
675,915,930
553,932
145,194
430,554
493,766
246,358,780
573,640
173,818
728,736
55,774
39,626,698
471,787
220,434
367,442
228,498
466,704
528,539
195,624,983
306,917
758,762
402,451
4,473
317,513
282,889
723,992
827,833,932
32,67
699,844,864
128,856
29,610,818
85,622
347,936
290,748
206,310
38,484
152,812
706,851
18,371
263,865
310,906
481,650
107,511,883
122,210
25,79
10,224
89,472
724,930
339,805
248,777
151,213,558
128,774
322,593,644
363,795
22,509
329,463
494,877
507,973
463,754
87,236
613,850
133,822,975
640,775,963
310,954
12,43
145,603
429,853,906
470,745
159,303
284,371,757
15,532
128,622
202,443
590,833
263,438,800
212,437
341,493
187,269
432,559,754
32,414
366,661,665
209,364,488
101,104
700,912
186,241,800
103,861
16,880
268,442,868
266,300
217,972
97,531,626
402,664
177,592,743
368,914
543,600
263,664
129,307
402,955
703,782
686,767
394,660
259,641
273,884
509,803,927
12,144
615,729
304,332
315,460,777
3,335,728
756,910
133,287
207,371
23,158
253,584
104,240
280,537
89,684
42,719,891
136,568
403,744
726,754
260,363
573,835
334,596,917
8,519,729
119,953
437,682
628,992
560,978
137,799,960
80,645
695,992
556,594
373,753
71,346
808,823,851
53,439,630
143,906
820,996
481,577,821
714,725
172,324
243,714
238,597
173,695,836
11,286,363
182,474,947
303,700
489,698
156,229,896
187,922
57,312,806
262,391
79,366,555
14,131,468
92,147,492
340,710
349,785
191,859
449,708,846
473,947
39,468,945
296,699,717
270,866
39,274
288,939
854,955
348,608
102,205
188,505,728
91,305,658
184,190,327
320,675
247,512,550
169,421,835
98,493
534,545
170,757
114,374,771
891,962
28,247
433,670
102,337,741
594,863,989
18,267
89,670,836
618,891
307,509
54,753,892
610,949
322,954,981
247,867,975
30,366
239,507
757,762
29,625,865
203,465
211,1000
668,717,813
689,711
39,149,938
454,897
513,699
798,909
103,268,315
310,580
381,432
522,846
36,259
191,210
16,127,178
510,967
205,221
295,787
646,652
61,950
456,567,857
266,783
154,565
764,851
267,473
48,952,955
471,731
783,785
455,609,978
25,127
715,735
355,662
518,567
21,477
769,982
91,550
494,672,698
713,775
61,535
15,516,718
103,434,599
377,729,785
862,935
626,677
7,296
156,611
163,550
628,960
848,904
873,906
297,610
75,614,767
313,680
611,815
477,766
666,1000
64,471
221,371,714
184,549,823
707,901
88,212,241
71,471
87,379
213,336
390,840
379,432
325,349,579
434,815,950
15,95
618,861
823,913
121,781,799
417,657
148,879
70,430,764
226,844
205,765,942
401,950
634,892
443,630
366,697
559,793
247,971
18,155,376
302,545,803
506,781
290,487,754
188,968
573,898
128,634
24,155
52,524,858
210,387,758
479,778,930
75,956
208,907
273,430,782
394,984
67,484
169,838
204,413
61,79,646
243,265,567
130,634
400,743
101,979
2,664
91,388
431,616
548,843
334,781
133,921
93,298,919
420,508,655
719,875
429,489
385,857
476,480
260,977
537,887
727,879
591,844,973
87,914
243,696
321,697
382,458
32,188
307,829
527,996
276,630
130,874
253,358
234,881
18,651
540,757
386,665
57,201,918
133,865
701,794,836
462,709,870
120,480
392,627
63,240,827
395,494
158,267,368
335,603,664
437,465,552
119,128
235,636
72,576
595,895
448,533,971
354,787
527,632,716
122,139,185
4,249
460,586,961
597,726
636,879
43,598
567,983
232,730
175,454,635
16,917
348,927,998
192,350,484
71,329,656
332,389
218,455,554
132,179,561
332,493
13,342
133,668,889
391,946
400,870
756,865
294,993
388,633
451,845
952,960
104,137
782,805
49,126,438
58,128,987
124,734,852
200,889
70,284
141,896
628,723
38,111,118
351,459,612
276,703,716
251,550
355,457
148,238,761
469,843
12,915
127,954
775,904
27,287
170,203,250
281,951
202,555,692
304,548,597
489,985
176,381
392,434
177,981
254,806
414,508
148,226
813,933
264,861
674,873
58,290
183,930
4,159
633,665,905
142,652,890
162,519
208,339,598
89,99,391
49,931
38,410
21,742,878
276,343,628
117,774,869
612,697
143,354,557
221,284
185,272
12,854
927,979
78,991
143,300,974
734,836
82,129,270
129,867
78,306
294,485
96,189,660
175,249
240,637
868,919
236,835
291,427
208,821,994
350,658
172,262,638
16,451
359,669
128,268
130,326,466
216,978
66,130,780
280,354
215,237
472,584,767
757,843
114,583
456,473
359,478
114,550,630
180,319
70,337,712
835,973
112,477,969
860,931
266,932
314,538,586
115,790,972
595,597
247,318
41,72
180,875
18,819,824
69,861
147,594
75,615
310,499,571
158,500
570,831
101,499,903
674,763
464,854
115,507
374,838
69,100,355
683,853,968
277,867
484,515,737
91,600
4,395,798
227,255,534
171,888
179,381
120,488,701
378,841,925
631,670
587,783
691,986
410,455,882
476,620
547,621
9,37,106
205,219
173,742
195,601
550,729,874
187,255,810
300,614,774
330,687
305,979
54,828
211,354
809,937
119,503,859
84,247
456,659
569,847
200,383,1000
412,531
119,700
221,860
247,385
534,837
206,270,951
507,526
327,742
270,786
9,36,262
136,675,945
14,605
762,913
27,243,502
517,569
134,244
624,734,946
111,416,620
470,710
24,221,579
189,329
465,515,797
189,525
393,901
724,951,974
75,872
78,261,986
141,237,612
58,368,616
76,610,963
695,964
29,87
249,400,505
396,421
464,757
346,826,838
190,901,930
491,545,778
514,902
82,642
416,510
52,88,736
263,727
395,520
360,904
65,389
758,937
494,584
6,23,116
684,824
419,729
137,624,678
200,271,286
417,636
112,128,855
493,570
296,493
59,685
333,368,482
85,897
104,378
302,624
757,965
462,652
205,783
153,717,944
273,572,660
339,815
584,669,736
841,869
398,479
210,324
333,335,626
333,816
190,314
54,461,963
364,459
81,270,738
348,855
228,436,983
195,615
195,752,851
343,794,802
243,806
130,994
239,523
800,954
263,630,895
272,439,819
506,747,934
85,305,623
288,331,736
107,587,957
313,419
11,312
223,562
282,501
559,741,987
21,555,743
304,525
613,999
375,998
148,827
221,937
352,949,980
219,710,721
138,896
576,776,911
613,922
404,550
600,929
21,33
241,648,719
212,312,666
115,837
117,593
438,837
395,571,781
312,488
154,580
813,948
99,290
40,183
338,499,599
122,473,677
119,787,932
66,594
561,760,853
466,475
189,382
172,322,491
149,450,632
267,440,874
518,711
23,806
170,551
476,880
110,791
93,746
87,593,789
237,375,605
770,863
214,322,521
458,921
81,595
399,542
326,680
815,853
567,729,810
205,475,881
14,161
456,966
543,608
107,359
523,789
42,360,497
283,632,651
139,808
26,926
579,792
138,410
218,942
424,584
22,954
413,744
170,352,633
433,987
140,569
353,687
9,422
45,138
43,729,773
3,486
1,112
118,391,934
210,680
387,414,544
820,920
204,262,369
444,471,898
399,461
60,379
375,633,983
571,745,923
213,725,925
428,928,962
89,706
191,330,661
241,561
110,580
213,555
30,941
522,590
896,937
266,974
406,550
396,470
569,679
25,998
166,807
439,567
363,773
546,561
59,682,964
453,852
668,875
582,776
122,338,740
578,862
403,496
565,688
27,246
52,206,552
201,753,775
771,774
25,81,577
213,393
341,967
122,591,889
698,796
389,628
407,468
333,684
225,421
10,246,851
410,542,660
177,201
738,855
380,608,933
488,807
822,953
34,891
143,283,864
582,967
154,253
360,664,939
343,415
545,935
274,694
136,342,835
634,774,837
170,999
123,686
87,109,776
624,871
294,823
455,695
446,770,840
486,860
178,348
158,751,921
272,634
37,356
47,902
621,926,947
108,151
749,998
274,796
82,603,705
75,711
199,813
286,302
730,886
118,868
3,799,953
143,853
206,637,940
579,918
23,812
298,972
183,333,805
61,299,498
326,601
204,472
577,990
653,809
188,594
578,768
173,899
251,508
456,647
324,614
535,803
16,508
278,410
792,908
37,875
39,363
356,484
390,683
13,71,359
139,342
305,929
53,116,787
77,279
120,265,445
687,786,826
197,308,794
257,466
24,100
583,992
149,383,613
219,224
623,924
292,833
408,841,995
524,892
248,599
646,819,981
274,883
40,996
517,621
859,883
196,374
37,739
87,149
378,434
654,794
57,843
76,668
821,838
205,377
246,249
916,999
19,44
77,123,166
852,943
196,661,976
617,674
265,502
60,787
115,252
189,248,432
510,682,886
524,893
658,893
903,981
378,402,624
599,832
389,687
493,890
63,882
490,596,652
408,462
184,221
735,855
177,495
241,577
154,432
290,651
168,505
451,889
124,646
679,841
305,480
236,301,510
14,396,984
213,288,853
550,914,984
645,668
239,782,845
455,726
213,979
108,776
65,286
1,436
485,707
93,972
159,385,881
273,442,556
38,344,690
440,760
11,13,992
260,370
557,608,981
237,634
146,595
271,398,953
193,659
559,864
694,878
176,666
64,505,596
219,802
316,680
233,963
644,986
286,856,896
122,668,692
379,733,905
250,505,782
66,643
289,853
51,598
52,382
110,717
17,403
405,504,537
167,550,773
368,431,523
121,675
95,170,627
245,324,651
399,702
394,632,911
60,713
391,581
646,981
619,854
599,691
675,970
553,794
644,720,921
245,359,570
347,950
552,758
20,26,781
692,704
268,509,673
253,810
665,903
234,416,995
7,885
169,306,552
6,200,274
154,454
366,908
327,472
534,705
181,455
709,912
26,500,956
254,459,474
52,245
715,830,924
400,406
83,385,715
430,871,883
139,497
460,558
500,720,931
378,896
139,772
546,950
311,660
521,828,908
64,113
545,925
806,968
541,934
352,911,977
383,985
588,594,809
527,701
38,211,613
91,606
758,822
338,797
132,583
484,575
75,590,883
290,678
400,858
417,732
530,900
762,893,995
467,716
468,747,935
501,849
197,947
38,629,822
49,51
444,626
506,559,784
700,984
199,379
287,919,972
326,737
12,205,648
53,572,622
635,994
111,492,581
9,398
362,518
235,909
266,729,792
788,793
487,826
92,640
590,799
640,649,969
163,475
366,389
319,340
261,759
376,670
203,550,906
443,616
248,937
559,653,783
498,557,653
405,479,962
211,551
180,723
91,263
394,952
88,756
561,760,982
14,247
525,688
745,993
155,410
394,920
501,587
163,328,331
460,594,699
126,165
289,816
187,473,629
562,579,873
183,388
493,541,864
388,454,986
124,799,955
240,953
76,92,610
228,483,533
592,889,908
157,780
460,839
595,620,936
460,950
27,132,380
606,625
97,876
121,317
21,62,644
482,733
71,742
193,454
711,765,964
230,767
678,948
141,826
146,256,890
750,904
521,972
389,526,815
739,870
834,986
187,364
961,1000
64,958
103,245
143,634
464,478
132,826,890
503,576
255,798
701,943
400,894,905
455,720,803
653,849
676,868
258,875
140,506
113,424
265,847
222,638
288,592,714
223,471
412,623
931,989
296,791
279,985,987
438,535
215,841
322,843
598,842
283,303
496,644
233,981
266,574,704
311,782,940
96,354,775
11,28
195,749
403,445
168,202
270,802
601,717,842
164,797
369,893
2,515
336,661
38,111
79,851
62,112,117
659,926
118,622
776,787,795
184,243
239,683
131,719
64,200
17,429
106,891
316,897
274,969
115,411
47,704,971
115,206
554,746
293,518,903
82,406,437
834,957
193,306,395
31,980
152,756
844,894
121,509
577,739,867
92,449
315,497,998
387,827
583,815
253,463
639,702
365,812,992
529,799
432,575
446,924
236,877,924
595,980
405,710
54,333,362
659,781,860
788,920
478,711,953
18,547
492,821
412,799,859
749,866
338,910
79,242,387
198,382
544,584,638
56,69,96
226,587
202,477
126,471
208,480,851
95,484,930
364,860
784,822
483,893
307,991
19,22,470
767,799
51,534
861,932
374,732
769,951
290,714,814
441,481
88,171
547,626
521,575,647
377,531,893
67,846
186,482
852,867
425,810
189,333
614,819
297,724
142,436
247,854
560,797,834
217,457
239,431
102,890
598,821
153,393
21,294
89,534
170,560,922
266,817
8,249,909
178,371
266,683,722
11,769
322,941
665,843
36,60
681,962
210,454,941
91,102
383,864
153,925
316,774
132,369,741
359,505,994
405,516
137,210
27,102
368,447
369,848
437,736
179,222
618,843
161,606,675
20,598,998
709,997
130,399
132,596,693
369,486,622
46,225,402
737,759
90,356
50,525,539
30,374
282,292
46,320
555,777
29,184
236,987
624,681
282,860
509,620
156,367,689
760,909
154,208
46,258
86,400,773
16,131,707
194,867
315,595,954
596,803
152,535
416,701
544,579,995
209,392,660
242,504
522,822
463,758,785
216,523
33,843
402,802
44,698,993
525,780,883
24,446
201,300,927
181,327
378,645
121,227,600
382,835
505,587,612
364,807
140,574,941
216,443
166,199,442
403,725
575,600
97,276,426
73,342
428,801
640,775,841
136,752
30,640
536,834
594,982
582,935
832,907,954
68,572,715
162,505
210,262
638,951
83,324
139,771
254,443
228,419
141,874
248,348
498,779
239,484
368,621
469,551
206,936
303,843
197,240
354,865
917,966
170,384
111,285,579
60,172
107,168,710
194,258
266,552,562
61,272
476,668
114,804
218,425
103,828
294,749,854
504,718
118,722,856
518,972
1,389
400,890
62,777
564,601
47,413
382,578
322,920
199,626
490,723
80,363,771
130,157
232,822,890
58,583
223,633
66,709
33,741
332,505,789
26,718
419,977
238,472,543
11,479,530
108,334,884
184,562
779,781
211,801,959
110,618
358,640,653
252,888
334,408
99,163,792
296,393,527
482,793
128,202
48,627
225,510
37,477,925
508,549
123,657
215,275,364
594,727
157,472
241,560
241,599
375,780
803,982
160,602
138,514,742
291,681
253,690,795
231,595
131,179
12,102
340,601
546,782
538,913
599,842
89,259,473
410,861
1,646,821
70,671
58,386
591,649
836,991
344,468
34,479,859
72,591,981
463,541,773
263,792,971
225,498,924
622,772
641,821
686,788,834
736,851
261,757
191,820,849
117,294
100,340
238,819
778,857,889
175,510
36,590
656,681
430,815,824
121,541
492,528
869,944
722,871
339,832
528,604
149,239,916
235,436
14,215
260,645
106,356,478
252,326
177,389,679
160,523
361,996
100,380,772
88,970
577,648
362,754
385,627,650
444,813
26,445,681
128,292,364
109,633
981,988
196,346,497
379,417,434
34,607
698,701
142,630
386,580
390,640,768
120,812
146,227
14,961
174,395
111,412,652
334,438
621,876
749,803
81,226,842
38,786
474,660
210,312
182,214,535
580,998
643,923
147,565
244,996
491,755
171,221,676
461,784,855
529,772
34,301
129,373,858
215,923
92,266,417
297,937
752,785
266,543
703,872
678,722
751,962
268,618
266,971
422,679,831
161,193
62,301,987
72,924
111,979
17,188
198,870
503,511
793,930
38,64
326,454,765
448,567
175,942,978
308,861
121,705
378,566
72,978
621,714
141,597
671,765
262,664
781,900
211,593
305,452,738
180,434,737
204,375
341,625
38,324,877
693,876
112,147,973
225,567
7,49,258
296,863
162,854,987
310,610
226,344
42,865,982
23,539
88,120,420
442,636
303,324
127,225
620,859,903
129,263,980
42,507,592
616,959
309,717
28,991
589,648
231,573
615,665
329,786
140,793
464,568,901
938,946
447,620
218,374
225,587
372,995
165,398,750
91,620
498,615
271,701
379,920
160,414
412,955
180,991
348,657
800,905
635,898
505,530
149,487
58,359,630
83,352,757
362,988
233,801
311,317
538,870
237,850
459,955
535,576,821
231,872
324,745
611,674
12,732
130,340
39,497
137,628
204,684,764
544,995
127,770
620,891
211,583
515,682
702,890
263,406,537
337,372,564
27,367,826
223,235,355
365,940
230,679
6,393,810
45,690
224,647
649,671,990
147,161
434,651
169,707,753
692,921,947
78,894
97,445
339,556
701,898
94,755
680,735
570,749
187,902
287,634,832
456,731
635,657
830,900
628,906
60,906
68,661
181,353
488,985
477,967
52,867
144,846
578,735,737
450,692,731
2,750
795,799
396,560
157,498,524
301,368
301,480
679,829
123,250,291
373,546,920
796,856
154,218
389,668,988
273,558
440,446
55,983
35,563
213,711
396,430
452,484
85,137
344,753,894
498,928
286,353,693
207,757
13,551,628
64,215,216
156,873
434,634
342,472,793
50,905
4,301,812
390,958
161,800,982
680,723,860
452,585,950
512,685
398,793
525,717
608,650,853
191,461,615
75,891
326,358,833
519,676
323,474,864
582,806
411,422
255,263
136,694,735
51,160
360,917
254,512
62,969
60,412,504
815,950
290,538,825
279,910
490,606
479,684
170,384,514
365,910
20,259
275,734
121,391
448,663
25,440
755,886
261,621,992
317,939
47,327,574
74,399
342,510
303,562
48,825
511,651
193,970
288,888
103,726
507,594
411,865,875
341,989
749,869
90,335
457,485,594
19,419,721
694,792
1,509,565
351,474
274,793
50,247
388,605
91,489
647,874
337,708
117,185,713
653,787
448,788
285,402,434
569,634
81,315
163,464,866
3,404
107,630
168,745
341,775
801,927
145,342,729
819,829
415,780
57,611
426,626,793
24,583,888
120,226,398
161,626
687,834
762,849
783,788
194,301,784
105,319
24,724
177,520,539
257,690
866,882
362,451
323,750
356,780
599,841
190,615,971
202,821
126,397
847,908
484,858
314,543
9,793
93,127
63,631
120,795,822
153,610,998
128,339
350,902
120,567
773,881
659,788,995
33,982
243,452
55,708
566,718
419,643,982
356,436
632,645
536,635
887,903
1,590
268,907
569,831
733,828,989
385,606
289,887
537,920
144,929,933
134,413
960,964
516,627
186,494
492,535
434,941
475,792
6,894
769,852
412,504,587
150,696
73,618,892
200,445
69,205
406,707
31,373
340,633,724
50,727
286,356,686
101,104
313,794
46,959
22,384,423
526,758
490,759
461,519,938
352,553
243,475,687
143,435,707
2,483
109,747,909
161,675,808
649,901
596,818,935
247,273
414,437
418,513
153,293,485
786,856
77,215,985
287,847,967
184,360
101,389,803
239,294,799
145,884
59,863
713,867
23,217
195,349,605
40,461
146,374,518
205,898,918
169,864
162,466
371,995
376,650
133,272,704
264,562
201,763
68,651,993
250,886
603,946
402,560
97,796
60,288,937
726,954
419,635,980
156,702
567,716
389,756,866
211,270,907
781,991
688,991
487,489
96,459,765
16,755
734,848
457,565,949
6,125,962
580,699
23,458,797
444,817
381,552
525,989
59,130,890
435,994
128,657
535,747
219,802
306,770
496,571
331,361,841
178,258
248,682
166,670
55,404,473
602,758
531,609
149,779
348,521
841,855
168,728,959
503,769
206,264
21,318,721
218,818
607,878
529,736,972
376,989
439,731,911
132,200,523
322,479
592,904
544,715,957
469,833
67,483
647,825
17,930
234,949
216,725
291,617
360,682
153,501,852
319,927
84,416,879
766,969,988
183,769
256,671
157,752,773
97,702
138,252,785
232,614
35,439,968
335,897
78,284,423
532,820
987,999
122,336
165,463
80,146,641
209,581
122,273
618,748,777
117,521
554,693,985
231,720
258,500
236,304
504,756
180,700
230,368
310,916
361,558,634
383,516,590
63,409
168,686,769
817,843
166,900
304,412,538
907,943
39,661,864
97,779
152,488
656,822
35,528
32,854,943
730,758
14,877
471,916
475,785,897
671,875
203,222,316
288,642
208,350,959
65,150,982
488,996
327,999
329,665,830
876,971
27,175
485,571
637,971
537,769,804
315,748
134,985
434,574,777
106,527
723,872
829,926
188,574
440,467
636,687,975
334,630
505,882
55,873
491,952,956
27,195,544
374,826
41,537
39,481,543
141,315,529
404,637,770
154,429
336,446
124,667
415,837
553,590
496,722
729,750
149,383
111,128,953
283,856
462,642
138,489,584
25,386
675,935
71,449
637,785
186,449,576
593,924
460,500
186,926
88,138
5,414
182,361,689
758,932
521,767,876
530,585
164,423,704
371,694,735
515,563
493,628
542,770,857
59,255
83,945
268,496,768
300,332,642
78,857
187,567
136,195,357
522,579
211,275
588,626
70,114
641,697
750,792
189,869
476,942
110,920
154,443,781
139,182
558,692
29,374,696
705,806
48,882
200,343,444
219,515
65,536,800
441,842
214,309,411
174,958
99,759
490,711,852
590,620,687
417,671
59,392
427,780
568,715
694,752
304,660
283,514,750
714,717
273,996
543,738
3,37,334
579,623
81,665,889
437,498
528,679
139,437
463,933
36,972
46,83,706
131,158,629
253,623,741
202,228
47,183
25,367
392,492,565
769,951
102,216,822
592,717
208,640,990
62,539,933
533,975
318,381
205,783
375,470,663
451,637
176,543
343,899
199,920
502,654
113,931
211,234
512,702
118,648,870
22,35
726,829,844
109,144,424
262,275,308
341,478,737
121,664
234,455,495
393,549
69,462
5,153
473,540
2,837
360,685,957
761,981
349,427
531,575
295,574,823
245,521,583
751,806
591,986
122,818,842
229,342
109,731
489,762
286,649
364,810
496,853
213,731
508,949
90,433
429,485
783,980
278,284
2,220
9,606
483,935
370,525
86,848
638,827,953
565,591
133,862
515,715
244,610
621,894
502,738
268,548,673
432,946,984
522,651,845
56,279
368,491,684
259,948
147,967
367,697
56,954
80,486
120,794,931
147,594,668
12,465,942
554,652
200,547
90,943
261,270,884
214,617,958
202,802
560,648
27,604
12,378,967
126,315
568,618,891
323,818
184,455
551,798
783,788
312,327
580,640
164,431
31,711
654,943
128,860
318,639
155,190,404
293,513
768,907
49,795
220,439
307,820
664,785
76,466,501
54,510
195,325,563
558,733
146,733,855
819,997
621,853
13,532
54,377
191,682
90,523
19,228,589
188,237,446
729,901
375,619
307,737,957
174,416,850
29,248,673
59,619
514,594
219,477
267,922
9,439
278,310,535
461,781
502,788
178,938
5,579
21,134
170,805
93,282,494
6,662
18,84
290,308
611,979
91,930
117,864
25,190,486
820,895
224,728
71,168,672
11,303
540,995
397,444
486,723,812
202,473,669
403,511
303,447
661,691
655,917
207,804
321,679,882
68,251
721,895
241,499,697
302,753
215,294
845,976
133,288
458,475,965
139,493,835
140,767
765,963
737,808
469,494,524
383,692
170,580
110,473
429,558
60,320,637
289,453
8,178
369,382,624
196,506,865
401,873
215,482,697
394,911
196,199
436,506
181,917
576,975
384,715
143,520,861
698,702
48,64,616
26,469,729
300,601,659
189,272
484,604,721
369,892
372,682
301,843
497,766
750,752
92,104,899
258,924
83,543
2,823
441,753
672,836
202,591
563,770
356,730
659,880
582,719
107,616
173,442,580
390,646,725
557,614,899
606,794,996
78,295
85,155
564,578,755
51,783
252,395
316,494
247,612
168,467,618
513,936
231,308,722
840,995
442,915,952
617,912
343,572
548,958
534,798
302,513,719
41,272
56,337
371,770,893
111,151
391,509
6,455
587,640
174,581
509,617
327,568
499,541
457,693,918
207,707,729
125,522
147,173,919
432,601,682
512,550
450,469
93,941
228,765
51,258,615
396,448
414,552
284,507
179,305,690
445,474
300,645
272,845
54,559
312,524,745
183,451
296,425,903
571,937
454,637,806
288,408,728
93,335,498
54,727,962
34,936
384,508,776
195,316
290,721
283,512,780
346,631
372,394
51,587
22,109,557
101,173
523,575
72,89
139,842
15,180
527,720
253,611
762,901
61,299,550
363,630
172,328
46,458
490,693
456,986
561,677,861
270,851
311,712
762,936
480,602
45,198
139,374
324,644
73,587
169,214
628,950,973
219,952
462,494
462,959
826,830
261,826
801,852
784,841
369,876
951,999
393,921
341,538,906
302,513
71,883
381,456
654,825
39,995
278,327,396
531,816
2,945
560,648
759,837
88,281,512
384,629,888
101,938
48,445,827
303,535
394,656,739
3,98,739
96,1000
192,707
49,528,536
389,676
27,537,834
154,595
327,519,562
109,708
137,248,399
539,558
476,977
155,277,467
108,595
212,666
235,772,990
711,734,758
724,842
137,431
325,822
294,314
234,866
388,837
87,231,898
89,816
151,196,958
298,415
592,861
119,541,876
187,309
315,864
3,342
42,506
300,420
657,703,991
267,634
67,810
88,193
432,719
468,551,782
7,144
168,427,474
231,371,488
437,664
521,891
457,719
215,653
88,603,740
122,380,966
32,939
176,192
44,418,472
112,515
507,645,828
98,147
649,684,953
73,712
675,850
38,284
440,811
319,784
299,348
117,310,777
19,28
80,173,337
209,443
126,459
439,701
339,668
65,117
55,295,909
33,62,308
408,713,857
549,658
279,912
175,520,944
410,703,706
533,562
500,812,956
410,578
171,806
151,703,821
473,706
60,863
594,929
679,769
341,372
381,668
397,589
251,797,980
715,716
617,991
189,475
86,980
852,999
19,423,603
238,274
105,747
157,351
486,812
220,693,947
87,585
75,664,884
19,659
429,521,899
602,655
333,763
460,669
92,328,563
145,345
127,732
134,506,561
75,211
784,862
227,456,604
285,462
302,588
337,800
44,908
25,918
614,953,964
308,424
230,325,1000
319,537
756,921
375,593,977
471,667
66,252
58,262,500
591,713,718
434,637
381,481
307,690,902
113,230
91,483
391,771
488,619,947
399,694,770
165,215,369
23,572
292,345,738
415,974
624,756,762
564,763
344,359,709
547,871
524,885
534,619
7,52,670
20,494
559,842
45,551
83,915
76,112
409,905
403,666
14,480,692
513,732,915
146,849
168,386
337,708
17,177,820
223,853
37,955
576,939
311,359
487,750
261,421,724
601,837
344,459,890
467,645
703,994
639,977
454,888,909
259,891
96,403,671
209,290,660
64,772
574,741
211,832
450,595
234,493,545
584,886
465,550,995
218,907
251,555
543,629
19,357,729
377,425,710
105,356
320,688,901
298,475,682
59,535,768
19,121,685
432,555,754
281,457
668,835
492,811
203,316
263,710
29,189,294
121,437
716,739
463,516,672
78,566,782
226,568,855
698,947
610,848
117,717
152,617,742
229,870
509,982
675,907
267,898
654,833
113,325,500
125,328,850
269,808,974
5,88,734
209,431
20,106,553
127,444
668,686,940
402,547,700
548,855
368,820,987
957,968
420,721
172,219
412,836,999
388,514
248,805
100,975
572,823
59,674
571,577,899
204,354
891,908
211,527
200,438,832
491,781
104,714
432,821
307,468
162,325,849
31,194
334,935
688,990
519,781
483,604
931,985
599,641
181,264
1,832
387,501,870
284,549
138,161
141,347,941
849,994
611,976
391,968
228,788,995
113,404
630,793,952
510,560
499,558
37,309,436
444,737,867
491,752
85,247
237,439
261,538,707
718,899,915
410,769,960
201,347,432
642,805
48,531
482,933
152,421
478,518
392,577,771
174,299
27,850
25,202
604,742,976
298,484
141,425
512,980
157,784
107,496
639,762
299,686
356,870,884
24,600,915
18,697
197,342,344
526,634
492,874
397,987
29,748
121,246
842,990
225,364,994
138,249
729,888
46,375
207,649
425,502,640
266,693
671,855
24,139,215
338,565,628
88,515
262,287
362,727
341,597
171,762
403,491
71,974
299,359,613
8,390,826
80,777
864,906
114,370
674,989
99,377,695
304,338,580
126,356,943
165,596
220,291,501
188,237
341,851
755,770
79,565
190,701
339,588
682,845
235,417
51,437,915
560,769
273,716
38,785
522,805
173,317
559,753
324,697,792
83,358
31,328
628,721
173,378,688
254,701
149,768
328,540
332,610
227,815
578,629,945
128,277,458
524,840
631,854,871
669,832,922
448,840
5,164
218,520
9,490
126,723
339,846
342,916
88,159
184,550,695
56,821
160,755
655,816
199,374
220,655,963
660,691,724
474,946
10,163,345
113,145,543
61,545
408,584
174,298,567
63,280,698
499,636
418,572
123,678,761
263,780
668,803
985,997
668,831
287,289,802
22,192
1,62,843
620,778
268,346,869
28,350
131,519
466,658,945
158,714
190,512
240,616,689
142,953
405,797,913
285,496,951
621,978
118,929
74,345
89,516
185,910
135,868
548,747,891
443,817
116,321,686
80,744
54,835
347,689
354,650
560,574,724
239,643
135,320
294,389,803
357,743
628,786
183,633,642
41,50
470,757
185,582,766
301,736
478,618
349,486,900
224,841
485,691,861
374,903,925
421,780
24,519
313,801
162,252,830
235,546
44,342
846,901
145,241
411,527,846
498,880
139,703
96,784
424,444,684
191,898
233,380,434
241,948
222,655
9,135,989
373,725
30,266,290
232,402
825,836
661,950
508,774
299,453
193,750
225,694
238,828
551,877,987
222,320,902
104,199,896
380,989
3,869,984
94,99,372
303,711
57,235,381
165,305,763
479,997
80,662,709
91,435
40,854
85,391,838
103,803
346,863,865
725,946
620,839
399,740,903
66,787
84,587
33,696,917
481,500
72,213
355,434
708,899
505,798
37,968
409,429
585,767
154,172
424,953
504,946
459,612
385,604
740,855
544,968
532,647,951
330,904
443,588
319,399
720,962
40,910,993
275,597
350,487,897
660,829
571,861
216,394,782
196,348,714
119,711
97,101,111
147,561
125,560
190,456
239,653,867
738,915
227,385,739
697,774
517,667
389,784,869
404,578,792
232,285,294
496,845
526,679
61,214
245,401,874
133,478
946,999
410,480
958,961
176,506
102,404,467
51,446,740
195,207
221,624
104,569
388,677,891
74,816
206,702,894
599,926
121,353
209,812
65,438
23,704,736
630,818
165,391
150,189
191,824
56,302,417
214,972
104,494
166,822
51,66,759
228,305,995
122,363,958
256,445,870
56,887
444,997
543,651
168,993
741,799,859
38,569
323,550
789,823
76,235,594
321,480,848
3,311,365
106,325
162,377,759
802,902
338,954
172,656
408,879
843,919
599,742
413,793,893
436,836
810,895,935
276,298,996
464,751
212,369
254,929
297,406
219,578
128,148
273,425
830,866
828,903
399,610,683
44,291
183,215
354,979
832,845
25,692
173,366
14,16
124,468,469
104,241
602,706
2,318,402
188,579
403,972
23,997
2,657,719
899,925
24,834
77,262,741
607,712
452,489,542
204,344
723,760
319,660,674
155,972
137,317,356
167,238,714
131,603,834
752,857
240,939
474,693
4,307
135,614
747,951
604,881
299,464
320,327
289,933,990
254,601
45,130,185
716,939,964
63,200,956
492,794
63,250
505,679
283,387,471
131,718
673,809
185,643,922
350,646
443,786
277,356
945,984
69,72,962
433,678
19,716,782
653,970
314,885,965
866,937
3,36
154,766
227,458
312,711
96,336
130,743,773
44,879
517,561,682
223,969
370,379,775
49,596
348,708,861
823,972
246,674,883
692,699
700,802
468,792
45,200
752,814
251,854
32,324
610,957
755,762,965
240,848
311,860,947
161,190,475
499,691
928,944
24,102
371,730
430,957
772,841
54,148,522
131,189
453,955
186,348,533
190,487,742
483,867
467,481
499,597
209,239
411,795
209,408
247,446,830
212,642
205,874
40,145,266
496,826
55,368
80,499
56,954
260,381,818
340,643
330,736,897
16,897
107,898,910
226,422
271,439
219,404,503
257,311,342
417,966
168,239
9,647
129,676
230,817
149,246
40,793,946
632,678,939
334,503,684
469,805
467,564,880
255,304
182,213
250,720
150,860
174,798
65,176,322
366,699,989
659,819,964
535,557
444,621,701
523,855
429,559,689
179,878
96,123,941
277,707
56,341
298,307
270,706
834,971
106,626
147,368,701
275,439,779
105,450
48,558
507,669
362,582
822,836
111,782,924
237,264,886
269,463
157,851
541,768
213,470
282,961
319,524
700,959
121,159,802
311,427,608
676,978
374,828
38,516
9,340
49,402
664,902
21,789,967
131,521
321,551,700
96,243
303,819
153,615
366,506
745,896
377,646
211,229,667
250,468
144,523,916
322,974
500,781
914,943
17,726
415,524
359,785
628,875
486,494
151,925
406,613
682,798,940
204,329,672
551,872
73,147,636
130,575
418,608
470,992
134,151,718
147,976
567,574,603
213,408
226,920
528,787
705,738
81,839
362,903
214,691
587,748
878,987
100,577,580
357,989,994
12,671,991
826,907
679,805
726,753
181,372
81,302
6,730,962
220,409,619
95,207,604
11,712,890
102,178,329
63,186
13,769
598,741
691,749
229,739
260,492
42,662
85,161
724,827
198,233
154,558
69,356
7,682,969
405,806
331,768
707,740
204,813
16,501
125,187,612
54,211
297,357
24,251,255
329,348
200,573
168,631
524,650,658
14,645
606,952
73,788
38,232
144,288
522,676
532,690
36,411,589
672,997
390,567,940
431,871
413,791
513,774
545,906
478,980
118,745,872
828,883
287,333,597
297,906
389,954
614,675,718
205,340
599,756
645,692
95,479
292,731,814
497,905
15,381
630,955
2,952
223,790,892
283,365,601
153,510
106,491
65,392
192,670
841,948
242,900
278,457,625
552,869
332,526,990
88,534
36,442
138,192,395
565,641
50,520
620,838
716,977
516,628,787
479,660,985
111,627
444,506
8,556
230,468
774,999
66,706,894
85,283,425
619,654,839
399,868,924
438,480,551
258,724
130,393,454
92,784
598,622,824
74,609
260,378,577
24,47,878
370,457
70,871
778,853
69,818
36,56,284
86,146,404
658,702,785
442,493
821,936
828,861
230,381,499
108,714
183,598
112,494
184,415,817
126,643,932
298,377
425,440,627
306,552
161,510
278,288,315
280,478
195,764
159,551,721
449,713
421,858
9,658
188,218,435
337,777
296,904
231,720
17,553
105,398
386,919
554,771
73,557
27,266,536
127,136,319
102,273,299
89,610
220,985
191,391,554
10,893
40,533,750
602,691,727
380,636,896
427,557
249,689
215,271,573
531,647,995
786,985
459,993
786,849
310,499,873
212,237
238,343
2,481,891
282,447
125,345,647
870,959
42,803
504,765
92,481,804
353,655
348,887
29,495
783,909
335,660
397,484
156,506
646,813
238,500
540,927
811,972
724,965
38,257
272,535
19,157,603
109,612
322,587
111,408,436
146,661,768
129,623
407,618
65,535
690,721
359,991
32,531,777
415,541
110,617,641
74,130,705
561,768
514,750
352,809
244,643,932
98,884
500,672,841
351,846
93,588
198,778
136,476,995
44,824
324,631
444,824,883
179,806
317,458,648
442,974
208,597
290,993
144,568
766,973
4,852
292,990
294,809
459,923
591,940
873,893
384,706,894
283,686,795
122,296,526
201,845
851,972
404,601
103,482,861
308,410
131,593,846
252,915
185,692
109,124,505
87,439,722
26,168
408,517
336,460
195,563
194,788
146,429
298,702
348,905
298,481
535,772
913,950
162,384
51,785
53,584
56,218,520
431,500
712,989
408,435
725,832
298,501,945
395,423,454
1,434
322,661
599,846
536,877
605,798
416,923
640,849
60,812
121,572,953
11,168
622,678
19,102
388,484,882
432,982
476,676
243,940,984
786,972
94,180
368,938
357,373
66,728
231,410
427,955
705,878
346,565,906
328,967
322,969
409,991
355,892
83,478
400,683
59,565
552,695,830
144,654,916
18,952
116,208,976
213,252
730,979
476,826
175,217,370
65,598
326,601,857
150,562
492,748
413,486
157,889
446,642,897
21,151
266,296
65,714
72,918
316,456
753,907
252,604
325,489
154,389
231,568
121,835
231,358
632,914
615,626
154,407
617,697
119,607
337,726
82,945
634,661
126,200,349
168,389
13,643,745
110,283,893
4,568,663
270,740
153,594,689
639,758
261,331,695
41,634,760
173,559
192,816
427,460
349,794
340,345,687
296,973
323,759
187,451,734
48,522
76,923
942,968
930,984
90,999
65,839
115,375
40,163,551
426,782,801
442,847
308,375,638
768,892
292,387,409
107,209
720,788
180,397,679
19,922
90,427
562,921
37,999
307,409
279,796
839,865
57,703
240,849
630,947
383,929
328,404,648
64,520
156,849
477,598,754
824,960
598,899,963
124,365
235,729
17,28
473,913
96,841,906
364,836
204,830
413,440
70,158
422,903
196,432
72,293
396,573
530,578
267,475
540,544,567
468,852
278,485
456,760,792
608,873,962
232,799
545,976
400,680,784
306,615,785
678,782
16,237,420
76,429
42,259
39,701
723,900
163,483,909
83,284,763
467,724,940
92,796
75,610
56,848,964
386,686
1,529,656
162,484,603
59,738
521,546
641,753
88,125,316
3,283
222,783
801,914
261,916,959
443,568
99,568,830
579,738
205,422
542,810,858
102,625
314,318
116,410
399,914
27,184,909
177,758
767,923
892,979
40,276
290,503,824
238,410
436,822,833
206,266
327,650
587,639
191,489
101,931
99,129
156,170,193
46,498
234,237,921
226,346
560,588
241,341
241,525,898
142,678,824
587,872,879
471,588,740
100,256
186,968
50,499,829
583,652,946
593,989
35,674
218,227
546,699
88,544
383,632
466,851
89,258
592,901
443,547
839,936
96,749,830
351,855
42,590
187,644
486,856
660,680
56,338
7,113
920,945
879,968
390,509
241,441,665
231,286,550
572,577
668,910
381,635
153,836
41,512
886,894,963
504,652
528,652
465,710
539,612
55,399,951
253,317
894,983
256,917
83,487,666
1,473
802,834
86,706,755
348,909
173,958
117,630,933
96,449,629
720,964
83,330,567
40,209
632,678
57,350,830
137,387
760,818
151,747
60,708
183,909
532,573,731
352,416,707
629,854
501,763,965
55,448
233,353
578,837
7,599
723,767,822
490,999
39,789
120,234,308
428,516
199,392
147,736
95,238,794
150,413
4,448
464,540
292,684
115,229
327,425,563
781,870
104,610,828
233,598,927
154,417
229,601
75,660
868,925
168,292
181,435
9,845
258,263,456
378,719
547,667
140,317,619
145,187
101,504
62,545,570
195,422
126,564,699
242,642
12,49
8,314,757
887,944
660,716,916
31,177
216,581
2,514,721
119,556
135,229
449,728
264,455
161,976
308,368,409
16,110
509,597,722
43,265
70,544,568
284,350,647
244,944
119,731
411,743
248,544,587
11,101
284,497
430,768
6,568
99,451
76,495
919,997
456,551
525,597
348,842
624,756
82,170,171
644,821
1,471
742,995
234,816
181,765
248,865
314,921
39,68
95,438,795
64,228,446
192,344,529
171,935
6,88,817
125,637,680
429,842
448,732
477,582
326,944
230,712,796
294,302,370
66,574,589
665,673
449,990
75,583,730
376,646
449,768,828
795,974
355,882,897
203,510
162,175,319
188,237,913
545,546
32,606,786
159,305,484
92,104
323,729,885
207,968
457,614,772
374,664
527,753
244,595
121,389
7,463
67,405
283,809
358,549,733
300,392
408,554,819
71,102
376,710,892
291,826
252,552,902
553,678
572,859
172,843
121,360,377
51,815,914
456,706
125,350
179,762,780
68,92
22,623,665
171,176
361,617,832
119,475
132,731,804
432,875
225,415,465
185,904,962
187,543,648
73,279,794
73,425,532
598,735
704,764
227,673
822,859,938
171,664,750
30,143
197,290,501
72,592,697
51,237,705
58,504
210,805,950
126,253,494
190,219,683
307,930
70,464,802
191,776
118,718,756
200,434
108,506
172,950
6,790
307,993
376,560
509,888
56,103,241
43,138,790
55,541
236,277
11,37,312
361,403,591
262,382,833
667,912
368,761
21,283
348,423,568
181,707,953
73,899
490,860
150,213,735
92,998
336,887
173,442
14,306
715,858
419,724,978
48,98
106,467
205,771
449,903
278,559
350,567
197,503
719,898
244,610,803
13,321,879
198,471
876,961
19,305,458
80,865
450,882,946
176,474
105,772
45,232
302,637
134,353
198,474,836
461,887
7,124
220,422,550
281,568,704
18,978
451,851
281,885
191,454
351,472
99,287,479
61,101
353,409
477,506
410,491,879
119,204
206,212,879
505,520
145,582
672,793
45,212
832,925
605,788,981
242,763
325,343
292,870
376,831
503,694,865
834,984
83,721,909
760,938
201,908,966
118,274
75,77
78,635
218,897
618,845
38,44,698
307,996
593,631
546,623
264,929
172,321
267,710,816
257,276,471
32,355
536,704
385,740
345,355
586,929
279,474
656,875
167,190
138,846
525,996
439,598
49,486,932
704,794
389,582,726
372,701
20,462
695,896
202,260,744
236,286,468
173,451
393,395,762
159,771
86,169,194
301,498
885,949
545,566,571
43,481,961
146,506
902,911
594,925
142,297,815
688,1000
565,731,958
56,196,535
563,885
163,190
524,761
55,500
858,974
153,843
316,582
520,768
156,250,489
55,739
306,620
474,682
674,904
222,919
283,560
12,325
623,883
713,979
597,784
431,872,985
340,802
198,737
454,634,829
279,458
404,878
224,471
585,694
157,707,953
528,716,938
38,277,858
155,705,906
555,665
155,439
201,747,954
723,768
355,470
241,403,625
219,620
145,500,588
462,468,937
616,795
313,628
373,843
832,933
308,538
41,217,429
126,521
101,219,890
123,283,353
122,847
189,645,801
413,937
247,271
356,681,858
446,806,817
735,900
411,771,934
255,888
244,398
967,982
539,551
15,288,932
132,348
49,282
45,684
162,838
912,918
138,448,609
615,676,912
611,828
328,827
386,610
562,888
807,974
50,457
100,896
288,355
850,991
114,919
117,766
404,714
654,709
2,773
143,811
78,497
173,575
32,224
749,881
382,945
121,176,978
426,628,734
102,368,677
118,670
320,446,515
188,415,682
450,614
124,516,876
460,763,934
316,607,676
492,877
55,562
460,990
44,470,829
731,807,848
42,50,62
156,163
171,175
276,767
62,214,304
110,616,794
128,265
874,984
654,853
9,78,271
544,834
303,544
237,451,615
333,994
173,376
35,503,583
389,853
138,696
414,706
166,240
475,492
845,853
327,662
249,378,838
943,980
11,279,756
268,934
168,395,945
312,463,779
165,807
487,615,922
390,875
717,774
461,826
13,279
462,502
74,357
154,264
437,557
320,375
534,615,810
443,828
172,329,335
628,705,964
654,693,912
315,768,887
187,765
108,150
208,379,800
229,506
191,359
137,345
242,274
210,882
203,399,951
687,710
524,607
120,478
633,777
345,834,901
187,544
399,993
698,862
109,508
572,816
152,503
45,908
164,735
85,163,633
198,653,859
406,635
349,353,382
465,687
258,574
481,519,896
258,897,901
75,950
495,896
137,997
58,351
508,712
433,516
41,294,496
409,952
379,598
162,319,751
242,321,721
135,491
4,968
13,145
125,946
82,764
566,832
149,297,719
296,335
490,812,863
172,325
332,401
472,789,820
74,298,974
398,966
729,817
94,113
411,612
267,420,658
602,703
445,779,805
43,278,754
123,308,745
56,861,958
181,738
493,624
299,380
417,583
4,893
21,337,342
230,795
234,455,724
336,348,828
235,594
69,567
450,697
695,751
792,901
70,388,750
784,873
487,596
714,736
10,331
480,567,839
665,953
269,396
427,914
46,298,388
646,748
181,283,786
343,631
24,550
655,837
347,360
114,357
155,363
758,868
228,473
63,368
155,541
221,773
447,785,907
402,785
161,323,729
81,287,565
12,540
158,763
433,898
589,779
367,689,992
288,889
98,349,755
170,270
281,694
139,800
427,756
84,683,894
216,685
252,871
30,390
61,497
56,643
164,549,603
428,644
502,647,759
95,214,263
386,995
214,289
340,544
647,658
223,572
369,784
92,613,668
591,778
104,143
300,419,483
350,448,788
14,291
518,815,839
510,754,949
311,784
15,343
423,437
237,940
464,667
615,851
505,698
123,596
176,329,489
920,994
531,881
139,253
161,328
188,768
364,919
216,622
516,803
144,191
93,259,541
660,800
84,301
355,842
6,328,880
455,656,722
646,665
852,943
237,309
339,390
463,688
392,747
51,295,913
20,1000
167,917
552,897
592,990
416,647
365,956
479,745
541,709,725
61,509
614,991
526,950
253,686
438,731
757,770
201,278,766
455,482,824
90,327
106,965
210,590,938
1,17
36,430,462
134,385,785
996,1000
777,956
620,663
99,484
660,939
216,698
577,847
19,67,955
576,853,889
529,899
130,420
43,154,477
222,765
16,51,190
379,896
428,887
32,900
442,501,925
310,790,967
79,411,925
32,77
741,852
151,389
593,694
124,509
746,803
31,312,965
162,188,957
441,558
515,708
32,852
482,944
359,690
526,936
198,438
324,697
111,148,681
782,814
491,776
833,989
261,880
619,883
243,567,609
530,626
70,327
48,872,890
105,265,944
399,400
37,730
53,322
226,529
119,852
17,925
33,434,617
103,569,720
322,907
110,662
263,265,714
99,694
201,535
654,723
718,719
103,506
826,907
287,733
374,963
441,774
27,35
299,435,953
114,485
89,143
111,663,666
287,944
334,967
738,902
493,505
50,934,961
513,626
24,286
44,764
350,510
189,207,676
263,724
340,682,797
442,849
670,926
25,953
298,788,893
478,492,843
335,837
375,881
98,229,275
94,812
158,512,547
400,762
373,540
118,238
182,903
602,620
466,806
467,971,988
136,877
188,774
717,985
491,877
26,343,587
123,190
83,773
143,737,949
54,493
29,264,822
13,646,922
606,695
255,474,800
95,321
29,680
111,801
146,767
476,847
202,617
191,423,821
151,803
211,364,921
389,580
508,586
89,152
653,730
403,519
100,771
335,959
78,878
497,934
664,915
361,749,849
857,957
811,922
596,656,756
408,733
342,943
407,461,801
57,873
175,694,887
275,471,805
20,356,767
83,707,773
186,835
981,989
261,861
279,494
67,607
416,710
611,644
482,597
295,382,933
63,734
357,785
48,509
405,881,913
138,503
82,673
462,550
375,788,850
181,200
341,557,720
297,539,565
606,614
161,436
195,930
318,857
224,408,871
390,438,907
578,989
172,769
354,907
51,544,986
286,672
114,580,646
136,874
118,659
350,888
172,324,638
231,349,838
6,500,721
757,812
24,923
17,442,842
220,993
533,935
217,803
823,977
78,939
254,361,518
649,774,973
321,700,769
638,793,859
673,824
130,396
320,485
105,208,924
253,665
319,510,676
88,383
579,639,664
198,391
246,440,978
350,851
270,484
588,646,668
336,907
584,751
671,962
550,917
174,446
891,991
648,822
151,558
9,436,955
548,873,950
656,716
641,903
193,325
326,511
176,857,913
71,257,675
408,724
176,549
354,546
393,405
92,896
713,829,959
617,876,904
159,318,823
13,701
715,993
22,94,562
268,461
124,186
434,668
500,905
504,881,997
192,810
65,759
382,502
311,530
223,512
848,938
206,596,850
265,477
310,838
39,651,833
36,463,585
757,886
333,954
167,906
107,220,670
67,397
589,600
736,866
699,859
254,377
592,883
1,959
126,209
64,292,612
571,618,811
401,548
64,752
142,345
36,272
112,336
74,965
45,224
62,952
172,293,320
5,878
172,698
912,923
674,914
889,950
383,394
23,195,498
7,647,743
195,578,706
39,879
180,357
3,129
183,888
252,542,587
117,920
255,452
492,648
401,875
265,950
145,947
122,165
163,330,880
134,558
395,488
194,213
588,863
194,518
481,528,846
72,83,993
393,600,698
113,215
223,845
418,467
294,506,754
60,525,950
92,178
171,314
510,896
331,603
553,776
63,197
81,561,841
297,428
6,678
139,428
238,678
245,353
605,762,864
1,143,777
8,467
259,612,736
273,502,993
449,771
362,875
361,698,900
3,471
21,882
197,923
124,643
747,788
416,425
567,834
474,859
858,972
133,185,719
33,115
517,743
521,918
381,534,819
45,663
409,537,963
122,332
557,811
68,403
555,570
78,802
90,236,690
55,798,957
657,782,824
395,792
92,208,972
685,798
86,802,965
333,341,714
237,881
419,600
577,611
339,678
348,512
111,415,496
599,732
31,590
487,546,737
300,752,830
529,555
275,380
105,716
174,642,695
554,644
232,621
443,622
172,345,927
642,752,761
113,528,836
273,999
899,928
824,854
519,695
402,455
78,192
392,837
347,537
143,685
315,809
108,333,370
80,558
812,879
152,872
36,472,913
520,577,754
377,666
775,815
93,117
224,234,733
202,594
300,634,789
341,539,887
239,343,826
7,971
239,479,745
287,754
610,997
420,665
721,878
7,386,494
673,887
587,882
410,627,900
20,391,939
152,486
25,309
210,410
402,508
195,228,593
333,441,485
581,718,931
555,640
291,504
44,271
39,519
112,950
307,896
243,475,878
334,501,993
392,501
103,525,597
197,522
508,986
196,708
607,810
714,791
198,398
217,853
113,630
645,747
261,467
711,720
59,708
175,376
111,135
160,475
629,894
312,585
449,634,742
504,555,781
343,956
148,670,801
156,425
509,832
442,599,958
311,779
122,544,694
454,687
32,437
460,868
154,749,919
167,696
379,749,843
29,924
220,468,796
612,812
224,572
144,236,314
588,627
116,559
165,382,420
91,93
304,345,633
208,640
310,802
314,389
235,661
296,782
72,714
138,383
79,271,691
383,473
22,534
213,362,634
210,854
489,810
558,641
84,91
388,454,930
305,352,635
181,391,527
536,676,798
259,842
206,462
697,748
244,719,741
405,990
62,296,828
84,178,607
358,956
225,799
64,410
129,402
94,192,851
184,537
75,335
283,610
655,827
193,519,642
430,730
19,663,878
272,861
489,974
105,302
258,470,722
203,301
39,144,592
865,981
150,974
147,344,669
223,913
195,543,878
65,618
50,128
64,796
281,939
366,646
212,583,711
95,432
608,687
398,543
808,971
210,812
287,302
134,270
423,871
819,877
688,804
505,626
235,317,592
554,728
101,374
681,881,893
4,209
267,607
91,486
120,343,672
512,543
517,903
233,392
268,495,843
671,842
196,840
645,703
317,943
71,601
306,672
319,427
187,475,707
491,794
22,234,419
240,359
284,816,917
163,281
49,947
65,557
91,917
138,254
456,694
271,317
331,384,464
785,851
129,975
101,151
421,579
129,197
15,126,912
465,664,823
10,506
371,502
230,243,497
277,543,648
442,535
122,958
586,680
128,218
152,407,555
429,662,941
322,688
87,941
92,418,929
355,605
47,270
278,872
140,936
639,913
109,247,441
438,689
345,840
121,162,241
422,427,942
413,535,904
500,513
49,730
358,784,979
109,166,436
284,512
642,898
238,256,459
38,697
144,651
36,286,290
476,685
408,932
398,495
796,974
335,455
701,723
239,329,524
249,540
589,700
461,906
405,574
113,368
593,609,676
251,487
110,177
322,847
144,276,700
316,697,931
110,896
318,488
44,859
201,745
569,738
701,824
509,857
290,670
844,855
588,677
27,301,345
538,793
136,518,820
242,769
368,966
476,676
10,130,295
100,295,526
615,797
235,969
206,243,901
83,285
585,724
80,988,994
326,540,659
259,981
265,961
139,461,903
676,799
352,978
623,786
224,739,789
537,595
119,740
602,895
179,552,600
696,840
6,319,471
297,578
598,634,717
387,653,987
271,399,808
385,740,915
580,744
217,618,647
1,535
423,971
238,720
426,660,890
156,251
238,927
428,502,778
319,823
245,655
86,648,850
262,872
257,769
277,716
521,919
368,722
423,796,800
30,293
262,613
365,889
227,388,664
740,783,949
420,761
629,975
592,801,841
400,665
468,692
430,622
381,570
452,904
192,940
130,941
199,334
266,951
238,463,574
113,735,908
482,506
487,890
85,486
51,807
267,790
67,606
369,985
195,510
476,695,808
462,734,992
248,481
72,665
561,634,990
324,522,879
468,490,796
83,320,425
441,545,962
126,217
32,216
672,698,830
426,503,581
125,874
234,454,467
193,862
929,992
43,387
41,129
570,851
97,391
64,90
387,719
659,798
485,929
132,951
36,38
264,599,865
20,358,761
11,472
187,446
107,427,651
95,102,673
313,517,804
542,629
215,229
97,181
335,358
266,292
309,909
15,590
204,893
681,987
27,564
257,288
40,479
674,808
95,313,430
674,766
100,520
171,175,689
637,980
434,531
830,996
515,549
495,565,841
187,942
405,608
309,563,613
314,402
639,751
226,302
478,670
61,597
163,453
621,660
324,396,612
613,619,916
663,785
583,883
330,639,949
364,551
415,742
366,760
95,462
386,616,890
389,596
312,823,915
403,991
419,534,715
249,638
534,564
282,349
825,934
22,473,840
215,301,560
120,205
203,589
297,559
542,578
341,426
124,329,735
108,390
22,127
92,341,482
641,717
362,409
237,243
331,425
394,447
761,932,952
240,969
313,651
460,548,586
256,510
534,536
154,373,539
202,896
603,765,967
91,502
54,498
95,233
249,557
687,753
268,289
296,774
647,940
177,869
601,830
894,929
376,645,981
439,559,797
669,686
360,838
118,342,356
106,240
301,519,562
246,365,922
613,731
160,237
313,789,825
506,714
529,826
218,295,432
240,876
155,192,266
596,789
650,864
582,657
158,515
764,853
961,987
56,443
66,161
83,219
661,774,982
116,666
624,896
237,770
313,424,959
546,679
408,845
235,899
13,231,771
222,476,738
738,880
471,916
356,398,450
510,837
311,919
464,605,924
738,856
343,606
451,556
518,907,986
583,796
304,618
590,796
391,672
140,181
338,645,733
25,994
251,712
119,439
512,655,858
107,995
399,597
145,424,954
708,966
84,552
14,487,682
220,712
293,586
53,199,549
888,962
468,948,989
636,779,891
370,553
175,270,635
358,993
213,617,875
235,696,811
75,257
163,971
48,718,730
719,813
52,859
297,315,342
340,498
32,638
22,193
556,980
59,735
180,387
418,975
231,409
301,785
317,960
224,572,761
109,767
283,986
444,745
174,836
836,958
420,950
512,917
501,654,985
172,276,329
19,284,589
445,572
268,907
294,558
290,898
597,616
957,995
167,604,723
319,519
47,862
47,295,490
134,793
55,874
130,414,683
265,640,726
535,718
82,600
394,792
343,630,914
369,546
651,741
483,923
630,960
217,510
7,349,501
123,761,993
474,689,879
139,168,827
617,722
75,262
563,952
499,691,821
60,264,600
860,926,943
51,437
256,666
136,246,721
196,773
442,520,743
4,192
533,604
340,503
118,412
767,992
892,896
91,99
78,179
205,702
328,988
159,359
303,745
88,324
776,945
42,815
260,278
30,191,209
501,769,793
448,802
861,865
237,393
443,718
87,321
76,474
76,694
743,823
62,696
232,523
584,929
49,729
903,966
3,116
259,485
651,958
839,963
65,272,843
456,737
205,762
196,625,928
45,270,527
145,169,975
244,699
121,597
724,776
234,779
645,885
772,950
241,835
312,594
339,592
182,577
617,791
2,263
130,523,759
261,685
454,742
376,469
718,931,999
404,942
386,532
6,160
237,509
319,635
349,444,807
434,646,904
176,498
49,875
44,929
49,231,767
89,273
115,509,923
214,828
807,851
79,105
827,910
458,999
106,279,334
24,86,171
103,907
327,389
955,997
27,170,802
320,665
195,360
390,539
479,587,787
31,109
526,908
248,644
462,660
535,570,925
321,696
155,318,508
562,633
368,584,827
218,795
536,665
249,465
307,396
418,607,735
188,976
199,235
216,623,923
710,997
397,554
287,828
457,869,972
708,855
36,409
703,928
579,975
517,953
69,830
176,642
238,523
120,741,856
427,584
586,598
828,849,863
335,668
308,387,700
861,891
165,711
612,991
25,403
97,119
42,570,918
586,690
105,907,963
557,588
232,277,710
396,676
189,608,715
484,538
463,971
665,784
6,195,797
650,699,969
269,585,653
326,737
11,53,947
571,963
615,655,965
692,837
25,323,584
744,904
171,771,931
253,581,761
407,524
792,858
225,323
23,206
245,256
790,876
351,429,785
72,477,485
188,970
348,608
559,993
25,336
429,697
32,262
269,325
222,658
255,888
335,565
658,910
5,225
223,422
130,935
154,842
142,657
50,81
150,739
352,533,816
152,236,741
39,522,639
432,774
323,395,519
224,581,678
444,786,877
358,434,870
202,958
555,613
844,860
187,227,647
158,635
143,460
147,728
67,371
767,953
71,412,632
377,429
614,642
331,866
219,266
366,863
58,342
48,242,374
7,291,436
336,598
127,613
479,812
35,430
369,517,606
417,954
163,360,536
351,709
256,879
25,474
705,935,995
432,634
694,996
343,652
241,540
511,822
234,471
195,277
414,474,577
540,603
425,704,752
14,458,642
160,846,930
97,883
15,461,944
289,967
228,392
195,390
199,909
226,566,896
681,992
185,658
273,440
459,660
277,473,870
98,547
710,779,913
619,660
414,751
879,955
282,505
79,815
309,711
715,945,970
129,400
194,601
193,940
28,710
5,327
29,696,891
385,466
89,458
801,827
270,581
332,747
407,599
17,50,835
78,876
457,665
640,775
24,318
364,592
315,763
713,969
162,292
759,859
877,953
38,434,610
172,194,645
851,885
607,748,983
191,828
158,862,922
450,668
135,939
198,804,854
191,834
489,676,737
176,806,888
62,892
251,279
4,476,562
29,260
426,838
72,477,595
291,410
540,884
56,449,717
354,432
503,985
798,844
255,329,716
869,979
54,217
865,894
532,640
703,865,919
67,425
420,937
458,954
7,457
330,378,634
310,677
267,868
616,856,911
236,943
225,227,658
207,569
233,256
424,612,723
433,527,532
6,568,683
96,802
15,562
746,990
525,955
668,901
348,753,904
232,450
330,504
517,994
207,574,683
128,233
170,384,862
22,540
275,924
567,762
87,504
645,793
1,976
312,804,952
452,820
243,521
102,951
39,474,585
209,918
715,961
309,346,367
292,791
236,675
41,524
356,382,459
5,27
203,405
494,496
675,702
379,936,996
327,808
431,680
595,748
637,872
196,380
498,792
6,12,935
168,430
5,922
94,151
288,475,978
254,903
333,570,903
247,633
285,435,596
131,213
357,576
87,191,788
295,563
863,874
95,185
589,635,692
601,738
358,523,613
430,649
370,775
35,740
424,490
224,397,651
198,562
130,350,577
398,741,819
154,995
455,755
117,312,729
207,783,880
250,291,801
31,544,752
8,649,697
758,779
559,856
104,184
662,948
145,473,560
482,588,743
289,977
44,923
519,980,986
519,888
15,274,679
16,85
171,758
611,693
35,882
64,238,528
41,600
808,929
521,691
882,893
370,666
306,885
175,949
132,790
386,387
334,368
396,498
206,569
194,581
853,973
119,299,796
38,731
210,573,728
78,552
369,992
424,628,632
421,470,951
547,567
43,576,865
824,856
267,889,962
413,731
135,511
851,975
463,819
68,459
273,308
485,850
310,853
29,656
590,779
421,872
689,735
54,507
395,742
382,553,963
404,729,802
879,999
63,621
287,622
94,702,759
227,549
214,322
492,945
103,141,520
627,731,872
90,805
521,843
255,880
508,986
316,537
6,176
525,904
77,200
586,811,937
170,783
370,858
12,272
579,927
781,812
35,263,633
18,431,638
265,598,936
852,919
249,395,894
140,257
145,834,895
146,698
587,1000
230,853
343,474
198,365,996
64,387,681
786,910
175,866
258,422
230,255
30,444,715
24,163,406
228,809
55,227
88,676,830
237,510
940,962
344,449
224,333,855
23,997
108,110
679,803
534,702
331,835
173,442
801,931
239,452
631,860
240,433
103,507
101,972,978
133,306,973
22,35
17,373
197,229,490
46,358
829,839
295,892
374,976
431,621
115,611,989
332,838
409,928
318,696
794,795
22,500
130,977
63,95
145,601
690,713
327,347,579
528,552
22,117
28,736,962
93,542
188,428
8,647
542,666,868
110,849
394,453
49,308
226,520,608
480,483,495
618,908,991
220,619
560,992
632,794,805
408,728
319,456,915
593,683
477,990
614,795
251,375
25,229,380
307,968
293,492,927
99,510,866
509,992
693,971
434,895
207,655
106,776,992
643,793
831,889
78,783
43,639
485,771
620,894
33,717
365,741
430,731,916
128,553,628
129,182
160,338
43,795
125,951
121,237,721
716,856
287,314,364
424,736
642,695
233,495,733
617,982
540,679
183,464,850
399,933
756,939,970
460,831
367,599
399,611,901
33,65
393,921
786,820,856
127,986
118,616
340,893
70,909
771,900
99,449
467,995
315,692
507,584
364,779
103,752
64,844
277,761,874
285,554
518,548
317,500
366,401
363,810
32,509,921
214,841
649,778
268,350
658,891
286,434
24,935
691,863
207,326
316,710,810
295,516,996
359,374
106,821
341,832,891
143,702
175,925
204,276
81,442,829
688,863
397,534
419,879
200,262
577,753
229,264
322,599
166,460
9,463
494,579,986
197,769
654,953
493,640
2,579,965
844,898
207,966
358,706
67,233,682
362,907
601,926
282,691
153,201
246,629
701,926
347,401
9,792
243,704,913
128,848
715,729
323,658,850
693,723
637,771
42,460
9,348,664
555,741
197,421
365,645
643,993
371,663
93,316
43,771
235,979
8,918
548,873
263,290,296
56,958
597,733,861
266,382,839
401,636,746
171,966
693,914
688,804,895
398,426
114,534
85,731
368,712,938
4,261,974
222,627
584,836
720,833,852
104,445,839
430,452
196,465,482
81,160
258,607
353,718
185,957
306,887
312,462,845
144,794,981
183,458
106,266,804
157,390,610
106,643,722
430,839
226,421
140,154
307,328,335
328,334,878
28,388,437
500,775
425,494,765
98,788
4,428,487
75,704
573,705
528,819
503,547
766,887
701,796
254,281
713,839
170,810,878
26,737
2,8,221
283,436
470,627
122,189
107,294,437
337,547,828
290,660,681
794,988
216,334
246,735
84,422
36,731
293,907,944
496,744
254,319
216,398
853,905
347,385,666
16,458
272,873,962
285,694
326,667,838
272,452,459
268,957
101,678
114,806
25,816
498,706
180,356
252,558
466,750
397,517,805
189,285,640
835,841
118,172,833
78,663,683
914,960
214,936
241,618
47,330,683
497,696
180,253
129,650
407,891
85,608
464,574
591,725
293,382,962
177,302,576
868,958
120,829
420,751
420,683
178,501,579
126,152,824
581,999
540,750
268,389,692
443,588,612
570,866
518,664
296,790,873
377,529
134,237,838
381,494
22,30
516,751
7,860
231,242,444
394,590
171,267
131,254,945
18,292,985
23,225,357
123,827,883
499,692,958
161,389,773
433,471,807
453,947
543,560
96,322
278,541,894
420,921
586,767
196,476
353,456
157,980
101,399,688
65,581
34,953
729,750,951
333,947
374,597
415,844
784,912
192,921
371,954
676,888,977
304,555,688
492,617,753
480,786,956
729,996
676,848
277,647
53,630,959
35,67
240,445,614
89,571,933
356,879
343,494,836
207,517
211,360
277,715
146,881,908
308,468,959
369,472,923
500,724
356,883,900
546,895
679,729
120,344,572
477,795
214,657
460,849,865
185,915
244,650
654,720
822,916
182,449
33,972
4,369
474,774,964
202,380,661
569,635
383,547
152,795
77,159,872
8,694,951
291,475
166,543
699,815
628,864
134,394
98,172,623
704,735
229,501
515,627
18,782
380,464
519,521
580,813
2,817
736,934
115,614
505,547
604,913
389,566
439,833
339,649,806
211,782
218,697
381,864,903
405,414,721
634,934
687,979
603,869
48,553
136,361
145,467,659
664,924
215,216,349
333,381
327,629,695
316,597
293,891
308,517,856
671,821
7,615,707
809,875
343,890
455,707
266,729
243,402
223,525,835
482,497,950
359,438
546,590
662,963
20,181
229,423,551
381,668
250,486,871
661,670,964
66,176,414
476,489
260,732
152,723,960
112,432
498,506,936
264,750
436,472
725,837
400,475
393,834
389,774,925
677,862
222,328,713
331,384,858
371,397
319,752
421,691
165,730
154,829
121,243,664
427,890
95,387
447,767
58,572,793
382,548
245,246
11,352
426,702,863
347,826
345,418
659,813
133,392,477
403,599
74,263
536,543,949
881,994
284,706,813
266,837,915
551,854
383,734,781
216,708
31,40
462,836
22,38
13,848,981
221,249,921
283,840
146,784
365,730
753,766
293,296,338
680,876
578,756,891
924,971
106,679
498,978
745,947
144,985
260,345
433,579
757,846
175,777
322,373,429
99,605
253,897
90,793
821,972
174,731,792
145,931
636,768
218,892
188,276,926
256,285
54,646,826
717,847
673,744
232,619,819
475,694
40,527,992
461,591
634,655
370,385
818,961
215,260
224,793,805
255,435,888
191,424
385,549
122,559
486,812
517,539
143,194
161,360,888
702,783
213,376,688
399,873
484,728
370,734,937
448,881
116,585,996
77,494,724
414,425
241,563,750
65,671,967
748,869,875
1,304,661
252,800
95,793
119,295
138,648,764
438,689
23,199,568
685,821,892
573,828
43,625
216,553,900
37,394
375,502,977
427,730,746
229,900
352,601
279,876
382,447
461,868
681,912
46,163,446
438,472,686
116,921
669,942
288,711
116,532
11,587
63,814
415,473,867
5,508
88,610
59,899
17,217,424
253,430
210,231,425
208,677
214,603
152,400
181,234
176,340,837
642,915
31,452,691
63,275,614
113,553
172,410,554
611,623
618,838
70,344
170,941
815,861
712,723
85,604
40,939
215,274,822
389,875
501,731
351,820,824
388,460
279,579
5,498
121,997
160,714
389,831
172,397
608,645
114,403,539
35,462
24,289
187,264,568
396,789
416,542
666,844,966
65,229,478
612,758
10,306,978
549,653
134,156,201
278,433,891
519,624,973
671,717
196,458
403,600,676
103,306,307
389,480
37,149
594,818
440,534,658
207,911
47,360,885
937,960
164,192
297,413
18,431
527,965,1000
741,805
90,501
153,631,657
191,210,276
682,707,913
46,85
102,247,251
191,989
148,275,553
47,755
274,445
446,607,685
586,791
791,897
261,865
67,236,795
71,543,980
407,444
238,650
982,998
249,388,689
99,350,456
197,475,898
772,917
3,711
176,519,633
215,567
201,858
26,469
25,841
70,463
492,711,852
27,385
86,136
370,831
627,653
619,643,871
111,698
715,806,987
559,954
347,665
213,727
174,721
281,414,752
185,513
23,498,802
809,963
427,752
178,740
281,604
226,493,546
11,770
100,541,981
327,902
163,533
346,855,961
353,472,690
126,468
289,847
307,604
430,501,1000
149,709
310,610
37,189
227,326,470
138,940
40,341
415,881
495,863
84,372
450,590
7,292
450,786
314,691
636,793
46,658
448,459
20,815,901
287,896,906
765,817,874
207,725,893
590,614
9,690,786
802,977
736,965
59,396
312,819,896
172,404,405
577,821
399,805
26,95,572
155,532
692,743,744
186,370,401
337,561
386,691
665,936
488,823
256,801
272,366,896
264,372
54,196,826
324,329
664,829
27,388
272,332
375,687,965
515,634
23,264,360
316,807,966
716,875
389,830
264,910
676,807
364,489
109,369
313,666,985
384,406
416,810
348,586,636
117,922
54,377
456,487,951
634,692,989
475,957
410,597,835
2,176,802
276,953
502,756
18,469
62,355,847
402,702
160,918
354,548,778
756,911
136,431,713
544,648,872
289,640,842
12,847
349,686,709
556,603
30,934
220,429,744
178,360
69,849
564,746
284,300
478,890
761,779
522,570
310,315,621
324,712
386,850
202,754
212,450,728
518,845
83,890
221,318
169,193,850
471,854
412,587
427,998
143,665,732
196,969
260,726
533,590
69,441
38,299,387
193,935
425,988
235,928,982
340,676,687
31,133
75,166
676,808
628,685
606,957
39,793,895
23,542,929
156,958
432,708
113,653
591,809
549,659
150,301
492,738
372,863,965
213,458,598
325,723
36,285
355,527
467,952
195,661
118,700,783
437,530
77,479,728
528,891
521,545
480,891,974
373,925,973
319,763
650,855
570,613
314,983
163,336
424,511,793
773,891
110,581
91,921
357,915
543,817
722,918
99,375
140,287
461,610,727
606,842
326,738
344,438,590
14,75
331,674
319,425
402,522,720
529,630,723
16,396
641,828,903
81,610,754
717,820
662,983
206,512
758,782
404,750
317,458
112,293,790
151,390,941
341,900
185,449
375,473
354,726
149,469,997
229,794
698,914
40,498
107,183
492,868
59,78
39,444,819
422,756
182,496
385,899
142,311
664,823
61,940
356,894
365,870
11,356
129,893
732,743
473,895,977
293,601,643
781,852
135,745
137,245,614
41,589,611
111,383,623
329,523
55,190,328
320,734
627,716
22,234
145,397
490,911
10,60
476,514
98,253,334
533,812,956
106,632
645,890
617,869,889
245,616,856
287,873
152,619
165,989
578,968
768,839,969
38,719
7,605,870
351,822,871
82,466
548,905
94,176,983
141,994
62,383,953
642,810
507,861,869
332,713
563,564,728
467,968
17,57,863
145,642
491,856
74,563,846
300,469
227,665,802
435,602
718,795
850,994
530,969
72,586
114,747
561,980
247,695
128,212
382,459,836
350,446
713,918
141,572
604,847
9,993,999
173,668
482,559
170,183,878
769,956
410,795
297,535,869
868,882
416,885
305,338,558
405,800
687,738
184,188,536
274,322
11,118,801
255,742
582,919
118,312,501
220,528
499,743
170,246
821,907
134,415,616
404,638
806,911
110,634,815
368,667
142,672
406,854
213,809
104,404
645,918
384,773
366,855
281,436
109,391,426
337,941,967
154,203
28,269
377,512
112,609
73,189
710,823,847
369,467
110,602
8,775
470,514,600
56,287
416,543,785
103,850
76,235,599
804,805
526,929
633,878
151,920
133,832,904
256,856
22,737,738
98,471
110,536
378,793
26,683
157,929,957
754,919
440,547,829
187,785
138,540
52,712
73,405,552
29,339,492
254,561,612
828,846
94,508
73,719
91,184,752
259,389
172,292
99,489,538
314,854
231,321
209,474,910
165,377,991
20,68,413
525,559,766
306,330,780
118,181,929
179,676,980
654,938
723,909
18,217,493
518,961
104,801
267,549
278,508,697
177,203,823
402,723
500,966
61,268,973
355,714
203,837
467,589,593
252,676
10,891
394,653
752,806
869,933
157,208
664,808
388,931
197,527
140,557,703
238,382
213,376
150,154
100,404,489
127,662
106,284,555
282,739,789
298,305,902
205,710
70,423,589
33,691
379,760
200,812
105,676,903
313,698,877
288,448
546,737,888
484,857
39,490
58,436,494
496,948
80,987
627,744
232,826
239,469
959,985
399,977
478,686,859
376,556,738
866,946
558,588
357,535
50,331
753,994
521,994
420,801
218,864
104,150
121,434
25,191,681
619,676,733
215,335,504
157,193
177,853
302,401
636,714
592,936,990
114,380
42,410,940
158,738,785
41,608,839
553,820
632,741
48,106
226,785,963
137,142,612
339,373,717
162,174,738
488,702
849,985
245,843
341,657
162,819
72,518
255,508
270,940
9,807
618,954,998
48,513
328,794,940
15,491,643
132,654
380,585
291,313,711
435,731,863
319,895
411,754,841
143,559
851,888
793,932
380,677
45,684
163,304
686,704
156,620
100,497
555,991
562,621
94,375,902
139,529,636
12,158
437,779
251,402
88,537
70,737,850
315,831
289,661,756
219,819
760,934
189,899
436,627
53,520
508,567
446,866
714,927
306,721,901
687,705,737
357,549
123,484
212,463,472
303,338
482,979
409,827
380,416,634
24,498
352,637
297,558,648
222,443
234,584
154,457,608
247,467,783
561,826,965
252,264
561,706
267,961
60,322
144,463
788,906
349,795,796
320,606
42,993
783,805
74,765
447,1000
361,595
464,715
225,330
66,998
116,148
301,461
565,638
221,668
243,931
336,552
178,421,637
356,460,726
493,535,557
819,987
30,151,597
305,503,879
175,715
336,495,829
220,353,860
211,660,700
634,754,843
21,341
693,782
280,321
121,375,752
365,744
507,650
706,897
19,816
122,463
571,691
598,644,918
690,793
312,767
177,393
12,472
245,488,957
527,874,993
210,644
85,305,857
215,387,578
62,629
562,885
525,569
13,767
314,629,675
278,576,688
366,611
251,353
293,598,925
271,899
498,604,983
631,876
637,838
352,357
235,722,881
433,561,714
118,780
104,110,983
18,200
211,728
639,738
7,366,446
1,30,555
38,316
428,808
649,892
279,720
525,606
434,846
258,452,770
83,261
37,779,932
190,520,816
480,687
103,182,925
302,366,687
92,135,817
139,202,546
230,271
442,536,785
160,794
736,917
155,330,800
676,773,851
658,919,951
701,767
370,696
199,580
363,588
115,746,753
84,929
207,242,925
585,705
97,148
68,142,312
485,809
476,509,654
603,846,909
749,821
130,567,986
565,758
630,758
513,542
312,882
174,765
401,784
40,144
110,950
3,666
126,491,794
254,441
167,221,589
233,477,677
88,679
539,961
14,458
22,806,945
505,560,891
351,427,932
38,462
762,798
41,142
80,576
75,253
22,924
855,988
353,753
54,402
13,60,581
336,452
321,891,994
203,232
462,879,992
446,978
483,653
5,99
534,568
394,436
301,878
3,815,822
456,857
419,590
471,707,765
373,746
671,847
845,854
170,446
456,579
793,810
69,316,864
6,706,986
493,552
46,377
23,169,193
187,326,685
772,835,889
50,998
172,282
302,772,988
379,871,942
277,427
171,704
96,181,565
195,586,785
373,599
56,781,907
170,697
70,456
300,605
185,671
184,983
249,454
784,843
295,327,542
403,899
263,351
29,103,354
381,785,819
72,681,725
266,418,489
192,728,859
174,420,886
137,791
268,322,990
273,504,956
322,800
870,987
163,259
94,261,846
310,948
505,686
366,996
239,934
83,145
252,766
180,761,999
572,892
718,981
248,726
452,845
129,203
187,828
170,727
202,944
357,670,936
24,425
169,542
254,259,676
278,339
436,815
471,517,898
127,443,952
321,459
232,436
64,439
158,813
421,802
176,536,885
107,680
398,619,950
196,268
266,752,874
269,323,473
140,438
187,371
452,566
770,809,879
293,346
355,869,936
456,563,792
50,849
234,264,466
131,254
224,769,812
142,438,932
116,292,652
706,708
323,579,685
468,730
368,447,532
498,572
624,626,654
94,806
769,879
227,451,808
104,590
677,991
624,716
200,696
480,980
22,683,765
332,873
164,470
83,843
394,954
95,756,848
50,878
203,481,812
126,835
94,159
559,600,667
165,285,453
610,673
435,970
41,378,958
214,823
182,586,688
99,676
427,468,758
379,543
626,681,946
585,751
644,901
287,679
418,604
9,1000
347,381,617
187,699
660,693
358,490,690
421,484
311,508,799
644,844
337,406
220,224,952
247,433
244,367,689
543,596,647
68,114
66,338
352,817
145,293
19,695
416,801
105,597
457,460
462,686
288,647
169,563
140,684
390,665,991
254,404,970
36,975,976
427,739
409,956
281,965
403,879
462,554,953
53,868
80,217,954
255,515
547,723
77,328
129,306
553,734
70,163
149,739
402,458,603
79,258
313,355,921
131,295
80,355,791
479,872
636,906
464,848
134,410
364,734,872
488,595,869
83,136,174
396,838
752,858
93,891
318,586
670,882
714,789,867
402,489,538
416,592
371,538,985
566,966
48,165,588
463,825,833
163,816
91,715,721
126,335
1,518
606,849
53,332,718
383,781,882
580,754
769,946
496,977
422,983
56,610
182,361,688
404,685
92,673
30,114
10,515
290,739
474,761
145,605
33,691
396,416
661,678
452,810
31,653
112,201
227,752
582,759
271,963
757,815
113,351,856
514,628
508,983
129,893
21,725
261,894,957
293,830
68,613
802,922
26,220
161,252
572,896
495,593
271,321
18,660
837,944,992
335,487,620
492,832
169,536
166,523
718,943
374,938
82,580
288,417,927
372,627,914
625,839,899
353,367
654,964
342,567
283,559
621,982
92,545,595
11,111,365
41,989
518,570,961
116,516
659,841
159,638,977
389,706
603,665
193,705
770,816,909
859,946
296,481
171,604
427,795
246,448,564
162,524
132,853
372,959
309,904
124,275
692,809
401,817
148,387
835,944
230,616,819
357,765
391,825
233,370
472,675,928
530,915
74,281,894
675,786
550,561
9,648
146,831
86,203,897
638,871
104,696
596,860
804,993
717,828,832
225,780
603,707
109,633
61,539,815
768,886
85,690
111,238
11,530,734
197,351
221,404,973
10,515
307,531
195,948
437,759,842
166,206,877
411,741,921
551,833
238,684
222,326,802
772,905
96,519
138,569
230,324,787
99,447
157,284,360
249,549,702
186,833
423,888
652,779,987
140,215
209,836
406,939
814,910
378,901
50,621
142,492,725
35,194
42,810,901
216,685,742
443,662
10,615
793,829
475,531
3,240,794
686,955
510,833
39,918
95,825
256,852
102,394
288,960
433,437
214,617,920
469,653,698
472,893
349,554,606
774,863
670,1000
219,732
592,770
415,912
60,786
300,737,954
650,962
169,316,970
209,797
18,824,953
524,661
371,695
537,604
43,493
557,963
837,881
274,430
439,530
199,611
577,796
132,240
163,629,788
420,658
431,662
453,939
68,163,534
68,482
108,844
428,739,896
408,964
450,786,877
145,762
581,653
694,807,829
715,802
100,665
490,501
380,708,928
503,596
440,565,728
372,653
515,636,767
287,422,821
44,716
414,604,849
536,870
363,426
44,324
261,567
219,758
6,612,820
433,551,890
235,685
94,983
64,426
715,775
161,419,483
490,686
171,759
369,488
77,144
66,451
653,810
127,247
39,303,960
205,897
133,665
794,916
46,226,697
580,709
104,570,875
669,864
296,804,921
94,829
116,542
335,574
20,987
80,233,244
183,755,942
282,494
504,801
671,722
170,493
346,736
182,831
465,589
399,465
60,923
55,949
486,488,613
538,759
103,289,477
30,808
20,227
16,350
472,754
180,377,380
51,169,534
499,864
749,757,790
205,766
265,341
19,446
295,694
311,820
171,453,523
420,480,779
596,788
144,312
600,721
438,553
46,258
157,693
32,602
513,523
346,670,810
117,281
233,366
374,704,708
150,381,748
67,360,884
344,468
261,470,784
526,811
103,530
334,753
20,220
36,404
652,841,843
331,601
143,908
57,287,843
414,588
5,305
268,293
228,478
44,165,693
156,638
20,329
199,608
490,523
214,450,813
84,845
176,675
627,653,866
750,758,959
587,779
130,374,628
447,833
657,669
38,469
52,921
247,929
278,460
743,932
653,681
121,664
250,796
511,681
762,832
485,666
44,875
395,519
278,831
545,842
689,849
201,495
55,487
738,878
162,694
171,877,967
274,655
175,563
550,878
11,15,572
24,132,526
118,793,954
52,160,246
498,732
242,614
574,913
475,659
452,939,962
591,597,905
735,863
94,940
208,381,809
863,897
285,852
8,402
152,819
81,100,725
4,465,738
750,808
273,653
695,867
145,577
478,910
544,589
15,20,522
354,497
313,701,814
271,1000
721,837
202,470,529
379,477
361,492,832
131,431
135,941
437,476
465,927
649,826
166,667
422,880
641,934
134,833
118,424,712
443,833
160,660
10,350,419
47,330
218,629
164,929
640,901,1000
648,773
398,444,720
492,548
529,539,597
399,416
129,624
184,421
249,902
99,740,803
300,549,802
93,407
661,869,963
187,426
112,125
573,831
418,567
169,713
380,548,976
393,454
566,641
634,737,996
510,675
664,721
174,785,788
17,571
572,737,947
237,945
390,509,944
530,590
405,979
303,648
22,420,935
651,672,804
454,537
320,467
302,956
889,993
520,644
39,285
287,296,746
79,558,835
588,869
448,568,884
351,456
134,872
750,993
16,880,915
587,822
508,514
349,750
106,541
490,613,787
80,378,981
253,516
105,510,799
145,340,980
321,824
401,753
423,697,813
156,539,748
324,448
188,913
475,695,757
151,613
395,664
550,576
465,737
447,633
206,857,984
526,850
234,905
216,436,741
678,897
47,91,975
50,362
227,633,715
438,761,800
245,269,469
256,317
334,965
44,652,910
311,380
288,582
343,761
478,616
210,786
730,804
376,846
260,744
258,552,970
207,857
90,627,860
536,957,984
91,418,945
91,581,850
36,148
303,925
140,734
357,613
694,702
770,816
171,381
534,800
292,587
373,598,925
123,196
27,406
870,931
127,171,735
386,388
288,592,990
513,831
316,406
627,807
603,715
341,586,868
605,706
315,683
18,944
243,295,970
446,884,917
90,515
565,843
87,525,932
328,543,562
381,961
602,673
139,355,588
188,725
121,405
242,738
3,779
240,956
736,892
851,861
123,384
82,519
266,593
93,413,535
652,938,946
463,502
369,486
115,844
79,142,629
406,816
335,955
132,904,907
202,835,869
190,417
118,666
218,585
14,284,886
272,359
254,578
229,709
430,658
267,338,721
266,704
374,844
322,824
235,314
483,764
496,569
199,611
172,318,688
257,625
88,533,635
205,802
155,199,444
677,923
6,770
215,271,490
90,356
27,33
780,785
588,723,804
764,887
604,773
142,992
43,652,760
73,364
543,957
723,810
527,767,814
92,154
271,408,435
403,976
203,247,266
74,968
40,711,924
233,252
300,334,863
33,322
349,708
98,708
219,423
288,428,688
34,583
124,923
109,948
68,953
125,184
148,852
168,467
297,594
489,798
41,582,905
295,423,840
821,962
242,980
243,459,873
528,852,992
336,946
351,941
226,908
609,830
55,289
517,921
905,937,954
202,528,805
249,327,665
90,210,632
578,738
8,468,934
202,580,760
177,803,861
251,856
8,85,302
19,104
248,455
102,258,649
44,444
523,555
51,396
90,215,781
564,866
236,952
140,167
34,968
224,758
12,396,655
297,670
377,399,454
15,922
68,308,701
244,636
51,659,675
111,152,678
824,827
202,463
153,741
231,573
232,845
50,519
212,819
569,983
311,728
159,400,538
724,968
858,949
318,658
98,198
73,478,778
626,824
236,812,871
306,517,828
393,903
339,343,725
243,441
499,880
608,785
134,884
757,980
282,323,436
66,930
200,860
767,798
19,161
503,678
306,422
245,506
694,763
52,203,763
698,860
103,875
303,585
344,796
661,983
679,700
104,768,815
236,711
452,594
378,526
566,835
46,193
125,454
514,543
63,709
486,852
326,630
374,751
92,768
322,571
761,946,997
47,565
286,474,712
513,668
259,973
41,546
308,376,817
557,570
87,527,993
218,916,951
390,855
892,960
29,815
538,600
344,462
111,163
43,371,909
8,352,917
582,584,693
41,101
713,907
55,673,886
55,664
32,210
187,920
5,145
240,669,744
151,289,493
57,577
41,749,922
202,936
454,648
262,334
166,291
81,190
204,583
619,799
861,967
637,672
40,369
500,994
69,975
309,829
203,384
298,733
164,659
219,703
701,869
108,258,422
446,845
405,715
211,554,959
263,440
192,931
14,617
181,281
430,480,910
287,991
117,611
102,786
195,593
568,578
604,860
3,356,364
5,302
135,643
44,190,333
463,511,590
153,609
746,980
225,388,452
611,648
63,377
109,242
231,455
177,526
109,409,680
14,318,759
129,246,568
82,170
767,789
2,270
547,554
316,596,859
39,353
582,982
236,670
130,222
80,540
46,968
42,415
267,906
772,892
590,957
748,924
266,491
613,654
599,692
386,812
858,968
287,485
118,382
688,853
500,883
223,428
207,343,838
158,755
118,333
323,333
24,534
170,510,857
567,705
259,336
350,406,575
210,680
418,622
531,594
431,528
438,930
28,356
705,823
27,993
141,526
695,819
570,778,839
79,189,558
274,501
169,192,418
556,575,601
31,109
29,309
146,407
458,949
62,189
522,942
396,460
760,765,839
496,828,853
71,709,859
58,168,280
521,873
166,406,600
117,730,767
168,290,494
398,614
23,731
247,750,759
399,531
36,912
691,862
190,425,458
664,893
8,781
20,516
155,237,702
852,985
45,117
988,989
196,497,691
21,377
82,473
314,532
229,584
106,707
581,964
56,718
801,845
17,22,745
374,483
369,825,856
283,676
268,829,990
564,567,788
240,494
421,759
23,455,498
366,602
107,257,938
622,623
730,837
468,554,952
568,786
136,377
312,680
79,847
60,61
1,610
334,479,627
173,919
243,277
289,559,803
111,465
218,290
383,804
698,967
534,575
735,826
111,222,991
89,114,299
372,584
212,698,946
355,389
126,476
336,853
207,849,901
434,864
291,999
329,471
388,816,885
44,83,554
155,487
410,522
496,928
697,955
408,504
341,370,608
257,912
173,641,774
296,841
463,917
514,680
14,416
83,340
730,731,947
161,175
34,54,114
54,669
839,944
815,904,958
67,307
218,692
214,839
357,869
382,882
62,235,661
536,968
245,473,801
612,848
663,915
266,416,901
193,913
427,794
133,248,969
243,878
53,502
526,868
566,843
252,284
205,902
725,870,974
112,173
141,720
332,351
100,539
276,992
847,874
491,854
365,845
516,700,950
444,526
425,830
103,530
173,919
211,848
182,861
51,163,454
225,345
241,250,696
3,491
411,919
74,132
309,464,509
335,814,954
91,167,318
354,513,561
189,691,978
283,433,956
356,386
205,738
67,415,895
23,247
58,953
43,201,286
332,505
84,504
176,541,959
342,349,931
220,590
759,975
197,952
506,598
46,995
79,729
722,748
171,515
57,117
459,787,956
474,916
212,494
61,535
137,822
167,755
641,874
194,404
74,617
775,832
36,330
180,342,678
676,788
195,316
42,141,826
92,405,684
489,519
290,992
27,330,601
382,947
60,267,979
203,921
131,264
524,965
313,626
326,978
897,956,966
100,533
306,933
713,961
97,456
248,379
208,315
147,352
111,712
82,129,400
14,470
669,676
376,402,405
303,814
164,973
800,963
503,982
549,701
94,942
772,940
101,713,889
360,680
127,224,329
967,974
162,300
353,433
409,439,997
96,959
120,365
571,799
427,696
239,798,844
252,259
195,264
199,554,975
22,353
218,617,981
150,227
96,809,868
877,918
180,678,824
409,670
10,194,780
380,887
4,862
540,887
57,644
275,426,686
249,268,436
705,933
95,598
274,276
135,486,654
176,657
312,444,854
318,679
738,783
61,201
27,721
828,950
251,558
103,689
241,610
213,955
63,152
228,465,755
130,840
229,281
479,503,796
189,905
45,943
130,513
221,909
197,405,883
84,746
86,252
560,603,808
437,519
80,594
164,763
371,777,995
636,948
361,506,815
241,989
651,679
52,202
669,768
364,654,859
204,883
85,268,590
51,533,783
515,552,715
356,443,681
115,524
591,997
295,467
351,723
244,411,849
334,814
685,807
501,558
582,832
122,153,322
275,487,651
327,760
74,257,852
65,933
249,880
476,866
775,925
119,220
239,356
475,868
120,523
314,600,663
737,783
39,823
16,27
88,581
370,425,608
233,289
520,725
714,930
15,168
194,456,872
118,872
358,726
51,633
77,168,353
221,536,605
163,331,639
613,667,679
357,832
215,238,491
16,978
573,758
64,77
221,249,635
581,736
7,890
78,600,627
584,966
339,746,791
980,988
8,809
574,728
397,745
166,240
316,430
103,373
297,620,847
685,773
23,766
54,985
366,982
394,468,632
163,237,754
493,749
582,644
473,970
168,209
724,865
168,240
127,880
26,95
685,977
212,781
110,655,753
40,351
21,347
125,188
294,618
920,965
247,253
23,174
8,33,148
400,664
155,664
821,934
27,440
633,692
215,292,872
126,586
23,609,897
292,585
211,363,993
438,539
289,791
433,435,833
463,904
339,504
678,711
191,426
447,943
171,367,401
722,785
85,88
274,324
53,110,641
26,844
396,600
145,151
366,461,784
835,936
479,781
368,825
252,405
391,924,967
644,828
304,808
531,836
151,336,689
409,876
111,584
439,938
155,163,970
261,786,798
644,815
155,867
525,696
184,995
371,385
87,985
162,454,682
477,598,646
416,647
429,782
3,505,567
105,934
294,301,742
67,191,592
324,427
127,725,760
427,609,652
200,853
356,993
328,920
486,864
756,765
538,549
686,831
377,684
210,276,626
17,56,266
180,266
95,967
548,661
293,422
69,736
505,581
607,692
549,810
1,703
1,199,202
28,458
538,675
621,960
718,998
442,565
310,320
415,749
167,178,823
137,681
59,367
507,800
376,422
51,540
693,767
144,300,612
64,937,950
173,544
107,528
138,361,429
335,670,680
258,960
621,627
937,994
416,430,638
11,654
65,260
46,457
193,799
312,432
79,411
344,898
818,848
417,556,907
90,590,679
3,721
361,594
64,503
200,959
20,184,337
382,397
428,971
599,665
383,993
204,584
567,702
107,317
56,93
687,857
573,789
48,858,998
306,646
222,301,629
172,462,686
189,249
137,522
219,531
89,695
104,643,701
358,823
280,638,910
196,571,645
292,953
170,976
592,843
435,489
781,969
627,903
343,462
503,732
217,696,828
770,828,939
96,873
363,580,887
400,514,704
90,239
56,611
45,781
631,913,955
184,238
51,715
81,520
20,48,910
123,630
537,865
171,602
258,405
477,503,912
632,636
542,724,765
84,290
425,693
288,804
10,286
662,859
631,695
347,582
316,662
484,991
264,534
271,780
328,331
414,798,942
27,452
8,604
30,844
565,673,813
105,967
392,834
181,319
625,969
230,547,720
37,684
416,901,922
221,682,933
511,975
240,266
46,742
7,461
134,365
418,787
439,441
155,942
299,620
313,393,807
71,899
474,654
859,988
47,676
55,715
36,135
770,978
210,587
45,81,1000
616,667
278,768
891,918
59,146,223
84,101,777
191,482,514
109,693,723
211,232,674
437,675
428,847
167,686,933
403,719,778
228,371
41,101,869
2,489
321,506
32,639
607,903
262,924
337,976
62,409
666,936
277,645,859
281,808,833
129,384,850
548,602,944
273,444,513
596,670,804
120,643,718
268,967
268,894
159,345
494,821
156,748
781,960
375,387
511,585,587
264,593
81,349
864,920
131,232,775
287,927
106,827
303,356
713,746,759
357,544
189,436
57,606
177,330
329,359
170,378
30,778,976
468,696,790
302,386
686,975
307,314
509,726,835
153,760
370,461,485
30,112,948
442,565
10,453,707
366,540
350,483
177,248,855
72,150,417
758,769
117,548
455,917
64,268
521,526,717
370,981
457,908,990
316,418
721,915
124,384,758
373,392,743
855,907,948
263,338,552
40,109,240
255,891
117,713,958
76,566
222,886
287,956
210,858
337,768
64,596
769,789
34,312
457,705
17,688
247,710,798
13,724
65,407
350,666,877
18,430,885
77,219
24,374
181,616
250,638
594,887,920
82,519,882
364,730
369,946
43,294,380
207,604
263,356,735
246,580,867
338,530,746
659,951,983
741,878
6,74,633
946,951
222,263,512
128,556,745
546,907
447,675,903
25,288,994
716,773
375,553
521,609
38,63
147,881,960
633,700
192,816
302,981
167,264
11,313,394
23,415,633
385,488
153,697
186,617
269,632
683,835
347,956
275,996
139,655
265,733
242,586,868
676,968
529,692
387,469,690
208,363
284,729,949
333,361,610
385,764,840
586,662
128,509
16,47,420
487,529
10,859
94,986
8,537,615
301,399
104,175,537
968,978
123,838
209,424,723
758,914
275,414
106,166,491
255,651,819
149,211,779
139,964
299,317,426
626,845
323,326,851
57,220
73,991
44,430,660
374,967
34,216,522
356,363
232,422
102,493,610
363,803
749,751
137,681
411,541,875
69,806,810
46,857
419,660
594,673
475,640
59,162,932
277,817
38,104,697
398,708
116,583
500,996
253,722,956
64,850,974
302,466,507
65,933
192,458
20,185
1,141
17,944
248,634
193,544,635
123,530
48,286,430
626,690
141,864
201,580
63,923
78,549,888
349,620,626
242,697
305,326
84,475
179,917
212,397
447,672
152,257
428,592
815,945
168,825
714,988
158,510
192,502,724
303,471
366,565,640
259,886
100,843,973
64,238,666
205,247
296,847
125,226
65,753
55,225,307
78,395
369,793
106,229
851,945
707,961
238,401
842,923
45,372
470,851
258,540,792
287,750,916
144,240,871
844,919,937
123,222,258
450,689
317,856
723,758
849,928
13,589
682,708
9,217,817
283,435
548,841
381,907,933
140,716
390,429
316,603
688,719,818
291,365
561,674
308,678,767
626,931
105,899
202,714
5,734
391,501
382,924
169,330,464
39,230
561,835
367,376
227,345
310,973
135,896
323,626
117,841
748,791
86,785
181,525,657
209,528,807
492,597
896,950
758,903
169,231,808
253,394
91,315
101,577
184,575
310,520,887
139,774,990
337,861
765,851
229,648,819
492,869
200,213
125,656
278,972,990
546,787
616,855,919
82,86
355,766
58,332,487
14,899,988
299,334
206,802,823
132,279,723
66,384,921
277,574,728
255,649,667
817,974
248,487
231,870
318,687,970
114,847
103,290
573,609
70,184,749
452,709
107,166
501,606
11,273,391
635,729
483,894
484,759
115,175,996
10,389,740
268,771
215,767
47,270,984
136,785
386,632
39,54,504
157,552,579
863,966
104,345,821
312,465,958
101,389
773,901
79,802
600,817
547,929
258,348
90,327
466,917,946
438,480
276,519
98,450
210,275,975
532,553
382,474
302,996
302,444,775
485,495
326,346,817
141,198
292,653
47,289
208,634
8,75
508,751
374,700
297,841
183,780,845
61,869,982
521,905,998
109,488,626
518,821
161,283
39,821,887
206,935
180,959
136,734
228,729
324,814
421,802
680,987
110,754,771
177,507,719
110,365,879
559,627,740
233,599
229,285
165,856
69,272,697
567,607,816
730,769,959
370,616,676
119,409,883
82,633
22,974
13,743
555,966
201,312,595
108,789
740,921,992
33,932
75,910
610,936
452,578,609
315,852
173,232,732
254,416,729
504,781
896,908
849,928
254,543,942
93,238,260
588,984
385,753
451,713,860
521,697
327,366
611,902
395,697
696,880
139,551,714
289,302
228,239
157,686
207,542
33,714
192,303
1,150
174,812,839
639,730
826,850
90,584
348,727,916
37,500
411,617
110,847,965
601,804
117,865,941
85,244,279
50,444
456,687
141,479
70,190,834
353,523
477,768
234,239,267
305,330,468
8,508,532
147,913
644,661,835
58,138
443,761,859
336,389
1,520,576
201,598
285,616
252,705
401,853
796,872
610,620
331,992
423,600
78,117,890
126,271
167,466,951
817,997
285,628,956
407,415
356,684
30,265,599
136,388,980
35,574
1,105,442
269,353,375
166,794
394,856
682,690,759
461,588,905
275,328,879
252,510,995
368,540
84,404,600
508,909
237,687
41,554
648,684
188,554
362,401,559
685,733
449,636
161,281
67,536,940
83,95,803
489,935
851,931,949
251,875
479,828,856
416,466
808,844
358,453
138,420
355,559,662
379,461,891
48,761
40,168
250,876
180,237,757
437,501,551
95,124,426
582,662,775
57,362,429
122,821
430,997
48,729,969
1,616,904
644,911
186,235
60,137,547
87,1000
324,511,651
536,607,737
310,775
8,600
709,848
337,762
34,165,932
343,745,779
401,903,927
418,991
815,925
55,830
492,815
262,596
464,579,704
26,181,583
82,145,810
111,731
10,187
1,327
311,872
576,590
190,372,679
64,356
14,433
574,674,863
34,854
23,408
1,275,655
452,901
46,537
41,72
38,375,928
160,550,763
158,935
203,514,570
105,115
354,541
111,125
464,708
201,699
623,669,858
40,472,666
382,657
447,787
345,808
270,773
37,412
132,439
164,483
205,316,425
643,882,955
458,744
385,857
718,722
212,583
6,516
103,223
68,814
387,681
461,472
147,774,998
422,715
173,577
803,905
97,368,926
658,743
750,895
22,496
152,799
75,303
319,560
582,982
346,570
195,228
672,993
82,236,658
206,754,857
634,699
509,925,928
391,788
288,967
90,343
94,225
195,264,844
64,767
210,883
25,408
131,179
11,64
156,828
579,886
133,848
784,972
499,785
187,277
213,608,817
412,959
208,289,691
147,624
516,558
558,657
887,890
552,738
213,341
471,639
490,718,793
524,540
353,397
255,878
442,640,753
319,953
124,714,982
240,462,511
89,428
14,903
50,122
121,193
557,739
77,453,720
114,341,821
6,604,754
642,742
308,985
439,523
865,994
23,375
866,895
358,780
563,647,660
280,963
188,545
538,889,922
66,242,848
240,368,911
641,975
332,843
14,344,767
6,326
81,913
708,877
313,527
565,568
360,703,801
163,798,957
145,977
561,598
597,873
2,856
20,839
445,550
607,664
394,846,854
240,960
361,443
134,493,920
481,770
263,935
17,541
261,725
105,724
141,363,518
84,580,931
601,831
423,922
241,811
280,654
454,687,810
361,766
297,846
14,170
440,659,895
420,694
312,781
35,578,579
27,83,522
92,597
788,867
93,844
184,283
446,601
119,916
15,450
514,687
74,735
358,858
138,345
113,447
202,481,950
524,717
184,600,682
861,869,892
199,377
930,974
7,547
313,495
639,704,747
158,593,929
291,386
151,433
217,229,669
212,364,807
554,955
242,429,882
361,722
861,995
262,848
394,933
103,506
165,359,583
13,286,947
767,959
219,261,470
69,201,954
85,642,893
197,616
422,662
54,725
38,372
560,564
12,924
478,938
205,496
157,273
20,165,578
115,226,826
809,949
482,941
26,494
36,517,985
391,445
650,775,981
771,978
470,656
207,615
341,403
535,944
21,828,919
139,329
500,912
422,508
340,514,706
299,986
322,324,801
54,570
216,459
446,949
158,164
154,201
297,768,921
135,280,926
453,504
736,759
416,607
65,402,422
12,490
337,887,944
344,693
723,726
165,630
256,391
230,443
58,148,819
205,548
471,807
172,332
402,657,842
60,827
613,999
183,848
270,603
284,552,762
224,290,781
442,483,965
830,887
2,192
100,792
223,599
835,926
134,594
95,241,428
189,902
121,645
77,462
255,846
579,840
145,935
471,664,737
240,695
146,378
133,321
294,677
491,713
476,978
115,910
319,603
69,453
339,449
603,675,736
54,293
123,686
65,336
843,861
77,406,480
354,757
159,205,948
809,912
128,871,920
284,974
155,650
341,696
724,741
70,247,808
600,764
153,215,729
61,557
289,695
43,362,374
915,945,952
920,969
31,121,623
168,353,511
146,599
294,625,815
725,736
425,432,783
528,711,827
693,697,926
714,853,941
189,546
888,982
139,186,513
927,936
781,970
106,489
165,666
211,273,274
61,304
827,879
650,949
254,301
98,531
549,918
427,435,504
540,607
5,970
428,709
1,773
232,462,678
224,453,621
115,173,303
60,478,532
41,246,709
511,848
10,911
13,590
401,680,745
477,903
151,198
826,933
145,510,512
373,889
935,980
541,817
605,888
492,607,874
38,443
197,256
423,446,751
175,875
525,906
625,714
482,650
319,988
380,539,887
387,710
241,496
456,536,930
156,634
367,529
388,721
96,412
68,761
257,667
223,674,928
461,838,927
848,943
813,952
563,572
46,539
165,267,373
874,887,895
351,670
340,741
387,847
347,873,899
73,639
802,955,956
77,299,812
254,329,452
439,786
27,231
77,407,623
39,939
262,364
247,968
134,177,363
509,832
307,534,902
298,314
199,213
26,854
177,673
566,859
26,472,501
160,254
306,318,418
120,511
55,210,479
421,510
399,878
392,398
115,159
311,349,758
450,953
200,900
409,781,956
330,672
472,581
777,863
643,923
113,222
299,527
501,734
99,136,345
858,871
286,452
311,444,793
514,568,659
566,896
110,954
518,869
522,952
108,349
266,938,989
196,208
276,730
37,399
642,862
456,575,629
302,994
537,688,949
31,65,704
206,328
45,670
472,488
98,883
118,236,334
548,983,997
318,345
897,975
426,778
201,379
522,653
97,769
258,556
193,491,599
131,219
111,953,992
175,232,734
552,646,956
245,551
534,601,788
290,308,634
392,417
320,983
144,356
113,454,638
281,694
496,643
348,518,580
221,361,911
130,315
264,972
551,616
161,997
396,521
190,564,755
392,561,784
331,487,629
618,887
124,191,232
540,872
9,304,700
278,376,998
48,726
15,285,369
279,480
200,443,613
180,488
422,691
100,904
277,635
60,865
167,489
596,666,923
165,829
814,988
57,65
716,920
279,513
232,394
103,765
97,106,656
517,626
136,705,737
537,709,813
210,674
203,575
259,552
161,858
621,720
553,756
716,952
148,500,822
232,393
35,588,616
682,759
189,591
48,273,547
15,478
221,569
795,871
181,469
202,392
345,385
672,891
176,574
19,473,752
746,748
494,801
2,697
73,499
261,514
75,470
271,943
412,898
541,704
515,540,951
451,690,930
629,724,919
102,593
601,975
135,195
311,613
6,811
24,627
477,927
883,962
382,761,887
199,689
230,722
131,376,550
133,310
549,589
628,789
46,554
705,893
81,413
441,773
697,723
138,270,823
83,341,733
624,681
343,761,814
1,923
546,826
64,361
77,368,491
111,592
441,576,899
2,304
152,350,627
414,928
341,399
720,960
195,785
251,961
192,738,965
601,715,773
98,161,381
642,647
401,570,597
436,776
30,966
475,550,603
423,571
225,357,664
305,655,913
482,811,981
188,256
420,970
249,585
91,569,884
37,311
115,664,801
57,381
223,610,864
155,167
416,563
487,851
111,126,926
184,446
33,612
575,764
104,618
649,811,992
204,436,827
56,804
268,495
207,878,915
243,724,837
114,919,994
344,885,937
201,428
75,271
104,213
294,370
103,842
962,998
317,709
51,301
242,268,560
116,985
474,584,833
952,978
351,812,860
144,154
38,327
290,439,651
537,832
82,418
144,786
259,429,749
13,556
736,803
693,784
65,213,764
2,458
63,403
251,445,858
180,383
98,631
128,480
139,852,896
591,875
118,450,572
118,299,722
181,997
802,929
77,882,900
418,909
202,972
113,212,462
62,826
192,562
119,929
300,352,542
129,694
410,523
294,367,749
500,718
302,380,818
270,470,881
320,702,894
855,972
63,113,572
390,608
199,570,697
149,879
200,613
252,886
402,840,893
607,707,917
441,855
374,378
545,972
114,172
168,704
63,791,849
350,378,896
773,816
67,355,532
137,236,587
11,364
11,241
593,834
387,469
472,652,993
246,655,816
751,979
213,248
26,263
993,1000
140,698
530,634
880,917
171,247
205,320,715
52,705
191,663
70,263,750
453,847,957
30,748
376,518
183,983
361,478
221,785,970
524,851,977
659,894
264,407
403,513
349,380,421
546,801
120,666
168,242,393
20,128,504
26,98
666,737
44,299
930,971
185,642,964
282,713
234,473,755
153,636
606,979
137,207
444,761
348,428,499
55,545
688,987
379,403
91,157
15,92
444,652
38,671
206,593
493,512
327,330,851
450,479
36,374
610,745
561,749
741,948
412,687
242,273
243,498
521,550
172,858
631,767
585,845
9,32
223,560,927
95,238,900
19,852
684,860,921
153,208
61,419,677
349,621,916
460,842,950
355,387,843
71,612
120,871
758,890
468,814
155,621
441,669
186,411,861
506,954
122,230,493
64,111,128
593,763
502,525,593
317,411,609
239,614,656
483,658,862
756,914
342,931
722,804
683,728,792
597,678
187,832
151,315,622
294,952
374,808,964
809,831
242,424
366,707
628,763
444,879
731,923
569,633
82,221,935
76,93
438,532,952
84,270,475
388,929
292,647
109,641
375,549
292,453,581
839,919
227,264,751
21,241,657
856,985
623,675,909
32,225
68,666
176,267,402
106,257,313
88,138,464
356,690,952
11,132,693
148,701
338,610,831
115,441
449,725
459,785
235,744,892
224,325
235,561
129,562,902
980,984
439,903
131,783
207,213
20,910,997
35,103,880
507,590
346,890
431,670
836,969
90,191
766,843,998
60,436
279,697
262,530,547
313,741
61,77
394,504,627
17,171
63,324
439,449,607
14,398
396,563
432,960
168,786
424,626
650,707
134,696,969
626,959
119,782
949,955
3,36,674
46,344,639
97,881
40,210
380,688
810,854
479,727
262,510,871
727,981
410,870
500,850
394,665,667
96,990
301,441,898
154,689
19,268
99,497,873
184,270
25,292
108,873
870,951
528,643
123,993
161,736
54,359
47,600,609
594,722
177,580,803
525,559,994
262,282,680
431,893
691,771
322,842
30,800
129,968
480,625
24,163,567
516,789
411,457
239,741,824
218,616
191,676
281,965
156,433
19,524
233,580
29,41
544,980
774,922
125,446
800,870
531,827
58,627
176,448
99,281
10,195
80,248,950
59,140
196,513,727
315,915
180,358
463,614,653
109,243
551,831
26,490
787,805,999
171,949
113,444
138,689
759,895
25,735
87,107
117,244,432
155,565
242,292
18,49
604,961
5,385,765
654,695
456,490,607
153,732
56,335
329,699,926
243,323
517,851
297,1000
485,844
42,235
245,860
623,985
204,581
100,617
33,674,925
179,710
19,805,931
247,854
52,282,516
725,963
296,936
678,911
813,838
433,508
55,335
193,268
135,651
420,953
411,733
398,801
22,647
7,472
750,886
172,883
181,819
118,275
273,666
221,976
102,228,437
506,515
371,647,975
42,215,434
183,995
230,584,734
273,947
376,738
416,458,609
43,645,703
77,996
659,748
655,664
163,564
227,373
391,709
377,417
8,755
68,220
259,645
45,921
514,646
113,619
166,335
353,355,413
214,664,874
31,623
2,504,892
32,960
46,682
103,133,813
768,918
516,539
405,483
12,955
134,378,941
150,795
147,386
446,473,759
108,558,743
282,427,504
690,731
229,654
683,804
142,871
306,603
147,291
592,950
221,566
835,928
57,126
28,162,178
341,795
273,779
403,500
52,174
348,841
182,575
556,934
47,765,810
114,585
640,934
192,330,706
234,965
188,877
417,727
90,530,632
533,704
376,644
526,926,973
203,236,449
751,924
559,975
341,588
76,268,677
335,740,825
575,909,942
30,214,341
545,576,864
257,501
433,596,999
451,884
84,131,792
481,922
120,770
451,531
547,952
676,781
186,259,766
37,71
544,635
100,919
139,577,703
412,827
13,165
774,838
380,826
306,526
401,491
6,323
414,629
502,676,840
72,286
237,951
290,865
182,828
26,810
83,514,878
914,956
536,984
896,903
127,411,756
234,437,884
608,731
536,629,752
392,477,903
464,688
427,801,859
260,994
8,22,55
20,342,825
545,942
136,518
430,938
36,331
453,462
214,561
843,919
627,997
308,518
706,812
52,540,675
186,338
35,173,799
945,999
357,942
152,281,788
538,563,797
42,1000
233,741,743
191,693
159,307,924
482,813
556,683,924
385,619
267,514
938,961
406,784
287,586
32,132
79,777
1,168
37,144,805
70,483
670,679
409,610,653
382,711
368,624
676,742
38,204,379
6,770
164,543
857,897
369,822,879
26,424
16,567,857
82,930
701,799
709,902
57,975
24,557,670
609,858,894
13,474
595,646,994
109,452,693
143,906
286,629
13,469,848
171,658
99,260,432
431,479
415,659
41,835
371,919
466,546
805,985
330,754
24,742
524,986
436,618
221,273,353
133,855
5,90
640,687
334,511
359,583
135,392,443
458,560
151,506
275,815
223,557
111,551
120,471,472
630,862
513,714,932
764,953
45,168
329,491,522
445,806,954
338,577,633
339,708
755,986
264,917
250,253,569
161,421
31,359
203,558
528,564
77,654
431,615
802,909
232,923
251,828
535,570,875
306,706
329,874
573,730
328,949
165,722
174,860
1,497
289,692,713
608,636
381,565,668
298,603
262,782
562,662,701
122,608
323,671
285,638,794
69,461,661
456,475,759
317,581
96,879
117,457,482
207,502,862
556,816
764,780,929
320,951
105,434
234,418
527,767
88,129,983
296,379,489
183,735
63,278
743,948
510,913
98,561
139,229,984
280,504
544,681,835
168,584
234,314,802
163,683,729
537,809,886
206,237,396
420,575
162,251,949
323,659
664,877
148,375
299,503
417,873,919
410,932
45,436
254,810
656,732
880,894,940
187,568
396,502,909
748,805
182,714
251,371
22,671
125,270,343
372,746
519,685,986
176,451
187,477
291,429
679,957
835,968
68,262,494
382,654
815,989
450,965
407,463
124,339
154,562
623,905
343,528
113,430
412,811
190,806
124,644,650
102,639
301,648,995
60,586
4,823
30,196,892
189,662
743,941
485,889
405,589,685
233,558
322,513
143,309
258,855,974
9,276,408
95,113
360,582,646
625,938
392,617,791
169,249
587,938
465,930
18,585,916
284,504
185,560
203,228
327,745
690,837
83,326
198,731
115,217,662
564,794
727,950
41,877,911
144,433
315,955
784,953
260,700,965
76,363
362,995
700,876
623,957
19,604
108,452
238,380,965
363,478
178,741
13,887
11,107,679
906,921
284,635
237,239,910
208,233,920
691,715
218,976
44,348
285,471,666
676,706
339,821,994
234,763,769
577,907
361,933
447,772
7,359
126,840
33,460
155,423,664
216,505
97,389
354,828,869
315,507
58,632
379,434
497,818,841
589,810
39,438,532
293,346,984
93,214,652
631,718
236,238,413
212,636,672
154,187
128,923,952
13,302,866
235,507
5,483
81,341,774
69,146
318,524,562
160,920
4,499
163,192
87,499
184,595
546,666
396,538
368,929
73,481,641
53,911
149,386,545
237,355,627
467,538,635
372,429
73,936
205,465
760,763
837,935
419,495
611,614
349,678
148,597
24,192,524
445,871
125,407,546
521,849,882
392,539
103,841
845,965
307,799
45,245
123,321
739,854
456,670,792
292,351,420
39,606
462,923
463,544
311,756
89,511,631
487,724
239,532
970,979
277,921
142,256,876
944,969,994
490,528
51,452
563,851
155,393
363,477,821
237,311,826
72,509,523
378,511,849
14,171,924
213,304,928
189,678
549,676
315,471
123,473,945
361,785
156,692
717,809
251,996
106,851,958
119,210
206,402,683
189,826,918
114,400,643
45,386,712
153,862
382,947
296,668
122,507,972
140,276
349,444
383,681
221,248,613
183,456
67,565,645
80,240,788
66,953
493,779
150,920
261,360
39,253,616
90,98,955
710,755
879,999
139,928
305,516,551
83,816
434,993
537,810
272,844
656,716
440,476
464,902,974
513,889
48,201
10,977
670,856
289,586
348,732
598,630
423,945
469,795
101,982
32,584
208,405
22,157
377,783
84,305,797
724,753
344,622
524,607
357,949
46,101
200,310,847
621,720
309,497,907
281,473
257,953
697,774
686,718
724,923
287,325
203,710
400,840,975
100,422
409,940
510,725,753
633,940
471,630
87,120
5,254
654,761
530,999
256,638
64,146
85,356
284,930,970
300,660
6,188
5,245
729,875
188,316
228,756
361,847
154,253
244,580
525,814
910,931
273,523
412,525,803
165,308
309,580,876
139,202
159,564,974
146,746,891
137,935
228,685
316,468
462,993
364,766,836
84,356
328,686,957
566,618
325,450
638,711
41,908
141,182,262
217,623,722
387,709
59,661
693,895
87,678
240,916,952
28,67
189,903
76,108
38,750
597,985
487,896
128,872
438,720,943
210,613
159,470
345,824
393,675
60,748
121,268
768,942
18,651
439,709,992
493,692
418,574,682
214,672
239,989
46,880,980
128,681
344,391
297,570,868
442,936
69,125
315,868,887
91,476,917
339,403,611
139,144
22,402
976,987
336,878
411,874
306,308
154,359,617
209,351,672
4,192,307
209,840
667,933
213,665,708
207,234
1,134
237,351
275,790
124,151
159,481
272,348,411
51,292
849,870
280,437,802
810,825
421,512,560
444,495
173,555
471,871,883
506,855
373,535
198,249,689
845,872
172,566
327,974
47,984
528,623
171,174,187
122,148
203,453,962
311,576,683
139,248
296,425,548
701,756
157,822
95,882
579,785
241,396
85,692,778
789,807,916
147,650
47,589
52,476,834
875,902
302,558
20,355,674
35,736
92,529
100,301
920,924
361,766
147,173
203,663
437,830
370,493,597
338,912
318,851,902
515,915
441,610
302,669
265,374
353,996
637,938
359,547
390,738,849
187,421
230,698
23,184
6,178,502
768,828,905
200,253,380
160,710
310,400,729
328,560
568,856
73,618,713
18,210
2,207
80,151
344,783
841,981
439,471,686
129,161,802
579,637
287,552,855
233,247,870
342,711
857,863
158,295
730,745
288,780
163,432
290,501
144,925
705,737
127,448
205,384,704
391,862
332,891
84,464,687
262,680
89,215,638
350,678
37,64,180
194,519,601
22,102
697,747,826
545,771
152,342,504
16,738
406,840
528,741
196,594
83,328
564,916
53,394
276,407
128,723
53,243
398,871,996
494,1000
864,891,936
63,737
155,664,710
381,811
248,337
731,917
505,870
3,698,916
86,459
420,701
106,530
593,621,643
144,435
124,224,384
217,225,680
522,851
189,202,988
31,145
372,825
395,834
185,288
83,227,324
61,468
246,508,877
416,508
245,291,313
318,458
661,966
174,459,559
9,52,455
135,472
60,795
199,566
139,811
123,238
121,228
135,627
56,825
337,941
180,335,860
327,902
379,407,726
167,927
182,986
676,752
164,924
899,941
462,631
231,408,670
204,317,698
388,983,984
373,571
287,561
228,319
148,538,950
620,969
847,989
725,846,861
216,259,390
393,418
775,799
254,702
10,531,637
6,635,995
174,320
669,768
479,618
443,622
70,143,298
81,153
82,832
170,823
387,938
100,495,744
20,303,612
149,728,964
139,671
222,717,769
485,941,990
153,602
3,24
479,587,670
14,393
332,441,821
167,993
425,666,833
248,650,891
742,917
594,635,694
231,776
308,317,430
711,904
25,674,754
46,603,935
10,129
94,405,545
115,967
324,958,974
184,487
460,891
47,504
186,727
783,798
312,686
106,344
239,864
455,598,850
424,583,691
686,786
375,655
380,513,800
26,867
758,775
236,254,907
490,789,870
171,730
676,804
40,573
12,206
145,214
475,835
122,865
88,405
454,891
716,819
184,612
5,930
95,805
110,700
347,659
767,957
8,965
55,819
373,392
398,547
223,348
391,591
614,677,981
27,46,908
102,683,986
157,364
842,926
423,735
704,874
416,930
174,695
618,991
296,391,435
842,864
683,773
65,110,777
136,751,808
155,850
204,317
241,250
315,928
113,894
92,526
8,968
313,848
749,766
166,775,871
535,861
280,308,807
200,461
160,347
319,569,942
186,195
35,261
247,746,960
42,130,221
248,561,976
427,989
82,138,729
226,256
96,156,422
232,287
431,877,916
354,864
150,201
648,839
539,827
27,210
755,821,953
340,350,764
153,767
16,149,827
243,307,705
240,943
107,753
5,975
567,814
172,409,430
538,867
2,314,750
315,919
64,146
419,965
734,756
24,357
748,864
14,163,653
180,781
718,859,964
83,258
232,433,638
152,632,953
218,312,514
101,352,813
602,853
530,736
263,706
70,745
35,163,850
74,687,695
95,613
442,492
168,232
72,998
194,530
195,960
115,775
506,864
105,341
472,898,996
471,827
177,634,969
656,938
227,750
506,955
204,627
371,581,890
194,679
418,551
322,525
292,684
663,702
491,709
524,752,781
19,901
340,902,978
514,629
753,939,996
166,280
158,328,823
11,492,513
222,451,830
783,981
157,804
640,714
47,94
707,951
242,324
276,632
410,801
228,473,667
522,651,698
819,871
22,916
443,701
292,448,686
733,878
424,741
564,986
294,339,937
132,816
209,621
187,995
137,296
10,975
587,590
54,513,582
411,692,766
192,466
96,442,759
94,446
198,212
679,690
563,940
104,287
200,751
705,738
171,443,667
161,864
802,824,856
72,889
26,196
276,897
24,854,954
568,635
26,488
338,694
679,909
306,682
9,724
820,890
126,649
468,910
249,514
486,796
138,856
8,384
89,822
100,259,659
86,298,360
1,521,599
345,742,834
506,871,968
126,380
159,360,387
263,724
299,466,678
61,477
153,294
411,417
136,755
188,479
914,943
698,997
250,269,680
309,456
149,467
182,377
178,970
115,264
330,575,816
39,308,716
14,537
113,223
467,567
7,944
61,107
589,788,975
760,811,889
153,182,671
515,783
410,723
4,307
403,561,782
18,310
171,377
169,295,455
575,763
14,360,393
16,169
370,842
318,819
132,756,793
90,238,388
122,550,683
276,774
646,994
82,355,690
115,461
170,194,921
138,846
222,715,866
244,302
197,308,353
743,917,950
113,210
190,318,531
496,966
109,835
41,821
392,552,657
165,173
372,398,985
372,443,553
98,286
606,900
33,355,373
304,800
688,958
10,170
299,306,462
560,562
563,834
55,736
549,893
754,899
82,675,823
221,851,924
75,915
133,546
765,977
588,889
75,704
449,902
336,544,582
286,356
34,419
137,973
513,919
64,144,848
498,857
112,985
266,331
23,878
43,289,558
151,976
342,675
83,251,664
386,796
676,850
361,899
243,567
838,965
31,436
211,585
721,895
446,564,752
143,401,784
187,538
28,999
593,840
350,829
288,379,380
596,782,916
103,354,591
278,838,916
203,219
198,211,883
319,524,713
650,719
139,864,981
184,414
140,210
399,655
632,666,734
469,799
74,252,263
240,935
370,802
243,341
451,590
196,515,931
87,513
293,481,557
438,998
104,240,337
314,995
314,771
78,765
474,854
393,406
741,769
279,792
20,620
440,484
162,637,652
555,790,831
864,907
558,776,834
1,362,677
583,1000
476,888
103,963
128,250,799
153,690
620,928
87,205,434
60,912
540,587
445,643
138,810
381,554
14,874
47,993
210,323
142,290,447
288,724
359,365
42,101,775
148,527
12,817
420,604
125,284,895
146,233
72,545,546
194,254
21,869
177,702,974
572,783
381,460,499
505,526,924
269,820
172,290
90,344
378,513,743
546,589,797
126,714
273,470,604
164,759
241,762,891
317,442
38,517
214,567
199,367
227,602
485,903
436,932
628,686
181,711,833
412,859
105,497,821
640,847
509,562
332,759
653,890
383,469,779
102,568,860
731,860,891
397,811
512,797
54,861
279,796,824
91,938,976
269,758,997
392,620,809
431,667,758
566,832
107,652
748,944
166,380,589
851,862
181,290,450
338,743
181,793
214,347,555
516,654
273,488
245,412,530
50,202
596,705
81,196
94,173
452,901,929
712,836
443,516
99,371,440
533,562
34,402
136,170
120,191
476,747,965
347,892
223,507,954
147,700
142,677
323,825,914
455,631
605,769
115,286
209,692,735
197,814
115,651
8,875
520,924
162,418,765
82,159,770
977,989
392,822
58,131
456,686
220,511
438,735
228,802
97,412,822
76,713,989
319,631
494,985
419,676,830
734,939
309,388,955
113,505
272,599,905
396,451,837
527,876
57,950
203,635,837
206,954
204,311
260,620,962
255,770,837
463,469
324,521,911
121,302
310,963
204,776
450,784
176,601,770
377,574
862,893
756,997
339,827
361,513,608
258,657
269,369
494,628
111,389,693
320,578
722,966
777,841
170,601
282,554
253,369,398
622,793
963,969
264,392
375,721
422,571
271,472
298,706,833
297,492,677
287,548
86,685
29,58,832
232,718
623,665
159,930
536,861
248,541,948
31,275,322
450,752
102,164
39,720
259,719
95,426,793
232,479,911
327,629
147,310
125,171,837
288,308,859
214,855
387,517,731
90,351,651
108,180
123,786,879
400,751,757
280,615,932
503,960
558,686
543,605
206,266
161,252
179,702
460,972,990
609,915
171,252
77,590,985
126,761
574,799
235,485,641
80,111,663
355,405
509,832,991
63,124
337,642
357,395,544
210,253
689,756
172,740
380,390
281,526,597
8,375,894
314,371
535,771
69,110,380
216,239
765,785
349,805
597,689
234,758
73,829
369,469
2,254
535,573,646
466,864
418,664
44,830
286,583
569,788
22,942
288,404
785,837
308,430
154,653
355,391
58,549,664
289,460
571,673,766
8,205,249
329,532
8,227,249
86,352,687
294,821,847
312,613
131,913
621,671,843
80,140,842
418,421
290,472,814
230,499
409,491
37,583
326,540,869
124,616
714,747
324,501,710
100,433,780
356,469,701
424,606,794
197,779
277,876
690,761
525,842
753,889
67,908
186,808
437,575
65,891
584,637
629,909,940
484,710
181,930
22,249
202,726
538,716
411,847,934
691,810
129,414,924
513,901
380,746
230,410,412
124,194,989
64,488,879
88,357
193,646
24,46
38,587,701
591,618
174,371
6,385,423
162,327
85,422,956
21,991
701,841
150,481,607
701,909
572,890
230,335,985
369,678
35,231
204,462,739
292,464,548
16,524
21,340
236,511
328,375
554,845,953
344,802
27,261,940
456,601
486,956
929,951
10,840
260,620,928
11,328,887
461,691
202,442
169,987
136,564
225,275,942
71,111
90,427
254,450
655,942
41,389,620
108,302,869
545,668
237,721,917
972,973
85,385,924
9,951,957
384,561,645
424,621
546,865
36,144,894
61,403
510,802,909
112,507
160,163,284
217,595
208,958
297,811
83,210,288
711,907
122,144,324
293,550
215,495,651
158,318
33,498
396,756
384,710
332,441
15,528
369,387
136,584,682
515,636
40,638,738
155,400,603
62,87
26,36,749
384,857
511,624
220,280,471
267,360
486,666,723
1,842
313,616
305,515,550
100,287,928
644,921
324,527
308,695,810
117,637
54,622
811,848
794,856
136,940
182,920
324,341,878
57,509,747
821,855
665,775,934
30,821
506,747
278,434,646
237,557,801
218,548,967
143,302
421,801
339,630
286,996
6,168
37,113
423,935
390,809,906
468,965
138,247,249
260,726,842
223,546
32,734
39,459
173,671,843
192,261
558,933,937
61,449
149,198,260
71,369,408
50,130,875
673,835
57,775
521,617
384,575,687
71,258,664
745,914
485,822
604,854
142,335
49,879
56,92,223
15,308,368
442,451
566,920
234,538
263,837
305,409
175,327
44,955
769,913
106,409
262,712,779
751,846
319,732
193,246,423
262,468
202,315
313,430
543,574,880
333,725,832
92,489
275,793
303,583,955
403,630,903
209,242
230,616,799
363,622
203,722
26,370
257,614
2,325
256,424
369,551,926
76,148,951
33,64
608,661
569,637
742,844
120,723,804
138,454
583,937
105,793
125,184,406
502,608
259,768
46,802,965
502,676
148,329
623,677
184,788
232,656
189,341
639,715
92,599,670
172,643,885
289,400,694
563,837
409,588
464,751
236,487,722
56,104,744
231,343
868,915
162,594
267,467
462,488,939
34,729
583,854,931
355,682
264,647
30,182
552,926
96,595,631
376,891
421,431
61,355
938,954
237,383,663
101,646
428,510
37,554
393,941
560,997
450,664
461,919
342,992
95,192
718,943
95,241
816,968
513,670
268,390
253,479,569
517,679
389,466,837
59,990
733,803
709,775,901
545,623
466,670,935
397,594,934
63,227,615
487,813,842
105,712
372,583,801
257,280
162,838
101,348,373
938,993
577,929
129,685,995
715,930
217,772,803
218,531,997
438,934
682,808
95,317
259,730
377,942
497,786
220,394
237,630
21,146,777
793,838
661,768
687,983
207,797,823
173,835
725,865
309,457,948
602,612
4,205,384
425,931
250,616
557,855
309,338
22,502,785
79,930
401,823
25,728
39,547
281,484
292,759
379,481,774
247,586
27,187,578
186,355,594
199,955
47,466
448,615,737
241,373,677
642,752
181,570
194,889
198,290
103,248
21,103,906
113,736
209,412,458
127,600
208,746
740,880
4,193
85,353,795
84,627
6,251,867
171,179,350
78,179,710
359,686,750
58,488
758,771
480,651
68,185
85,206,884
73,748
728,960
469,910
654,711
257,682
136,436
474,943
236,270,782
327,759
682,783
173,778
253,679
100,346,813
252,475,922
378,473
280,887
116,746
332,943
79,546,962
315,435,890
340,533
529,610
275,820,836
215,653
64,239
251,995
46,565
189,494,613
411,969
5,762
279,394,848
26,370
836,966
144,542,708
557,606
153,570
171,266
25,279
12,741
225,540
215,842
250,960
359,842
233,643
7,956
460,777
138,498
88,187,949
104,432
36,329,836
156,460
152,677
838,936
2,871
536,704,755
256,716
19,595
292,525
227,270
474,851
351,777
92,598,665
310,339,754
820,931
146,503
92,654
372,498,688
486,772
162,377
149,384,622
507,674,811
172,427
491,654,825
58,193
884,913
286,291
83,589
466,531,549
537,648
725,909
101,990
155,264
678,822
87,95
162,331
53,511
240,854
389,665
219,284,837
501,980
522,612
279,620,907
37,462
285,490,670
153,325
203,937
287,613
193,413
181,287
100,831
216,618
399,871
120,269,615
274,474
161,733
109,527,793
150,259,839
77,251,584
190,943
344,812
136,411
345,851
65,956
179,953
299,479
186,595,979
5,249,676
144,514
40,517
52,522
390,791,931
265,539
705,897
169,402
321,999
281,372
61,259
217,636
97,406
506,518,816
139,691
91,773
192,998
408,722
783,851
191,215,626
442,735
284,586
166,648,748
528,708,825
272,428,832
307,857
158,742
131,550,830
585,627
401,848
232,789,814
423,983
465,792
243,534,810
71,612
92,499
490,916,959
586,923
505,717
294,634,800
52,67,931
545,848
323,583
172,816,849
4,830,874
124,444
756,757
231,494,631
403,689
7,11,996
102,193
396,405
503,528
759,983
430,604,974
815,849
470,888
29,182,740
327,360,544
324,446,652
129,157
316,742
247,991
467,506,759
16,264
376,402
174,738
27,420,695
372,616
299,438
423,846
209,611,839
777,918
792,915
13,535,723
524,777
89,126,329
688,725,963
199,555,904
609,929
231,359
646,681
392,876
505,795
103,762
105,532,684
90,358
853,906
578,985
367,936
759,862,978
250,279,709
567,987
179,860
143,900
751,788
7,45
429,699,760
349,915
685,801
720,828
373,428
107,118,358
304,697,982
279,712
54,620
461,998
72,150
607,968
184,917
228,985
35,757
285,796
426,468,837
48,952
129,263
676,806
683,837,942
726,835
520,875,936
74,400
81,953
338,691,855
442,803
802,825
342,504
276,292,793
380,696
25,774
247,985
165,763
31,303
530,997
250,359
143,648
379,645,963
250,781
76,617,717
45,570,951
123,365
264,470
231,822
201,947
302,513
311,854
242,581,836
15,282
527,672,990
119,860
18,491
415,462
405,926
531,856,959
177,577
298,548
208,962
113,431,681
106,501
18,503
345,655
249,352,377
371,601,862
495,901
392,429,646
108,193,789
193,264
68,165
276,878
67,278
47,174,707
27,193
216,761,876
834,860,935
66,175,301
98,285,458
183,236,887
525,847
385,666
80,964
247,845
136,404
858,935,965
72,417
185,717
441,869
237,610,879
120,972
443,628
419,759
342,554,859
828,919,998
324,642
756,849
396,562
539,903
281,421
322,592,640
692,869
380,697
146,293,657
478,782
386,787
103,699,869
274,883
2,658
634,849
721,743
179,850
549,603
696,784,844
409,833
78,437
99,125
913,930
160,399,571
374,559,989
343,372
698,876
270,850
8,739
376,835,873
195,816
646,934
359,503,711
149,266
686,1000
217,565,665
171,416
459,926
116,649
116,137,631
121,331
800,842,896
530,652,856
807,863
67,103
585,787
529,809
289,352
100,577
506,889
54,492,535
144,364,822
198,503,612
207,486,674
716,900
496,509
179,664,968
24,327
174,581,598
610,809
361,691,804
69,105
74,940
330,484
444,618,723
80,173,235
244,261,517
93,435,675
238,957
371,952
487,742
424,701
174,549
198,840
209,400,867
140,549
482,495,521
591,998
215,412
31,500
19,88,585
463,799
85,267,618
780,788
519,772
395,621
433,666,943
396,421,980
263,849
185,774
363,811
149,324
662,811,818
288,889
211,394
30,451
328,504
311,935
390,741
767,799
468,958
668,698
587,636
525,727
899,903
166,701
968,975
505,573,709
128,601
248,373
458,835
202,759
354,407,499
151,417,863
21,574
726,914
141,546,933
156,688
272,411
135,204,276
524,682,830
94,557
425,615
245,666,959
184,482
93,164
419,888
485,666
59,649
179,569
247,360,917
99,523,527
89,491,679
622,707
880,915
37,142
320,506,797
151,355,440
194,763,929
428,967
561,818
524,609,676
60,621
80,869
78,193
61,803
229,786,1000
751,886
319,560,579
396,918
7,359
1,81,223
343,494
461,954
402,550
403,736,791
375,464
277,641
8,90,809
524,945
373,795
133,447
252,988
306,944
161,190,454
162,376,381
194,605
419,560,873
172,480,720
279,315
382,876,932
205,574,593
193,514
555,557
534,664
302,778,961
24,567
671,693
325,906
20,256,432
380,495,753
251,700,849
693,822
278,725
94,476
79,186,976
482,594
199,894,950
208,496
361,819
621,876,912
459,656
693,767
286,311,409
475,917
41,297
124,651
541,591
566,609
644,944,982
407,766,961
316,591
248,296
330,536
740,750,979
111,285,852
11,541,808
97,949
668,681,725
474,594
94,881
541,713,891
17,243
195,203,984
818,937
211,229,723
240,746
200,628
226,799
102,913,986
140,439
199,614
622,997
5,743
126,327
719,979
555,927,967
74,703,801
408,689,723
68,827
623,867
191,553
585,612
115,592,777
280,444
565,726
444,812
143,498
129,205
503,612
371,548
64,398,585
148,730
622,820,952
465,537,721
372,938
313,934
17,366,809
566,812
331,470,992
91,951
149,879
740,888
328,360,615
115,595
34,526
134,917
78,309,557
598,695
336,493
314,671
432,438
490,555
48,917
247,318,978
93,646,725
840,971
449,664
266,587,771
264,542,971
257,919
97,557,834
395,922
175,222,658
140,932
2,227,825
391,554,825
485,499,861
562,664
245,403
590,802
290,914
539,928
44,224
245,439
543,654,804
68,796
675,866
516,571,630
240,643
636,687
428,438,455
120,890
443,661,767
132,318,407
550,945
339,509,649
41,83
194,228
330,440
420,562,977
49,75,716
287,497,620
26,615
486,811
32,595
97,322
91,158,461
327,548,850
134,689
340,682
648,655
255,456
256,698,910
366,924
108,235
145,217,765
301,904
58,716
316,342
469,573,712
637,942
852,923
523,616,731
701,781
270,635
501,634
37,698
132,857
42,649,784
359,716,910
199,348
35,933
146,371,415
12,174
273,812
309,999
374,756
264,598,841
171,592,788
415,971
849,969
166,573
140,313,701
21,139,347
459,769
110,271,784
109,693
158,280,468
615,699
22,75
552,980
106,133,141
290,614,794
159,270,718
265,477
303,645
61,304
435,530
130,316
219,897
116,216,468
784,801
288,469
321,494
279,329,517
244,557,744
620,717
270,514
191,463
600,817
211,702,816
108,411,979
886,894
685,986
462,1000
13,166,856
198,483
316,400,968
204,585,794
151,298,900
318,724
202,322,800
127,323,600
207,867
817,937
698,912
500,521
326,418
4,22
402,647,737
129,515
303,317,397
20,119
235,704
260,333,790
535,565
335,474
302,641
686,931
120,693
530,583,848
143,807
529,674
87,916
128,631
298,554
441,921
534,600,878
609,686,978
499,928
397,885
796,872
260,541,665
272,778
240,952,999
67,430
110,459
143,276
29,901,942
354,571,991
341,646
1,346
236,273,711
4,23
442,699,928
355,390
324,598
312,488
273,871
63,883
233,357,804
184,400
492,771
348,685,864
269,794,883
906,929
35,218,995
140,349
800,828
861,995
223,526,561
189,361,962
133,134
642,750
189,336
449,630
43,496
438,783,942
855,969
492,734
239,674
231,653,672
24,558
90,314,494
89,553,568
222,737
102,471
60,356
516,847
370,518
37,826
267,473
317,801,900
569,605
9,282,795
720,741
695,929
58,238,678
62,689,919
54,93,853
40,275
268,809
310,919
224,863
274,365
299,523
717,976
798,808
94,173
243,440
606,612,686
89,140
28,762
171,917
662,756
189,832
551,796
452,537,802
671,871
94,203
434,591
436,983
14,163,909
106,836
158,400
581,582,775
359,567
880,929
158,211,337
492,782
105,217,463
552,767
805,932
425,812
217,944
548,689,708
378,520,564
892,969
488,726
521,811,913
137,191,513
69,85
352,783
100,115
218,905
892,937
52,243
650,743
665,934
149,198,910
82,557
675,737
191,494
43,852
782,964
26,807
410,612
235,798
155,167,808
484,785
130,314,863
514,724
152,576
23,145,184
161,544
54,818
362,903
821,832
678,964,987
559,699
599,657,791
578,686,702
628,653,912
80,597
247,557,823
222,729
412,459
155,323,893
266,801
5,227
704,922
173,803
380,989
165,331,879
792,808
692,800
406,534
37,486
300,338,463
723,972
136,314,752
114,726
198,367
479,955
886,927
386,688
648,770,984
100,891
38,532,799
511,691
723,763
335,364
667,894
639,710
796,822
509,818
406,473
266,658
520,772,864
534,648
353,969
446,886
125,307,878
109,860
246,318
82,506
33,495
497,602,937
478,732
280,592
181,634,750
74,603,797
582,892
335,814
181,511
546,753
42,625,841
226,389
387,394
388,473,704
168,700,870
609,972
332,759
255,983
845,852
12,251
726,950
410,686
601,791
48,472
6,501
745,758
198,314,604
163,639
486,583
200,212
236,365,471
302,527
437,757,890
423,457
83,437
361,556
143,699,869
245,366
386,531
158,200
78,416
305,475,658
7,137,324
106,299
312,675
337,948
521,545
83,244
11,581
51,437
847,849
294,485
326,995
350,842
335,985
285,878
534,550
610,690
415,792
44,211,438
408,709,939
364,507
624,898
228,681
33,749
277,456
146,739
567,784
653,911,947
559,981
57,65,617
334,421
266,314,433
24,94,243
421,633
499,629
183,252
359,434
530,551,720
126,262
164,935
493,768,903
41,298,646
239,643
235,727
474,667
273,734
655,715
469,631
159,195
179,916
123,845
330,655
228,263,355
220,410
371,385
680,956
452,978
344,748,975
139,214,873
193,267,721
355,375
483,525
71,178,196
84,452,470
542,817
260,411,783
40,474
344,765
717,932
237,432,604
143,467,902
172,463
290,322
512,604,685
290,688,746
352,414
163,355,554
86,475
290,318
30,545,619
53,714
225,560,744
216,822
117,492
100,107,381
312,758
689,869
492,903
352,792
219,681,833
618,960
134,399
108,894
232,438
99,219,306
177,669,826
502,549
76,304,673
385,851
229,373
199,201,610
577,662
576,904
108,376,618
198,960
366,703
269,527,614
347,586
672,807,946
45,364,997
402,994
730,876
113,349
825,915
300,474
71,596
893,904
183,295,510
148,292,528
354,368,901
378,442,936
133,541
585,947
225,323,455
325,997
428,974
286,654,879
208,380,428
236,424,872
369,540
304,535
95,216,360
283,433,910
661,739
486,804
423,704
313,587,652
80,93,104
200,583
120,587
17,348,979
451,521
151,969
66,115
130,663
185,280
203,476,956
110,235,403
720,729
309,778
45,344,405
290,793
269,616
503,672,684
474,745
30,177,401
217,635
633,728
244,401
736,795
130,239
227,635
20,122,341
71,667,679
673,862
58,723
149,528,681
198,334
513,641,918
11,888
773,953
511,700,728
201,529
206,603
491,590
430,767
521,841,843
272,484
237,375,858
400,594
326,524
208,548
167,603,916
810,823
436,655
424,946
18,97,612
163,295
567,837
423,888
295,402
9,312
177,208,950
77,150
313,639
1,749,950
814,927
431,969
189,749,828
40,433
754,896
365,731
850,866
528,786
674,962
306,763
320,339
14,664,974
50,688
264,326
693,874
200,424,614
673,991
405,421
120,308,690
503,994
452,598
168,453
117,744
387,445
251,282
340,502,884
683,685,777
284,578
460,578
637,874
940,986
258,839
185,246
545,832
369,814
455,888
258,664
457,675
203,475
22,323,538
634,662
387,587
204,249
613,763
74,308
248,936,963
438,950
663,691
227,340
210,701,782
543,645,755
38,335
460,844
310,361
4,50
775,910,983
338,838
313,806
367,853
20,756
339,945
128,343
190,629
324,723
24,234
621,627
818,875
594,640
548,998
127,977
219,277,470
378,460
109,488
86,757
96,347
44,90
211,952
434,496,790
247,830,867
452,542
317,680,712
175,558
128,651,918
610,631
526,592,777
83,230
146,354
133,528
621,904
318,694
120,488,680
610,882
113,604,827
999,1000
178,595
109,113
170,452,840
492,496,664
47,895
131,326,817
34,152
124,782,804
672,938,987
90,926
296,618,809
187,924
229,944
144,252
535,918
176,601
53,230,852
255,402
571,641
227,483
310,843
471,548
638,970
167,802,808
556,685,742
793,807,819
304,438
492,990
82,319,690
19,218
434,826
496,775
454,710,810
61,588,941
172,229,734
286,490
157,249,904
304,548
934,998
606,925
35,543
102,614,667
418,697
62,703
543,986
494,551,612
488,643,911
573,653,932
594,809
60,692,920
170,253
57,310,627
98,652
84,553
330,470
181,542,595
149,505,654
22,722,815
561,818
39,71,438
397,581
588,844,903
36,490
527,882
182,659
379,714
24,609
839,845,962
101,126,173
180,912
370,833
92,918
97,984
352,885,978
633,702
390,557
598,650,919
344,999
303,369
48,902
160,901
2,414
280,450
178,345,851
652,951
507,717
479,774
110,568,919
257,785
62,685
466,662
232,251
373,565
14,465,888
231,338
593,698
96,296,372
131,575
52,277,798
158,425
492,537,654
226,526
4,456,808
523,955
634,981
138,180
447,488,723
150,373,556
52,900
780,935
3,426
384,556
733,803,954
104,482,513
557,944
238,351,639
68,942
140,382
634,711
815,869
101,793
955,996
170,188
11,265
395,634
81,632,870
553,781
353,469,845
501,567,965
606,943
123,475
125,360
380,631
127,160,178
333,792
92,155
147,475
355,705
6,18
555,942
632,769,993
224,982
472,583,653
282,377,564
204,344,453
578,755
75,741
146,392,950
124,729
7,426,606
225,772,973
15,182,798
27,345,785
704,746
247,515
129,195,237
194,744,859
338,836
219,418
370,417,768
129,867
166,551
178,961
803,841
381,753,988
171,734
752,913
367,668
145,759,995
100,669,719
83,850,995
325,728,734
2,344
89,119,126
287,665
694,706
269,383,999
164,676
17,32,533
737,930
205,398
728,731
93,617
92,450,555
200,312
2,751
130,218
5,563
84,798
368,534
415,566,753
379,778
327,533
11,925
532,873
394,692
836,911
795,920,930
328,851,968
264,724
67,489,762
480,528,914
379,710,869
8,471,831
117,843
362,671
239,638
357,705,834
888,895
470,735,986
449,868
108,260,336
373,689
424,793,900
163,425
541,640,790
352,512
126,680
64,404,825
3,13,883
114,429,825
700,883
570,608,991
65,967
280,677
610,692
30,844
70,154,820
454,536,715
52,225
42,57
414,548
42,63
153,568
425,615
7,229
665,962
766,963
41,407,908
637,759
148,230
809,967
681,987
525,593,689
3,280,629
207,467,924
72,132,917
750,783
86,323,974
708,937
689,705,871
741,782
296,411
342,678
560,881
688,832
187,405,589
269,801
403,776,917
177,539,993
703,750
419,687
330,363
37,952
257,805
44,722
94,354,807
376,599,713
453,503
462,938
295,626
373,485,751
414,639,784
3,587
472,912
26,271,761
116,311,943
708,839
173,625,665
656,852
54,851
98,653
145,184,323
251,895
122,296,767
447,448
242,678
375,807,953
189,744
664,894
278,354,393
278,376
497,669,826
113,606,656
450,805
31,317,718
399,886,970
867,909
62,333,591
404,788
249,658,715
141,170
661,893
122,278,485
417,966
64,391
57,730
124,689
185,687,714
85,500
103,418
273,324,686
180,881
147,159,268
325,592
306,635,885
244,598,707
431,693
136,237
23,178,453
89,883
226,346
670,872,993
413,789
296,991
144,623
184,368
372,572
212,290,769
31,433
869,963
382,813
465,628
426,869
749,832,849
219,319
611,875,973
574,628
299,344
174,762
42,61,235
220,891
690,812
64,814
66,270,765
25,691,982
206,247,978
505,513
732,829
547,616
247,752
123,245
337,377
127,194
43,528,992
560,593
174,580
335,550
18,315
241,559,883
586,656,856
302,708,972
47,405
210,480,486
574,673,783
520,831,861
354,565
527,844
418,980
86,702,984
418,581
853,936,954
16,167,330
14,359
114,847
529,689
263,437
351,387,946
82,759
411,748,868
305,764
115,284
851,968
25,743
574,757
150,966
367,887,936
173,724
302,869
168,180,804
202,896
124,344,439
168,793,876
36,239,938
441,727
205,861
557,566,703
624,934,970
303,932
95,761
270,393
223,359
244,576,831
505,588
349,448
673,865
275,326,890
40,450,872
19,198,538
685,849
654,1000
277,522
307,536,633
224,898,985
91,169
27,287
196,680
174,245,251
446,694,735
224,631
260,506
308,597,750
907,919
184,913
42,555
35,675
102,882
189,529
45,955
248,435,494
674,973
299,462,572
730,795
55,629,633
483,550,718
313,430
309,329,598
543,715
287,543
138,498
317,372
107,745
340,491
668,703,790
618,739
72,839
476,983
194,537,604
499,820
19,204
410,872
225,254
439,492
179,841
173,644,714
410,985
115,154
94,930
854,946
53,605
90,392,426
234,336,620
464,637
668,924
428,851
406,527
290,429
232,431
69,384
333,678
226,662,966
19,62,321
807,996
42,535
427,470
219,549
40,90
413,580
152,394,917
51,66,783
10,352
199,234
344,724
22,502
57,655
45,138
115,803,934
596,916
368,532
226,422,595
210,426,761
693,898
55,70,237
118,180,292
168,252
489,773
197,707
464,519
359,882
382,987
32,234
70,631
138,350
529,763,906
215,580
292,632,681
158,464
370,644
139,214,441
279,571
417,853
100,696
66,543,615
30,336,559
347,378,677
584,790
152,955
150,566
176,277
80,336,696
474,883
157,924
326,986
423,724,895
623,940
107,132
353,643,898
803,994
286,890
664,969
45,364,382
124,324
380,449
430,553
63,311
436,889
119,443
453,588
297,909
6,262
50,110
211,786,848
220,264
325,656
386,793
158,827
134,566
240,483,851
119,330
332,340,815
72,625,934
484,661
54,390,767
32,572
108,848
344,931
47,850
174,380
188,764
737,840
86,455,940
598,780
271,625
80,373
398,654
192,664,686
46,502,862
354,396,634
315,873
556,838
397,678,836
33,934
118,911
64,487
162,193
376,864
671,906
202,287
644,661
536,645,662
76,671
195,425,456
642,965
716,960
795,945
614,712
348,419,521
646,855
88,579,955
363,677,865
275,616,931
746,892
447,710
700,781,985
799,910
319,707,881
321,819
367,407,861
333,493
43,807
167,450
659,798
633,872
295,578
363,857
521,898
202,503
357,570,704
75,807
131,755
186,636
160,414,858
113,789
332,625
559,765,910
526,644
13,304
202,230,667
506,934
443,960
251,555
185,595
287,887
373,636
30,117
740,882
299,471
142,975
57,294,875
261,263
299,365,883
228,737
53,623
13,152,471
715,751
688,933
499,627
601,910
314,917
147,806,987
104,428
186,287,944
105,659
152,687,771
412,795,801
685,913
69,344
699,746
46,160,834
170,446
192,533
144,339,340
320,977
217,708
527,795,996
107,256
150,407,688
54,976
841,982
359,471,505
274,431
758,895
571,973
140,529
72,339
114,442
54,737
320,637
598,774
27,690
732,774,777
426,547
102,562
4,916
156,829
27,243
552,830,891
106,795,859
226,530
16,38,639
1,716
763,829
452,885
525,984
41,59
332,528,836
288,864
221,327,567
31,728
287,605
506,541,906
140,883
660,859,916
363,641
346,598
264,605
599,828
564,687
472,727,959
735,898
597,980
156,760,944
580,594
209,466,588
528,826
512,698
246,705
61,754,905
48,795
177,725
507,580
270,996
162,402
503,898
600,861
675,938
481,914
93,141,497
99,489
483,537,601
98,347,872
8,949
414,556
347,694
188,421
397,421,857
369,858
336,586,680
154,481
537,771,865
103,660,702
214,378
259,685
771,962
525,790
229,273
8,600
688,800
222,320,886
325,755
564,738
346,699
515,668
243,263,895
104,407
478,804,916
325,408,585
611,994
497,998
343,469,985
60,588
705,819
137,999
213,373,691
458,968
440,780
125,326
81,937,972
112,775
603,731
117,762
256,739
84,560
22,909
976,979
528,999
153,460,568
70,508
478,990
473,949
84,685,900
370,513
443,458
341,557
173,647
109,624
449,463,987
208,496,623
521,574
66,125
398,840
600,729
255,392,767
20,462
593,929
207,797
471,587
168,324
495,719,873
286,317,882
66,510,629
83,917
158,490,680
385,809
765,958
2,517
203,815
329,859
524,880
507,591
135,424,433
277,851
405,765
173,332
76,525
151,333,664
197,590
639,734
590,795
27,465,977
69,389
13,58,860
439,684,725
309,725
522,872
217,731,757
289,599
13,490,943
424,933
280,785,837
309,366,598
749,925
603,792
32,242,523
328,772
500,831
412,518
14,411
356,565
85,227
612,935
565,668
250,257,444
520,556
242,928
100,861
398,835
546,683,780
49,670
266,930
32,391
42,715
167,422
691,839
8,440,556
374,436
108,811
363,374,570
517,616
499,766
409,475,795
114,379
20,631
50,455
564,625,771
91,170,750
230,410
687,893,951
674,972
125,156
615,626
299,952
555,927
79,240
578,718
393,408
439,730
140,886,942
805,833
286,553
291,344,996
133,742,879
46,360
257,619
6,719
116,166
703,831
440,958
889,899
27,540
148,245,334
414,452,567
254,397
44,627
222,438,708
62,104
542,691
551,866,950
164,912
131,559,691
123,400,644
471,997
471,483
418,960
341,430
263,933
622,859
429,603
269,317,413
355,512,770
701,761
714,935
383,540,738
32,693,879
765,767
19,798,974
800,987
248,305
730,926,952
365,679
538,603,848
381,691,753
81,674
289,891
201,724
255,849
14,451
368,638
401,614
353,469
163,266
455,552,949
328,476
492,587
5,311
216,286,748
296,478
193,258
11,34,438
421,880
567,770
329,450
289,526
519,737,884
576,598,967
622,939
270,721
307,563,915
149,236,931
688,860
83,316
492,671
229,904
111,291
194,347,819
41,476,952
30,889
248,465
54,86,386
641,873
464,735
48,376
148,836
475,851
693,772,793
461,896,908
79,636
335,767
817,856,877
55,160
279,717
301,305,377
249,970
597,779
443,680,716
341,463
159,264
117,440
10,810
386,606,845
380,887
55,343
19,999
111,500
622,767
857,881
267,510
310,675
54,322
255,512
478,528,709
177,941
132,454,676
38,276,728
355,373,925
62,954
339,618
49,847
174,740
346,361,555
74,734
72,195
397,679
362,460
366,582
435,562
411,445
72,665
403,614,894
334,703
106,403
341,836
374,763
104,724,782
292,709
594,748,899
535,594
682,729
52,830
498,604,707
325,536
303,602
673,932
214,561
385,543
189,376,864
414,729
708,781,952
24,151
302,719,948
275,651
172,786
33,96
237,975
121,401
72,362
300,736
301,983
57,762,978
104,962
329,762
200,438,627
90,262,999
593,897
546,875,918
924,940
466,922
29,582
29,113
182,259
100,309
89,356,716
199,776,886
76,595
208,449,529
118,397
375,650,986
117,317,318
76,272
337,392,844
139,790
337,495
180,561
233,525,778
120,333
207,784,902
294,689
293,639
42,361,934
583,1000
26,470,798
484,563,788
501,805
330,694
136,511,531
103,481
125,738
165,779
454,591
303,621
82,309
88,203,762
241,411
294,774
357,567,980
411,419
116,536
810,975
133,977
62,713
29,139,751
289,963
456,980
290,700
271,702
339,640
506,998
651,871,927
374,990
454,911,996
749,865,972
