218,504
300,411
633,898
184,741,871
78,253
224,570,777
282,659
370,479,580
186,263
114,750,978
60,364,639
262,921
895,953
70,760,908
196,989
205,615
818,936,996
59,490,662
302,944
449,708
151,292
469,915
32,836
190,220
77,422
190,520,848
256,793
425,764
500,569
321,478
396,534
258,374,947
161,713,720
811,875
297,328,453
247,274,817
333,882
191,504
2,567
363,914
172,241
271,500
274,603
331,512,876
268,642
30,784,983
382,623,772
344,978
537,563
449,580
654,780
117,490
71,697
230,649
546,849
490,668
182,430
519,543,857
349,487
597,657
449,899
144,809
701,989
774,784
232,687,851
442,706
512,646
210,556
161,751
350,680,901
43,784
756,964
325,900
248,558,813
96,355
457,973
473,792
181,362,512
671,936
105,981
55,891
194,195
920,978
498,980
426,876
64,564,851
168,859
47,422
302,647,916
637,685,805
10,79,314
356,556,717
262,643
492,946
373,444
41,116,246
27,218
87,567
698,780
141,869
493,520
371,953
22,173
485,730
402,628
318,344,588
459,765
113,293
162,787
472,923
527,648
212,919
151,325
184,388,659
164,434
18,815
8,965
30,175
669,734
640,738
147,328
232,325
251,788
97,594
333,428
318,524
136,245,495
75,400
217,634
334,811
565,567
126,916
911,954
7,388
10,547
316,539,942
267,348,569
201,549
219,749
19,501,694
271,329,568
129,217
88,609
586,680
207,402
140,165,746
287,676
832,891
192,296,976
72,453
395,921
150,549,599
562,955
328,898
310,326
216,626
295,351,953
69,193,261
527,653,729
437,962
607,942
261,437,497
35,220,600
537,945
477,606
34,48
57,216,473
121,319
122,185
690,777
403,461
107,878
99,298,592
274,921
259,891
208,732
796,992
773,858
64,487
69,624,904
789,892
50,318
48,382,569
138,337
14,334,531
81,806
5,850
195,747,836
311,739
350,465
95,164
312,417
599,605
288,630,851
181,607
220,437
318,787
182,356,688
433,513
484,708,959
162,577
686,753,826
341,641
796,797
584,603,876
841,922
381,851
319,536
793,798
132,164
301,951
46,389
86,341
416,987
565,991
300,948
541,972
72,722,822
871,909
452,654,689
273,327
363,841
244,364,462
194,882
45,64
246,255
574,681
480,683
170,317
366,548,949
222,524
279,604,870
98,588,629
220,427
660,743
490,625
231,392
803,830
56,821,849
277,523
146,207,942
799,826
212,634
460,679
462,571,623
413,488
343,913
632,767
719,803
560,706
199,263
503,799
46,560
199,445,739
93,501
760,777
209,342
350,797,917
722,783
628,772
143,742,1000
127,754,878
514,539
771,905,957
162,264
260,798
284,473,490
11,288
169,703
608,718
301,756
853,933
367,463
675,823
635,887
169,967
212,246
11,951
165,470,749
122,595
115,961
431,497,503
3,158,313
21,101,755
97,435,560
29,850
339,702
131,897
166,291,844
684,905
527,962
11,745
294,959
550,842
68,352
16,675,808
161,551,915
30,417,664
86,269,382
437,536,998
297,624,883
808,944
376,483
144,625,876
725,892
179,243,986
2,112,400
134,285
524,557
265,575
152,739
24,770,890
757,805
825,946
217,734,943
629,963
307,931,939
194,198
173,367
301,552,568
758,784
84,542
108,582,808
101,112
95,183,584
384,489
85,147
8,10,896
78,434,667
17,732,827
599,741
3,391,766
363,433
348,659
971,989
167,716
20,280
233,441,563
193,344
166,739
182,228
128,635
53,724
107,641
252,489,621
310,412
773,778
441,493,821
358,420
482,487
39,264,696
235,972
307,689
24,480
223,241
525,872
686,949
158,255
617,844,882
239,287
287,642
718,756,972
35,515
53,457,830
199,380,677
97,874
115,582
150,229,685
68,232
187,549
515,583,761
402,748
27,136,253
270,743
334,523
180,720
218,444,776
225,314,901
356,546
327,956
420,676
266,590
322,902
118,528
503,875
495,778
659,886
216,242
850,998
182,205
160,443,872
81,442
236,528
350,783
586,877
57,534
892,941,998
58,200,797
19,847
162,649
268,274
617,783
135,564,616
9,451
153,220,304
203,438,801
52,922
476,583
130,163
167,315,409
186,345,981
38,292
884,955
195,877
244,671
128,500,929
146,895
454,683
653,738
13,485,679
337,564
111,349
232,305
263,644
980,984
266,900
739,814
47,938
260,809
427,627
456,615
212,407,443
332,945
195,654
244,546
57,334
391,658,700
253,375,748
38,606
41,235,582
672,758
323,407,477
176,954
586,661
134,944
220,244
62,783
169,542
442,535
52,631,747
364,857
233,541
634,639,761
416,472
42,44
618,768
61,168,320
7,186,472
155,191,265
107,155
407,972
170,332
11,18,371
187,737
650,664,974
471,720
481,511
94,851
35,532,895
314,560
628,830
206,766
148,274
481,766
409,844
167,372
206,650
372,626
52,655
281,379
72,962
153,928,940
239,287,443
937,949
197,460
705,847
553,668
486,775
433,965,1000
309,651
657,673,780
222,614,619
8,557
33,128,967
193,600,790
28,870
210,284
242,891
224,822
43,861
376,853
369,903
29,751,928
65,106,447
65,128,719
671,847,848
376,539
248,422,859
131,760,912
149,644,680
107,773
256,752
17,34
33,94
1,72,846
134,698
553,834
99,154
605,766,903
1,711
175,784
411,911
3,168
41,613
570,819
73,917
314,478,571
104,986
13,343,354
503,683
368,873,952
272,290,952
253,506
318,977
161,406,782
651,720
87,592
78,465,549
238,572,973
104,247,572
82,101
196,338
286,651
344,650
621,883,931
512,668,685
211,319,605
492,889
507,669
315,896
729,877
294,394,923
90,996
515,644
193,623
509,627
391,904
85,792
751,948
280,810
50,551
600,909
855,883
44,136,372
632,878
244,826,870
84,789
355,481
106,749,863
723,761,857
457,845,917
245,940
91,476
316,718
22,663
878,879
668,837
216,269
363,830
272,758,909
496,698,753
123,311
363,733
293,361
668,994
408,988
160,210,585
121,341,736
388,581
397,909
301,884
119,940
460,562
65,602
735,783,793
278,565
159,877
51,438
38,283,814
72,587
495,569
282,859
368,411,469
131,642
170,813
95,542,900
129,410
702,841
30,793
35,70,607
32,109,384
475,642,956
230,877
753,941,958
442,938
277,840
509,776,797
297,510,651
451,554
353,607,941
4,546
347,562
322,757
113,276
302,904
206,384
857,910
359,365
319,708,810
154,657
381,473,629
224,346
356,689
216,993
92,220
57,188,192
153,508,620
485,873
54,430
432,596,976
95,478
152,815,832
379,787
173,523
479,614
476,641
132,848
114,834
162,327
205,259
119,166,429
855,969
69,344
218,362,584
431,912
260,582,855
44,185,921
697,811
429,763
56,495
4,438
401,422
25,255
12,331,541
544,579
66,446
59,484,615
220,824
606,811
948,952
488,780
363,623,790
171,425
409,831
23,271
65,99
534,863
107,532,931
202,562
459,838,865
919,956
689,854
337,436
211,259
360,673
438,809
588,665
19,34,730
534,631
429,489
21,280,917
410,567
431,467
442,635,846
172,766
557,591
200,641
26,63
322,837
549,916
41,303,735
486,524
676,685,890
63,727
570,599,693
138,420
608,622
628,949
42,598
346,610,678
141,651
446,605
875,918
275,334
559,745
124,457
126,295,755
641,680
439,592
37,292
306,903,966
236,783
475,530,793
530,569
914,983
402,942
17,194,533
478,563
238,587
680,762,986
448,543
249,268
492,824
662,665
239,995
356,843
215,796
390,984
699,891
670,686,799
842,937
416,587
167,335
55,978
702,877
242,440,677
700,804
417,718,856
110,230,296
129,650,691
703,925
57,125,632
361,802
492,931
484,604,845
528,630
106,391
388,483,956
294,505,574
16,204
306,872,938
799,904,955
39,293
100,861,967
172,369
583,975
160,534,565
15,41,367
747,905
109,356,907
395,925
239,723,787
869,999
568,714,881
52,868
160,319
840,863
383,638,778
95,238,607
736,868
47,144,993
256,827
626,640
366,973
189,281
20,238,545
378,813
65,493,987
648,735
1,106
81,527,675
585,593,614
459,471
455,951
81,276
608,878
189,848
158,516
541,898
307,628
450,964
330,629
193,429
365,504,826
337,757
36,398,783
158,251
399,775
257,835,950
364,471
747,802,840
543,589,733
560,779,851
427,768
376,854
459,833
687,743
611,794
34,243,835
124,413
41,654
680,803
275,325,921
12,338,482
208,244
10,903
155,612
671,718
135,844
396,687,896
618,740
128,911
421,700
567,767,793
289,441
459,781,948
137,399,835
2,787
537,943
306,446,713
159,490,602
216,493,572
356,998
726,954
19,233
403,625
51,504
232,308
425,761
89,325
29,96,953
77,328,456
362,500,674
282,434
362,493
471,517
52,888
82,542
471,733
640,908
34,71
146,264
326,740,978
42,682
466,557
447,610,971
214,692,964
864,891
347,717
115,668
847,979
179,290,705
128,151,639
666,766
116,656,990
126,351
40,382
42,796
224,763
289,346
82,913
477,719,815
262,568,648
551,561,853
78,288,582
122,829
90,495
770,897
132,295
161,584
458,734,868
352,658,682
148,264
315,712
510,940
786,982
584,832
137,664
604,681
59,985
1,361,707
109,519
92,424
22,525
24,549,693
696,803
129,316,499
36,118
206,528,749
342,463
197,641
660,879
589,601,618
412,798
130,659
106,831,948
326,460,954
77,896
709,763
295,823
382,622
733,748
647,700,704
180,267
86,438,954
228,824
762,992
368,531,848
642,994
112,647,720
29,343
39,372
322,841
114,888
1,438
166,312,699
195,467
392,685
197,508,593
778,850
339,642,884
80,912
387,466
740,836
321,900
1,595,657
6,152,236
547,914
271,719
37,213
705,822
411,1000
74,165,710
163,477
584,899
505,511
376,441
86,810
356,631
53,528
116,298
938,943
77,761
260,777
195,794
321,340,345
79,279
145,263
250,298,523
390,592
688,839,888
599,711
182,621
457,540
513,651
439,445,455
296,857
90,838
290,415
145,537
673,820
119,715
440,877
17,833
490,686
417,922
510,512,666
76,581
84,176,871
496,825
442,472
136,493
396,443,838
128,925
394,597,914
577,645
345,788
150,982
481,503,953
263,451,497
278,360
16,276
233,707
913,968
273,530
792,822
880,929
230,711
839,957
417,455
676,768
583,631,859
200,295
680,826,922
420,525,819
370,510,937
450,769
19,276,660
18,731
252,780
371,583
287,590
78,257,870
721,825
15,491,710
145,768
234,469
348,513
740,887
165,271
383,580
482,998
198,310,858
260,903
473,925
166,534,685
875,918
82,577,663
357,881
385,838,917
214,545
152,604
60,845
7,138,665
991,999
270,558
198,556
118,406
442,827
534,628
123,150,404
166,173
23,332
429,698,768
747,905
154,248,480
33,925
186,229,412
232,304
125,463
108,196,287
345,545,736
37,847,960
42,58,894
344,493
283,894
495,600
9,604
20,625
43,574
377,804
459,656
97,361,872
297,715
17,421,715
199,675
265,911
179,253
8,476,484
344,557
138,527,801
284,996
543,669
168,993
337,508,544
231,621
282,497,552
96,281,873
255,696
434,630
15,36,532
38,579
514,960
99,802
669,851
278,529
592,827
506,912
589,900
676,890
435,684
189,854
669,904
158,215,608
208,419,688
24,78,746
34,322,766
416,827
253,420,777
740,758
257,817
313,617,690
260,546
150,464
62,704
447,705
547,684
100,585
254,559
341,913
281,343,502
518,766
274,705
190,498
174,263
298,367
17,410
34,871
63,645
167,305,586
283,874
655,907
755,872
734,908
180,985
270,418
370,563,775
181,894
786,953
291,457
104,361,740
641,913
582,802
26,873
547,947
751,891,992
290,845
202,739
423,499,969
271,555,901
556,853
587,633,767
241,927
676,819,994
879,945
507,998
317,854,948
388,574
624,840
367,624,625
321,962
20,616,822
252,980
339,742
866,883
136,147,185
111,837
267,437
405,808
577,755
406,815
571,727,749
150,408
117,194,310
600,725,809
845,965,997
233,370,730
7,309
188,779
239,932
515,853
481,835
209,566,749
539,586
193,364
414,690,877
902,952
732,961
69,307
320,413,846
395,584,934
609,885
299,572
743,895
771,930
125,591
42,887
325,726
250,413
153,752,942
25,55,134
46,734
289,732
198,229
275,429,851
18,919,950
334,790,962
189,475
190,480
886,986
57,367
136,441,786
90,769
214,777
592,616
393,411
456,714
637,767
316,869
532,670
41,837
97,379,816
681,978
5,767
543,688
409,915
158,841
158,403,439
36,476
166,334,349
1,808
113,806,951
7,610
426,811
681,699
82,759
562,873
227,328
338,562
71,227
272,983
409,678
559,584
526,787
392,396
324,359,657
203,951
524,556,756
428,965
227,292
153,742
135,278,589
522,874
131,794
382,771
428,757
300,693
475,668
2,449,775
273,468
129,597
254,899
590,699
363,774,957
50,463
101,226
248,540,743
229,481,626
228,908
398,645
36,69
344,994
214,643,854
193,308
935,982
92,775
212,381
210,282,957
548,704,910
253,743
260,611
582,588
156,399
167,298,434
315,538
259,919
2,18,672
776,977
138,261,413
435,944
724,819
64,969
7,846
570,692
219,350
296,942
200,788,944
189,246
641,846,958
722,802
613,778,900
597,938
116,497
15,669
98,617
91,178,755
166,229,793
468,480
108,544
588,988
821,900
715,781,928
475,767
817,907
638,905
465,780,995
358,423,651
125,193,602
529,609
8,776
307,637
452,459,892
76,738
265,504,998
97,413
316,820,852
93,522
73,781
252,713
314,589
626,723
79,841
59,733
646,915
447,492
291,886
291,648
216,796
679,766
144,334
306,922
305,735
386,669
151,696
214,991
14,45
184,396
363,761
331,741
736,823
847,883
341,610
396,463
312,838
44,561
295,297
655,799
761,904,983
358,656,842
150,219
608,823
122,322
122,370,965
30,534
225,314,330
209,303,741
510,630,696
693,719,799
111,306,996
316,574
232,971
377,707
86,898
448,617
95,362
26,141
774,827
480,711
149,195
6,230
407,776
8,737
135,418,770
37,952
525,788
204,994
322,337,596
180,256
22,100
133,519
445,773
172,510,565
548,721
2,8
425,902,943
551,590,751
194,365
376,425,694
938,973
94,253,367
614,749,879
451,481
340,523
504,928,931
417,788
495,881
795,867
301,965
92,211,257
117,325,337
181,714,941
371,666
149,741
89,836
58,136,614
443,544,616
392,422,464
209,528
34,47
297,833
101,627
403,691
257,814,888
44,65
42,547,558
441,893,930
72,715
382,486
180,945
56,334
23,186
684,793
70,389
78,989
521,880
135,905,951
468,777,932
71,271,989
236,728
650,705
171,279
578,969,990
376,574
140,681
452,622,623
751,832
565,697
416,605
656,674,832
22,704,911
10,93
310,942
269,342
18,663,880
177,995
167,596
119,418
177,591
270,658,849
308,502,525
133,146,266
296,807
516,807
41,777
117,425,643
414,541
172,931
442,999
578,898
381,843
222,659
557,749
475,545,866
260,625
218,372
720,933
60,967
64,612
556,986
889,956
320,732
115,723
255,551,584
250,464
268,417
146,409
120,397
405,930
358,747
531,765
481,536
799,856
661,896
48,334,857
637,685,955
348,406
71,815
513,524
196,781
39,87,741
188,741
365,418
181,424
206,571,650
57,313
118,669
313,740
515,538
147,697
553,587
120,327,335
102,422
549,560
188,392,788
5,820,974
225,577,894
337,846
378,656
637,760
923,971
167,619,690
91,796
567,806,953
14,257
1,7,194
596,652
267,915
714,943
103,212
310,783
453,540
31,221,429
182,795,929
527,921
36,512
715,866
485,814
372,802
3,483,638
7,696
223,327,591
204,704
10,343,917
192,230
97,361
140,836
83,500
278,781
355,805
41,496
218,803,901
725,972
36,385,781
568,753
511,675
27,86,316
667,794,825
144,466,633
675,942
93,828,848
531,874
630,875,898
472,618
496,706,756
190,971
147,284
125,145,948
144,570
444,987
222,988
370,585
266,521,601
539,640,916
173,468,580
315,647
86,216,273
98,398
166,199,390
590,771
587,804
52,408
427,873
293,707,735
54,943
572,622
504,764
323,492
154,777,816
31,361
305,880
91,454,750
18,815
424,878
166,846
165,617,809
183,660
245,423
825,900,918
220,436
453,515
391,458
51,231,851
428,937
325,330
716,1000
330,856
516,929
92,312
526,906
419,698
151,946
180,757
171,207,386
85,667
87,447
232,531
33,839,932
113,209
255,967
32,64,927
267,758
242,650,795
12,373
306,571
763,959
428,686,886
126,409,725
719,982
308,516,686
459,833
140,249
250,837
29,47
704,756,916
54,999
51,206,331
53,876
830,902
466,732
232,468,822
265,390,408
286,800
580,879
281,520
8,493
70,296
28,431
234,918
454,665,921
7,84
139,522
49,846
11,746
779,866
130,571
610,790
549,703
326,781
147,638
275,465
153,493,900
90,281
712,780
335,939
173,392
44,790
87,325,834
9,279
117,449,932
339,415
120,412
663,992
245,794
3,506,656
262,410,585
772,879
803,820
203,859
119,788
295,653,794
617,643
278,755,844
209,673
275,912
299,315
436,519
70,631
165,432
357,817
27,148,314
296,330
238,706
23,201,527
282,480
290,620,733
149,536
344,518,959
457,538
35,710
76,265,560
59,199,949
828,958
157,408
301,579,903
234,235,984
56,460
241,856
238,315,640
122,155
88,330
320,724
75,290,665
740,844
136,762,953
189,893
547,731
138,720
172,459,873
49,89
714,742
73,223,498
157,330,994
116,216
293,907,969
41,890
173,770
354,570
885,901
80,275
511,771,776
548,580
376,609,615
322,678
3,901
141,572
2,252
147,437
703,965
257,451
49,337
654,858,999
129,531
271,832
544,716
15,984
350,526
102,235
75,967
464,779
17,236
58,372,953
114,209,303
485,532
294,524
422,760,873
606,706,794
587,706
190,433,686
356,743
346,917
548,624
288,581
693,739,994
121,396
90,884
511,784
331,366,693
83,353
201,402
186,390,709
94,637
490,668
628,755
48,461
733,830
628,876
505,510,926
879,962
242,617
133,948
404,735
21,550
129,428,615
459,567
155,638,692
159,252
418,449
296,953
807,827,940
258,436
157,778
303,825
238,876
351,849,993
89,361,793
301,897
408,671,764
163,774
39,328
21,292,471
53,272,444
649,920
20,117
611,729,891
334,676,889
402,683,775
121,157,702
249,511
142,217
232,397
122,197
353,597
235,431
68,588
379,886,955
393,437
63,595,844
147,407,972
213,308
647,721,796
422,526,809
93,180,369
103,342,413
126,189,282
354,641,775
98,555
613,819
542,971
121,215
45,77
99,805,898
262,451
10,44,204
31,549,875
53,881
513,527
355,582
482,866
320,804
100,394,883
170,280
285,485,673
369,830,942
251,455
729,754
588,768,953
217,249,677
580,868
657,820
54,391
106,268
104,413
334,445,857
237,515,561
40,775
774,840
261,530
465,583
443,523,959
79,265,886
638,773
240,438
82,834
388,754
139,943
328,343,558
290,370
277,595
286,473,692
124,154,956
744,948
15,355
167,823
359,954
605,918
256,699
345,1000
7,690
447,999
667,868
31,250,770
429,508,781
364,562,848
238,415,662
150,777
343,625
83,336
106,233,609
603,911
224,482
564,878
230,556,746
186,599
511,536
342,818
398,622,975
435,836
425,683
286,494
306,682
145,786
790,930
50,495,921
135,907
98,165,828
165,446,601
56,473,916
342,772
436,455,786
63,352,516
395,471
557,861
783,922
273,588
220,265,765
369,600
479,930
923,988
586,602,937
92,175
910,979
480,527,801
347,834
166,553
305,661
216,982
113,245
726,762,857
312,368,727
240,897
494,515
174,408,686
69,757,873
373,875
87,144,251
589,884
107,754
22,918
40,695
564,685
246,256,719
100,111,390
437,594,997
624,942
456,908
190,193
272,731
392,921
298,495
72,248,836
40,384
44,483
451,562,683
224,310
342,344
458,778
74,748
49,410
320,439,545
30,611
163,329,800
814,945
553,792
66,428
827,951
80,591
293,552
161,630
717,988
39,896
340,422,625
231,320,767
34,160
219,368,687
566,912
126,134,194
28,110
469,510
356,770,914
262,360
28,153,966
123,415,807
27,371
270,797
502,534,805
772,877
857,926
177,189,853
261,596,630
296,362
703,753
610,983
830,871
53,477,510
170,828
297,555
428,575
783,999
454,697
547,561,963
20,442
878,932
383,902
207,960
71,495,603
24,45
790,922
204,314,360
665,788
300,985
66,368
131,744
91,239
364,523
218,441,992
705,899
63,677,713
588,756,853
670,939
89,307
655,884,925
311,329
281,757
337,511,832
153,607,870
195,371
404,798,946
338,961
96,667
185,218,877
588,982
207,330
107,190
334,591
360,468
712,732
280,681
888,952
408,634
461,651
504,854
585,786
105,470
491,742,808
42,305
5,502,956
88,270
596,992
84,183,794
736,880
546,743
399,650,831
492,603
53,291,481
84,259
152,502
461,910
252,940
87,578,634
224,970
195,430
117,560
95,656
420,792
8,585,872
147,782
13,216
198,492
276,321,656
161,305
698,875,905
201,788
442,959
67,617
199,288
464,801
311,437,670
239,465,859
146,216,330
536,552,628
392,474
91,104,578
620,850,957
876,951
172,607
116,204,813
403,962
12,879
176,571
459,575
75,112
79,138
415,867
304,370
94,779
57,267,477
127,297
471,715
7,874
714,738
401,614
40,563
37,828
212,223
235,508,995
5,749
870,923
243,423
65,308,934
21,181,671
42,130,299
257,794
28,452
268,934
116,355
383,813
517,591
59,242
720,784,817
248,297
65,118
387,522
2,101
338,530
427,603,736
605,662
389,488
298,826
812,912
434,467
647,751
516,773
79,219
472,635
23,897
109,404
422,851
10,286,550
149,195,206
173,429,808
286,601,785
532,582,834
562,930
885,891
490,997
136,818
91,770
309,545,587
742,841
303,851
156,506,739
151,259
98,216,348
814,974
689,944,964
388,886
56,583,827
352,407,1000
513,729,925
491,628,677
813,965
172,312
103,924
421,435,558
788,888
62,818
423,712
128,793
601,901
44,190
9,711
194,335,746
212,495
334,806
74,872,893
294,916
69,566
963,983
55,589
344,829
355,984
300,346
669,734
82,100,442
840,919
124,599
117,875,956
71,398
307,906
490,735,940
166,392,536
248,961
326,498
230,503,815
203,886
121,727
33,924
138,768
792,798,905
52,938
673,909
350,796,911
3,46,457
276,280
402,996
385,679,942
26,698
87,130
178,860,937
319,543
306,693,698
172,297
463,921
413,477
773,900
352,823
372,559,821
363,948
349,439
31,709
571,814
101,262
122,190
283,305
191,247
173,804
362,524,532
203,999
8,625
280,919
150,226
633,669,808
188,530,846
519,760
123,422,618
416,497
170,832
214,466,805
57,184
9,610,793
206,456,459
765,880
225,432,803
12,152
530,892
444,509
197,380
294,498
32,991
88,146
396,445,560
181,182,363
804,834,979
679,894
489,876
16,467,605
280,526
738,942
700,977
72,523
421,798
468,592
209,434
593,719
244,683
165,273,526
585,674,986
101,842,982
286,351
865,939
135,587
57,275
339,872
271,392,556
401,934
60,706,948
205,305
506,983
161,606
652,881
515,797
121,174
423,581,655
372,755,930
703,865
418,476,837
92,817
218,629
394,701
437,574
557,867,963
447,962
47,453
6,605
94,879
27,426
342,746
252,722
364,946
384,527
179,259
429,940
731,839
222,477,626
492,786
334,505
21,983
249,539
565,682
173,291
374,574,895
794,800
178,594
379,600
158,748
125,623,694
135,413
891,894
121,833
713,925
237,566
91,446
295,751
116,219
476,513,696
454,587,902
266,901,964
136,801
562,862
476,612
344,893
258,798
764,778
51,224,544
550,860
462,562
335,851,918
142,265,337
183,716
460,679,869
256,771,978
216,414,569
392,824
253,443,587
510,627
228,591,931
190,483
265,922
264,945
208,473
627,823
604,716
120,951
199,463,560
772,877
220,520,892
354,613
318,984
24,337,496
278,281,618
222,296,896
479,667,714
60,82,779
183,606,649
358,891
66,172
101,377
118,752
393,402
97,702
855,996
300,581
583,698,715
557,689,829
238,274,922
50,340
593,756
238,834
107,671,826
509,554,971
58,329
177,368,604
87,578
466,502
8,308,815
36,537
833,998
202,581,714
276,470
186,815
193,213,621
409,960
127,263,740
233,543
668,728
145,566
9,47
210,696
80,99,309
631,780
97,463
248,721
85,907
95,689
57,338
685,728
182,909
170,670
16,796
269,729
137,621
10,194,542
264,395,494
211,775
247,942
398,443
359,827
160,528
96,365,910
744,842
398,655,687
128,374,570
444,784
227,560
497,677,807
2,454,915
243,265
35,105,748
290,638
306,809
33,454
13,124
439,506
342,697
623,900
595,977,987
849,960
154,582
380,688,921
230,269,977
1,264
337,377,530
437,948,954
461,729,758
368,609
455,630,918
8,314
489,759
149,245
519,649
305,842
587,760
315,785
22,427
10,62,971
410,635
490,818
382,724
304,945
642,802
928,988
96,328,517
325,783
150,176,906
362,529
677,704
59,458
52,107,358
253,558
656,690
159,407,478
244,591
545,697
97,854
316,978
366,594
651,775
208,291
104,198,492
387,398,933
169,832
135,468
55,424
593,721
59,750
264,999
301,594
143,448,713
228,811
586,888
260,591
319,495
270,751
365,671
360,479,531
283,895
231,893
661,782
250,429,540
596,700
618,872
367,595,725
95,555,815
557,744,786
323,407
127,899,919
310,837
245,688
579,693
573,853
300,426,578
139,788
551,956
587,654
144,442
594,957,962
712,798
674,935
252,366
685,783,806
412,990
128,203,616
428,481,840
75,214
110,647
698,813
264,542,933
376,501
860,985
127,398
332,674
271,844,982
638,714
137,193,297
823,891
85,305,929
10,528
100,197
230,629
275,817
139,421,482
858,918
738,971
221,417
97,739
437,528
444,894
628,995
100,452,629
19,427,891
203,596
183,602
252,737,915
95,206
192,254
302,818
98,358,867
140,723
674,755,829
494,648
513,792
488,762
112,953
336,568
157,334
81,600
67,99
382,476,953
821,867
767,825
220,960,985
48,450,771
78,523
967,992
361,866
94,962
127,181
476,922
58,924
338,802
283,382
619,686
460,993
111,345,684
124,435,717
357,938
16,277
22,165
122,328,938
558,631
558,735
59,520
69,528
711,858
473,781
333,952,998
343,912
476,594
596,964
51,634
225,560
36,234,711
376,925
31,709
328,636
783,813,911
444,627
434,622
95,112,437
510,716
570,793,851
609,694
226,366,885
222,940
23,396,526
295,591
426,973
72,675
380,950
320,722
545,676
684,791
457,497
231,412,612
230,696
144,214,331
386,673,847
518,705
233,705
47,437
368,910
285,347
3,764
410,837
521,831,883
357,574
255,497
44,246,867
499,835
470,580
469,949
267,547,746
522,925
415,816
234,586
195,974
903,981
288,442,872
454,989
377,583
630,633,890
213,784
104,339,720
113,721,825
208,578
375,501
193,291
40,153,930
126,277
391,843
346,528,580
165,651,895
272,536
421,567
847,957
348,928
67,85
59,345
721,911,958
151,164,234
15,721
581,936
850,910
25,668
72,214,234
117,250
305,595
337,747
103,382
543,579
761,881
675,808,836
232,632
51,183
47,901
496,645,710
174,801
218,434
770,825
361,805,905
17,984
626,691
114,389,833
76,998
160,709,759
179,297
272,383
162,313,547
446,676,720
344,497,828
106,938
319,432
197,657
199,732,780
726,871,956
44,515
34,76,856
144,449
86,977
148,432
87,558
382,944
64,248,874
105,595
89,788
572,763
93,451
156,474,836
319,692
766,888
510,884
361,438,667
547,606
351,719,971
231,239,859
189,257,597
278,565
949,989
58,554
137,683,888
705,841,863
867,880
692,749
670,673,882
235,240,475
413,919
48,776
102,537,563
46,217,761
210,366
380,641,967
637,676
811,855
14,55
641,788
890,980
631,874,921
196,268,379
12,248,403
716,869
553,940
406,990
232,755
92,734,789
55,842,969
503,969
74,834
357,678
342,804
374,683
106,852
65,226,944
166,173
300,466
348,689
426,453,927
509,514
282,543,851
267,796
289,537
106,391,635
864,949
8,11
209,324
319,956
203,224,390
550,559,768
83,453
119,798
290,865
208,997
700,880
93,985
243,542,555
132,765
65,262,672
423,598
392,526
184,667
28,369,996
335,975
322,928
7,103,343
92,840
4,648,946
157,664,917
180,233,830
247,419,756
85,207,562
689,981
144,505,994
835,884,948
246,264
678,691
235,453,707
584,822
153,285,950
31,533,763
775,973
256,269
256,714
260,715,873
378,476,706
31,143,424
628,847
612,991
156,959,995
343,861
342,601
495,991
147,992
592,654,956
221,762
327,487,956
358,817
778,825
516,662
518,926
110,409
127,137
424,787
548,596,745
714,795
593,627
161,930
605,883
145,213
116,203,231
781,886,888
261,697,995
587,588,795
279,528
1,560,816
307,670
334,907
56,282
329,336
235,934
86,535,826
98,263,382
890,891
14,789
233,633,972
710,857
54,311,469
332,449
148,493,964
157,624,868
1,677
49,445
387,603,913
840,953
960,988
121,228,326
823,964
102,460
233,532
51,602
532,986
33,891
83,759
39,314,914
676,764
197,755
43,332
485,499
141,308,371
414,978
156,502,599
534,814
316,931
697,837
738,957
310,979,999
60,441
45,902
147,975
539,838,858
106,959
170,807
710,789
29,820
114,228,765
616,629
107,307,723
340,709
206,238,505
254,593
143,353
405,677,685
364,648
44,438,779
723,725
459,775
109,355,426
131,186,540
684,932
388,962
56,874
97,123
265,687,960
84,693,961
443,700
239,293,726
117,326
255,788
464,541,779
851,966
275,912
130,599,948
66,444
569,715
92,174,841
524,588
272,605
360,539
89,697
301,928
10,698
715,759
545,760
136,568,664
67,385,394
644,964
227,347,733
724,846
136,155,919
266,380
412,654,793
627,972
106,348
715,779
719,948
142,233,469
18,311,777
200,488,930
290,376
26,949
105,246,750
379,950
565,977
101,130
88,251
299,829
401,479
153,708
345,947
813,844
881,934
145,821
191,509
408,950
34,666,983
280,442
501,581,865
232,744
793,859
445,567,676
627,842
586,643
18,635
419,674
159,963
312,939
693,817,823
352,478,934
202,432
751,771
720,905
495,671
267,639
401,993
27,915
398,685
17,449
183,473,690
221,709
389,841,845
543,718,908
347,992
97,553
82,103
442,763
19,346
321,777
318,911
394,745
100,147
778,794
173,337,537
361,822
535,934
189,795
181,938
32,489
551,949
76,562,734
486,557
652,907
223,388
49,961
885,991
385,391,568
240,875
685,985
879,971
139,236,295
809,819
810,882
773,822
4,132,171
395,426
393,839
463,991
265,551,940
202,272
405,502
283,626
203,222,784
98,983
458,659,734
191,615,833
140,341
45,994
804,872,900
177,620
106,754,842
526,756
133,201,486
399,966
138,209,530
86,554,977
677,787
877,901
319,514
289,482,696
14,477
407,433
309,564,809
110,371,731
218,563
723,820
623,838
344,919
10,306,598
287,431
698,763
324,823
120,395,601
133,953
486,729
322,825,984
216,792
553,583,630
464,922
8,200
136,548,568
187,374
929,963
76,753
372,869
119,217
138,722
108,468,822
254,341,913
276,917
197,763
220,510,827
167,642
367,642,991
370,694
276,467
202,964
77,131
454,484
261,292
42,254
174,757
184,474
985,988
468,759,824
145,559
394,793
952,988
89,160,769
239,807
507,909
656,861
474,702
681,697
339,836
314,366,476
14,556
656,780
334,859
426,735
13,432
43,679,893
331,914
32,116,558
225,731
416,745,908
175,599,630
7,207
218,519,649
41,435
263,739
165,440,672
444,974
186,875
86,309
238,397,736
389,503,957
418,702
593,627,815
505,819,862
406,728
317,498
65,495
534,779
559,736,750
141,349
322,991
477,612,688
392,511,746
321,549
235,320
291,505
729,894,977
229,252,718
353,531
411,902
159,305,805
253,981
14,187,446
27,526,905
858,874
220,820,892
688,838
349,682,872
633,823,828
186,203,336
157,620
81,336,412
180,629
33,175,948
6,661
151,456
581,660
441,671
131,537
605,695,741
208,563
261,753
62,383,895
452,882
274,332
165,726
989,990
235,747
337,465,599
756,970
51,684
268,313
229,234
4,763
940,979
141,953
226,351
602,857
365,865
80,819
275,399
11,494,563
203,649
459,479,774
251,516
590,729
172,568
394,524,649
684,732,905
16,581
405,875
73,205,319
447,732,791
40,575,765
70,642
781,969
638,669
116,184
437,947
545,631
680,704
645,666
187,978
27,877
337,437,592
139,541,713
305,331,651
396,698
737,975
414,737
284,637
23,140
115,710
229,940
706,799
24,56,889
392,754
541,809,951
846,901
403,849
385,625
167,432
271,696
418,545
786,935
395,760
543,854
179,919
135,308
561,605
339,862
113,698
313,556
37,157,233
413,662
784,894
169,397
457,536
104,667
695,902
643,776
414,508
513,794,935
405,822,959
474,579
86,585,1000
131,964
188,251,665
224,698
322,342
31,940
131,336,849
35,93
528,543,784
260,545
55,840
335,860
348,955
40,310
324,766
800,996
238,808
96,748
170,317,576
506,592
320,491,825
721,824,825
230,234,439
566,696,736
239,698
448,561
118,238,332
144,940
240,282,726
400,869
38,103
308,914
107,208
529,733
659,777
312,610
624,939
256,314,786
81,777
549,659
279,383,615
489,516
657,727,742
304,671,723
422,545
158,411
741,991
109,250
85,112,427
29,106,388
135,667,905
154,732
214,412
216,423,547
93,764
45,97,533
395,619
140,409,794
309,433
104,319
774,902
294,813
215,324,382
316,507
574,638
110,447,535
126,651
271,315,362
252,607
472,969
212,509
203,496
587,981
500,860
369,720
917,983
136,575
94,504
49,231,773
255,558,635
62,892
101,163
114,136,747
397,533
36,259
428,748,996
259,634
33,307
166,550,918
717,872
492,533
34,552,562
132,583,805
357,714,727
164,277
328,533
167,933
278,916
507,578
482,584
607,718,950
165,551
605,777,788
452,520,952
135,616
64,633,872
186,646
69,659,971
337,834
224,491
437,896
178,929
73,730,985
464,927
201,682
478,546
268,365
531,922
195,972
139,292,584
513,702
301,769,920
5,760
367,409,889
773,908
430,656
73,251,984
227,779
552,869
292,369,795
337,767
142,368,870
417,428,926
163,885
235,560
173,466
205,600,967
661,769,958
67,935
427,742
433,825
309,690
564,660,879
170,876
169,387,561
574,588
19,127
498,819
411,507,548
227,326,673
103,700
12,251,956
54,428,795
497,659,868
5,312,839
129,193
153,588,937
310,475,541
71,500
26,201
277,553
207,274,628
302,364,920
909,976
6,649,924
228,276
555,776
596,815
590,608
458,614,768
513,695
141,162
64,792
187,606
386,703
107,324,661
65,966
660,981
138,739,743
402,502
265,752
361,951
785,978
116,338,472
14,684
39,877
612,750
146,341,782
632,725
818,916
86,590
394,444
157,733
262,988
487,860
336,553
98,591
145,914
150,907
36,232,308
535,833
110,136
407,641,704
181,542
31,151
363,620,945
525,710
486,935
681,689
411,939
142,723
766,966
150,552,587
115,534
158,485
186,995
15,665,898
148,350
273,891
172,469
261,470
262,473
415,933
72,739
105,229,595
181,770
71,233,254
696,771
92,419
392,455
733,813
564,745,957
248,648
131,384,942
220,260
519,999
165,547
61,680
42,889
497,909,943
181,396
36,401
142,284
183,731
309,402,913
351,397,923
304,353,610
472,644
3,441
467,639,882
186,465
132,491,965
175,809
488,537
457,657,757
368,833
562,575,765
299,477,835
774,902
203,288
447,709,728
646,931,941
109,361
39,903,939
263,786,815
26,947
233,623
359,594
205,855
670,784,985
501,638,683
176,872
12,320,539
531,989
68,114
164,336
83,881
110,466
439,537,608
696,853
606,887
133,606
682,971
559,627
552,938
199,337,940
468,604
94,639,696
196,260
58,625,970
299,403
239,707
299,493
106,191,752
232,255
23,535,918
257,795,857
255,668,970
270,502,805
188,428,473
49,779
199,659
503,536
25,259,948
154,636
146,606
286,645
222,961
242,629
3,308
176,434,875
86,352,556
119,310,728
323,428
15,866
209,426
189,245,538
437,749
94,859
346,373
180,346
29,555
1,927,999
643,797
285,359
240,390,709
206,442
468,772
351,583
105,134
153,204
222,590,648
186,351
197,238
356,904,939
544,898
101,272,779
16,990
667,868
215,805,939
778,830
274,770
478,614,915
541,711,735
668,746,985
60,450,937
263,299,387
623,934
118,305
189,214
354,370,828
88,370,725
662,890
31,444
555,591
229,620
659,795
248,846,940
165,212
455,708,809
20,239,759
272,795
228,664
34,383,899
98,454
315,431,727
179,388
22,682
481,896
541,889
378,719,823
162,273
563,886
93,285
333,427,653
138,599
169,593,737
816,938
27,410
223,899
48,423
229,786
52,921
51,944
100,539,749
314,415,940
152,208
57,115,275
406,691
221,865
217,274,597
31,512,805
14,931
653,989
183,210
440,603
34,892
195,867
605,955
481,628
12,125,969
154,392,874
371,395,911
575,883
405,812
97,924
40,470
44,635
64,667
81,939
496,827
4,56
530,599,993
312,862
480,956
426,710
173,634
654,997
386,504
94,175
528,863,870
463,491
1,760
97,255,600
454,903,957
174,729
194,348
493,498,637
130,382
215,830,971
318,777
371,829,860
237,382,891
73,401
230,457
14,254,406
231,796,878
917,1000
363,568
426,466,699
62,891
169,478
611,912
167,708
157,978
518,968
246,593,677
389,447,505
86,221
244,457,856
20,544,717
169,454
681,723
257,761
253,286,327
378,423,640
332,692,913
103,617
578,926
411,417
100,342,690
398,968
522,572,653
284,902
299,350,695
297,706,826
216,522,586
6,218
281,441,1000
759,867
229,747
235,250
529,718
17,632
62,680
868,875
226,970
52,241,433
403,426
311,495,611
252,551,945
108,569
157,739
494,702
548,872
50,533,541
325,601
205,895
416,455
718,753
47,274
778,882
185,401,561
734,955
348,606
480,969
784,856
187,382
392,457
224,763
73,368,494
256,358,754
452,784
260,415,969
286,680
87,159
49,545
657,840
406,579
25,200,696
627,946
130,796
169,519,709
216,943
203,780,918
53,512
262,521
240,760
204,702
364,809
25,560,946
355,564,827
162,198
85,208
798,806
36,386,448
47,600,958
327,444
433,715
488,712
428,508
166,640
155,748
488,751
250,473,782
491,631,927
84,528
131,824
492,574,960
13,371
131,379,517
682,762
260,534,890
36,96
263,462
99,496,825
169,176,635
176,872
16,539
522,538
254,397,476
127,510
281,610
69,441
182,356
160,918
426,995
228,452,938
668,792
420,512
177,731
683,738
344,683
814,939
310,564
32,475,693
74,585,589
341,461
445,484,974
27,202,323
213,481
230,242
594,980
189,417,828
75,521,677
302,335
5,458
469,944
97,503
169,311
389,445
31,489,900
9,146,933
65,275
209,241,903
564,685,992
96,679
336,867
455,516
97,489
336,413,711
279,981
129,532,789
191,825
616,673
445,938
618,677,789
133,185,690
157,610
23,109,415
203,527,889
272,484,957
932,959
573,782,797
23,31,783
275,588,786
31,952
335,832
397,540
172,653
364,870
692,839
446,519
271,561,933
62,249
46,227
343,474
197,329,803
118,848
656,941
470,685,940
388,796
479,634,955
651,666
152,783
260,328
51,323
478,800
549,777
120,163,509
264,390,551
838,922
38,83
204,869
160,480,921
394,594,628
527,737
419,592
199,491
222,671
241,339,939
166,377,527
464,959
382,495,861
498,824,890
318,582,666
144,317,438
716,922
72,92,748
457,709
233,727
132,295
299,836
332,549,588
55,755
267,902
29,172
204,298,851
49,370
422,851
319,408
517,700
28,374,965
145,381
77,471,522
132,731,917
248,496
270,916
391,650
697,803,915
96,873
136,812,926
409,447,796
54,638
675,765
34,507
154,275,907
138,314,836
153,364
65,796
798,899
132,533,649
132,392
189,810,854
67,212,995
85,453,612
60,447,822
338,894
241,892,955
220,268
266,358,524
138,199
292,460
201,542,992
386,616
426,609
926,935
208,734
701,759
372,747
673,985,993
788,890
35,795
731,882
136,232
392,449,648
789,812
73,228
182,622,930
161,786,797
229,921
539,895,983
251,523
605,621
503,661,899
407,602,725
578,850
67,964
456,902
216,329,477
367,726,836
489,612
136,530
628,714
77,157,957
134,306,699
12,41,924
481,647
287,633
249,891
395,403
445,676
24,464
275,670
96,979
222,550
718,719
608,790
176,924
82,509
10,305
309,875,924
316,480
296,462,955
173,416,630
529,799
611,700
177,884
968,988
214,802,805
235,872
460,873
156,334
488,811
103,384,680
393,867
83,167,929
43,576
243,758
241,379,552
655,670
199,979
544,607,612
191,571
150,836
742,774
141,680
224,940
243,607
155,211,997
10,989
62,867
170,540
74,729,937
360,922,938
751,829
244,425
403,583
508,547,968
177,481
2,350,746
489,799
151,229
32,404,760
80,592
265,596
356,413
347,899
111,846,979
302,473
84,333
173,924
54,470
631,999
348,539
118,499
133,600,943
183,755
223,867
91,294
60,545
432,669
48,735
442,962
257,279,539
442,528,752
601,744
473,513,583
109,761
104,674
475,487
122,142,723
559,689
326,639
341,628
39,68
92,240
91,689
445,687
177,435
285,646,868
89,506,859
80,347
26,334
267,598,751
185,646
358,436,622
139,829
57,252,333
116,245
244,592
310,909
217,233
214,717
516,668,876
654,987
389,564
422,638,890
478,737
191,510
254,640
721,993
125,768
203,384,872
380,832
282,449,587
111,125
761,813
757,928
249,859
555,935
788,875
512,834
227,460
697,874
132,597
100,750,773
24,512
499,634,893
443,579
433,469,638
216,729
186,187,966
404,463
50,478,591
441,621,702
695,856,895
50,801
64,175
9,503,856
410,547
232,911
389,975
425,678
384,874
152,298
272,589
764,974
797,818,934
399,941
438,756
165,493,682
368,646
536,576
17,35
139,839
478,951
197,554,557
527,543,943
453,491
607,633
355,807
807,876,940
302,313,647
494,794
149,547,929
674,977
79,819
171,313,643
38,451,485
267,351
506,603,814
482,625
383,605
107,357,974
664,841
263,601
309,659
737,762
213,227
310,445
885,963
378,554,560
81,223
284,770
541,724
440,566,666
445,534,780
114,177,757
62,341
176,314
274,528
121,941
553,805,809
735,898
184,959
118,311,872
595,736
473,925
446,575
313,583
617,878
502,787,918
443,570
132,177,181
324,598
25,769
777,899
521,579
65,836
595,925
271,791
3,844
272,814,926
48,315
296,813
309,339
142,399,536
197,508,659
592,794
85,296
661,765
25,263
138,270,468
543,631
97,499,996
76,828
504,980
151,709
409,440
447,807
164,506,648
335,750
17,154
393,944
604,912
280,559
604,734
754,776
221,541
172,985
305,593
642,849
33,136
557,940
55,402,948
90,797
660,932
263,868
924,940
716,720,858
450,665
518,681
76,85
182,910
389,639
574,669,831
99,559
407,656,933
728,900
6,229,897
651,732
378,635
58,423,658
275,549,807
10,713,750
12,997
89,631
543,561
328,628
554,561,744
355,525
289,620,669
669,858
268,931
17,715
70,930
531,980
458,576
650,939
42,400
413,921
15,676
641,800
88,312,687
245,844
301,410,994
690,878
420,434,741
23,493
297,420,578
237,350,566
95,598
91,112
742,933
80,662
14,141
169,732
202,636,751
462,600
69,518
146,484
824,987
214,655,859
133,311
14,682
270,759
394,939
689,983
419,620
136,550
50,892
508,947
323,366
148,210
590,736
80,154
37,231,804
716,826
334,529
124,474
524,596
339,703
872,963
658,847
349,804
640,815
272,800
490,503,816
235,564,890
605,890
246,383
300,784,899
16,493,751
253,927
386,478
357,919
577,710,900
926,947
284,429,967
185,819
53,59,799
137,428,774
378,843
213,623
637,739,876
273,794
122,613,987
135,282,392
941,974
19,268,650
1,283
139,495
387,521,645
887,937
36,814,886
405,777
192,699
341,877
211,637
330,602
240,559
748,774,835
87,955
325,599,809
20,196
209,224
340,506
362,559,590
327,334
444,987
236,508,843
464,620
436,821
227,320,864
130,593
83,267,473
319,594,952
422,709
443,952
87,438
686,814
87,602
99,671
346,571
526,598,967
120,191
714,949
130,200
31,631
495,829
99,254,510
320,896
194,935
500,677
216,891
584,929
161,690,878
177,813
66,140,221
325,527
580,808
28,426
79,356
588,641
31,37,481
150,612
28,931
386,966
22,364,686
152,205
490,595
240,648,739
268,307
35,917
115,449,907
527,762,980
405,820
3,29,578
360,738
362,934
545,622,658
146,230,381
696,888
605,610
248,747,921
22,224
47,715
370,692,862
479,942
326,503
644,937
21,698
312,317
545,907,962
735,807
644,795
830,848,857
91,213
887,939
652,740
419,640
595,623,838
459,954
565,633
24,25
127,169
249,382,608
246,695
44,559
118,647
32,439
442,660,784
177,232
105,329,373
368,498,581
218,296,510
102,711
375,583
487,951
138,160,631
61,155
30,413,652
812,830
369,387,464
656,940
480,849
75,400,803
226,458
50,164,474
15,533
600,669,886
80,959
269,566
524,867
386,826
147,253
462,681,826
70,839
747,991
20,116
386,943
10,432,844
463,743
123,969
73,778
73,336
172,757
740,952
89,755
629,691,787
645,920,971
272,676
282,771
399,714
338,353,388
142,172,664
526,796
296,318
30,157
42,450
333,366,841
532,983
167,750
91,684
184,545
59,191,312
99,287
154,928
260,726
281,739
408,417
528,792,913
676,825
364,597,605
234,521
115,728
178,919,946
708,756
102,819
691,716
533,816
745,872
691,889
103,127
58,474
70,260,296
349,367,491
165,997
121,944
250,607
362,671
269,641,716
734,744
109,859
257,388,498
420,660
258,531
203,797
206,467,980
541,956
125,435,616
1,241,389
206,505
115,918
550,977
481,539
33,323
742,965
331,355
152,956
662,685
207,870
153,394
275,860
86,133
117,150
24,768
332,394,479
582,760
53,130,466
132,309
576,773
281,518
308,486
414,762
9,870
389,485,857
783,793,891
258,281
277,933
814,919
22,249,982
567,780
169,982,997
561,894
213,568
290,966
69,92,469
28,963
317,433
50,915,979
495,867,990
443,993
163,165,232
320,420
249,395,649
795,993
302,342,978
41,546,567
284,990
180,892
348,797
123,540
258,511
35,651
23,269,858
898,914
124,389
183,666
32,548
186,686,821
14,286,408
639,979
439,631
60,661,831
254,305,348
354,514,628
738,753,904
45,637,981
424,596
111,555,852
24,49,676
617,980
533,632
11,238
8,512
382,457
637,655
19,799
221,808
312,461,921
229,239
190,830
334,751
281,730
883,893
464,913
20,632
187,575,903
166,558
493,653
182,448
289,610
32,367
627,794
42,204,873
286,758
228,945
487,809
78,334
20,479,719
223,686
745,814
382,914
277,737
350,482
228,291,1000
26,705
164,809
27,680,791
125,158
104,679
36,574
26,28
32,394
18,356,547
28,306
1,109,447
203,453
9,391
77,470
275,773
128,758,843
59,529,868
303,556,996
110,744
110,663
161,598
76,189,261
803,904
287,309
249,778
85,606
344,504,740
792,859
8,937
187,909
244,276,723
17,544,630
398,537,643
586,859
89,384,760
109,708
287,326,620
178,649,794
98,506,604
19,589
99,188,420
394,467
85,461,566
453,879
655,813
243,509,758
86,891
29,65
271,577,758
203,657
325,747
148,427
208,513
440,772
272,498,733
19,289,764
696,967,988
121,884
47,574,734
69,181,692
719,987
239,480,534
199,655
15,422
326,567
642,837
35,747,972
358,393
443,768
567,1000
84,140
84,715
734,808,989
373,413
323,543
153,178,921
727,910,922
385,711,824
202,666
214,463,468
597,627,710
197,403
97,248,741
811,979
704,829,916
678,692,893
110,175
182,634,813
663,869
618,782
2,638
370,793
212,508
6,616
60,991
586,881
129,315
367,404,763
416,1000
96,265,623
677,761,790
144,273,815
309,912
540,721
105,314
203,748
272,298
69,226
169,230
173,710
558,910
576,898
24,599
181,419
276,592
208,936
291,356,850
504,909
591,938
183,342
281,324,931
769,856
83,210
109,907
598,860
17,587
462,605,774
945,983
25,661
539,651
190,281,452
235,472,798
229,929
182,243,961
401,892
8,448
523,807
387,759
151,592
217,411,634
292,952
548,664
125,347,748
63,114,469
66,82
523,927
126,678
74,266
508,718
116,427,611
399,615
319,374,433
41,326,437
102,524
473,899
430,556
256,483
150,248,676
100,317,774
536,589,679
43,282
76,385,411
728,834,836
471,661,848
108,158,648
169,976
305,890
778,896
408,577,762
1,474
43,977
361,684
646,769
174,575
65,255
255,439,774
247,687
166,810
89,243,743
719,754
503,684
205,912
261,271,598
376,862
92,461,921
378,730
52,852
55,418
260,856
87,426
170,888
356,591
506,545
483,588
14,103,237
20,29,715
171,687
33,808
197,957
267,486
82,112,707
101,149
530,933
66,887
49,349
234,439,525
400,499
41,455,729
408,869
241,583,729
28,603,957
694,922
794,925
27,621
343,429
212,486
409,632
594,966
58,707
446,472,772
353,623
260,321,447
101,601,881
91,629,896
458,795
59,171
68,308
33,495,822
692,908
266,764
738,911
388,533,935
227,312
476,664
312,650
455,501
249,971
628,837
127,751
67,640
638,687
54,315,398
43,353,399
11,387
390,449
690,978
67,443
276,612
143,731
239,506,519
298,348,832
316,510,703
708,757,903
5,90
618,925
776,967
145,454,963
348,977
17,35
730,817
294,514,908
146,644,935
121,586
479,558,561
70,312
265,620
499,553,656
135,175
187,306
454,658,988
267,521
525,867
700,917
281,530
298,675
173,668,768
118,284,539
573,933
267,346
383,402
219,385
181,314,758
143,190
109,138
177,535
106,974
240,436,450
457,752
361,514
144,676
119,502
540,900
144,455
167,381
313,603
287,637,849
177,227
99,487,492
8,630
2,292,499
343,649
865,887,978
137,695
90,107
284,895
391,799,946
38,704,928
497,743,898
534,816,961
161,492
111,581
79,393,813
339,718
237,656,676
400,680,963
50,405,837
298,848
674,707
162,596,885
85,640
252,478
122,766
148,163
269,750
26,493
363,817,965
341,606,659
9,574
870,975
246,333
369,776
73,789
14,595
114,784,830
113,175,631
7,151
656,976
132,475
50,340
178,440,778
48,167,515
328,658
31,624
2,146,163
84,209,516
117,668
15,99,422
248,567
293,432,758
100,484
914,918
26,779
434,553
30,632
623,639,877
268,389,695
213,473,932
260,760
412,546,732
130,134
99,332
641,718
154,396
400,629
551,680
141,217
433,529
268,799,813
151,399
264,531
10,244,680
206,710,904
56,239,889
108,135
280,789
28,860,899
57,209,655
229,726,999
206,765
354,376
484,926,957
39,83
496,532,809
181,363,715
726,780
30,699
327,587,932
85,821
922,943
44,697
394,604,605
689,754,896
305,976
245,280
779,883
125,918
402,471,657
12,57
647,988
156,898
446,754
496,662
234,474,777
123,135
180,896
298,890
307,796
169,631
320,613
4,300
622,679
135,840
685,735
53,650,974
366,554,641
223,470,781
71,929
537,686,902
107,285,528
256,351
304,862,917
245,914
260,349
464,617
202,669
160,750
469,548,600
344,517
665,942
388,640
640,750
101,641,713
161,267
39,432,524
277,527,907
200,211
17,450
7,495
575,882
237,678
185,317,817
285,942
59,322
633,825
148,161
475,502
220,789
654,743,979
168,234,355
105,684
7,29
199,763
286,638
2,236,971
65,781
291,726,788
256,550
678,956
660,954
98,372,891
7,455
652,894
73,604,854
361,907
334,757
245,526
39,719,861
109,202
217,679
108,654,792
172,335,978
112,542,756
268,275,374
149,540
118,375,533
461,970
315,669,784
217,733
61,286
152,702
21,247,589
23,277
587,992
325,453
279,364
341,358,988
432,643,667
203,365,785
175,326
74,146
699,772
592,675,849
232,350,601
48,86,222
503,902
398,570
142,744
623,739,943
241,326,957
140,247,498
324,778,958
487,932
477,726
375,926,966
71,144
814,910
706,727
61,136,264
224,339,952
544,725
561,891
712,721
390,849
480,797
64,685,721
162,551
90,569
35,334,721
191,508
715,989
99,795
4,809,956
96,222
336,465
353,946
338,449,496
66,107,795
147,302
478,509
123,780
408,994
77,324
185,683,916
729,765
7,695
144,567
39,611
362,894
353,363
95,287
536,775
148,221
446,474,961
658,965
291,487
45,879,959
222,433,726
25,147,352
118,459
338,468,912
126,976
355,599,889
313,526,797
401,683,701
340,579
301,1000
81,576
115,293
41,721,735
385,414,875
740,785,989
634,639
147,245
473,782
660,836
922,947
774,938
737,755
233,332,600
305,515,933
902,925
200,793
236,725,867
246,731
11,127,644
136,937
68,237,705
159,908
573,773
4,28
218,473
814,960
142,275
52,749
348,466,517
21,85
343,900
693,792
292,708,892
283,818
201,270
34,814
293,946
186,270,836
83,996
557,886
121,393,712
663,822
593,959
758,979
226,517
623,766
256,598,659
280,580
76,172,520
616,767
142,938
550,613
159,462,468
376,576,948
292,302,516
130,724,870
191,360,365
423,1000
302,395
354,370
21,793,994
336,475
215,589
525,563
29,118,952
786,815
170,233
552,755
659,976
214,436
59,911
108,556
194,622,790
234,544,583
503,864,992
239,633
289,954
147,490
558,659,804
11,53,152
217,484,679
244,562,710
174,605
477,990
416,998
187,256
797,896
446,659
291,503,745
873,919
517,531
95,864,867
652,944
519,896
12,729
558,732,962
228,640
25,934
266,348
319,431
520,967,994
717,830
524,590
192,390
238,592
751,867
425,639
218,306
204,206
636,755
85,86,163
51,336
117,592
117,465
247,454
90,182
27,905
233,799,910
330,427
143,576,955
281,560
603,610,759
479,514
599,822
51,787
95,194
64,463,709
169,239,984
8,266
540,653,816
112,860
644,852
391,624
178,598
95,538
117,867,936
525,735
278,938
388,705
192,368,737
661,768,878
375,581
524,875
22,595
489,583,999
215,316,828
14,349
118,248
85,172,703
241,810
771,786
378,930,937
371,816
739,783
585,953
277,698,824
170,294,389
660,722
616,810
619,753
26,132
442,713,948
266,410,509
783,827
294,661
358,619
296,332
180,775
390,724
25,274,718
15,334
40,86
78,839,905
100,161,821
54,435
62,76,650
146,561,622
525,825
177,203
148,741,898
255,411,929
206,764
700,731
12,288
147,334
327,422
234,435,874
141,476,641
730,761
167,515,822
557,583
192,944
410,844
258,315
281,672
372,494,929
309,724
414,822
385,789
132,434,722
845,863
461,867,989
235,287,979
651,898
363,577,595
99,248
64,726
238,733
690,893
639,656
27,84,540
18,643
416,670
240,340
401,901
180,471,849
496,741
451,458
633,735
407,672
702,714
272,721
56,72,447
58,337,359
377,544
114,563
492,534
215,938
871,897
327,964
373,975
311,614,744
183,723
89,425
460,820
538,605
4,293
73,531,813
57,340,898
291,376
625,794
391,414
420,450
105,450
40,660
418,455,759
427,587,847
105,851
662,845
329,764
375,586
98,591
97,288
84,875
347,514,552
326,419,552
771,821
327,790
39,555
368,813
349,667
36,594
41,435,773
372,896
126,299,877
79,255
237,607,617
209,377,625
598,647
709,966
6,443,999
374,850
518,997
766,957
50,149
526,536,883
324,346,908
825,979
564,797
511,833
495,509
331,675
501,756,889
267,877
391,441
166,608
169,771
18,285
57,288,999
88,221
465,883
16,339,346
67,977
20,626,737
610,748,931
493,603,829
47,350
160,238,951
281,297
831,930
156,483
294,475,676
281,299
62,771
330,776
280,795
276,687
405,981
96,882,942
178,635
125,709,720
636,888
225,434
173,752
307,869
209,817,825
320,759
317,926
53,441,459
197,555,821
274,647
165,334
125,770
499,771
79,518,892
228,600
368,450
74,214,239
152,662
659,796
70,917
311,551
509,627
65,76,563
397,521
32,801
438,889
95,881
149,266
9,637,690
42,766
417,625
63,253,446
651,685,921
497,919
515,815
48,692
179,252,262
203,673
154,423
292,604,882
693,728
67,808
491,792,806
350,372,864
321,779,827
198,483
116,306,503
91,963
258,521
402,712
295,766
262,398
381,590,933
228,354,882
510,589
163,521,844
268,916
366,832
290,787
167,605,932
408,412,765
479,668,724
631,837,898
33,985
267,444,796
368,880
687,732
13,413
430,726,882
219,573
367,587
697,946
646,687
348,479
437,841,904
579,695,723
94,859
766,919
74,198
17,156,463
159,420
464,912
154,405
53,830,954
138,763
160,309
733,873
268,289
64,670,871
725,844,990
275,684,889
711,818
235,447
798,972
505,571
793,888
373,801
332,681
713,894
421,492
72,823
104,425,895
914,934
473,844
482,731
159,961
133,881
127,397,651
468,566
232,486,829
233,957
743,850,912
77,610
63,778
32,455,827
165,258
241,356
94,156
49,142,967
120,911
857,973
451,531
116,964
46,124,172
36,175
33,821,978
365,960
533,709
479,661
45,402,826
271,371
258,845
224,520,814
267,698,938
502,718,958
814,952
526,991
298,712
180,931
443,523,553
385,715,863
342,987
250,612
428,706
291,622
90,761
360,781
165,406,540
463,565
133,704
399,428
464,633,874
520,770
1,343,825
721,722,834
326,433,948
354,708,738
121,792
749,837
487,596,857
81,340
705,822,855
647,832,913
115,583,634
5,481,681
165,362,697
210,897
436,785
148,622
748,878
121,701,810
441,485
602,881
41,660,767
695,995
131,239,846
257,831,903
599,726
269,601,787
269,446,797
496,616
600,860
259,673
95,188
865,945
105,271
108,116,491
81,508,818
208,339,507
281,548
529,576
137,628
237,255
229,741
108,199
139,444,794
414,622
175,876,940
75,223
360,428
630,834
186,636
107,830,882
791,810
392,715
557,843
360,463
5,65
275,546,805
385,706,813
235,248
16,179,667
325,892
383,780
225,269,585
172,437,723
54,647
161,512
688,738,943
691,936
403,428,604
37,748
94,289,362
111,763
179,383,452
61,800
316,781
20,616,906
497,782
100,840
608,891
50,660,792
620,704,933
413,640
188,861
410,626,995
756,862
232,397,407
31,152
152,260
272,392
54,90
462,925
638,710
698,879
471,884
592,904
9,634
305,406,759
195,382,975
139,821,944
161,603
79,581,671
60,668
560,643,697
207,469,706
249,503,566
325,404,739
645,681,720
211,425,947
613,754
486,547,593
167,393
225,486
220,865
177,402
171,280,568
315,387,800
209,384
379,580
231,655
189,475
283,867
145,853
278,481
253,991
611,1000
325,943
116,565
656,747
266,985
375,742,764
743,931
845,909
70,359,669
169,264
163,557
232,656
29,416
397,569
50,116
84,387
386,605,966
482,502
99,315
173,802,806
349,945
415,739
285,589
153,376,597
16,283
7,195
370,503
25,649,861
283,380,538
121,567
481,997
780,816
267,414,786
158,243,267
625,762
56,450,677
517,703,850
490,656,750
50,343
581,841
661,733,996
350,971
953,990
78,469
301,888
564,837
754,972
297,609
704,832
2,659,894
274,675
190,856
201,592
153,213,868
122,679,830
881,924
310,817,965
657,661,703
164,415
34,473
49,290
61,327,628
291,700
215,514
78,447,904
143,663,737
400,722
321,334,951
408,919,947
13,444,713
342,609
644,754
281,858
251,596
248,906
321,969
27,801
7,242
267,732
300,640
350,622
51,856
477,977
211,324,408
36,554,827
642,841
191,320
384,674
450,475
420,969
183,554,561
411,764
128,649,651
600,652
143,265
32,711,783
609,757
334,962
30,92
572,677
583,972
157,683,753
769,945
90,496
331,508,970
627,634
120,852,883
378,771
242,509
441,464,836
560,959
323,756
121,265,437
75,109
586,680,933
479,516
400,725
514,855
436,509,820
230,515,756
129,768,810
430,747
214,608
414,626
258,501
338,676
362,529,863
622,912
69,172,375
543,894
233,393
47,77,285
229,788
298,337,630
177,769,931
403,792
273,933
17,667
441,509
367,377
246,700
120,521
160,394,903
385,576
11,141
846,883
159,197,210
354,695
388,708
88,127,864
818,975
476,840
225,973
45,438
391,451,669
264,658
100,697
634,858
326,778
333,629
65,255
52,678
336,924
762,875
151,255,375
283,886
112,302,315
53,691
283,867
570,825
439,582
103,160,168
712,716
850,909
172,905
586,821
3,23
235,773
328,538,946
867,971,982
304,711
274,551
332,459,766
803,880
205,715
170,391
166,321,999
331,677
563,878
179,229
201,235,984
296,556
591,720
295,659
220,751
234,598
26,360,425
898,993
101,681
13,95
124,429
620,862
321,737
135,434,905
298,349,791
29,525,664
28,191,581
145,608
46,702
3,145,710
160,418,662
33,305
382,663,720
280,777
245,251
185,901
340,768
162,595,759
416,428
714,882
586,915
636,803,901
740,860
47,734
43,357,650
285,593
13,448
516,763
14,509
354,994
420,667
23,377
291,834
20,587,962
268,847
669,926
398,408
1,932
671,682
34,53,479
80,657
87,859
172,924
387,493,606
84,275
567,674
95,222,252
116,443
563,574,705
692,702
303,846
350,935
254,864
25,512
87,220,496
146,713
43,247
23,234,367
69,95
939,994
597,852
64,822
495,789
293,649
92,156
485,972
502,540
46,496
155,529,893
292,990
574,835
703,845
450,626
73,980
520,732,760
121,764
152,489,898
377,584
655,804
280,775,870
464,496
62,730
382,416
903,952
349,720
300,673
416,465,980
117,147,794
341,901
807,855
132,705
203,430
236,454
188,441
593,629
477,872
78,184
138,295,464
139,251
126,500
401,556
341,356
250,582,825
65,217,360
540,626,713
158,969
164,676
346,586
8,372
874,876
259,559
219,694
273,476,794
60,374,890
236,437
210,216
25,619
683,741,956
381,696
870,917
210,600
49,732,995
652,780,892
127,180
430,529,691
305,719
219,291
26,531
89,984
410,424
73,276
454,524,914
97,413
84,614
9,137
496,565
196,201
297,456,510
450,476,925
163,187
242,332,682
336,412
390,616
421,480
510,648
396,707,791
614,629
81,238
568,819
753,817,828
569,802
557,620,950
36,708
209,458,511
88,447
475,535,874
434,615
98,295
233,244,706
16,64
769,922
319,948
459,528
771,811
87,458,580
576,762
308,719
330,455
12,174
647,747
663,864
130,371,877
284,383,459
611,988
218,940
90,317
681,813
309,523
28,43,621
811,994
27,652
339,806
328,614,962
55,586
33,187
5,701
781,784
105,923
422,788
184,693
280,368
18,96,711
200,607
444,563
34,228
385,847
183,215,645
132,836
248,275
112,422,540
19,416,459
87,712,715
546,811
584,943
700,828,993
143,304
560,639
695,916
200,857
435,468
106,958
167,473,558
712,780
339,441
804,962
9,834
558,621
617,916
74,163,720
543,695
97,784
112,441
235,567
381,461
158,268,764
151,516,807
269,432
364,529
315,969
760,912
158,907
553,807
18,292
573,663
70,220,279
61,925
323,914,975
586,954
342,508
10,300
237,690
816,890
31,724
300,748
135,713
101,103,222
52,841,950
728,767
98,236
46,357
86,269,614
353,600,778
168,199
239,240,541
551,557,611
463,517
161,500,968
265,584,687
378,815
457,901
24,309,534
287,632,969
117,537,623
524,815
74,776
249,878
651,740
102,273
779,991
67,88,236
262,572
238,258,840
349,447
383,623,886
498,621
126,655
719,821
94,969
59,651
712,819
171,837,921
272,324,371
50,854
55,427,751
714,748,902
312,575
282,662
127,218
724,969
268,326
38,986
86,521
97,135
5,217,856
491,943
319,776,972
289,363,716
20,923
368,588,834
656,785,923
765,964
123,365
534,599
153,671
75,151,228
62,112
357,615
373,981
415,735,876
136,340
549,794
864,972
177,986
104,742
842,867,976
523,826
783,911,928
267,653,796
354,712
275,361
98,942
444,577,746
369,426,710
312,733
652,802
637,820
321,482
318,792
400,562,668
171,933
290,810
533,631
142,766,965
668,680
520,736,998
345,432,714
62,258
618,852
284,356,402
543,833
356,970
143,393
66,743
242,311
49,926
674,963
125,270,707
105,755,802
7,40
367,732,979
18,145
751,843
26,322,723
15,246,470
505,847
143,878
826,894
180,637,693
217,726
287,859
52,322,965
176,544,655
621,660
282,534
297,442
159,362,776
225,358
547,849
60,177
162,314,440
207,701
344,349
290,499
85,395
676,984
41,924
501,657,828
300,608,709
4,427
324,560,959
159,944
649,966
87,236
343,917
466,788
180,272
12,320,462
441,790
268,500
13,25
21,26,917
75,269
48,86,167
325,858
19,903
433,540
652,867
135,813,916
86,769
956,995
90,205,571
413,743
527,631,874
711,819
226,242,446
475,570
208,419
34,523
807,917
183,314
179,316
70,514,869
228,637
658,867
561,772
190,223,568
270,724
384,779
458,628
199,791
91,104
501,904
883,941
85,366
16,814
119,366,670
178,187,286
64,215,331
52,813
512,561
19,265
657,679
783,991
118,217
517,689
57,331,527
517,916
128,519
451,748,967
58,327,670
681,745,992
939,967
79,441,946
301,332
319,387
91,409
195,490,864
65,428,524
26,919
630,798
186,350,917
87,822,898
16,171,998
331,637
409,643,682
718,919
55,670
213,232,741
82,878
85,548
238,321
468,723
37,728
120,249
510,607,774
200,538,712
261,459,694
396,437,683
435,994
67,263,829
94,455
213,305,933
143,181
565,655
65,67,414
22,277
373,787
302,424,602
396,435,900
67,74
90,930,958
171,587
352,901
104,378,451
309,962
277,506,791
385,391,752
278,312
255,647,691
85,720
918,921
798,851,872
77,628
270,594
690,762
973,996
475,804
345,403,846
311,693
242,720,915
122,417,604
178,329
28,132,268
73,113
328,922
15,866
361,510
380,867,933
258,702,886
117,698
568,873
26,536
306,581
720,881
841,847
393,987
137,289
427,436
59,357,389
105,416,707
31,726,927
66,360,818
92,281
247,678
262,397
126,530,741
112,168
313,567,606
282,366
274,393
13,901
478,782,970
336,384
429,541
137,610,945
372,837
74,200
325,601
221,283,986
73,191,539
801,815
140,602
19,397
363,473
261,345
196,420,637
252,881,887
858,890
19,835
108,465,530
42,315,658
768,970
645,973
136,515
128,249,593
71,891
154,698,898
405,712
412,727
131,413,564
144,240
526,963
100,533,799
311,608
292,342
488,710
256,349
146,886
558,648
294,595,899
294,578
332,817
87,855
815,845
630,766
435,871
2,10
557,654
268,848,850
146,432
794,933
686,887
57,753,816
93,215
337,811,979
138,615,661
347,983
75,96
513,649
144,171
273,747
486,885,935
884,995
376,506,556
175,466,635
434,654
123,242
43,600,873
285,316
483,485,708
122,757,997
17,131,150
36,416
420,668
102,496,824
146,600
657,678
23,228,816
867,930
11,461,477
281,813
104,276
106,407
85,920
59,756
58,298
21,227,865
880,976
80,288
445,455
451,761
425,615,620
786,880
950,958
426,808
69,801
227,332,848
396,709
448,602
639,863
207,310
116,851
144,173
175,329
166,294
850,856
216,754
351,542
529,945
49,544,747
291,405
383,752,1000
597,997
663,963
332,808
72,799,978
120,556
281,297,648
106,251,584
324,840
248,465,875
603,913
594,996
198,296,925
366,547
357,847
853,896
450,461,626
217,472,955
143,486
731,957
76,141
609,703,790
593,935
435,810
19,675
477,519,880
500,841,870
460,667
129,646
119,610
16,485,738
321,735
200,311
622,990
669,838
344,373
133,446
349,403,773
239,659,869
235,323,601
245,249,526
170,973
121,703
130,348
13,612
605,757
26,567
171,531,683
535,662,951
65,967
384,534
396,685
407,934
229,999
549,770
525,604
104,920,973
104,749
465,570
292,416,738
731,829
508,919
494,617
30,835,996
486,555
331,392,808
817,830
83,305
108,363,945
497,742,778
152,646
728,759
915,929
126,246,777
644,923
86,451,560
286,336
434,475
215,874
540,921
134,719
862,949
42,691
236,269,864
748,813
169,994
462,765,834
95,519
123,684
250,799
30,718
143,279
488,780
368,850
232,569,948
516,859
12,80
111,581,969
336,844
299,691,867
9,973
370,563
9,479
20,643
6,154,184
33,232,494
90,433,965
226,400,953
165,166,947
289,332
327,693
289,395
31,423,814
152,408
140,291
251,416
52,291,765
115,701
424,851
184,587,709
468,928
232,315
128,723
251,393,903
48,992
170,727
25,181,741
218,316,518
26,991
745,918
170,215
197,602
197,988
224,442
238,434
156,201,227
204,352
235,597,722
6,490
56,698,809
145,393
377,874
479,946
326,620
369,679
513,812
618,643
741,880
669,775
349,897
472,709
788,999
148,697
884,983
77,217,908
139,887
578,766
65,134,554
177,679
113,156
246,542,929
48,283,286
202,348,448
126,414,754
456,638
210,344,674
364,670
281,664,839
422,715
187,379,467
49,223
9,384
160,427,554
345,392
796,905
417,478
248,469
132,173
56,449
92,416
331,473
40,383,947
633,802,900
14,99
187,305,387
91,786,880
270,512
619,762,823
720,734
643,710
32,676
857,868
87,681
458,681
216,333
813,931
589,840
233,300
141,379
116,742
439,545
430,687
835,996
261,974
12,404
547,762
455,636
13,784
6,524
340,421
753,801
104,650,748
53,153,892
185,606,651
155,211,705
87,907
248,338,816
293,616
552,851
325,803
702,989
50,343,361
176,282
61,559
136,754
460,742,814
53,604,904
478,519
99,299
23,711
210,348,915
419,989
82,493
366,640
84,151
236,432
121,870
275,927
242,513
109,466
97,158
341,977
251,607
237,476,550
886,974
73,84
127,548,703
617,831
326,357
533,791
288,560,924
106,300
387,807,860
200,287
138,525
216,975
104,431
574,634,910
63,118
190,863
38,723
330,398
314,720,937
203,384,890
257,687
115,548
3,740,825
618,783
53,259,930
245,689
57,221
82,667
38,432,979
169,986
25,244
350,494
264,298,543
118,510
90,623
287,345,358
722,934
314,722
384,635
225,461,601
564,942
89,723
638,752,892
89,592
425,766
514,683
448,771
656,963
416,840
902,950
82,440
118,463
394,695
315,490,611
29,284,628
115,438,763
226,362,919
380,716,807
339,432,973
583,758
258,317,942
294,958
5,151,998
205,402,469
134,486,722
497,776
446,490,931
193,657
533,663
469,950
146,751
480,668
260,755
233,764
66,766
322,589,638
329,737,840
583,741
169,192
220,481
373,744,843
32,819,884
290,904
35,917
298,822
248,804
775,840
716,795
405,956
219,566
582,677
560,632,981
389,702
10,627
36,103
53,182
234,313
490,928,961
186,370
282,492,741
64,591,668
619,717
253,908
385,965
21,390,743
396,441
138,564
84,116,637
377,882
57,175
42,474
128,382,934
192,750
400,477,750
122,600
868,987
239,245,313
6,345,475
523,908
170,993
66,814,859
174,963
47,93,106
392,791
294,317
687,769
477,533,877
327,377
124,583
353,784
184,750
585,738
548,765
542,739
529,876
464,468
4,184
221,310,721
253,780,956
77,263
365,735
100,470
289,733,904
97,138,707
337,535
14,216,757
392,993
567,760,993
139,163,378
20,860
27,466
681,899
470,534
575,882
196,915
102,336,871
690,700
138,979
159,418
697,934
15,99,203
234,805
543,973
236,313,352
265,388,581
499,607
116,283
524,706
385,865,888
348,519
223,227,274
461,631
53,298,667
455,583
632,802,811
21,131
402,919
112,463,607
409,601,891
205,971
58,903
383,948
447,855
458,687
401,425
102,625
830,886,939
295,803
246,709,789
525,711
541,683
384,629
269,927
51,343,724
95,836
75,414,877
416,417
249,993
342,524,595
198,788,806
794,987
226,526
531,917
483,896
201,675,816
332,439
112,184
956,994
217,386
80,312,376
236,404,641
150,418
515,976
581,708
69,434
305,621
629,837
650,704
264,860,988
101,323,920
266,324,859
142,642
40,379,775
94,283
289,752,966
92,704
721,820
177,499
217,997
393,798
465,540
165,698,916
364,507
825,859
705,879
98,237,341
354,706
168,902
395,694
118,517
8,95,601
48,164
462,488
228,655
550,920
557,774
7,875
376,835
201,631
149,476,843
337,644
309,863
95,515
310,644,822
38,597
413,825
44,549
148,782
353,820
351,561
400,699
253,361,630
250,325
566,838
155,339
211,497,687
286,448
490,843
644,895
215,291
517,664,948
287,748
115,156
33,342,440
335,780
661,688
461,977
666,758
762,988
548,608
155,974
563,742,928
125,991
130,335,559
146,175
343,396,665
226,393
484,752
847,1000
571,918
174,663
710,950
68,608
579,879,946
408,733
519,729
236,557
113,872
95,895
275,392
457,516
27,357
1,349
522,907
121,213
247,316,694
474,855,950
95,305,689
181,324
156,465
263,573
514,727,892
93,628
106,364,775
571,708,828
17,309
271,524
37,848
208,238
731,860
90,406,874
58,148,700
350,428,580
95,162
465,796
562,757
502,951
502,553
34,413,670
132,613,735
715,999
431,518
300,974
52,250
58,800
309,341,967
218,693
290,841
886,909
458,581
488,558
261,550,815
145,406,573
413,415,898
657,681
501,518,723
37,339
360,543,563
90,208,360
713,719
427,557,603
140,769,785
89,698,821
130,561
29,47,364
233,814
312,919
717,783
205,517,950
3,159
296,642,984
252,547,644
79,114,370
496,685
805,866
271,467,998
346,637
860,901
74,296
91,595
218,982
177,179,895
136,493
329,686
157,885
37,766
212,737
86,585,704
86,361,738
423,517
33,755
83,143,515
246,881
299,627,756
210,677,864
194,659
633,822
653,842,975
390,398,755
780,804
19,271
699,800
583,879
7,176
497,881
174,215,227
261,631
748,852
47,528
358,690
655,901
92,983
405,780
72,613,625
237,776
191,624
437,471,862
652,823
37,833
588,942
71,416
146,543,660
393,760
64,722
405,873
214,859
543,795
485,608
457,695
746,902
694,925
527,872,984
196,222,555
96,555,763
217,484
97,240
97,807,991
168,995
502,927
44,569
261,483
443,872
366,444
721,966
663,708
200,644
353,369,723
710,711
319,363
305,925
26,105
122,784
316,360,926
78,592
569,602
705,762
150,701
121,177
294,689,840
849,957
395,590
317,660,993
939,979
305,818
292,412
363,830
352,791,843
420,534,648
78,612
199,231
423,867
723,752
412,665,924
399,790
421,468
194,348
304,609,830
268,432
207,845
123,668
381,832
113,629
517,683
186,421,516
443,618,872
370,460
138,186
85,237
963,986
731,911,977
543,557,736
414,430
391,395
52,93
1,36
231,452,609
500,914
698,732
140,937
14,204
308,506
385,470,483
190,873,958
390,761
499,986
430,556,914
350,493
199,480
192,333
117,722
20,475,512
514,559
123,466,760
142,523
263,411
495,751,963
406,853,916
243,405,456
154,221,579
297,902
322,456
410,431,622
856,858
662,722
491,995
7,768
416,552
177,583
695,797
6,879,981
455,630
157,261
135,632,937
205,307
771,805
357,433,703
390,805
432,614,821
302,940
105,362,476
385,965
387,786,976
110,547,800
202,622,982
520,736
376,537
254,400,677
288,679
50,184
327,383,914
140,372,982
91,619
165,573,756
658,766
199,616
359,411,451
464,995
293,340
23,78,287
440,909
626,923,972
711,876
681,749
58,267,652
49,320
293,759
395,806
405,558,912
329,550,643
167,362
749,912
745,933
720,937
664,693
168,240,530
190,193
23,350
4,649
125,156,831
236,864
987,991
388,710,895
736,787
248,534,811
942,946
274,730
118,345
175,836
376,473
579,697
436,490,832
166,253
806,883
538,867
952,980
311,383
441,460,681
262,723
470,918
233,810
178,500
199,890
8,602
14,493
554,566,894
746,758
154,422
311,594
276,895
67,232,329
70,536,644
126,612,652
122,623,710
8,399,721
572,581
231,340
55,904
486,719
579,632
98,258
73,361
330,582
691,815,878
386,451,571
111,343,453
131,168
21,692
128,433
57,94,527
32,78,146
58,285
742,810,985
225,566
136,436
16,994
149,762,832
91,306
191,235
180,817
79,226
86,267,561
873,981
76,317
606,970
285,907
729,756
321,390,875
376,643,778
484,943
365,498
322,974
349,434,816
105,187
133,323,664
23,808
14,755
168,533
817,839
72,145,560
132,764
17,517
273,647,656
708,714
491,691
191,511
192,967,977
510,541
616,801
118,543,789
481,884,983
82,200,210
579,888
336,875
175,786
97,802
289,671
8,74,378
395,787,923
49,977,980
139,286
958,990
319,412
47,316
5,360
475,579,741
165,356,969
143,157,952
26,646
89,921
911,988
360,480
26,845
336,468
90,147
238,859
268,391,634
291,888
238,292,947
288,297
343,438,706
39,65,178
172,433,670
293,478,909
736,785
557,880
29,664
153,271
312,356
181,518
608,861
180,443
591,805
157,322
107,431
823,989
243,1000
412,732
444,975
77,985
109,201
471,493,732
645,718
34,565
522,827
329,440,986
160,912
777,811
872,945
5,66,733
649,756
214,693,792
467,752
476,628,933
782,858
349,743,770
691,962
468,599
206,679,942
50,907
444,785
549,779
268,742
306,586
29,420
89,763
306,588
340,968
294,702,950
675,983
65,230,245
168,908
37,752,847
341,398
63,333
252,611
487,956
191,945,966
44,263
593,595,596
66,324
300,523
234,929
21,300
310,961
837,883,912
619,832,933
59,749
431,677
140,855
696,746
209,906
244,547
46,734,884
609,895
13,597,694
203,284
57,336
274,342
102,890
275,664,746
119,506,905
255,395
284,945
129,813
45,202,235
587,610
838,924
585,770
141,443,937
130,323
50,345
176,535,859
100,786
864,887
226,406,963
55,881,925
146,424,614
117,994
209,338
247,335,506
102,655
92,576
212,226
405,874
108,125
529,920
71,382
730,839
45,152,809
666,720,939
472,895
23,457
483,664,742
11,488,550
150,326,427
419,594,701
539,863
66,790
48,645
137,442,794
29,266
46,749
162,782
82,128
242,479
186,668,792
276,942,974
797,986
161,493
657,867
620,648,650
436,521
81,225,949
164,540,662
507,718
269,431
84,455,991
28,922
647,896
19,673
40,403,665
455,462
127,197
469,677,777
866,933
113,337
173,734
355,540
15,273
229,381,739
368,551,608
472,837
510,966
14,603
196,773
231,288
534,654
153,942,949
372,378,555
499,902
293,565,743
737,842
486,499
355,482,660
16,536
577,926
280,678
357,422,469
661,841,870
735,994
244,518
184,824
480,709,874
831,1000
584,652,982
155,488
78,310,932
176,871,899
684,906
115,395,798
288,337
80,168
293,636
224,900
630,872
106,925
312,633
135,288
120,270,761
246,663
301,646
634,667,873
166,327
794,997
217,259,292
536,545
436,832
2,18,754
494,551
375,530,768
40,66
731,822
652,689,704
124,990
279,411
264,577,970
845,992
210,842,887
161,557
299,949
154,415,837
57,355,773
609,672
652,838,936
146,597
416,548
105,279
312,505
28,57
62,689,744
49,138,665
647,882
530,560
413,807
392,722
675,959
17,19,381
812,928
216,252
372,887
97,135,927
266,996
580,752
565,604
591,889
301,307
686,776
372,566,982
339,517,781
151,288,940
443,642,951
487,640
19,317,356
207,562
311,945,994
405,654,812
130,519
78,105,779
28,763
98,353
3,457
255,344,818
4,198,334
622,769
874,906
340,777
472,668,722
345,463
295,615
55,456
171,481,943
348,844
383,500
143,928
257,484,893
452,727
54,769,908
294,419
372,885
48,647
503,753
56,767
280,697
762,887
72,777
241,328,469
913,925
184,804
208,381,423
890,986
372,473
487,812
137,655,888
51,979
102,377
351,560,874
197,382,877
686,899
320,773
320,409
142,413
608,932
10,22
225,495
27,66
541,544,918
207,299,322
495,694
662,707
353,520
726,956
913,944
655,812
78,456
398,638
271,306,864
136,414,495
176,344
391,634
65,373,406
109,461,506
137,934
558,731,982
478,922
31,792
131,283
434,907
10,630
378,679
527,616,637
722,846
504,531,615
36,303
172,658
289,332
154,465,483
75,141,397
352,426
89,645
350,657
87,654
263,634
199,748,822
96,215,611
188,811
73,835
220,456
255,326,628
850,857
165,486
329,524
154,222
109,573,807
249,956,990
548,574,980
442,482,743
370,744
346,739
264,777
303,780
369,597
123,712,906
312,573
188,560
432,551
202,652,794
119,130,869
257,409,944
106,357,778
79,658
546,591
194,314
327,809
58,136
329,585
251,442,805
850,862
638,847
338,396,707
126,500,547
439,626
65,634
249,756
238,646,764
397,967
159,365
19,70,357
847,892
352,774
200,894
448,614
783,969
24,37
480,841
522,551,619
652,737
311,680
421,565
657,781,848
550,806
60,121,850
731,933
94,446,620
106,214,363
362,909
263,557
485,753
172,190,664
363,899
376,379,997
345,715,735
30,304
687,954
489,905
143,336
483,511
4,724,940
253,592,912
220,543
35,799
107,657
104,285,869
361,648
89,397,839
349,464,534
858,950
354,416
550,972
667,673,701
665,792
265,529
307,485,904
272,748
268,411,974
45,924,994
463,716
844,935
471,837
116,340
187,684
493,626
130,519
226,459
455,847
151,489
624,980
515,952
616,655,822
201,259,490
432,916
72,113,413
72,453
732,870
315,577,887
17,271,966
99,497
280,322,607
119,124
57,647
116,119,662
199,482,616
591,830
245,727
163,508,986
65,969
155,255
620,624,714
41,802
159,538
616,809
512,827
127,518,672
230,581,989
239,819,872
18,967
553,876
883,994
5,40,868
301,593
665,724
89,820
151,392,453
279,902,965
371,380,585
576,960
76,332
139,195,953
629,677
319,748,833
96,628
171,303
253,918
312,368,710
407,473,878
171,215
125,442,747
147,680,851
396,940
507,947,974
405,442,859
15,675,811
180,683
14,570,676
658,660,949
727,939
298,660
513,548,965
17,288
419,638,910
171,706
404,421
324,470,775
112,403
336,979
498,929
285,892
203,508
144,242
691,937
818,848
87,618,726
41,96,859
129,219
327,904
161,226
812,924
13,112,494
218,940
230,406,680
130,641
285,589,856
299,829
9,766,949
379,861
804,812
148,397,787
69,952
60,484,928
46,272
296,881
93,530,950
140,335
148,889,894
580,744
128,436,550
167,440,796
15,527,583
471,528,609
88,358,362
516,631
407,572,731
360,376,963
107,114,703
278,442,597
226,645
610,819
493,783,787
283,352
330,857
95,314
7,310
464,834
41,722
44,951
586,755,762
599,685
727,800,901
254,330
150,176,811
42,748
213,752
378,519
685,859,998
222,970
392,879
29,296
270,795,806
90,159
6,606,983
143,919
264,380,690
4,480,685
934,937
181,281
233,347,948
95,906
10,417
853,937
169,626,1000
117,707
341,472
504,673
518,615
10,25
876,930
513,929
45,80
259,702
267,940
43,671
731,776
202,306,400
18,770
551,770
210,740,920
348,507
207,319
120,126,772
79,503
125,221
474,938
187,519,755
261,354
910,928
212,988
521,997
190,291
403,469
507,755
523,586,920
341,409
144,248,808
481,810
246,461
567,572
120,301,743
795,884
65,424,832
728,822
54,965
102,471,622
74,95,344
609,657
238,340,525
24,890
282,396,728
570,872
357,667
162,595,968
521,887
99,816
548,661,695
406,653,933
915,978
41,445
176,685,763
59,165,491
166,492,512
86,323
289,776
44,329,758
74,508
224,541
781,823
89,549
22,139
214,317,986
413,574
401,411,628
528,668,923
466,467,679
37,307,823
178,885
40,118,947
316,352
261,943
804,841
383,499
254,729
15,604
519,746,872
505,628
533,946
335,585,756
503,848,936
774,976
257,670
3,528,942
496,565
430,969
212,959
69,637
326,628
140,410
878,963
29,394,514
434,924
113,665,921
161,245,348
318,739
757,891
606,758
212,780
139,829
53,618
47,323,686
55,413
56,119,785
235,966
625,668
319,525
385,766
328,899
469,828
56,871
938,949
536,850,974
109,768
335,721
668,896
7,71
164,616
269,372,519
14,663
172,357
269,328
131,699
632,741
1,535,951
549,816
282,531
236,770
183,408
249,823
37,265,610
512,583,959
593,599
128,188
492,625
355,591
503,893,965
266,395,484
220,428
28,473
368,408
61,662,870
166,176,613
55,526
36,353
92,532
593,674
68,729,901
442,613,798
60,736
631,845
537,728
224,327
133,620
432,480
521,754
18,112,647
484,646
425,852
639,828,857
229,510
670,947
234,693
244,335,529
603,852
100,128,777
234,712,995
822,974
15,463,994
848,883
11,12
24,558
42,608
828,911
97,827,872
590,957
254,418
186,535
715,821
361,684,788
673,749,985
298,924
698,936
267,557,652
536,878
150,709,824
242,700
348,967
151,967
717,747,984
497,505
511,927,969
90,485,765
159,476,968
343,345
389,722
772,877
349,616
22,195
523,831
110,264,305
875,905
118,439,471
64,523,874
294,836
144,331
160,355,824
535,607
272,615,767
227,379
458,634,950
22,533
1,403,630
191,604,615
190,552,868
294,300,539
33,282,301
31,198
302,823
303,745
133,406
571,875
113,695,697
31,625
446,626
268,431
219,330,566
96,383,615
668,969
722,951
449,685
110,808
461,702
733,836
622,842
278,621
628,842,992
73,389,869
419,702
409,725
90,575,638
209,616
191,567,995
126,420
200,645,861
94,527,715
51,80,214
894,986
291,958
143,656
206,353,814
428,938
139,335,341
266,324,410
600,968
166,849,859
184,203
163,617,672
623,986
525,924
49,94,443
672,992
284,437,668
310,408
223,329
132,528
236,264,758
52,460
150,805
279,598,982
50,495
47,339,882
634,852
541,813
147,614
286,308
86,863
305,640
366,986
119,804
158,240,768
511,973
30,148,242
129,430,590
229,436
195,551
102,578
567,632
533,837
82,619,776
287,337
27,937,975
111,514
510,671
242,506
69,90,504
341,594
204,450
404,415
231,235,804
32,369,601
595,938
447,662
460,803
246,590
613,863
448,797,891
159,240
129,567,726
23,935
172,799
144,287
254,485,901
838,913
306,653,986
13,517,708
196,253
437,602
386,951
541,670
21,149,870
106,667
470,728
62,67,579
356,430
188,711,802
385,386
133,818
340,927,959
574,965
249,615,696
251,441
32,60,666
544,890
621,657,743
252,796
182,893
240,653
3,732
501,745
160,567
199,993
114,960,974
88,133
51,492,496
210,550
530,994
434,463
272,365,678
235,848
198,390
53,890
849,972
6,455
598,608,643
3,42
500,569
53,276,748
64,229,741
105,128,994
84,353,955
727,852,919
353,395,710
379,502
59,73
712,822
570,711
300,359
200,953
329,350
202,834
302,818
471,892,908
208,518,581
85,252
706,974
13,312
370,808
345,808
555,968
837,874
338,648,724
232,522,559
16,931,985
217,389
155,429
328,835
302,352
336,724
309,530
116,396,512
547,550
631,777
593,731
139,263
46,425
97,166
31,875
223,931
42,313
860,929
735,823
195,877
732,791
476,628
564,654
194,242
197,802
229,562,565
139,162,255
561,591
133,178
559,844
318,506,903
197,512,891
611,751,893
317,448
522,601
136,410,454
613,827,890
70,831
53,157
791,951
664,897
381,690
46,565,948
342,953
72,454,939
69,939
45,377,396
50,442,572
286,760
301,388
879,999
536,960
400,680
95,694
367,567
413,962
262,554
75,400,632
768,873
361,703
243,489,594
614,813
86,659,977
75,369
420,894
7,984
169,305,601
393,621
678,774
715,720
74,410
319,479
115,393
307,906
40,757
652,970
26,621
116,647
769,988
215,639
280,317
125,160
154,248,632
240,747
37,845
189,402
478,929
37,92,594
668,725
75,894
166,799,898
267,490,823
98,501
856,896
221,643
8,318
124,592,770
526,988
159,860
485,757
179,671,836
576,884
432,524
371,788
366,719
82,726
817,864
107,723
663,934
336,632
520,859
286,395,586
516,793
333,515
560,631,809
454,659
117,637
584,633,766
213,995
143,242
60,345
367,676
13,91
193,341
211,700,835
643,821
384,482,587
213,593
547,775
15,912
11,595,653
443,632
401,856
347,765,812
590,995
300,550
17,503
171,196,859
195,382,563
65,239,408
499,517,580
376,714,965
877,916
629,690,867
263,915
564,836
652,871
161,249,400
58,827,835
68,292,452
67,225,249
593,783
546,549
183,513,736
485,516
481,856
348,730
333,966
58,911
266,333,588
466,720
12,984
50,563
678,682,841
138,248,921
303,756
318,887
127,262,755
189,218
664,670
16,789
272,886
580,764
467,511
671,928
533,955
177,374
74,319
301,495,903
65,82
349,527
589,967
102,999
961,988
181,591,930
193,206,954
171,896
379,615
371,525,795
144,442
100,583
177,361,567
145,156,646
20,685,890
21,208
57,644
37,207
371,887,998
403,963
540,572
127,440,751
204,493,978
588,951
306,556
224,435
26,440
215,272
265,300,835
169,783
368,451
720,853
243,654,728
23,266
580,839,958
255,635
424,532
358,557
672,751,896
390,927
232,478
344,697,756
217,790
107,417,624
144,579
112,395
59,158,386
17,260
340,356
127,202
10,18,146
246,933
661,911
471,593
78,241
487,599
192,302
1,979
26,601
142,419,552
281,621
33,765,900
105,373
359,638,882
710,884
439,746,868
182,597,706
500,994
94,793
402,789,862
322,374
146,593
57,578
393,475,837
278,661
76,185,580
253,367
49,199,203
15,131
629,891
169,786,800
201,932
37,47
642,900,961
123,846,993
324,448
158,406,921
73,474
69,872
302,978
123,261
330,376,551
79,90,667
116,763
236,965
355,876
388,868
96,469
359,809
424,767
521,629
912,914
711,855
136,772
380,521
274,961
475,924
922,936
18,649
351,366
484,687
751,776
370,458
108,984
881,976
171,447,729
197,573,588
141,841
198,282,426
396,693,715
66,673
301,757,838
398,522
364,701,727
50,714
399,903
24,523,726
763,890
261,359,998
254,477
297,402
146,239
848,857
122,169
620,718
206,244,432
387,762
840,950
224,932
680,842
91,712
368,518,939
82,436,782
821,854
413,449
156,534,995
241,553
31,124,890
439,442,665
125,586
673,784
347,886
184,272
77,418
287,824
752,894
115,454,955
223,516
194,220,302
383,687
65,731
641,796
600,952
143,220,752
692,725,797
43,281,589
359,954
475,579
271,573
7,530
746,933
671,949
151,835
167,301
143,865
676,767
310,337
377,384,969
437,481,923
682,854,885
840,947
214,505
64,732
155,288
319,543
32,472
17,768
25,305
433,484
770,921
212,768
24,268
15,449,541
241,401,456
69,892
545,605,718
568,623,895
274,973
523,836
15,190
204,269,636
552,894
423,636,746
139,801
553,580,844
812,887
354,997
252,379
427,541
226,354
263,581
447,544,872
426,472,999
179,203,525
70,561
216,425
501,667,833
731,894
263,440,575
448,892
364,507
242,371
598,672
519,527
751,991
164,533,898
585,771
396,605
324,462
127,279
583,791
162,830
176,641
287,626
525,879,969
250,954
526,887
119,768,879
180,281,568
201,871
298,348,774
77,667
42,487,897
277,443
92,154
81,120
119,463
156,814
403,463,819
687,746,913
128,136,148
19,63,518
326,416
676,837
375,516
498,863
11,370
502,675
179,718,886
449,834
137,353,869
5,360
290,366
815,910
543,791
143,161
612,625,768
67,785
147,788
248,403
3,386
487,666
22,335
342,931
445,858
775,842
350,867
290,356,650
186,474,858
56,205
316,790
607,672
26,407
171,510
866,889
60,386,985
526,651
286,569
805,899
314,418
542,641
439,449,693
188,549
115,613,932
455,598
9,709,772
470,589
36,183,966
182,356,745
355,527
50,465
629,689,832
7,739
451,848
582,866
574,705,757
260,811,946
18,572
557,877
310,533
189,701
191,745
76,679
169,597
207,895
667,978
18,218,448
165,277,734
637,760
571,880
441,534
151,377
67,239
265,831
61,344,691
208,290,609
737,935
133,329
183,392
133,635
205,910
364,391
116,390
17,924
31,543
435,761
195,737
496,545,871
349,396,549
760,974
38,93
314,406
353,845
183,769
99,653
539,863
461,517
192,756
750,805
138,512
36,753
317,673
665,770,927
676,859
502,827
115,780
447,579
129,379,831
37,257,839
696,797
116,846,859
196,614
413,506,767
693,792
376,524
26,88
252,429,485
160,403
41,564,676
168,878
152,351
33,152,514
849,955
79,93,884
48,359
280,586
327,759
484,936,949
184,260,616
234,684
443,780
287,492,567
176,250
19,149,329
174,215,828
22,519
269,348
367,837,871
228,477
526,859
631,816
471,810
8,398,672
243,294,346
461,647
217,837
478,635,746
489,527,741
1,712
262,586
517,833
97,152,871
211,865
319,626
97,524,697
180,569
124,936
258,369
673,819
464,599,979
693,802
122,651
695,745
177,193,597
536,776
669,878
143,508
553,732
121,401
151,721
399,766
313,637
189,497,634
479,945
257,505
639,928
48,506
114,379,857
44,190
493,831
379,576
273,561
109,236,243
128,373
66,281,607
648,685
39,396,401
650,788
42,935
398,796,832
310,633,829
9,76
72,158,277
69,137,830
24,377
157,304
170,761,856
223,531,854
232,476
736,738
344,556
209,553,927
134,777
332,360
159,210,500
84,139
449,629,953
58,112
68,702
188,703,792
274,344
711,950
488,579
214,405
443,682,854
690,860
714,854,975
295,561
505,825
260,417,884
320,669
408,760
242,674
517,710
97,260
143,683
417,485
77,623
130,891
362,867
96,433
77,146,683
108,682,761
374,932
149,454
437,960
325,345,623
667,753,764
739,893
254,661
426,833
307,703,833
439,709
72,247,951
274,504
778,908
447,511
471,641,733
648,805
507,536
260,412
185,611
241,467,909
621,646
167,992
102,266,546
514,520
292,772,836
217,351,458
398,610
427,997
382,998
213,379
417,504,857
114,261
43,153,543
177,369
70,347
530,775
5,105
572,657
80,877
309,535
19,503,830
343,851
45,176,453
297,493
304,958
260,944
156,545
667,952
458,876
57,105,222
220,610
433,481
584,959
267,497
722,767
26,180
290,850
311,397,611
44,299,371
535,698
6,565
72,265
124,798
252,417
12,404,549
207,511
265,813
415,533
594,692
426,946
2,293
71,159
39,298
454,509,880
682,879
150,743
346,605
434,903
599,679
79,782
801,986
321,676
508,809
297,358,968
36,582
573,619,635
316,701,702
407,747
720,847
322,393
181,462
10,173,943
266,663,935
857,972
137,388
14,373,915
335,476
78,693,749
67,627,862
162,425,454
131,342
89,207
161,643
102,783
11,619
617,972
43,568
222,473
106,552
5,393,678
342,875
579,763,788
8,758
539,691
828,898,940
328,856
426,643
241,610
11,538
851,875
384,575
649,882
427,647
38,853,867
204,566
594,605
211,281,795
46,888
418,720
773,933
167,953
33,333,584
28,600
331,995
504,822
113,239
356,672
289,886
146,183,674
393,572
769,995
238,298
393,808
178,375
69,718
131,269
517,684
14,477
442,466,612
10,269
510,532,919
264,769
237,433
55,273,944
493,626
479,548
504,729
253,304
472,808
554,689,937
545,675
358,713
454,665,929
302,540
567,794
185,680
129,724
130,162,577
671,775
643,901
461,861
11,592
92,517,789
118,920
263,308
827,879
154,779
143,846
309,405,698
677,880
351,924
296,761
221,440
489,630
26,611
63,510
148,989
67,110,304
503,696
239,480
46,279
407,978
681,951
56,270,875
37,288,907
313,368
1,980
147,418,546
142,646,670
330,440,656
428,567
367,463
28,479,926
189,312
20,88,936
116,466
206,504,947
321,544,837
100,299,885
35,409,685
172,383
423,539
58,885
272,537
25,691
20,95,793
403,491,849
559,573
250,426
385,952
416,730
63,453
285,563,938
300,535
466,544
111,379,704
33,438,628
615,848
663,780
276,719
577,655
317,339
106,839
290,531
463,789
168,838
41,609
189,992
11,737,915
187,406,726
478,629,801
452,532,661
619,891,901
21,42
286,804
445,728
126,346
451,885
529,954
391,583
122,705
357,534
13,922
26,307,864
103,626,666
126,290
49,874
414,776,964
152,772
432,736
372,937
555,829
229,345
896,901
135,160,474
100,109,479
170,324,416
12,709
127,521,627
215,844
538,967
147,689
619,677
285,489,730
536,564
69,780
561,881
265,505,657
71,171,680
39,899,989
215,369,531
540,560
55,366
283,998
31,420,618
682,810
155,578,586
187,613
384,685,763
85,696
320,685
179,710
260,377
264,787
271,969
87,858
147,401,624
8,960
506,565
325,549
32,338,712
786,840
314,980
523,698
555,622
135,619
321,859
370,501
81,809,817
196,914
246,576,677
58,374
181,193,317
10,659,821
840,1000
428,869
158,718
360,576
4,48
771,776,877
763,956
576,710
40,910
287,309,325
180,615
111,801
91,603,986
95,476
36,237,860
191,552
287,472,677
122,213,324
108,864
280,365
218,423,878
10,354
168,319,660
402,620,833
629,658,978
260,327
94,985
218,987
291,948
106,121
148,341
400,554,610
32,287
724,979
129,657
145,495
368,454
70,802
23,267
48,728,845
254,862
449,938
640,893
8,386,750
126,764
113,248,906
830,999
517,911
739,924
364,456
276,674
124,601,845
803,919
103,914
213,993
210,797,844
261,615
270,630
843,970
385,831
372,802
449,589
448,911
31,189
67,427
200,258,382
312,513
1,61,199
541,913
28,544
388,417,949
32,817
294,873,954
247,563
234,390,732
221,869
862,1000
152,712
856,906
356,359,945
273,459,539
671,723
455,697,906
148,314,450
534,585
68,500,704
823,923
788,966
281,685,712
586,617
77,861
161,222
519,548,951
531,996
199,721
591,701
595,894
141,755,811
81,946
166,425,788
312,673,917
223,244,831
306,690
531,950
208,358,677
226,550
395,440,937
123,292
256,534
307,904
392,559,948
410,426
372,992
91,515
9,670,753
338,783,819
31,106,140
75,763
249,699
63,827
370,936
359,728
344,666
18,479
83,122,765
122,857,922
366,704,860
66,165
826,840,996
686,748
203,255
694,941
361,855
392,445
7,637,816
565,706
118,514,992
68,118
162,624
2,696,925
183,726
529,671
80,264,835
129,706
353,703,966
783,811
120,192,629
1,285
637,902
466,475
674,699
31,124,439
625,642,931
8,333,617
240,549
529,764
416,520,952
426,546
227,249,562
353,467,505
37,109,334
522,723,869
234,465,567
517,966
235,491
608,982
566,861
409,649
47,688,810
186,443,941
166,320,711
214,531,588
582,631
84,583,763
473,866
389,817
91,878
174,733
96,288
741,946
140,912
187,378
175,260,418
269,407
535,709
123,167
91,195
72,144
500,902
91,267,989
635,968
157,679
503,727
15,276
114,169
382,490
463,481
604,702
682,756,944
779,827
591,841
318,818
275,997
357,383
757,865
85,736,891
221,897,927
282,711,834
140,397
150,875
639,868
455,545
218,382
564,957,986
382,464
566,907
252,375
97,547
313,843,949
169,462,534
394,537
39,719
135,797
439,849
12,20,235
13,697
94,770
225,689
224,282
588,681
233,365,646
173,827
51,551
5,263
928,997
608,993
328,390
36,457,868
392,921
621,778,862
674,984
546,630
248,826
376,752
7,325,715
281,985
69,562,750
11,22,572
15,726
109,413
622,775
247,504
392,675
532,539,892
331,632
112,139
36,841
723,883,980
397,547
274,985
84,150,468
712,802
177,429,495
213,469
108,275,739
629,965
9,840
202,533
138,599
441,754
532,548
123,722
425,943,947
290,723
259,545
335,557,935
705,983,998
51,275,808
268,505,556
266,556,772
25,204
534,726
277,993
154,345,893
159,725
482,741
185,444,656
160,263
147,364
268,841
163,417
863,902
686,807
142,328,761
160,516,924
412,526,963
346,580
236,961
67,842
68,254,448
99,438
277,530
385,639
282,546
437,451,510
118,307
149,879
338,662
49,152
51,637,906
232,911
9,143,778
818,856,867
192,403,669
396,767,773
62,215
123,381,709
150,632
248,501
680,923
106,893
46,467
552,706,730
99,617
441,557
298,564
29,411
36,434
278,605
647,887,964
86,490
363,847
803,908
654,822
768,778,905
539,720
454,673,808
9,264
453,476
544,763
43,873
144,361
1,69,204
643,797
212,314
130,749
413,565
358,423,973
57,300
11,148,913
469,746
444,878
181,941,960
269,303
230,446,524
350,417
518,729
363,540,787
74,750,974
229,633
125,185
495,823
14,132,676
3,671
617,829
270,345,405
99,825,907
710,877
277,282
320,895
131,187,264
353,457,900
273,850
550,666,867
70,247
219,328
361,393,632
203,338
529,732
244,943
236,432
30,213,917
610,705
37,938
30,244,857
429,811,927
39,109,806
107,562
554,955
595,613
550,854
11,376
342,810
380,751
674,842
433,742
169,987
373,571
332,835
326,665,908
978,992
741,935
259,525,632
184,189,613
503,718
423,611,853
486,628
28,562
226,590,627
817,938
489,562,575
780,849
279,821
271,348
65,498
8,964
369,475
360,483,941
666,914,981
595,601,798
35,426,500
901,974
53,847,966
284,754
675,942
60,642,741
413,851
237,843,925
244,493
222,476
242,666,901
362,725
327,774
461,894
157,784
238,422
67,195
54,888
319,528
253,425,858
767,872
274,609
131,568
160,250,668
481,598
406,832
283,674
574,602,866
187,532
464,567
122,810,963
900,996
111,849,876
597,910
390,780
391,883,927
740,747
600,904
35,220
724,833
29,72,698
691,827
539,822,949
361,390
233,285
189,870,950
195,721
61,133,134
48,492
123,426
807,933
745,831
53,365,775
85,314,756
197,241
207,657,789
299,704,762
637,930
90,600,625
950,971
307,745,985
532,882
32,188
507,967
455,965
134,478,624
655,770,792
358,967
165,772
353,727,780
546,760,900
503,628,723
667,814
201,280
320,540
197,865
637,886
431,670
391,417,511
82,524,571
861,979
97,698,806
645,995
33,348
488,862
137,314
158,747
628,634,957
98,233,390
60,893
251,372
57,460
265,952
326,412
400,607
42,91,397
703,814
542,864
291,775
149,471
48,148
361,921
21,120,295
390,445,525
249,705
558,828
188,820
259,281,294
337,836
108,318,853
341,510,917
614,640,690
520,749
101,640
567,673
327,411
10,734
537,745
623,670,738
139,494,645
214,702
653,963
96,155,678
13,519,569
672,682
321,648
650,930
279,648,655
363,828
301,875
329,653
630,866
162,212
716,898,996
127,210
74,450
135,641,929
84,125,898
810,991
28,556
902,994
650,711
553,582,836
211,411
354,441
18,155,171
209,234,574
168,277
284,761
627,722
203,780,818
119,743,979
173,962
27,270
388,576
233,571
677,933
105,913
798,818
400,855
121,945
949,999
140,963
107,735
49,95
67,754,929
227,702
158,209
236,410
182,201
488,506
281,715,830
153,297
313,450
190,643
543,692,865
82,521
8,231
370,795,908
82,427
321,476
165,424
410,652,867
140,308,725
133,407,556
441,727
38,370
228,742
133,306
369,604,856
390,523,925
521,954
148,493,602
150,849
386,409
621,664,678
102,502,836
354,460,847
173,993
107,399
474,889
365,780
168,822
30,296
458,902
218,478,729
342,348
434,789
303,434,465
317,904
871,932
490,572
788,935
164,223
652,897
81,816
72,423
33,61,161
30,624
605,609
88,165,246
738,853
177,320
328,391,578
407,647
179,207,548
654,791
247,278,383
99,584
354,465
48,915,992
430,454
19,730
226,933
12,201
117,771
627,843
134,551
158,518,942
168,223
132,637,969
150,425
418,741
185,422
352,815
16,258
515,920
612,849
196,290
188,377
560,746
142,997
84,405,506
437,856
179,462,552
611,636
194,524,794
474,535,879
78,726
74,200,448
104,177,289
174,581
358,972
132,233,749
299,306,351
238,450
334,685
284,401
10,190,227
743,809
91,510
60,892
10,171,318
150,359,372
192,619
567,615
476,720
306,860
111,848
536,683
794,990
29,57
221,644
36,813
5,266,937
483,485
27,925
118,940
20,592,933
202,882
494,554,754
145,667
451,679
604,820
300,867
90,207
170,769
97,599
2,89
55,967
796,821,982
301,945
537,588
701,973
351,558
631,989
789,910
394,501
573,622
425,723
754,756
322,688
125,349
215,965
23,68
79,504,510
230,815
728,995
199,204
702,996
132,607,936
488,674
673,830
3,532
302,499,528
7,144,152
138,961
64,395,676
52,661
661,888
54,308
214,668
164,421
378,454,643
565,881
173,766
936,940
251,618
278,950
190,205
271,524
427,674
16,614,866
514,895,910
190,738
171,740
385,612
89,421,858
487,834
404,924
807,889
423,842
718,774
57,640
350,377
29,615,997
360,673
82,538
762,764
64,974
24,385
603,813
506,688
387,781
480,814
86,304
216,590,864
8,524
722,915
18,815
243,555
294,484
366,678,852
100,341
405,831
50,88,289
911,972
303,609
238,565
381,715,755
15,359,466
59,153
187,749
452,581
118,651
524,843
307,389
39,567
267,809
429,575
59,187,773
692,944
246,409
298,924
96,733
264,315,691
323,394,652
489,850
497,591
151,563
601,885
516,662
841,957
369,746
447,637,777
88,230,500
124,153
146,148,914
672,691,844
43,708
294,894
153,550
55,395
125,321
683,716
116,251
719,903
266,519
2,409
45,345,767
391,888
248,725
271,436
408,462,481
149,380,622
330,586
268,427
321,759
940,993,995
157,517
81,131
355,896
490,674
815,864
467,612
79,867
471,710
131,270
286,485,973
73,575,902
201,875
96,586
602,621
3,653
617,668,969
261,688
37,81
7,523,889
225,782,843
788,940
440,471
528,660
103,129
104,533
399,584,595
393,507
524,722,965
7,693
222,261,362
171,753
51,592,739
357,520,646
96,733
261,733,1000
353,978
558,798,855
737,777,857
159,201
16,212
53,117
343,929
37,499,833
52,242
478,765
11,65,894
419,727,870
88,734
531,679
442,979
567,747,977
93,460
94,747
130,133
564,865
394,422
235,524
327,438,779
518,582
698,772
694,988
298,368,581
193,274,857
625,979
449,545
357,845
267,415
66,568,908
121,214
285,868
21,865
20,969
164,225,235
119,534,959
171,462
342,601,797
517,726
16,764
244,705
25,788
33,563
898,905
142,157,274
178,406,486
117,733
602,992
24,908
236,259,985
156,533,801
941,950
120,519,786
367,851
150,783
394,645
600,604,936
208,278,800
220,406
239,251,824
229,560,874
7,396
410,781
76,783
240,709,976
445,646,758
544,827,959
479,918
747,827
24,506,711
468,481
784,974
126,366
690,772,953
301,372,434
213,391,708
37,208,456
586,709,940
193,497,848
104,571,716
292,590
52,71
39,694
137,892
365,544
502,800
464,549
753,964
312,880
100,232,305
83,878
548,628,708
310,837,972
19,289,623
526,601
466,768,858
403,956
572,653,677
245,254,333
174,623,628
510,790
49,793
308,542
124,912
562,787
324,604,789
435,439,472
187,528
185,365,627
388,534
548,930
152,921
260,338,496
454,528,811
330,610
79,590
228,589
108,767
347,582
591,845
29,432
6,80
268,749,973
266,864
51,405
106,562,948
411,842
301,520
394,830
264,348
440,446,450
56,275
618,760
526,944
523,623
109,238,880
574,902
52,289,326
27,243
237,894,920
277,660
308,699
694,966
426,822
10,462,688
19,117
270,385
428,919
1,464
185,332
20,614,783
100,532
629,933
241,883
67,225,729
304,557
313,644
4,946
61,381
235,613,853
302,464
411,459,515
39,990
639,650,857
182,518
921,979
75,236
139,473
325,618
31,146,674
477,896
471,946
373,606,803
228,669,886
479,701
147,508,658
152,764
21,895
60,301,686
721,796
457,930
21,494,545
298,712
217,294
117,574
287,660,979
734,944
189,885
233,401
71,200,314
315,450,658
100,739
174,499,673
300,797
139,861
641,901
404,440,554
190,813
142,471,748
345,415
860,976
312,620
81,334
326,398
216,478
10,381
69,580,605
112,314
59,580
585,923
483,673
44,963
89,827,948
918,927
319,505
215,416,828
559,920
141,263,682
48,985
289,815
465,560,631
221,602
889,956
75,778
134,967,990
187,690,776
239,365,902
204,593
82,430,908
264,311
9,368,620
311,373
372,569
69,660
397,786
339,853,868
78,331,804
105,853,971
106,792
376,854
393,544
407,651,772
7,57
126,375
199,729
939,957,958
528,678
15,979
383,448
306,784
135,435,777
184,349
616,770,879
24,309
5,981
138,287,701
74,808
614,776
73,90
107,206,639
146,809
150,421
20,693
108,156
490,794
138,282,439
701,956
17,239,811
263,804
32,823,895
84,445
47,817
97,229,654
250,473
835,870
221,584
143,529
342,818
126,659,971
372,577
342,352,782
180,367,711
228,832
270,957
508,904
570,765
180,730
164,472
2,504,949
422,567
227,439
173,592
122,850
675,828,902
329,382
22,746
88,557
290,733
401,610
351,360
5,737,787
502,660,675
384,506
661,823
522,843
3,604,673
247,845,954
14,413,987
409,489
690,744
337,570
24,426,930
165,412
581,673,752
127,531
377,649
95,515
108,445
726,981
130,731
832,927
171,458
41,122
256,677
590,591
141,226,746
226,751
200,383
400,489,912
169,617
73,498
206,437
529,854,917
418,528
20,41,545
102,805
378,606,853
17,109,707
197,729
13,994
144,406
208,406,478
565,774,950
876,981
876,883
261,414
587,807
786,797
50,731
105,473
149,509
535,582
11,907
77,858
252,829
339,687
287,544
639,716,908
425,519,755
157,997
215,538,540
819,858
591,727
293,557,903
823,863
3,205
30,833
436,682,923
27,237,495
27,163
383,687,784
127,411
311,617,731
224,870
415,868,944
369,944
166,281
332,439,747
12,879
124,369
37,73
178,249,915
137,764
338,464
393,499
539,715
312,891,973
22,81
9,55
488,921
242,796
649,971
40,503,848
338,525
464,812
167,380
481,765
453,549,798
587,625
170,497,505
35,307,650
283,302,967
112,617
222,822
312,609,850
308,729
151,564
792,866
414,702
376,670,917
79,147
714,790,910
582,728
140,427
102,527
18,881
376,434
198,371
445,858
154,554
429,637
147,358,674
226,859
165,812
133,139,342
555,741
23,897
118,605,718
59,76,686
292,402,835
494,578
5,122
494,542,606
94,898
206,517
206,718
375,451,850
7,343
369,386,908
21,814,838
62,341
20,771
287,360,567
5,498,529
346,695
338,883
645,787
626,805,924
461,860
698,874
39,131
211,782,917
56,116
153,895
610,674
907,954
293,374
235,325
96,193,706
40,391,406
175,530,776
516,525
536,725
729,780,871
703,724
678,878
566,868
119,298
296,491,808
214,459
181,435,553
54,323,833
156,164,798
217,966
194,832
455,994
245,252
473,664
475,587
40,661
46,465
271,728
329,500
179,305,759
831,848
48,305,953
409,423,476
358,380,608
601,622
31,714,728
44,85
397,446,911
222,700
377,993
713,897
472,487,516
756,786
609,794
304,543,568
761,985
251,700
234,807
622,896
147,832
220,909
398,977
44,200,990
801,834
304,357,511
515,572
384,631
76,763
342,382
904,972
285,360,850
29,980
24,405
311,978
1,424
58,262
457,781
759,812
881,916
567,863
91,473
315,521
334,447
319,473
65,685,950
333,692,803
172,347,562
291,609
88,877
444,493
41,649,672
57,530
130,255,737
464,613
141,348,762
130,776
317,819,958
115,668,801
10,652
351,352,531
235,564
819,951
179,555,716
30,312,968
210,658
29,844
244,416
325,963
277,583
706,942
412,915
511,813
331,525
115,749
378,614,1000
122,231
23,494,877
273,873
58,212
410,867
661,759,874
431,859
167,270
365,784
34,436
75,92
365,394
505,799,950
19,517
548,678,930
896,945
459,549
137,306
263,744
474,789
344,419,839
623,929
51,168
241,974
502,849
659,722
32,238
143,376,941
39,217
242,994
177,937
208,826
4,57,792
651,960
831,859
150,540
88,296,925
112,145,503
759,809
951,991
9,69
651,696,943
261,402
581,749
205,532,917
237,579
70,244,813
531,857
92,610
46,69,567
1,119,377
114,388
541,905
59,650,723
369,638,790
227,628
141,602
406,713
206,967
606,935
160,471,497
372,436
224,553
673,774
641,710,848
76,702
586,803
392,582
185,296,649
422,768
358,444
488,813
191,247
580,638
213,784
253,928
359,985
95,522,771
722,954
28,406
22,94
355,681
249,451,933
438,530,773
389,884
415,478,891
197,249,829
611,842
270,421
402,571,998
702,787
163,843
6,337
100,596
574,753
366,786
604,779
26,34,749
157,471,826
590,595,622
319,531
18,398
344,414,986
17,566,951
793,794
465,863
150,599
71,486,864
460,765
438,654,816
238,675,732
224,693
402,603,972
713,803
286,526
85,696,731
206,536
292,451
605,651
158,422,733
465,690
285,597,968
129,386
171,292
289,687
64,501,880
202,693,903
389,839
466,747
597,788
344,832
181,828,915
111,491
251,824,859
9,703
910,956
199,542,666
99,512
8,67
640,875
120,508,736
566,636
512,870
593,832
368,503
735,851
715,733
57,229
347,511,852
668,994
233,235
339,638,980
6,791
362,380
673,690
212,372
722,958
35,71,280
101,493
206,321,427
193,443,529
282,565,994
479,494
242,557
392,502
238,242
154,841
432,713
105,651
449,975
311,428
16,110
195,467,952
438,545,717
224,956
11,486,737
126,295
7,208,912
280,488
24,901
614,627
271,606
33,222
20,553,642
270,613
392,739,802
602,900
244,292,843
315,606
239,753
42,589
150,491,897
334,722
143,585
274,279,922
279,981
138,932
70,536,657
494,776
243,331
143,247
264,842
488,930
77,181
201,785
309,905
560,759
475,651
525,863
512,724,802
879,962
546,759
424,753
226,601,878
233,289
230,971
845,992
486,797,803
37,200,802
114,308
58,335,561
946,958
187,400,975
459,738
430,700
138,151,711
159,190
435,777
252,748
148,971
221,464,827
397,601
31,855,984
51,860
150,293
69,507
832,968
319,575
156,372
281,797
250,403
123,711
877,891
141,991
931,950
26,142,692
646,975
665,717
669,949,983
286,478,853
102,771
186,438
608,883
314,619,713
576,609,884
25,967
142,790
15,87,135
432,821
124,275
448,644,797
527,582
325,907
74,234,650
98,495
78,798,875
486,946
114,771
208,297,741
59,142
53,340,999
258,921
288,328
31,431
9,239,241
11,506
394,686,872
101,208,469
177,589,664
324,656,994
587,618
285,369
208,624,822
586,975
478,695,926
35,407
29,300
108,759
115,426
40,459,614
323,846
214,434,480
395,713
870,995
78,950
390,474
68,897
90,92
70,137
87,442
242,555,896
108,337
691,694
523,995
163,314,352
5,364
499,691
357,452
79,600
116,732
537,899,947
447,547,560
662,708
566,590,796
104,594,664
170,918
525,732
17,224,240
266,916
478,775
641,647
376,676
352,429,753
53,374
101,254,414
375,467
544,567
2,179
579,973
674,927
752,909
387,492
654,845
163,550,614
192,406
32,413
632,665
220,537
789,938
9,261
318,978
226,554,606
289,576
246,753
117,203
65,438,622
803,923,992
170,623
218,717,943
624,655
508,645,916
35,878
271,962
602,610,679
49,834
465,872
668,864
401,931
345,422,951
681,929
214,331,872
258,355,724
87,979
427,550
54,227
43,690
167,731,743
169,409,672
807,815
543,669
400,702
44,136,306
181,226
698,866,906
171,413
777,791,874
124,606,983
403,800
177,375
464,642
54,305
680,817,982
18,772
522,843
379,388
42,296
631,779
552,826
200,622
304,353,510
631,648
163,515
663,857
218,897
343,419
187,814
26,917,947
312,368
218,476,990
398,891
117,757
212,490
270,361,858
14,146,551
81,946
654,902
168,824
278,470
496,866
369,893
504,841
82,192
302,555
20,656,673
56,599,825
490,614,901
844,975
53,271
755,956
597,919
373,614
352,666,832
563,789
450,584
906,907
471,567
355,635
804,921
285,286
69,839,924
166,525,747
496,501,515
167,696
632,695
933,978
111,415,961
364,649,834
4,252
187,640
250,462
177,575
355,598
389,837,953
266,450
552,667
415,934
754,821
659,887
274,742
324,354,868
1,905
273,402
441,833
692,979
470,597
326,385
74,192,252
491,558,791
308,590,783
488,531
529,804
263,371,729
848,865,955
27,481
4,507
82,466,790
129,852
441,653
684,846
184,969
262,311
419,754
344,779
48,592
185,324
173,533
4,999
367,822
122,157
121,927
197,588,653
547,870
642,927
80,676
422,946
155,484,973
258,452,537
73,777
26,745,948
217,777
673,848
743,866
685,986
111,825
237,277,728
115,117
689,692,888
37,364,826
178,540
272,734
748,892
319,359,919
130,914
257,353
51,684
107,363
30,118,766
185,270,814
214,665,802
299,629
732,767
12,929
141,698
232,566
115,959
457,497,780
25,681,787
474,803
280,899,903
694,817,980
273,698
23,533
83,751
427,452
229,260
647,680
504,997
37,671
881,937
608,682
643,674
336,338,858
715,1000
86,173,300
565,716
69,394,532
649,957
626,794,949
211,428,800
189,382,859
268,941
253,751,998
23,403,463
4,924
271,397
61,787,968
123,275,349
98,398
100,473,638
933,968,988
383,543,679
135,199,553
735,853,1000
300,958
285,544,709
486,821
151,401,610
739,827
267,302
310,620,640
560,672,881
306,625
113,471,583
111,191
635,931
266,363
963,976
160,423
164,299
292,441
368,452,652
288,452,627
488,666
514,868
493,891
20,416
444,778
195,391
24,648
134,888
713,970
480,812
72,442,657
11,539,843
195,406
589,835
111,661
238,475
293,439
420,438
298,358
47,400
155,578
431,958
63,856,909
451,662
53,193,929
201,491
85,854
194,653
141,925
588,801
540,726
281,873
572,629
134,787,914
85,454
487,609
41,491,961
299,476
76,280,456
122,272,605
752,865
14,271,674
143,831
192,447,766
52,375,488
512,618
89,191,517
299,432
369,622
48,521
193,506,559
67,217
81,325,550
302,784
116,726
163,968
478,785,844
83,689
148,185
558,711
677,740,988
77,428
457,863
45,637,912
586,666,880
189,408
433,488
471,610,942
200,690
306,728
108,283
333,557,596
458,499,985
499,917
13,235,978
102,421,447
63,137
51,58
173,480
439,516
160,305,488
543,978
47,570,828
597,754
286,622,967
326,950
668,793
138,224,678
127,461
191,322,393
249,370
417,555
16,37
190,531
394,443
431,479,926
69,134
402,479
97,156
28,86,526
387,989
160,514
155,231
170,238,724
255,309
11,169
27,709
494,829,929
299,478
309,331,541
500,707
198,570
462,781
1,760,979
30,977
122,170,242
231,447,807
197,348
31,248
631,646
537,910
596,772
330,785
436,666,968
282,997
377,610,852
243,711,849
6,807,855
526,586
635,920
410,867
672,777
378,731
363,786,836
755,817
400,622
281,467,500
226,877
668,930
174,386
786,849
667,996
324,964
284,710,892
649,831
151,557
637,705
660,844
749,869
30,899
219,797
432,635
678,688
240,499
750,876
266,877
500,933
772,896
336,715
248,529
676,946
150,876
233,339,403
34,227
388,718
17,221,445
234,657
97,227
276,486
48,720
176,335,610
481,879
927,982
248,620
481,880
647,925
366,427
135,577
17,565
123,479
506,779,834
301,774,850
84,257,346
151,277,331
134,746
675,971
193,443,469
717,855
68,422
7,612
443,482,807
46,661,998
812,924
721,871
113,346,674
207,278,975
459,820,979
60,171,280
448,795
501,678
804,984
623,705,840
419,434
314,401,922
444,897
361,449
83,598
906,975
9,840
123,206,284
65,245,461
429,455
322,594
214,847
90,386
56,153
154,482,950
53,447,739
415,720
24,493
59,563
103,348,586
958,997
395,810
641,713,881
585,841
633,872
253,636
55,334
528,582,742
355,526
327,526,594
252,750
555,953
346,552
577,924
201,451
1,109
179,215
281,386
14,643
532,736
881,896
71,853
290,433
365,703
41,135,819
384,473
795,886
517,828
499,893
145,255
59,612
113,669,940
735,811
81,548,615
692,702,904
90,138,835
26,313
111,495
451,542
835,946
576,958
428,537,621
688,817
55,273
275,583
652,878
117,537
322,686,764
686,958
381,653,943
98,572
115,415
496,599
41,314,320
132,496
272,923,969
218,608,914
30,383,943
299,746,881
347,571
257,301
7,250,270
641,689
302,432
519,579
292,484
790,922
126,745
81,390
115,849
672,704,892
911,981,989
771,885
387,853
482,592,918
126,418,841
423,433
25,202,925
10,409
288,468
196,648
477,723
8,472
294,418,627
556,762
679,681,830
299,932
656,887
222,378,379
441,835
460,578,667
576,718
465,727
158,361,906
33,200,524
3,30
606,689,704
76,201
193,685
2,554
408,683
276,306,699
263,704,776
276,441,799
185,378
153,279
283,311,362
385,864
233,265,272
355,426,599
588,629
2,261
3,543
629,827
501,957
220,800,906
107,902
154,483,750
432,894
178,901,916
350,577
289,294,910
309,925
601,671
146,350,794
688,997
145,901
195,448,586
137,960
92,661
34,153
140,686
15,465,717
93,153,764
103,699,943
21,892
494,533
31,785
799,953
347,562,624
264,901
475,686
118,423
421,775
32,693
74,619
429,494
159,990
662,676,872
138,158,250
126,381
166,327
113,606,651
467,597,854
358,619
498,739
16,174,892
715,763,900
57,113
109,681
413,500,501
461,486
473,913
190,527,811
134,330
587,993
386,800
213,667,831
211,285,393
120,586
299,559
68,816,817
533,755,904
756,919
136,345
302,556
45,570,770
549,968
389,904,953
468,565,905
19,716
76,787
520,539,764
666,753
191,964
144,477
138,309,338
593,678
746,885
871,945
64,78
43,501
136,754
395,964
148,656
537,863
297,459
4,288,717
197,533,785
434,631
76,683,715
344,666
482,801
553,558,709
257,600,910
429,468
401,666
313,766
303,994
16,624,830
40,858
419,488,949
88,197
114,684,884
262,961
396,481
220,292,304
456,870
461,750
78,106
130,856,868
430,652,815
133,456,993
260,443
278,463
502,548
20,587,816
677,736
176,363
53,608,729
772,892
247,301,666
35,211
150,617
29,277
8,832
54,92,917
338,387
233,835
344,443
37,119,986
174,294,826
232,263,635
109,979
130,602,843
171,370
220,852
578,620
85,249,351
628,784
192,649,682
118,213,376
351,369
71,255,737
276,816
108,154,951
290,863
736,988
810,943
334,338
372,721,749
32,449
386,431
257,675
230,551
244,617
7,549,788
111,983
84,855,982
488,817
26,233
187,666,731
156,327
116,906
535,663
315,362,758
75,133,800
77,471,834
86,256
24,35
136,868
77,302
690,725
619,647,842
30,532
532,999
16,376
56,113,717
106,501
359,835
431,911
177,259,419
531,817
813,922
126,573,987
218,455
272,705
440,920
151,214,907
229,534,711
20,109,224
297,939
175,208,806
433,467,623
561,983
499,646
119,872
116,371
460,813
16,498
349,654
421,449
426,837
17,416,691
57,808
532,743
305,508
382,953
552,901
29,143,368
339,449
134,672,962
10,246,696
371,433
395,474,579
171,907
886,987
148,941
49,151,866
944,995
109,583
104,191,591
141,913,964
478,990
334,857
199,546,951
467,651,763
190,280
554,844
88,100,796
300,799
156,919
358,986
731,853
53,501
724,806
192,935
602,793
610,976
302,926
633,872
518,952
364,960
265,888
53,442
859,907
302,785,853
800,821
11,341,432
244,852
560,707,920
49,205
525,979
92,465
7,625
333,846
161,521
85,477,988
104,950
618,819
186,946
9,122,730
688,730
835,985
95,889,930
449,613
179,184,323
239,885
74,626,756
490,596,645
2,626,915
297,356,973
593,689
111,290
396,849
346,711,995
796,920
365,510
34,55,254
205,604
262,480
108,545,759
178,726,927
209,759
26,72
31,492
367,565
19,726,978
92,364
29,228,1000
256,802,870
263,787
610,708,954
549,587,858
299,325
687,839
250,766
38,103,588
277,405,540
378,602
210,542,747
384,809
21,783,854
421,906
45,575
669,776
3,284
443,919
589,600
294,346
104,459,536
335,439
37,792
51,419,580
9,758,797
283,938
150,749
220,557
115,312
359,728
346,922
178,842,986
662,721
115,905
256,692
379,589,753
420,540
348,713
633,735,951
538,975
38,509,691
183,796,907
419,528
425,1000
255,842,881
119,749
777,995
382,699
20,189
168,780
408,506,783
183,901,987
101,701
117,426
207,1000
86,382,595
259,873,910
348,608,725
3,15
146,218
273,626
102,540,738
541,763,802
51,154,229
413,426,475
267,789,879
187,348,843
38,58,677
421,464
76,618
682,933
418,420,587
632,711
254,414,477
325,400
183,658
745,904,919
650,705
540,579
129,840
583,921
227,260,835
575,904
458,538
47,216
330,885
212,382
29,889
669,721
80,309,866
521,729
538,947
129,205,223
147,567
304,347
134,844
157,571,734
78,763,767
96,189
172,216
559,923
429,560
312,828
692,745
543,568,686
105,515,989
420,629,868
127,651
574,605
18,344,800
234,876
140,554,988
255,530
75,905,984
691,931
752,871
411,510
442,652
174,330
100,195
530,640
5,543
199,567
37,604
53,581
60,510,985
636,680
580,797
398,643
447,999
608,787
201,309
680,914
339,398,843
136,457
386,562,826
686,931
212,337,790
859,981
283,463
325,472
346,957
192,746
77,575
108,541
110,306,398
126,691
902,938,982
933,934
307,416,510
256,596,885
324,517
335,432,929
515,653
342,641
125,932
132,778
587,728
127,271,296
89,891
167,777
59,262
220,781,868
142,369
26,984
147,262,602
692,949
650,831
169,619
276,544
538,800,885
481,517
368,778
438,554
495,700
821,939
548,718
511,643,835
152,834
702,965
92,716
144,767
240,560
956,958
262,860
7,124
100,403
249,725,756
107,375
174,499,965
471,938
382,790
247,927
186,329
362,386
526,658
231,300,944
474,598,620
747,793,934
241,278,597
412,979
34,207,664
357,600
299,919
700,994
188,268
641,665
382,712
386,838,865
15,581
45,239,422
260,451
25,604
658,864
306,690,700
286,669
379,503,761
88,751,937
673,948
643,755
402,759
781,997
492,578,723
255,631,685
61,200,626
273,669
606,651
409,818
427,672,887
875,984
340,394,864
124,588
169,200
57,862
16,204
557,796
227,686
567,879,995
528,752,865
75,868
165,269
339,934
702,1000
545,715
118,223
43,639
841,881,926
100,254,942
644,672
60,71
117,343
22,607
487,688
295,378
176,221,381
46,289,671
60,514
478,595,692
163,880
13,128
262,293
342,680
93,467
34,417,686
449,874
309,491
91,972
197,427
753,769
6,281
116,159,619
30,537
22,561
665,907
3,10
633,836
232,914
594,640,654
724,749
227,681
710,770
76,845
353,357,848
12,320,665
66,760
262,640
133,746
255,956
154,536,971
172,584,700
197,567
303,747
38,266,400
126,751,844
66,386,799
690,930
332,357,597
356,749
36,180
817,888
33,769
50,355,905
76,790
657,907
170,324,393
19,470,574
5,317
187,876,892
478,519,746
64,284,320
291,539,868
42,185,382
150,999
175,453
630,684
167,860
523,808
307,670
24,825
301,379
966,990
458,949
527,578
237,662
219,794
58,185
10,351,682
175,689
229,618
156,237,514
154,801
448,815
27,243
522,992
131,355
552,883
167,853
31,105,727
29,265,503
576,678
18,358
243,531
595,648
240,836
359,536,738
311,410,878
420,819
752,908
162,740
67,486
63,304,589
432,494
27,464,617
120,762,917
48,776
106,407
46,93,634
660,904
340,753
666,754
665,871
16,849
958,963
703,730
158,379
248,254
238,240
287,604,829
416,807
764,817
431,919
587,907
62,815,986
206,483
314,521
333,805
85,266,797
166,553
117,313
124,822
109,340,527
165,380,643
511,683
78,124,907
167,242
31,632
276,965
217,871
247,600,765
684,932
110,677
229,654
831,842
42,318,603
58,580
499,980
892,975
3,437,884
764,769
211,839
153,701
672,953
518,955
217,394
16,906
338,991
362,802
44,473,561
710,938
30,717,905
249,781
434,631
266,595,891
123,958
319,727
680,969
20,102,777
218,775
464,660
769,778,928
220,260
118,774
62,779
554,881
140,682
234,909
515,611
214,816,879
397,617
524,663
961,990
768,914
157,919
251,282,289
598,691
25,593
93,140,285
113,788
569,998
679,930
3,145,818
347,782
131,445
205,943
56,154
229,549,648
370,833
543,833
268,437,868
117,131
473,524,987
297,348,967
313,341
349,800
308,513
592,851,940
110,363,740
34,563,791
23,608,654
521,596,960
14,584
172,512,931
435,666
103,737
880,891
618,713,727
220,263
299,593
390,850
140,485,616
377,487,956
68,85,982
153,261
224,583
194,296
245,253,694
329,395
577,810
85,715
148,679
35,471
143,191
217,390
298,658
277,305
63,839
440,551
46,283
116,386,678
395,493
2,911
103,617,819
340,429,890
6,612
466,527,882
577,597,885
55,772,877
114,136,165
495,709
608,705
172,460,539
134,381
51,139,645
336,410,485
94,844
101,217,961
438,707
531,563
257,505,886
268,437,718
99,150,836
232,348
19,610
452,466
436,625
46,612
162,794
432,596
760,766
423,459
948,985
114,895
289,439,650
103,925,934
574,657,830
27,68
112,183
213,558
204,237
599,951
411,459,841
210,555,772
203,732
128,716
375,531
83,856
34,610
144,570
42,561
310,579
91,109,935
566,617
54,277
496,998
621,705
465,496
43,268,589
481,873
435,993
19,960
967,988
222,566,801
174,386,591
88,262,754
222,658
288,855
5,692,769
55,235,267
815,987
446,989
451,610
41,995
446,593,823
539,965
63,222,779
109,241,441
357,856
75,843
205,558,980
283,672,877
729,943
634,923
138,163,637
155,941
341,673
656,879
206,706
785,861
348,513
65,596,697
31,540
174,769
270,387
296,305
5,529,764
98,920
858,885
526,955
402,545
11,744,878
178,719
550,931
18,333
483,640,771
720,971
203,525
130,743
193,402,931
466,807,990
148,446
540,792,962
111,455
82,192
391,936
398,720,970
912,927,959
10,794
345,907
525,702,839
495,538
170,360,503
84,267
109,822
417,515,690
86,936
40,497
31,159
408,969
256,925
300,991
856,918
590,648,785
623,818
18,679
356,433
92,718,973
15,420,475
27,559
289,730
311,593
363,847
358,493
92,565
332,431,824
260,752
22,896
188,870
237,351
309,531,790
321,413,689
110,476,586
541,802,816
500,507,884
204,252,500
392,851
55,180,666
74,964
167,312
181,847,852
310,900
592,603
307,322
130,453
388,638
119,516
505,656,727
489,501,790
857,899
346,753
64,979,984
231,902
310,703
238,600
333,998
330,977
860,922
67,829,901
232,494,689
713,815
811,831
335,344,645
755,966
71,914
17,227,999
50,846
75,947
741,779
569,749
372,514,817
289,919
273,680
70,213
309,355
194,877
745,904
147,366
125,420
724,823
188,336
291,873
86,524,911
165,616
522,705
203,211
69,190
187,232
181,769
175,203
90,942
8,881
245,982
170,747
120,509
211,492
492,582,824
58,246,944
358,414,423
198,565
726,838
247,734
83,267,352
5,213,761
742,940
394,714
56,324,444
134,373,935
133,165,654
397,435,938
318,797,935
326,943
100,925
80,415
40,749
714,832,926
198,567,666
643,866
268,278,761
749,895
750,791
260,583,822
349,989
66,276,499
231,469,637
349,512
66,403,720
3,130
15,176
32,582
321,889
227,786,950
301,529,784
153,623
130,481
469,974
19,963
303,501
624,650
715,912
395,805
476,617,877
898,946
55,739
395,821,988
420,827,951
422,653
65,568,968
246,677
144,541
223,814
238,453,792
277,518
628,869
311,569
125,777
787,803
617,713
364,761
332,706,838
187,593
366,861
551,859
527,858
29,70
319,710,813
109,738,816
163,744
224,320
130,223
379,810
418,583,924
609,832,1000
16,790
534,541,637
233,618
204,396
123,804
91,250
795,817
3,739
880,894
65,455
117,222
635,714,945
93,153,784
286,448
366,565
654,979
105,381,526
257,857
34,574,716
15,277,773
325,367
723,852
118,122
34,384,863
116,993
21,207,723
653,943
510,673
150,315,572
551,854
577,790
58,828
373,993
369,926
74,617
149,670
22,556
335,490
27,139,568
674,719
579,616,802
287,412,631
831,1000
338,480
176,336,703
63,121,842
146,378
493,959
94,834
199,465,732
521,964
63,397
786,921
5,76,856
624,792
945,964
45,411,865
109,334
441,659,997
16,307,892
104,604
818,971
61,886
447,582,961
422,579
194,607
282,551,673
588,644
365,433,434
194,946
584,649
717,940
280,944
135,534,804
610,962
51,488,836
200,211,470
97,181
80,453
129,379,973
358,842,967
83,362
23,117,377
234,674
47,328,705
240,760,999
10,174
352,397
62,670
527,631
99,676
70,484
68,333,963
387,573,704
833,906
88,721,845
41,507
860,960
607,884
396,811
304,826
97,497
85,141,276
42,384,726
212,403
578,630,935
203,489
642,712
622,818
774,864
152,306
139,330
12,945
44,236,887
235,837
418,508
25,804
499,752
118,254,310
238,336
81,836,984
95,172,485
106,370
27,222,666
466,583,743
57,709
82,901
393,667
60,675
723,748
572,937
165,421
61,509
160,257
248,768
350,573,822
798,943
13,579
49,220
295,984
391,504,865
553,893
240,777
417,605
27,34,613
305,910
379,467,833
130,240,424
671,841
591,696,890
957,984
767,809,928
157,818
270,455,821
53,418,939
556,828
547,988
235,405,811
731,858
105,705
29,810
63,268
125,995
253,466
462,501
39,67
55,609,797
754,773
354,432
6,209
750,797
198,382,514
524,632
472,657
472,921
151,765,982
507,634
464,760,786
777,855
423,521,750
498,955
81,851
32,108,560
331,755
22,526,568
670,954
110,495,619
297,822
222,493
178,372
106,667
351,823,975
637,918
429,880
378,914
121,581
274,483
385,746
47,416,503
524,611
496,589,942
114,781
237,408
311,344
350,696
95,630
203,859
39,117,954
127,746,976
292,358,529
759,788
530,609
420,654
367,721
87,570
132,473,573
691,789,898
562,702,714
558,644
110,126,538
326,513
280,297,532
312,628
555,881
272,531,949
236,815
597,818
194,737
6,989
511,683
521,593
310,553
281,374
226,605
5,585,773
154,540
298,338,684
850,857
403,994
21,734
607,784
473,478
343,480,535
592,948
236,306
722,961
235,502
337,455
712,846
10,636
270,331
229,447
222,622
216,325
36,511
229,395
221,463
44,834
62,187
5,147,724
451,943
671,781,886
567,993
194,596,690
686,970
75,798
229,976
26,605
87,707
302,622
176,384
121,162,359
566,601
250,364,476
17,129,524
423,513
368,481,742
141,696,860
152,282,655
41,282
697,883
310,834
394,949
27,103
860,990
374,428
222,252
26,308,957
81,911
215,383
820,903
234,421,722
156,497,619
46,691
488,591
407,652,754
356,723
501,614,953
165,484
122,458
391,985
376,716
16,980
95,682
276,504
357,436,696
182,452
281,857
9,44,545
93,811
274,791,862
114,383,995
471,721
920,933
677,878
3,629
131,879
433,671
238,648,961
341,964
351,714,863
376,580
537,609,621
22,68
378,828
3,34,35
304,769
232,914
337,545
94,588
203,822
253,735,965
18,603
390,834
13,194
25,674
269,971
333,342
9,307
270,271
708,919
219,942
452,795,988
824,860
644,847
262,974
210,894,971
122,313,887
87,660
224,441
457,875
429,908
260,846
52,678
767,773,907
591,785,835
360,589
209,277,502
425,645,752
165,915
355,512
116,633,858
870,957
20,636
831,942
208,571
90,241,682
166,724
228,284,417
409,573
144,314
529,985
779,822
305,456
73,960
126,857
78,396
136,851
470,504,814
125,311
460,554
313,758
455,617,851
164,661
146,672
570,798
131,132,282
302,351,937
562,848,955
43,326
345,805
348,711
195,317
368,800,942
151,214,768
27,398
261,808
101,807
210,695
132,538,964
684,770,846
126,216
175,254
483,703
717,978
134,226
576,947
102,943
857,884
211,720
109,812
724,773
463,660
52,170,580
170,947
352,602,807
170,483,517
473,601
171,664
181,997
708,789
264,514
349,572,742
496,785,885
21,694,952
106,484
15,483
29,183
216,350
108,300,881
380,755
36,863
485,527
327,715
783,827,834
106,291
161,877
167,987
88,652
112,323
40,311
472,809
69,872
190,241,484
184,376
564,812
257,844
520,912
322,683
545,696
86,382
491,865
388,431
547,944
281,960
191,626
77,764
89,176,712
84,722
214,618
312,321
658,987
395,818
672,696
663,818
373,731
242,378
320,567,951
140,183,333
183,522
384,579
387,934
112,674
148,410,821
667,876
734,836
143,265,952
349,548,690
536,926
96,360,413
87,355
204,860
407,432,577
212,654
382,719
561,658,698
332,966
554,975,976
750,966
104,268,507
554,594
232,652
394,835
84,345
63,717
162,928
102,215
141,755
110,598,844
19,538,866
112,896
255,382
428,710,947
115,959
511,714,961
603,842
416,836,889
10,47
341,602,879
416,727,886
491,564
728,920
148,910
275,528
20,420,668
385,715
501,841,895
234,763
299,660
213,356,571
537,559
114,428,944
39,649
84,109,618
572,786
248,858
77,716,789
17,235,577
160,275,684
168,201,871
192,313,641
19,790
393,675
57,914
671,835
126,648
420,977
203,553
775,874
147,759
745,820
99,115,442
16,112
720,740
386,605,849
333,407
213,893
427,635,756
465,760,890
314,1000
199,415,806
45,496,824
115,570
591,814,939
434,871
152,328,473
422,953
162,524,677
268,411,830
305,832,894
711,735
244,730,889
307,655,751
390,871,872
49,910
65,658
290,417,862
386,664
432,517
116,180
15,268,834
16,52
581,863
329,771
92,107,605
224,559
322,568
146,611,880
120,263
295,574
254,308,990
49,148
33,489
290,723,937
376,958
508,621
275,554
366,505
37,82
498,582,975
194,243
144,418,684
280,342,546
825,827
2,161,222
116,186,526
344,617
65,305
104,114,948
306,323
323,649
272,863
380,636
515,915
466,898
106,178
769,957
166,310,415
97,595
60,424,499
102,589,644
789,974
162,351,647
150,287,879
586,675
180,433
402,950
436,573
788,926
191,219
761,857
323,668
631,731
283,732,753
347,425,943
315,478
174,759
688,716
554,986
197,818,829
614,888,965
290,356
201,231
93,936
469,517
222,408
145,645
857,884
319,548,924
325,870
160,287
555,636
721,856,917
305,315,407
311,676
805,956
222,269,643
851,956
210,582
22,602
502,929
104,987
503,888
580,665
280,535
114,492,498
85,977
394,873
575,700
340,651
180,339
279,325
156,238,560
89,253
488,931
279,831
778,983
834,836
13,937
661,784,865
567,719
363,707,951
959,969
650,683
348,461
311,912
585,856
158,569,948
776,913
247,742
87,378
204,408,600
520,536
360,571,939
397,470,883
6,107
463,641,927
229,287,906
562,656,666
556,744,820
622,825
161,570
882,906
217,339
300,870
155,604
243,617
320,528
530,534,718
297,696,925
136,296
138,248,726
92,933
65,596,853
760,895
781,857
831,856
112,407
232,402
345,646,696
399,507
54,299
192,614,933
168,298,924
291,623,868
225,674
30,702,965
738,872
489,871
46,107,840
216,661,804
424,588,656
191,433,868
471,856
727,856
290,874
249,842
266,305,861
290,886
291,347,973
398,866
285,317
296,690,696
264,546
554,976
605,667
792,805,866
50,463
92,93
410,540,841
270,970
605,902
309,365,872
637,724,994
426,568
86,110,573
99,767
101,746
157,328
396,720,934
119,321
134,926
539,952
15,362,557
184,377
80,940
346,831
91,936
184,924
286,914
903,919
36,671
42,832
286,509,944
41,693,907
141,842
91,550,658
514,761
367,685
296,877
115,534,681
144,897
276,681,789
92,187,841
133,831
21,467
144,320,812
29,279
166,414,819
1,761
4,434,741
31,794
162,909
18,113
274,580,958
623,800
204,508,542
282,446
45,482,830
214,466,836
139,824
131,412
439,501
262,399
241,452
90,121
406,781,893
211,317
403,404,925
389,750
514,687,955
291,481,694
814,825
368,532,695
100,333,557
564,905
142,530,545
100,803
229,587
321,475,872
342,782,989
39,354,817
117,198,494
71,226,881
329,565,984
167,633
149,751
82,214,930
560,735
116,124,583
78,262,493
629,638
562,667,942
20,568,667
268,543,769
37,504
628,652
66,177
150,978
313,693
63,492
338,698
38,393
202,963
444,478
70,137
413,526,759
32,716
790,839
335,400,744
786,894
287,872
885,924
463,467
525,906
134,151,469
50,465
535,541
350,495
212,326
45,325,391
55,913
217,766
524,636
486,771
74,245
123,235,439
590,862
154,472
141,767
188,587
464,802,940
795,904
3,973
10,295,823
155,563,954
150,359,424
263,650,983
152,533
370,639,958
149,960
360,923
178,273,323
3,227
71,257
316,511,789
823,894
150,491,662
185,422,650
293,521
474,894
78,447,874
645,922
174,945
108,215
279,647
359,435
515,796
160,780
281,367,576
348,890,911
337,564
165,561
293,309,355
783,888
636,900
54,926
317,495,891
325,331,783
490,953
559,609
716,957
327,768
34,821,950
94,905
72,465,836
334,991
174,433
400,681,899
50,501,610
861,967
392,396,616
139,524
87,533,564
103,636
349,537
167,829,944
143,263
434,615
272,970
72,110,320
32,33,339
67,500,569
509,516,872
524,614
360,946
216,313
120,342
389,692,839
371,601
81,275
28,603,872
342,351,822
216,298
24,209,711
662,698
118,922
784,954
191,950
471,938
211,355
310,971
589,896
168,599
74,559
732,745
104,514
309,535
277,340
191,340
86,704
553,981
114,543
676,883
528,722
846,904
487,648
479,861
137,710
742,910
68,243,419
450,875
357,364,399
358,925
481,838
441,868
133,923,986
302,332
143,779
38,444,953
184,297
23,405
192,867,975
200,700,818
351,704
681,852
41,334,642
482,892,984
429,502,961
156,913
121,474
616,918
666,762
191,471,571
312,742
73,107,460
222,382,408
11,643,659
574,936
194,557
325,437
127,272,514
144,325,442
292,539,781
124,158,309
209,367,472
232,494,585
305,420
12,386
566,639
102,631,721
250,943
46,163
52,966
460,496
38,821,987
371,527
473,963
525,948
80,443
114,433
492,558
398,596
27,929
129,520
228,784,862
65,467
16,73,992
10,146
152,932
363,774
195,371,409
30,60,180
537,552
732,783
205,532
571,597
503,529
160,675,721
14,846
83,628
78,927
134,293,605
17,440,706
174,646,923
370,400,438
219,371
191,585,759
208,368
89,133
607,895
509,627
208,875,919
471,742
471,926
366,762
413,502,560
84,271
277,324
120,340
459,942
279,591
216,578
206,313,320
113,506,587
146,381,547
391,513
278,941
869,960
729,910
292,738
288,592
460,761,948
637,871,999
402,574,781
556,869,874
552,870
194,843,975
526,881
81,899
24,102,413
663,756
84,377
249,566
62,745
572,975
71,200
416,517,742
207,244
52,259,408
90,255,958
165,477
145,934
79,488
148,768
201,310
105,445
519,982
555,783
830,993
262,423,901
587,655
183,438
294,848
727,942
591,910
175,478
836,969
282,455,749
491,637
94,701
7,872
56,964
259,568
108,168,429
646,848
450,680,894
92,504
37,408
130,638
206,759
28,366
18,348
151,239
194,197,594
317,928
826,891
187,521,772
77,507,805
723,775
579,985
252,787
284,515,604
10,966
395,923
154,384,721
426,930
318,361
230,719,891
6,463
609,940
110,763,949
648,715
351,933
730,734
542,815
573,622
348,968
412,428
103,186,715
175,184,616
36,143,719
29,408,908
413,807,859
643,702
311,412,492
246,679
268,597,799
285,850
24,489
17,633
474,845
265,444
213,217
449,751
269,444
421,558
478,557
20,468
486,547
425,497,595
239,288
796,917
396,407,448
593,829
419,540
573,757
775,996
5,241,480
109,836
422,676
393,870
116,273
90,211
99,350,565
363,389,926
609,828,887
154,961
96,950
255,725,861
676,807
117,130,666
91,616
160,213
209,565,981
501,514,528
102,275
370,698
58,351
236,508,577
54,716
752,768
272,917
466,890
352,550,677
467,838,996
251,639
27,614,731
126,674
384,677
87,198
339,556
395,649,842
241,781,931
573,810
436,967
119,689
86,199
51,495
402,621
68,693
75,429,798
92,215,258
255,577
171,386
328,981
591,673
779,956
307,909
315,531,797
149,643
495,627
345,855
54,469,814
289,517
170,666
546,777
36,319
321,646,803
257,270,315
48,102
443,785
274,562,841
206,542
288,630
208,432,761
16,884
225,326
76,483,958
393,856
125,442,632
463,732,846
504,536
290,919
354,451
610,937,940
43,592
607,948
346,379,471
186,392,535
656,749
132,215
76,951
56,693
714,750
125,184
154,793,827
313,565,675
113,240
527,596
65,219,696
244,375,595
5,424,583
120,603
379,403,770
98,112
284,752
646,980
126,156,406
527,753
34,365
712,872
108,229
27,218,971
465,580,629
8,744
73,213,220
263,300,520
85,658
661,977
51,491
541,583
199,791
205,604
1,519
619,737,987
7,662
34,664,886
274,445
366,830
269,358,423
182,284
489,593,853
389,442
34,363
28,54
358,951
382,920
9,181,620
64,229,709
130,569
365,936
702,706
287,367,962
359,790
43,197
812,940
317,686
428,613
77,994
705,883
239,338
577,635
262,298
745,831
595,679
654,770
141,398
186,426
19,649,839
480,897
183,184
458,521,939
124,404,545
113,160,449
749,813,815
142,899
647,988
606,719
306,810
552,678,778
67,476
6,192
356,996
345,458,771
419,808
562,705,786
371,466
296,946
554,754
22,159,916
637,859
229,338
653,928
289,839,928
502,688,947
57,116,981
184,889
550,577
121,181
467,961
541,827
101,806
48,694,999
206,317,354
259,692,784
317,944
355,444,926
390,535
527,684
252,569
201,968
153,520
659,722
488,580,828
730,841,878
396,858
172,328,965
16,647
50,152
121,511
583,824,872
131,984
671,886
146,368
10,14,679
87,173,827
155,570
76,90
344,413
70,428
286,965
62,329
32,87
367,871
607,811
569,573
108,869
261,360,917
175,931
419,505,843
106,319,734
346,408
2,704,785
102,489
68,902
203,792
54,215,220
39,112
274,353
106,290,955
478,566,992
208,279
228,428,985
16,332
389,873
197,236,280
343,402,552
527,979
228,846
149,806
69,428
69,564
674,847
430,537,694
6,235
536,704
183,873
398,669
844,901
357,904
685,959
162,424,682
51,320,447
656,871
739,825
350,524
244,501
71,120,161
178,990
224,321
90,463
31,413
480,846,906
235,951
219,391
50,866
2,117,315
380,829
22,194,573
471,854
11,642
88,818
481,695,880
586,734
55,140
147,849
65,704
521,780
127,362
507,899
251,875,924
632,651
28,661
101,318
4,323
176,404
832,925
179,790
565,639,873
27,513,572
214,297
758,885
587,825
335,920
14,746
203,851
449,485
192,696
29,706
402,820
17,735
24,579
215,670,960
601,773,805
169,595,885
170,240,885
433,539
456,593
125,130,319
166,549,874
122,839
21,142
378,619
857,974
376,616
157,258
316,562
481,888
135,858,932
9,150,938
57,162,345
733,925
667,856
196,743
430,566
261,304
376,950
9,104,839
370,733
280,870
595,987
753,939
270,319,594
93,555
2,691
439,691
90,559
251,979
78,544
12,921
197,239
89,860
401,764,892
142,600,671
555,891
467,723
213,919
116,598,889
113,445,788
25,521
31,239,728
260,277,592
432,807,837
303,960
657,881
652,989
84,247
60,479
584,645
414,580
95,478
119,453
501,869,947
230,621
518,647
186,231
569,759
303,355
759,816
652,916
680,789
373,550
444,758
299,430
721,768
40,440,988
431,639,646
294,300,428
500,836,936
67,879,891
293,511
573,920
438,526,578
309,321,858
270,535
313,473
287,466,510
112,432,645
306,815
242,262,989
32,544,999
120,827,979
338,633,851
855,874,984
40,183,519
394,441
565,655
190,409
112,998
200,507
328,399
630,791,993
116,125,993
696,885
199,993
383,622
472,521
67,125
135,144
827,984
157,233,995
6,632,751
271,495
326,543,576
136,588
112,551
169,821
149,505
715,900
16,344
192,358
190,571,789
160,681
264,427,495
227,950
288,652
305,461,953
482,888
149,682
387,942
98,194,477
18,169
434,546,866
89,633
30,952
626,691,713
30,408
267,552
21,537
126,772
25,612
421,707,722
713,986
511,848
574,576,947
87,455
65,194,818
187,294,366
26,893
32,110,859
4,866
77,324,529
186,735
371,515,619
178,986,990
681,960
239,412,912
39,88,382
170,318
269,738
577,896
423,701
34,223,591
753,910
48,266
443,707,933
85,126,644
545,551
70,332
281,457
256,588
380,992
34,277
425,738
316,581
7,57,633
477,949
456,607
482,965
250,999
294,516,800
190,519,874
46,178,915
130,292
22,148
48,266
12,403
118,256,711
838,974
701,924
80,924
246,509,649
331,732,865
82,842,913
117,836
239,855,991
106,461,865
477,880
350,923
108,587
686,701,862
65,492
58,920
147,559
190,291
355,464
51,726
379,841
200,787
164,195
222,724
218,659
68,755
33,674
73,594,926
422,783
41,883
27,494,651
119,932
19,581
459,490
464,793
156,336,421
171,637
243,585
321,412,890
181,507
167,678
119,801
498,629
206,827
441,910
301,590
462,868
496,767
599,654,812
203,525,534
330,731
857,863
278,670
547,696
409,662
171,481,854
263,406,476
295,486,725
335,915
303,447
12,275
767,981
237,708
353,983
448,626
548,679,734
661,686
35,789,1000
692,936
164,447
97,221
168,246,356
2,201
271,570,732
524,585
77,402
411,697
387,550
272,902
26,182,873
383,536
152,297,931
98,372,990
816,889
114,220
193,661,730
463,582,858
427,935
154,323
248,342
94,205
270,325,648
135,525,768
852,985
604,701
22,124,932
158,628
188,533
684,860
193,249,417
379,504
180,332
830,973
293,540,599
11,39,619
654,676,857
287,422,530
358,549
26,170
32,805
514,838
184,216
34,592,922
516,993
46,611
31,447,549
786,918
374,610,828
539,544
270,774
223,960
405,455
456,775
135,967
401,576,873
5,417,667
478,744
381,933
823,971
332,398
95,446
40,65,829
495,968
169,645
261,638
275,932
577,625
424,912
220,671
187,934
166,680
48,522
471,899
250,806
112,982
155,304
562,951
202,824
149,501
354,749,969
15,463
237,631
294,328,537
63,66,517
148,269
286,351,353
40,865
412,959
11,175
247,313
193,948,955
118,205
269,401,755
75,868
17,396
653,748
196,342,825
195,406,542
303,934
226,255,933
299,911
303,957
160,959
339,501
347,936
627,731
515,589
15,811
231,413
149,764
41,459
495,923,988
110,279,615
237,444,509
321,717
327,827
664,799,835
74,761
153,426
53,190,574
32,45
26,396,775
266,957
466,777,907
306,586
184,298,482
325,367
63,941
367,804
548,817
570,630,918
351,652,881
260,270,693
359,820
130,864,992
16,461
467,484,886
167,397
481,638
162,318
58,249,867
537,913
161,453
214,633
836,958
465,716,890
366,926
794,1000
507,687
201,872
297,827
184,685
280,941
244,245
283,935,953
97,582,732
90,536
522,680
24,260
105,674,914
80,449
821,914,971
124,735
337,783
172,411,771
589,594
295,348,436
30,676,827
270,413
116,438,487
590,832
121,467,870
3,280
377,472
386,705
30,316,840
511,841
428,973
51,927
262,988
522,725
16,536,958
531,926
111,836,932
638,688
29,425,892
242,942
304,733
242,677
365,385,680
240,396
239,497
416,824
315,424
348,372,672
587,780
344,583
116,760,801
115,457
828,912
52,267,979
46,154
168,767
382,672
68,659
138,559
138,676
285,847
19,277
245,410
192,348
188,759
145,299
50,527
306,547
550,661
141,584
426,960
38,362,550
21,420,649
74,781,935
619,707
664,899
318,908
79,326
37,597
948,986
297,634
124,675
212,478,989
359,571
134,624,874
552,688
278,475
534,959
286,315,674
9,619
85,169,703
803,867
408,955
168,618
202,861
83,218,685
783,927
276,324
726,940
64,405,819
408,459
407,583
220,279,448
154,871
252,777
236,490,913
806,822
544,778
371,476
293,367,951
476,729
12,221
66,811
242,771
113,798
324,813
440,780
125,389
454,760
427,700
428,513
40,82,125
465,874
430,635,970
158,248
927,991
280,291
40,642
15,684,721
311,689,861
300,987
638,705
101,313,366
134,226
661,789,857
97,186,305
135,458
430,526,557
274,375
117,426,907
152,778
163,508
125,630
727,757,792
685,739
555,726
508,674
482,666,986
89,602,971
543,837
462,607
952,958
133,891
117,993
24,413,945
417,973
818,844
338,534
131,164
680,750
371,797
100,780
320,805
152,999
179,270
345,664
228,551,792
813,840
352,802
125,144
173,248,255
87,912
269,629,951
255,691
390,557
36,344,564
157,179,681
158,296
375,691,861
345,811
90,177,459
565,724,768
81,154
445,804
137,268,289
740,862
390,522
162,555
188,253
317,505
711,732
44,289,385
304,410
553,899
86,622
88,867
688,830
123,248,741
48,246
264,436
100,182
463,615
714,860
523,685
357,529
113,347
417,615
307,543
251,804
380,738
815,817
199,492,759
2,67,269
175,898
936,960
12,342
157,274
171,828
515,627,738
327,786,955
811,981
320,555,998
51,238,549
1,365
224,645
373,709
163,700
233,696
323,495
293,550
770,802
115,727
699,968
168,535
382,543,880
315,330
94,570,808
265,747
372,994
591,939
597,863
102,184
15,396
316,835
416,972
852,905
630,849,897
650,820
307,639
539,571
12,58
401,799
31,715
480,956
956,973
147,786
363,886
90,802,990
705,833
673,764
109,952
51,685
227,775
282,358
643,989
67,640
203,270,322
862,980
426,537
118,363
658,851
242,699,744
486,596,758
546,717
616,905,946
28,177
58,756
42,803
262,622
126,235,463
283,772
293,693
245,963
306,454
473,682,896
422,654,779
209,231,439
60,467,873
307,512
254,608
2,216
360,433
33,951
532,538,600
115,327,951
220,346
403,592
198,805
204,217,243
136,889
18,178
114,276
281,868
55,429
296,990
647,698
707,793,836
101,776
242,651,934
38,55
576,852
468,890
210,362,803
405,656
638,831,941
862,914
230,423
471,667
891,960
511,856,965
463,739
592,762
534,560,662
9,804
173,369
295,538,643
745,839,908
292,910
28,515,698
853,867
203,789
80,809
328,820,952
29,167
381,528
703,960
435,837,994
640,827,871
632,645,774
106,926
320,334
170,433
239,422,426
358,551,915
74,90,806
72,540,711
655,735,927
124,250,589
819,843
497,605,870
452,458,574
132,270,396
610,702
86,927
272,307,875
396,859
376,634,810
131,684
47,623,840
460,610,687
367,693,906
398,500,538
395,652
242,574
170,671,971
328,706
432,454
194,776
480,545
798,875
137,567,943
206,215
78,824,928
10,655
518,928
485,688
584,782
443,461,996
688,913
204,680,800
81,822
444,709,926
220,336,891
50,155
385,868
442,758
130,815
23,288,676
820,941
295,493
848,961
570,961
509,554
282,801
35,73
350,853
13,987
912,924
79,560,611
264,298
646,840
628,646
120,647
285,694
183,344
49,804
299,988
535,824,924
577,612
186,198,655
254,283,787
61,185,395
108,535
476,891
342,763
561,736,846
719,831
30,36,615
812,875
383,597
198,529,703
73,458,600
24,58,348
178,185
46,70
858,955
373,684
101,590,967
429,811
141,585
243,810
940,954
110,393
877,933
761,848
792,873
200,738,760
92,457,893
180,597
455,810
230,236,547
64,816,871
277,662
183,382,598
53,396
22,263,299
56,637
455,759
107,180
154,631,717
223,571,753
241,861
173,272
369,503,810
351,800
26,63
234,492
833,903
323,756
169,373,829
51,664,829
481,578,623
77,417,594
34,423
601,921
8,754,935
176,512,768
651,982
183,747
96,580
261,671
74,426,497
508,755,992
6,214
731,971
592,759,981
690,879
295,538,674
80,137
411,639
278,717
159,515
926,983
88,440,559
33,765,908
49,418
48,150,943
286,668
435,599
468,683
638,789
321,346
93,835,928
223,233
39,377
246,249,915
21,320
33,677
610,726
383,831
335,632
588,819
316,568
919,945
325,665,834
587,717,981
322,847
117,188,435
67,915,992
569,713,975
71,885
135,256,311
544,558
64,361,438
70,267
2,179,303
378,878
2,258
285,761
673,788
258,259,455
33,736,894
89,392,907
449,797
468,960
383,607,856
12,798
241,365,828
30,76,291
564,599
265,608
375,793,891
241,274
677,894
448,641
61,364
633,642,675
511,712
318,542,713
34,880
157,448
559,681,694
238,693,851
299,454
260,468,806
371,428
308,591
777,897
689,999
1,648,998
792,872
847,908,957
74,75,554
608,780
75,185
632,946
434,820
431,917
356,886
107,129
279,625
166,805,819
325,897
219,790,857
216,382,626
143,395
170,182,820
430,741
245,785
117,156
384,489
650,863
226,737,992
94,703
14,171,492
235,479
520,634,705
272,368
393,687
727,888
187,537
282,453
12,231
376,714,719
302,500
165,621
512,698
182,431,884
201,436,993
152,897
115,450,829
346,383,501
12,825
176,273
178,815
346,517
624,727
321,378
69,231,842
262,269,652
339,392
89,336,474
75,648
104,243
267,387
666,864
452,568,701
44,45,701
436,890
90,761,985
531,905
384,790
666,989
13,988
407,761
42,311
553,993
113,273,464
420,858,889
231,343
268,852
586,676
34,817
201,824,871
182,319,775
244,281,908
293,763
656,880
69,861
95,870,907
297,359
109,714
189,245
221,404
488,536
357,407
203,287,715
26,357
320,684
435,493
490,557,690
102,464,927
24,378
313,869
545,836
25,209,716
272,363,702
396,422,768
117,660
175,239
222,686,891
368,411
260,377,739
94,633
336,480,816
31,545
556,787
312,374,681
276,497
320,770
47,319
508,538,1000
187,870
217,555
292,591
57,232
32,658
699,786
229,317
46,795
340,405,999
125,485,670
7,937
476,545
560,759
19,960
141,967
146,627
97,668,858
155,947
407,500,796
39,67,713
588,709
164,327,662
426,717,760
151,360
293,445
354,646
249,652
358,967
54,501
295,586
303,701
146,351
402,795,814
322,666
586,682,729
139,894
742,872
13,692,818
152,993
21,648,969
164,196,367
151,204
490,845
39,62
214,581,780
229,654,849
252,964
115,724
12,287,420
11,71,348
11,756
577,928
171,471,734
265,317
112,308
415,609
204,210,823
844,952,987
543,605
251,811
495,737
604,893
85,248,537
417,947
446,719,998
216,358
210,428
136,939
5,292,795
70,360
213,442
304,454
292,931
307,558,603
502,514,778
392,940
542,794
43,883
279,602,780
611,741
53,107,831
144,154,565
289,392,724
418,437,747
11,163,200
107,370
118,738,836
81,361,900
188,447,665
37,983
318,756
500,554
658,751
36,138
109,492
136,183,212
301,459,817
91,989
211,708
516,967,996
167,236
72,877
492,582,637
379,936
763,972
456,534,704
10,986
81,343
257,580,985
179,888
209,458
289,638,928
376,452
28,179,980
29,634,936
107,375
182,926
454,760
743,820
653,797
79,399
41,158,449
5,642,983
150,412
794,903
144,456,771
275,334,590
529,805,963
729,883,921
49,876
438,849
90,441
95,757
7,214
453,749
161,750
435,535
317,461
722,746
488,884,952
120,713
559,860
135,700,795
152,635
764,955,998
141,262,602
141,552
119,852
472,570
106,765,939
23,535
446,913
48,372
240,343,743
120,925
426,801
719,753
228,562,828
274,412
945,949
61,139
377,437
1,339,795
188,338
361,956
619,923
277,630
265,646
296,308
882,997
210,786
350,659
551,881
181,363,383
747,845
5,789
250,298,744
151,648
386,562
685,774
416,678
578,721
103,634
7,176,583
100,953
202,562
370,857
135,235,849
501,532,752
368,575
69,322
5,328
238,994
244,265,503
238,452,484
116,675,809
547,651,736
109,535
462,592,681
495,598,786
571,919,954
285,431
32,152
191,984
357,784
102,361,721
421,801,932
723,749
153,727
432,674
341,733
173,488,691
459,876
302,644
313,782
398,976
301,659
75,738
299,737
477,588,635
132,856
668,1000
289,292,347
213,229
134,816
142,268
79,515
669,701
247,671
748,832
113,472,698
166,403
3,701,766
593,935
634,892
108,112
130,594,822
222,636
454,970
21,475
469,903
436,762
239,525,616
85,283,891
692,964
548,862
152,762
511,854
803,944,982
363,597
721,735
127,808
353,670,710
132,476
694,817
283,381
155,910
387,647
688,980
455,767
148,787
319,769
142,957,965
157,376
11,237,815
473,867
444,508
633,905
683,901
329,678,763
84,726
331,390
35,122,285
45,468,685
343,439
59,259
439,442,779
567,625
104,206,817
37,211,574
375,931
270,309,901
256,689
823,894
427,474,995
445,633,797
194,341,500
619,652
287,967
33,173
110,741
121,851
507,837
844,923
523,780
446,739
139,547,617
879,897
602,887,934
254,970
380,834
516,759
135,994
235,278
71,130,295
122,799
195,583
446,580,775
614,691,929
795,945
524,803,953
254,627,787
120,494,696
64,776,918
188,598
245,520
819,927
345,648
301,692
295,493,744
65,598
257,854
219,451
619,682,944
436,644,832
285,611,810
521,769
33,289
143,244
529,703
55,522
146,306,597
495,782,978
3,872
355,780,889
542,569,829
472,907
128,551
354,931
139,279
837,961
569,976
359,597,681
516,660,999
50,238
610,784
31,767,848
639,784,931
361,447,969
20,176,337
190,350,863
551,636
8,314,500
54,587
405,643
331,685
243,406
532,606
316,483,524
65,424
397,925
472,932
956,977
466,523
182,204
343,564,763
74,633,771
291,376,789
383,561
277,760,956
386,707,795
35,520,529
242,380
78,429,487
64,343,874
194,800
31,59
74,328
478,696
40,844
334,439
377,802,875
233,669,952
115,999
69,651
518,909
159,262,647
71,573,861
933,955
207,781
23,825,890
204,751,964
579,826
555,867
423,596
93,580,784
309,791
417,725
208,673,868
389,963
317,703,871
94,736,838
776,802
165,358
54,600,694
228,363,904
293,347
499,601
93,142
658,1000
206,483
244,520
402,476
638,971
968,971
585,697,968
80,336,940
410,453
582,825
111,459,831
289,554
140,601,636
598,901,972
262,680
564,835
327,527,871
674,860
65,202
343,669,718
46,873
293,567
313,686
246,542,588
171,843
121,169,320
819,877
200,301,746
831,985
299,535
618,932
370,687
342,937
446,561
25,672
175,641
143,153
4,816
150,205
137,246,272
92,931
589,803
519,741
287,721
382,727,994
486,510,772
32,793
307,462
783,863
142,288
883,997
64,658
561,864
299,654
459,518,804
320,746
587,765
17,119,447
542,868
137,477
24,87,837
254,493,808
200,373
80,214,811
532,795
783,896,920
244,930
84,698
429,636,965
890,900
859,983
519,901
406,508,772
196,263,545
298,502,553
722,890
614,741
194,941
178,656
59,648
190,810
342,652,754
215,753
3,435
523,783
192,634
538,923
297,578
450,916,944
295,533,899
403,875
595,815
329,441
33,254,323
427,925
439,962
447,467,866
279,884
270,310
117,298,464
240,295,870
164,625
190,540
241,481
375,954,984
153,182,604
513,686
507,613
587,822
842,865
101,204
28,34,580
206,596,915
148,842,900
201,315
143,451,671
194,705
241,386
699,864
127,132
909,995
611,781
94,287
442,455,535
371,444
486,563
525,527
153,537
59,928
212,675
239,405
279,560
390,654
18,731
248,724
652,976
279,686
117,473,781
663,985
489,713
549,654,924
565,837,959
57,83,947
347,853
445,719
342,602
673,863
