499,763,778
467,470,732
373,547,771
185,759
387,452
6,418
351,536
477,701
142,385,795
20,401
12,219
16,277
127,543
125,249
366,937
251,342,967
264,418
27,84
281,985
628,641
105,528,747
761,932
246,733,948
24,439
232,580,930
254,440,787
15,212,504
411,775
651,857,891
233,742
498,597
44,410
515,754,774
697,753,975
126,384
753,771,988
292,298,390
47,601
626,837
88,603
40,260,548
307,755,756
645,754
58,400,440
241,970
432,709
108,938
503,893
369,832
59,537,825
310,553
257,374,487
183,240,902
33,279
18,520,619
126,287,614
359,419
372,887
355,791
16,335
144,855,939
277,705
78,85
365,370,571
133,225,564
132,523
59,60
73,996
174,790
284,928
746,795
503,760,893
422,670
141,251
274,605,779
588,912
417,819
724,744
281,613,872
505,594
11,968
455,666
155,527,713
392,423
195,654
18,703
15,183,676
713,923
13,134,700
144,322
321,899
604,998
940,949
520,935
122,741
14,284
810,995
545,691
156,264
560,761
821,859
605,788
241,821
84,279,693
364,502
55,303,946
238,432,863
161,295
868,980
62,412
558,795,814
307,417,477
390,672,774
141,693,901
68,251,615
655,752
25,723,907
45,470,923
127,307,807
131,533,648
35,283
17,842
251,654
163,947
611,621
13,147
523,555
812,922
182,687,954
111,654
370,821
52,161
556,955
291,327,396
92,163
371,468,862
324,791,901
464,876
291,412
674,782,797
104,355
227,848,873
252,291
320,681
203,518,754
81,164,712
25,160,621
115,847,973
7,458
604,760
549,608
61,346,831
326,499
298,726
221,302
542,570
370,644
141,784
129,949
103,134
326,590,858
15,681,985
291,730
295,448,579
544,565,702
349,530
78,116
570,936
95,819
69,892
339,952
45,971
148,213,590
46,430,619
967,977
755,995
69,150
529,591
183,732,741
61,401
47,538
48,775
810,967
556,827
45,943
130,624
179,493
24,52,425
314,627
583,912
317,504
274,566
300,742,825
282,988
55,474,556
252,859,1000
770,943
454,785
880,957
486,641
86,905
163,167
173,493,581
365,397
163,758,941
376,389,478
287,480,769
45,255,583
315,767,865
152,539,808
117,638
39,164
7,252
35,88
265,914
472,509
14,625
228,603
44,700
462,856
176,447
133,966
84,804
188,279
291,682
275,326,920
386,502,910
353,423,450
181,703
428,611
600,959
457,560
411,632
115,216
358,359
443,570,792
219,489
524,655
404,995
79,630
450,886
80,335
97,612,866
198,634,950
308,466
264,355,870
21,94
273,438
497,675,829
17,102
134,188
226,672,742
268,866
193,560
110,667
313,614
311,913
322,571
446,533
167,771,785
231,547
164,469
153,272
51,208,980
340,516,899
126,444,495
136,887
46,345,888
557,669
177,894
134,737
66,180
292,844
328,350
85,342,491
208,509,560
639,649
194,742
483,571
84,417
229,491,998
403,550,827
520,522
291,969
29,122,825
251,481
222,250
203,409
259,507,707
225,680,983
283,380
101,342,701
106,870
141,398
206,994
18,589
502,970
482,761
672,882
106,870
231,852
834,883
603,605
141,700
149,545
90,153,607
66,622
253,573
829,932
41,272
546,616
329,602,985
486,747
482,737
241,243
91,353
501,652
618,884
293,806
534,571
445,902
255,313,750
99,276,544
40,935
628,931
71,607
346,592
382,515
156,609
603,876
604,638
136,307
102,183
656,664
627,789,984
54,101,277
116,857
521,840
234,260,688
11,61,202
75,250,489
39,268
343,727,780
79,604,830
536,576
182,863,961
595,706,973
594,714,875
440,596
71,917
785,885
295,672,993
19,170,579
135,383
189,270
179,185,819
218,365
266,728
427,559
230,234
510,661,830
413,431,802
584,981
663,779,900
40,653
366,772
131,510
559,958
11,893
30,749
207,350,575
171,806
333,758
711,891
209,231
265,622,767
597,885,910
130,300
749,768
814,943
235,663
279,304,849
50,270,502
385,486,762
192,296
213,217
6,213
494,803
434,622
637,861
368,716,931
31,530
524,624
77,774
42,141,617
87,483
40,413
289,348,494
78,141
153,621,799
689,951
118,780
102,286,834
88,734
302,782,952
490,785
54,192,798
187,504
218,770
504,781
243,463
476,692,777
112,389
241,1000
661,766
428,770
203,426
256,347,549
410,706,871
16,755
156,238
111,232,600
420,779
88,95
279,438,981
249,609
513,987
342,769
384,643
353,694,751
133,430,922
563,719
49,439
654,752,965
677,996
317,472
84,357
53,431
27,718
25,66
602,784
54,701,815
555,616
15,61,146
770,816
87,216,721
462,525,937
176,845
517,845
146,412
358,632
50,325
760,955
292,540
6,191
407,842
65,469
680,707,711
56,473,494
38,784
33,805
283,520
352,385,738
198,209
580,909
204,557
111,974
751,819
220,959
159,734
154,438
496,987
829,871
399,969
441,500,816
341,911
407,418,713
363,520
190,523,780
72,436
376,612,851
581,810
308,323,410
150,297
450,488
657,940
12,945
601,809
635,710,764
226,256
301,951
908,934
416,916
237,780,904
349,637
585,785
206,344
199,285,605
360,622
282,309
22,92
154,313,906
275,517
175,848
203,596
475,855
50,401,902
345,372,675
486,548,884
104,921
356,513
480,558
579,593
711,887
31,602
872,966
175,268,794
285,353
535,720,790
84,164
412,554
928,950
117,351,915
221,595
181,756
812,870
279,621,957
549,707
138,621
186,736,795
624,733
476,621,783
843,907
739,794
658,716
329,368,860
736,825
274,733
21,518,519
71,390,661
453,869
581,697
220,601
335,403,812
466,516,802
255,669
465,745
698,851
133,143,645
5,452,718
392,430
156,610
331,342,754
425,667
50,954
522,641
214,988
51,424,802
321,598
534,581,812
115,186,397
408,717
449,602
335,657
177,882
348,994
145,905
672,806
170,243,311
71,557,752
149,536
255,616
54,328
28,517
419,709
641,708,808
192,940
46,667
7,215
39,515
153,406,856
197,760
401,493
421,426,935
467,579,816
114,872
88,834,937
454,729
315,440
29,548,924
100,730,974
119,242
463,669
429,878
694,756,991
18,172
844,882,944
531,826
512,520
323,471,765
87,887,951
293,297,628
654,659
126,651
57,535
568,994
388,809
368,395
97,417
810,824
803,937
44,270,814
272,344
131,169,339
77,570
361,630
513,696
122,947
226,324,392
713,894
84,869,930
171,339
674,842
729,761
268,510
253,716,786
363,517
670,829
262,826
139,880
3,841,954
550,950
557,602
562,651
195,787
68,187
145,254
208,352
231,325
395,940
710,774
144,649,863
162,660
131,769,952
407,757
874,896
2,575,653
236,457
48,72
140,283
377,658
71,881
181,486
381,659
605,642
201,531
67,568
21,880
174,713
232,988
105,172,709
269,313,790
81,266
2,872
1,127,278
78,491,924
471,783
355,444
306,794
165,557
462,610
168,903
520,627,813
364,672
302,522
323,814
762,763
239,874
84,198
316,598,806
258,562
526,966
162,976
670,985
505,670,811
112,242,577
103,820
204,294,618
130,185
219,705
24,530,884
613,933
92,168,574
801,879
568,802
68,515
24,32
60,752
101,513,687
128,999
319,326
621,738
476,696
199,387,915
13,92,666
390,799
270,454,919
173,257
162,723
825,834
741,868
192,400
206,766,967
57,685
138,274,345
145,190
572,965
520,982
155,678
115,118
91,772,893
631,732
619,994
222,801
620,935
246,869,967
192,305,424
396,694
78,153
71,568
35,240
197,460
236,412,599
233,506
13,120,217
92,431
917,970
95,801
23,325,473
69,559
66,970
150,570
280,947
18,232,307
259,965
169,282,725
115,235,980
473,732
172,320
106,120
90,211,424
519,870
154,192
501,556
497,527
141,805
515,868,870
167,531
100,352
316,973
18,241,497
174,612,909
41,296
390,821
59,310
372,521,975
347,715
218,276
112,894
73,244
605,607
242,833,980
163,731
427,511,792
478,935
364,368
367,723
468,841
248,606,791
213,217,447
731,816,946
218,624
158,220
532,741
125,430,449
12,48,916
321,520,548
262,579,962
770,959
260,437
300,517
118,818,841
540,964
220,343
18,430,896
316,905
356,738
504,858
48,613,870
81,576
211,530
527,829
59,285,346
221,842,916
223,493,740
844,913
8,526
507,711,764
358,476,661
585,586
70,137,213
167,289,857
105,161,656
534,742,847
285,350,370
73,273,960
254,605,972
486,699
112,460,764
269,325
488,553
343,941
716,819
146,213,958
64,953
138,886,948
435,562,766
223,288,855
193,332
135,447
41,258,589
670,782
640,814
677,896
560,715
473,959
54,205
490,717
167,187,591
71,911
85,673
292,310
269,842
489,505,653
336,551
142,948
917,947
290,350,403
229,495
131,292,968
607,764
507,815,934
205,685
265,326
762,768,887
434,594
481,758
829,936
143,261
238,518
132,478,855
306,562,819
38,266
277,355,790
80,509
541,620
215,979
304,401,893
503,571
88,783
859,935
8,192,603
480,582,794
176,185
426,517
127,489
206,689
358,867
465,711,861
32,601
400,878
482,972
370,517
308,416
136,777,794
761,845,934
675,930
82,477
464,736
697,736,831
823,960
440,777,878
313,703,851
10,119
15,600,784
254,267
359,549
701,991
410,944
464,721,751
19,492
502,897
229,644
318,366
32,222
535,549
119,520
246,485
24,309,962
233,598
193,629
58,678,877
257,375
166,681
671,751
27,536
2,50,842
97,198
182,551,701
184,589,864
311,553
250,765
159,861
481,790,962
298,985
208,872
214,880
708,892
160,386
185,403
198,712
556,945
11,262
753,781
250,542
819,953
245,647
84,331
451,470,654
46,93
116,626
851,932
235,328,679
483,770
107,889
303,445
214,942
272,308,710
171,357,552
336,396
127,782
312,952
129,717
163,916
460,871
569,927
181,898
186,699
130,823
568,679
468,529
269,947
544,879
372,410
371,415
460,598
889,927
447,936
230,656
373,930
813,837
211,549
869,949
140,410
30,543
27,92,337
108,686
286,511
755,813
842,862
605,866
341,901
100,765
360,472
516,735
301,790
303,629
331,776
713,999
462,685
96,762
291,637
618,741
74,224,854
279,994
436,438,872
125,788
32,391,548
215,520
551,917,997
400,830,904
46,436,665
186,300,466
716,841
57,944
52,99
457,492,666
368,703
504,710
205,836
18,34
7,215,998
187,296,515
110,460
606,767,813
466,748
487,989
31,111
438,903
120,816
437,718
23,379,982
666,736
111,737
92,328
18,941
304,369,521
222,731
105,989
295,495,824
181,304
838,989
515,535,723
112,833
158,336,616
137,411,907
186,352
1,232,587
446,782,796
106,458,578
228,386,466
20,123
41,890
20,287
374,972
733,859,904
268,399,819
253,916
732,979
799,943
444,869
111,577
146,985
379,729,779
319,768
281,916
352,688
152,656,996
498,609,800
600,884
553,740,929
445,876
15,171
452,860
664,971
580,827
21,683
7,13,633
31,66,95
124,575,858
203,911
17,81
35,451
603,644
525,894
21,432,655
240,913,923
108,425
131,874
291,561,624
120,339
106,467
93,367
379,403
165,332
26,383
268,885
517,760
114,670
261,585
9,786
461,470
682,862
356,394,925
364,890
319,574
177,699
439,748
135,264
367,382,921
230,306
283,513
292,997
592,717
304,794
331,691
31,121,512
93,593,991
536,937
14,870,954
350,804
402,573,814
122,819
406,742
173,213
6,536
44,577
338,418
385,767
639,929
103,550,951
165,697
912,932
44,906
419,782
449,888
500,836,861
156,229
23,590,622
764,994
621,939
303,421,971
709,747
103,924
98,497,576
34,918
181,340,619
31,837
546,757
453,648
337,892
136,891
426,469
443,949
505,617
74,786
178,280,448
313,653
367,387
618,995
241,640
389,748
352,770
282,387
43,693
643,871
123,671
189,377
758,861
332,435
328,356
210,985
324,330,795
46,838
213,936
270,995
28,514,746
756,878
466,934
558,891
112,939
533,617
274,567,736
288,795
99,866
30,800
103,690,805
48,923
175,291
42,660,886
139,921
205,476
782,889
451,854
150,263,919
420,811,952
817,950
414,983
226,535
263,908
125,907
317,770
347,579
38,44,148
169,200
74,92,615
99,863
70,90,454
742,844
413,604,754
952,992
70,256
234,733,880
641,999
367,642,667
405,865
519,701,829
542,936
258,794
218,607,902
19,67,954
62,688,946
791,977
220,335
6,269
77,931
421,598,721
244,258
259,711
176,600
56,363,755
125,964
128,408,429
202,244
211,602
239,583,958
884,929
219,597
697,700,787
661,771
71,961
220,420,722
18,533
202,976
196,373
53,251
300,331
268,461,662
115,710
259,469
18,859
238,840,896
625,705
544,778,959
192,820
118,178
102,296,637
301,333,796
202,799
252,675,787
879,978
143,840
311,758
348,958
874,957
632,721,854
119,234,439
111,237
704,787,793
70,84
21,36,89
176,633
209,616
533,955
194,274,931
405,497
389,809
223,789
157,526
282,968
525,981
866,913
39,163,498
369,488,998
17,143,777
201,758
292,506
123,189,265
326,808
140,356
157,932
206,527
105,719
478,708
772,797
283,711
228,296
411,544
488,840
280,606
507,711
96,799,853
610,742,888
72,432
5,927
66,392
744,890
630,961
641,779
190,663
481,574,967
64,531
184,602
175,213,395
81,454,994
46,194,730
12,99,392
407,630
503,842
378,604,707
138,369
285,460
397,844
292,621
650,822,961
494,506
858,882
652,713,991
13,695
258,984
45,582
310,764
56,183
229,242,971
164,696,700
765,788,835
760,911
84,553
296,538
119,332
605,894
383,414
591,721
154,743
609,765
243,309
105,428
108,584,870
588,589
434,530
474,513,568
187,217
400,735
498,964
636,862
146,496
233,458
519,922
163,235
45,886
160,565
156,700
620,670,937
225,248
179,621
833,908
315,967
35,39,976
52,405,626
337,734
801,811
325,769
218,702
63,455
471,713
190,987
418,537
284,440
170,962
49,691,830
621,848
317,495
339,885
287,561
330,662
53,581
209,419,572
506,725
715,793
421,803
665,867
488,966
313,700
317,786,799
39,425
348,819
885,960
705,976
162,465,493
122,308
624,741,765
281,502
304,879
935,986
27,993
71,411
441,608
247,826
607,610
375,733,838
175,953
535,623,777
529,790
298,741
349,415,454
457,833
379,551
35,829
136,305
138,469,831
103,180
184,809
592,626
162,310,761
43,87,981
695,704,895
75,690
162,891
26,938
215,592,923
273,637
550,652,680
258,287,874
263,489,915
69,221
79,533
29,445,884
361,526
579,666
128,442
431,596
297,658
728,767
328,794
898,921
294,306,706
73,493
397,607
437,504,844
620,684
452,573
567,759,795
399,827
703,718
639,801
462,603
362,512
88,271,986
97,245
607,934
315,477
516,797
15,691,842
159,376,871
826,870
42,908,986
486,570
377,625,887
240,409
511,686
160,174
71,809,812
341,577,602
78,398,574
438,502
775,855
281,618
53,201
650,984
190,989
78,333
18,897
555,815
511,785
409,430,495
524,660,750
3,120
645,869
616,683,751
44,164,672
381,889
536,592
166,369
119,120
35,923,938
14,432
380,427,688
65,74,125
508,735
190,782
163,449,956
237,945
181,935,990
79,545
97,143
151,703
423,670,977
533,547
413,920
610,645
238,804
535,626
602,906
122,165
308,319
411,720
423,455,470
99,763,864
148,426,736
356,380
815,865
515,987
526,994
18,746
533,614
370,657
16,155,172
26,264
618,669
53,496
450,625
26,221,226
297,363,717
59,202
154,729
57,689
11,41
169,393,443
580,905
82,156
26,424
56,627,896
375,701,922
85,406
26,424
679,759
859,971
292,299
120,462
570,598,835
662,767
149,780,909
519,840
142,191,562
738,995
578,615
224,673
15,589
281,480,985
18,668
597,750
74,554,992
383,796
759,765
352,920
30,582,854
293,632
104,467
25,534,656
319,842
322,954
522,668,988
301,986
117,1000
358,912
139,320,858
414,587
320,390
207,361
171,222
559,918
439,920
55,403
461,584
96,608,702
318,531
464,484
552,570
562,969
88,151
109,598,864
355,560,704
298,737
384,657
155,557
84,464
326,996
405,679,718
374,856
359,418
251,728
655,915
58,539
53,382,848
338,725
224,249,276
198,366
210,766
889,963
322,365,374
611,932
15,556
122,399,429
29,289
251,350,859
488,824
667,920
646,708
357,473,668
364,636,756
349,679
123,506
416,450
114,296
55,308,381
502,837
14,107,656
157,220,947
38,640,648
205,680
104,761
18,863
235,691,752
460,464
122,580
369,572
198,306
180,255,297
10,574,955
207,576,995
57,137,179
193,505,796
288,459
11,288
85,825
16,246,503
484,807,924
297,968
36,484
53,985
24,979
69,256
483,540
242,932
341,688
59,778
429,736,752
373,683,889
619,817
270,885
441,458,995
158,321,336
175,773
272,528,765
328,828
205,327,898
9,471
3,187,946
33,728,866
197,484,565
397,493
907,942
342,513,612
352,742
10,221
762,920,972
92,372
431,731
198,988
215,325
60,365
31,120,513
11,939
715,969
206,220,918
72,434
312,818
21,162
427,810
707,805
20,576
300,688
737,994
89,897,984
459,966
247,266
220,265,842
214,432,506
409,517,816
600,859
7,445,833
84,655
842,885
172,941
782,982
80,526
161,598,734
556,812
9,390
170,852
77,221
174,769
586,789,951
175,735
499,644
774,817
620,845
49,359,769
56,254
302,422
285,329
624,785,841
346,669,952
613,926
908,976
390,855,921
345,699
427,554
146,866
779,981
373,877
297,439
668,766
379,792
51,444,987
37,452
217,771
5,409
265,553,690
554,608,997
476,713,807
173,203,281
94,148,612
124,965
734,898
185,232,290
155,950
548,716
61,223,295
221,838
128,159
29,90
202,582
46,132,981
428,653
14,193
656,996
384,545,778
818,845
298,714,741
80,703
431,488
150,705
256,345,426
387,629
183,657,994
634,648
140,706
420,844
347,412
405,431,716
416,659,737
180,669
51,621
764,948
130,920,978
259,274
328,519,616
610,699
952,980
234,549
395,948
233,314
356,879
21,411,893
373,435,751
305,485,901
264,668
267,983
197,311,880
479,759
106,388
622,638,898
230,838,846
276,825
345,523,883
206,408
131,169
180,857
316,770
167,308
44,347,410
668,680
182,866
196,714
428,789
516,657
215,574,584
473,686,851
521,654
246,499,690
712,745,985
30,31
830,901
287,507
126,421,827
823,862
188,326,357
142,534
78,705,839
446,526
547,949
139,779
4,396
412,632
576,585,748
172,851
348,615
90,753,987
63,293,613
372,885
104,906
570,884
475,748
152,981
251,746
81,658
64,535
549,874
365,370,528
190,573,945
273,484
301,447
126,394
375,931
414,543,755
59,320
704,944
587,840
104,121,141
332,345
344,857
228,662
199,289,624
428,544,597
29,846
199,980
478,944
316,808
351,595,726
350,381,961
297,490
421,867
26,387
134,184,613
561,641,873
435,735
89,720,985
599,908
116,535
674,757
585,599,703
66,398
87,451
454,479
168,405,505
225,293
495,729
133,344
29,493
184,380,457
352,373
152,669
424,693
329,959
649,755
2,335
596,779
370,807
909,983
480,550
1,988
203,651,752
240,311,686
381,385
333,453,620
43,331,650
389,566
303,311,700
197,914
313,929
907,993
16,872
256,499
450,827,942
184,811,908
167,700,890
228,292
212,741
243,500
538,598
354,499
52,201,217
18,966
318,692,725
175,877
15,237
164,366
112,663
91,864,880
214,799,899
632,919
477,919
280,380
41,585
306,338,899
267,849,959
33,894
365,719
77,320,905
12,445,820
213,673
470,841
7,62
802,809,979
301,607
464,900
323,958
62,674
417,751,873
907,957
75,195,502
33,339
72,450,908
388,969
105,194,360
58,628
512,953
375,724
343,878
326,472
536,588
718,783
427,640
33,100,425
482,545
124,927
605,957,972
898,985
16,519,643
7,262
753,786
470,696
150,981
248,549
108,329
613,717
917,962
209,220
333,613,841
38,924
872,918
216,484
399,468,803
342,540,826
366,386,821
525,845
488,943
553,671
673,753
80,158
42,543
694,984
484,778
162,407
514,988
532,594,996
409,781
413,424
173,409,952
87,91
48,423
99,474
216,339,362
4,875
175,811
246,335
281,295
812,996
427,511
64,680
243,529
466,625
320,702
374,668
13,496,908
269,608
327,565
725,828,860
387,579
329,572
116,168,923
694,894
753,819
497,552
42,495,957
107,190,232
443,905,922
403,430,508
424,540
140,719
74,288
665,865
50,415
597,874
574,750
429,807
600,798
204,979
541,587
135,165
577,838
90,196,799
356,868
277,481,771
194,688
222,260,712
67,205,478
169,228
203,937
283,906
359,479
122,216,593
540,583
313,403
132,320
260,272,575
198,484,736
379,576
420,531
645,812
108,151
501,575
245,580
83,247
92,580,727
333,597
9,330
717,933
453,923
78,336,988
344,481
5,333
261,948
186,275,316
165,246
297,992
351,643,847
244,377,607
374,826
520,983
2,362
894,921
132,923
670,700,745
167,631
620,698
361,388
422,929
198,253
447,451,513
298,360
84,755,990
398,953
425,884
343,661
647,750
115,684,845
190,745
467,500,557
192,722
578,697
195,593
702,720
377,740
472,861
533,824
386,635
10,926
236,712
289,901
280,835
616,681
420,884
122,367
314,536,614
379,421
464,760
328,433
734,779,863
276,523,695
397,708
230,466,786
333,470
754,877
298,465
689,947
46,525
185,522,867
454,474,813
136,426
365,580
191,252,284
11,206
933,980
527,533
625,782
71,87
512,556,891
255,771,860
47,407,601
371,569
217,242
452,999
19,347
637,959
330,475,750
147,819
251,686
299,843,916
687,827
722,963
453,552
607,892
42,187
179,997
35,251
748,874
210,255,313
595,603
133,190
128,286,503
50,965
378,720
34,573
418,588
115,834
474,829,875
149,296
656,939
13,700,839
143,704,797
267,673,856
229,572
49,756
238,798,943
245,617,943
221,286
93,682
122,506,604
675,778
52,283
588,815
831,882,898
24,155
127,529
98,448,769
555,731
524,559
534,715,806
599,614
585,620
40,841
96,201
556,680,983
586,769
157,306,407
567,921
399,930
306,321,578
720,944,951
441,443
758,904
437,633,893
81,863
94,660
43,745
263,279,996
256,398
426,760
108,628
97,218
418,701,983
230,493
46,561
894,984
227,856
581,697
463,680
125,560,756
568,615,679
394,867,919
253,432
176,438,550
372,714,823
316,410
210,358
625,698,813
29,364,969
142,284,697
14,19
46,558,840
309,342
12,434
216,813
626,967
34,117,875
54,836
7,679,860
325,697
26,809,839
37,688,818
390,711
219,736
20,879
308,566,763
434,750
109,366,554
64,501,690
131,472,763
251,289
305,996
699,858
634,654
57,105,655
266,618,664
232,758
409,908
273,674
447,669
274,429
1,15,415
274,959
873,874
396,789
69,655,974
200,284
343,798
621,644
489,679
336,477
487,723
454,842
571,759
574,967
61,733
124,235
101,615
12,72,962
495,496
843,977
870,938
355,662
411,898
83,138,536
127,432
232,477,899
393,634
189,775,928
559,954
186,843
123,917
836,855
182,957
390,641
129,403,619
828,989
80,502,506
335,344
287,842
280,431,998
433,827
105,798
238,249
252,762,880
297,843
446,802,877
72,244,741
679,963
62,184
612,679,874
377,397
436,725,904
137,486,541
4,463
9,642,708
189,695
199,786
200,212,356
248,841,924
198,552,752
459,695
184,365
131,215,892
611,846
131,869
54,424,967
385,761
559,996
559,565,829
206,812
116,870,924
387,768
745,791,802
195,419,562
246,493,595
399,659,668
675,846,887
484,787,970
180,357,796
230,375
347,992
649,866
272,995
261,447
58,657,803
234,761
353,953
583,811
677,752,984
523,667,740
102,374
164,594
289,301
152,871
12,163
146,249
540,636
560,733
545,741
485,908
145,547
387,844
390,839,894
331,451
310,838
508,828
495,543
334,847
119,846
316,813
83,238
178,841
12,747
498,674
476,885
631,772
270,381
221,428
694,897,947
26,48,67
332,492
260,696,946
111,206,471
2,865
253,538,612
624,911
596,818,890
198,953
217,606,901
560,655,907
263,461,708
110,972
250,467,909
93,377,749
34,690,709
70,116,585
592,639,674
125,285
111,278
157,326,780
322,537
572,574
68,660
546,974
169,767
635,977
446,520,949
58,112
210,336
595,850
526,954
894,929
214,443
599,642,964
88,791
780,947
59,637
113,198
684,941
194,214
80,395
306,585,905
811,956
38,548
388,501,849
198,982
165,679,689
254,954
235,992
427,663
810,918
247,881
417,751
548,629
670,783,857
415,625,665
97,510,551
220,307,497
409,446,516
89,916
234,585,696
191,945
29,405,590
202,744,970
8,547
195,918
899,966
65,627
16,566
248,426
223,834
451,559,578
125,349,478
177,557,578
565,797
480,517,696
381,593,668
397,723,907
631,912
217,306
497,506
328,691
322,329
744,975
295,906
510,829,896
597,900
387,536
555,930
1,829
504,760,763
58,676
143,512
29,342
144,367,627
193,492,979
607,681,714
297,946
273,743,824
136,733
677,872
586,821,935
633,946
34,488
726,882
7,297
571,989
6,677
430,737,957
34,615,806
519,834,895
281,791
198,538,823
234,331,642
180,193
160,228,472
280,653
131,763
698,739
298,598,702
445,689
369,882
138,267,635
337,367
305,743
100,490
680,988
45,219,958
116,170
249,372,466
44,199
188,535
850,915
184,333
292,749,768
290,563,875
4,181,207
486,667
113,278,514
88,231
230,667
385,859
434,916,953
195,600
537,697,768
690,692,831
63,552
307,314
285,314,326
676,875
351,761
202,738
48,305
340,511
296,600
316,347
295,331,610
752,774
171,364,593
230,888
228,958
87,345,644
269,717,718
169,225
17,132
97,235,905
632,780
300,633
808,874
136,179,995
535,850
171,404
190,283,894
222,771
152,644,723
486,524
344,830
5,67,481
238,652,914
327,472
222,236,901
99,889
424,832
583,601,820
62,349
470,824
243,716
217,954
86,413
226,455,649
451,763
568,922
2,558
572,769,922
558,932
205,231
772,949
386,768
260,483
641,805,972
254,911
355,448
801,876
73,701
86,228,735
397,871
573,578
3,629
621,732
62,146,688
196,651
65,82
155,543,947
815,864
482,622
129,738,846
82,386
583,693,884
479,892
387,872
732,765,795
499,931
69,545
296,735
191,615,813
120,640,705
42,447,745
437,518
424,831
123,884
88,208
563,902
152,511,858
255,530
152,291
143,478
578,810
381,961
133,435,521
275,561
612,792
181,403,523
45,431
99,213,958
227,307
236,402,957
11,79
109,471
144,285,554
353,660
148,313,547
749,822
97,105,283
305,508
144,733,993
823,934
517,561,699
116,694,756
144,318,755
111,521,847
56,900
262,700
135,688
639,770
303,444
477,506,677
210,816
157,516
67,541,891
600,648
174,415
104,260,758
548,556
250,847,849
110,366,539
264,687,956
57,554
332,881
170,579
548,868,938
75,370,464
298,499,639
59,740,741
163,687
202,775
66,414
631,979
623,627
539,711
211,608
268,580,782
248,598
24,39
529,783
190,443,473
74,545
67,559,800
445,666,933
399,735
738,809
569,901
526,559
230,866
255,946
248,421
4,204
62,67
359,567,623
160,740,934
21,394,437
570,631,745
166,975
21,257
69,972
209,437
4,80,616
12,24
332,588
279,366
379,889
184,493
72,271,584
377,486,679
625,727
160,453
212,656
535,805
513,546
161,533
134,247,986
390,826
207,537,928
584,820
389,566
103,135,590
114,728,939
166,581
366,462
485,663,870
228,949
313,558
681,781
560,993
622,919
264,332
656,910,933
157,545
274,427,567
318,543,662
730,739
131,516
680,961
203,807
41,419,519
769,983
676,869
885,955
886,911
80,494,794
526,940
71,361
64,489,856
500,750
660,884
198,782
264,355
62,452,602
398,568,693
272,620
501,522
133,829
229,357
273,302,827
473,709
15,440,743
8,127
23,945
191,552
111,342
353,427,512
350,834
579,686
99,597
107,518,725
124,827
555,690
123,824
478,972
329,640
195,797
507,920
467,987
273,373,930
260,810,854
466,565
294,747,924
263,333
188,230,472
195,941
165,299,456
624,644
576,637
108,784
46,715
424,977
254,567
420,718,758
416,675
165,512
294,424
106,391,704
263,567
208,796
462,595
11,274,898
605,837
186,317
702,944
146,308,476
565,778
36,814
537,643
321,480,580
294,628
230,595
130,341
57,72,732
659,990
2,479,939
80,416,918
62,452
5,42,449
144,681
325,488
805,900
142,257,763
357,655
151,163,976
40,427
664,758,903
82,581
627,824
76,935
623,635
336,755,793
715,854
213,581,791
76,312,840
448,585
671,899
9,188,699
146,455,456
614,650
213,434,980
350,362
449,656
236,281
459,522,824
170,721
28,780
924,976
424,809,906
93,215
3,600
13,798
752,909
308,478
421,651
635,861
475,921
152,293
199,937
137,775
489,541,808
312,632,818
380,765
481,521
111,755
438,875
105,186
338,550,824
534,576
68,280,814
514,842
247,997
165,768
502,829
15,358,929
137,221
712,810
116,247,629
129,569,766
577,707
246,948
187,337
236,380
25,518,561
166,958
166,467,535
302,719
1,365,450
178,689
67,262,470
736,770
701,984
529,763
203,390
675,847,915
234,776
793,809
232,530,918
224,581
60,673
37,507
44,578
688,968
275,306,682
41,641
361,905
305,458,515
253,540
85,388
415,535,943
641,689
136,340,657
217,509
321,541
455,962
214,379
251,648
256,855
349,445,832
127,361,430
179,528
261,448
22,442,737
118,904
556,713
739,949
240,892
52,688
185,659
753,968
53,177
537,809
341,787,813
453,599
8,23,727
317,404,694
282,831,848
473,587,889
340,522,547
528,703
65,866
643,834
143,372,665
763,863
125,757
243,632
289,612
161,837
445,696
203,532,787
411,677
261,563,777
610,699
482,658
523,916
334,343,558
510,727,986
247,427
665,734,741
396,556,879
80,217
66,265
41,252
417,454
456,884
3,372
132,685
438,589
413,431,712
819,889
228,753
487,672
93,766
718,985
13,523,807
136,972
722,745
398,888
635,937
119,615
418,446,545
766,807
289,524
465,638,864
166,228,992
765,880,937
300,534
265,492
93,847
427,599
932,990
229,939
477,891
135,582
266,725
86,982
137,962
144,524,935
220,407
547,722
87,125,772
349,851,877
199,863
151,391,425
445,476
204,628
11,788,908
69,655
9,348
123,305
311,491
91,516
176,248
492,884
380,631
454,580
497,895,950
218,244
351,675,708
499,781
722,843
147,279
491,609
88,547
38,810
28,143,894
186,816
333,360,596
823,998
547,966
10,859
331,776
624,769,776
450,951
207,364,919
10,604
221,544
268,999
292,511,958
163,402
43,222
4,787,842
126,752
332,568
167,544,913
39,247,574
914,948
128,535,892
397,565
313,809
531,820
171,245,889
126,580,970
560,933,985
209,215,355
934,944
375,460,863
431,629
400,454
28,450
877,894
24,974
198,223,385
545,546
446,474
318,399,703
59,286,320
43,804
415,616,754
7,463,970
156,236,758
224,795,853
244,454
286,402,709
11,351,685
76,324,887
96,464,949
441,548
64,672
845,965
130,159,859
449,567
604,846
342,606,809
956,987
725,882
385,472
128,608
265,423
33,71,182
821,844
416,502
112,259
638,868
134,466
30,35
409,673
812,908
563,737
630,867
224,758
421,752
211,277,826
823,928
122,940
324,519
508,761
426,617,787
128,208,280
90,820
288,977
370,900
393,588,604
177,402,599
308,346
198,516
697,761
205,354,572
230,347
435,846,956
67,962
177,649
640,984
114,380
449,537,817
57,670
431,889
235,394,594
311,492,629
161,479,864
272,639
179,263
578,870
263,798
396,776
83,602
128,142
737,750,823
33,340,694
651,657
235,935
134,981
512,822
405,797
670,913
376,818
489,565,864
150,871
291,313,654
446,480
897,941
235,687,934
713,760,863
282,381
342,432
265,970
268,812,947
269,588,809
96,918
303,976
274,295
572,599
34,509
810,813
507,770,928
248,289
469,764,801
234,887
350,694
901,954
282,927
405,592,663
91,284,460
387,709
156,447,954
797,830
472,738
698,729
680,683,885
308,974
276,744
697,967
228,607,866
654,822
113,314,561
185,502,576
432,990
78,149,887
355,513,771
178,452,490
170,936
3,487,675
124,545
298,376,900
140,672
295,788
117,130,855
398,422
644,744
130,706
131,216,325
278,496,791
574,597
582,614
368,637
11,406
148,242,818
20,158
115,843
586,768
694,982
243,690,738
512,751
168,377
516,665,914
118,149,922
105,611,719
409,912
416,775
705,837
409,463,625
596,653,660
382,944
601,962
378,602
81,518,739
306,341
594,885
54,121,628
254,779,850
56,248,766
592,943
888,892
155,624
278,384
145,604,780
288,808
75,438
410,542
8,416,512
12,105,811
306,590
267,866
377,520,734
110,579
159,178
325,459
42,577
337,550
464,801
194,719,742
91,128
159,641
80,630,994
292,841
254,535,635
463,787
174,294,461
490,967
73,397
327,353,595
976,979
137,614
32,346,741
321,378,905
717,925
146,732
391,686
22,588
210,450
257,308
629,886
136,678
88,485,658
40,701
386,986
362,789
364,927
157,677,921
619,882
326,682
1,725,761
325,404
231,661
82,290,322
437,896
102,488
330,642
163,929
109,119,724
175,842
28,351
204,816
174,287,408
205,490
31,836
130,164
8,78,375
128,390,831
631,839
184,272
729,839
17,848
13,260,594
75,711
315,959
192,201
581,796
37,809
182,789
777,850,931
326,462,542
271,649
246,825,973
159,382,406
243,967
568,830
17,183
569,573
778,811
379,418
188,454
724,949
21,400,862
227,548
123,923
338,914
184,305,718
868,997
3,94
180,679,925
5,299,701
324,854
142,446,877
577,717
96,879,959
327,957
32,686,784
842,964
422,990
305,971
90,729
340,343
161,259
462,913
318,492
568,784
283,418
169,619
39,492
444,734
99,860
659,731,791
615,982
100,722
497,867
474,895
617,783
204,456
392,539
311,496,696
642,858
293,568,783
207,269
309,804
968,974
232,879
388,688,800
394,395
652,694
65,845
38,94,860
618,940
367,523
779,901
879,905
244,577
26,243
99,906
613,864
435,457
265,418,659
103,900
204,606,687
152,233
930,952
46,632
393,961
557,870
102,127
649,654
25,371,822
119,447,691
674,848
757,817,949
297,695,815
117,194
811,932
305,750
549,662
109,507,905
320,641
221,586,972
64,275
658,903
125,287
67,908
535,762
241,518,692
408,886
53,971
326,639,682
2,709
635,656
171,943
418,713
569,807,919
26,444,860
390,796
185,501
298,788
297,573
433,918
817,891
23,909,958
4,421,677
148,880
597,867
94,717
10,986
179,855
88,260
692,730
694,732
185,563,840
59,660
158,783
850,934
301,971
217,854
364,991
530,538,956
257,525
44,354
225,885
785,967
369,776
368,661
254,462
90,760
724,762
46,680
137,574
418,979
131,545
682,741
274,835
144,434
456,826
270,359
477,730
116,573
324,480
266,495
220,343,516
339,569
503,993
125,955
205,277
85,154,568
187,322
170,268
245,851,914
292,340
213,913
216,734
213,513,901
415,789
37,612
635,898
151,609,900
47,133
315,552
105,306,310
626,653
972,973
163,924
118,343,388
424,716
508,673
396,551
515,612,971
260,985
40,664
549,990
747,751
109,561,910
501,696
114,192,670
294,418
293,500,977
213,312,727
57,933
411,756
120,752
809,904
214,288,691
37,980
152,892
229,264,293
348,738,901
174,419,440
535,668
493,736,969
346,778
508,725,930
55,600
56,81
50,560
127,727
52,578
386,608,805
124,153,492
2,956
63,501,509
52,167,908
445,839,946
574,783,849
300,844
65,79
680,799
803,949
53,305
708,729
482,499
613,841
130,816
291,938
386,650,879
286,387,685
798,957
409,899
240,896
387,788
52,161,847
112,989
582,812,949
160,408
772,857
875,929
89,419,674
36,505
509,895
105,236
457,555,605
690,907
422,976
96,489,723
976,980
73,267,685
125,256
469,522,753
222,326,836
354,586
136,229,501
670,731
197,316,888
95,248
101,672,711
38,660
149,567
540,693
142,234
86,760
259,831
246,337
380,539
37,946
265,745
259,485
88,796
427,500
12,164,633
428,611
449,933
310,702
608,808
28,664,988
175,440,743
62,817
235,355,669
28,74
145,810
196,659,723
151,641,943
2,9
120,349
398,754,793
16,288,996
524,601
569,618,777
22,98
33,473,647
469,608,862
34,66
169,526,587
151,641
246,252,535
632,787
457,606
76,989
124,507,562
161,390,723
790,810
484,782
89,511
43,192,843
89,296
178,571,733
596,660,933
335,359
568,943
60,309
179,606
715,731
39,114,967
211,807
117,627
697,929
85,252,439
179,199
164,500
608,928
649,757
226,712
10,181,892
41,176
511,666,998
169,965
87,853,880
66,925,956
872,886
444,452
338,849
536,564
329,512
620,872
433,877
257,679
303,532
471,750
81,955
144,866
162,957
281,543
527,862
447,964
438,645
695,813
31,818
220,272,777
87,98
199,397,759
351,988
722,944
560,879
777,849
164,419
401,733
388,628
659,837
605,867
251,1000
188,460
18,391
283,313,530
458,709
267,465
33,149,912
44,458
38,931
357,650,921
504,528
75,932
12,150,484
639,711
189,800
42,688
393,851
395,773
336,586,921
493,794
155,207,338
553,916
749,903
699,913
59,604,867
423,954
77,875
325,474
488,896
164,294,907
311,925
33,157,232
251,456,581
67,439,648
508,539
463,733
229,499
55,209,654
92,148
275,499
169,235
173,314
763,914
331,469
242,611
631,894
269,508,999
437,692
206,494
570,736
161,186,365
298,573
166,249
55,143,407
238,888
80,358
421,488
373,863
528,849,888
335,929
658,883
266,905
474,766,943
23,965
41,69,529
59,542
238,608
569,912
734,917
49,124
593,873
230,935
652,802,841
128,252
485,687
563,801
683,899
89,839
163,980
27,53,248
747,937
197,408,940
89,914
649,693
52,99
785,922
23,452,790
244,385,711
222,839
246,621
257,439
449,638
577,791
470,510,639
51,342,607
75,497
320,367,937
237,338,729
459,610,820
440,883
235,838
249,846
158,396,813
197,507,730
99,803
459,569,659
633,826
426,753
151,703
402,418,930
59,951
534,684,902
479,595,805
819,874,982
39,353,657
11,353
364,613
322,808
391,597
744,905
554,645,785
27,89
358,564
581,923,946
292,711,756
617,758
453,660
137,638
681,892
239,737
87,944
256,720,828
222,666
231,298
682,779
162,458
709,760,917
668,875,959
106,333,584
120,419
351,707
430,488
877,911
115,575
160,651
507,762
613,646
190,235
186,943
500,670,938
381,914
52,289
274,888
509,954
110,188,365
43,200
393,633
192,849
89,489
362,898
181,377
238,309,372
249,482
3,131
775,892
189,205
131,132,215
39,615
245,680
71,691
27,450,709
63,794,928
81,340
232,454,787
405,474
777,804,918
83,384
270,363,502
95,622
82,729
540,578
353,382
9,589
15,518
352,421
9,479,644
883,989
402,666,985
173,673
178,296,462
922,970,990
52,219,685
179,386,401
783,936
260,618
502,918
424,705,854
28,323,473
240,577
326,528,562
460,801
289,606,686
53,676
309,954
404,599,820
18,651
634,650
680,896
500,669
451,591
304,638,643
480,826
281,538
158,686
215,588
103,203
485,625
158,457
416,933
635,957
794,837
201,561,806
22,848
415,808,904
191,692
461,647
216,268,995
253,641
141,632
804,984
43,630
670,699
407,630
661,756
90,370,676
619,918
59,644
361,782,875
33,676
67,894,974
246,921
1,36
299,491
483,500,854
686,884
51,144,633
386,521,755
66,785,791
85,249
928,973
564,780
544,741,749
201,420
13,784
188,744
743,874
85,601
368,596
919,991
3,48,809
98,418,448
489,823
123,268
456,524
492,632,633
304,819
20,61,793
535,742
395,415,812
304,960
63,85,615
589,688
292,450
607,735
488,502,918
28,786
795,893
393,463
167,800
210,459,703
311,831
321,404
102,712,870
36,432
191,944
880,888
355,412,594
54,870
455,750
17,709
648,768,831
470,996
353,626
141,500
199,331,765
328,679
340,682
48,592
437,726
505,666,824
638,959
516,982
346,849,892
460,689
346,950
115,500
77,641
298,666
873,991
313,457
45,113,188
544,846
627,698
584,725
640,718
455,513
204,778
51,262
89,149,516
142,514,856
303,469
332,663
307,982
424,605
509,894
105,340
104,492
944,968
122,450
13,354,705
406,872
277,392
302,537
199,388
748,898
223,661,959
134,662
916,964
517,728,888
210,211,370
307,448
659,912
114,424
779,858
67,424,578
879,949,972
268,603,786
293,302
690,837
887,891
35,612,956
748,906
214,331
253,333
131,953
145,430
289,641
722,738
262,538
533,965
408,657
667,700
173,584,747
58,466
316,718
184,986
761,969
23,231
289,688
654,925
250,295
46,323
372,682,726
5,458,481
138,580
443,867
503,858
89,382,952
290,847,984
738,942
42,219
114,444
443,768
133,636,676
66,730,919
567,646
508,683
366,725
343,680
84,267
135,213,710
41,649
510,533,563
798,949,965
354,451,490
692,705
56,606
200,207,508
760,835
55,192
712,871
319,733
369,539
613,848
121,746,844
161,276
116,583,613
27,227,518
14,569
521,825
94,239
435,588
255,519
556,889
228,733
103,413,629
371,717
105,272,969
514,689,759
188,525,742
88,343,719
272,350,901
18,170
558,787
298,564
633,826
872,923
44,160
60,973
232,671,982
142,215
767,842
128,145,442
41,282,994
560,720,916
795,807
167,245
263,720
238,379,943
21,359
175,350
693,867
266,297,498
203,719
158,343,965
612,911
390,603,742
372,817
92,201
70,637
478,660
333,971
746,748
467,860
172,922
47,790
112,789
126,158
177,968
211,215
137,150,292
10,158,627
167,184
409,417
62,967
157,311
359,955
306,382,434
652,681
683,990
701,862
759,883
728,831,939
166,197,212
111,477,851
848,937
789,812
243,754
316,376
609,612,664
256,600,964
48,315
427,801,976
476,772
59,472,907
302,975
62,447,458
572,650
432,620
724,752
666,980
727,829
278,564,831
45,67,275
183,438
258,543,970
642,720,849
723,871
207,321,918
660,725
236,321
299,402,785
491,663
81,912
323,398,958
553,699
380,615
154,213,391
406,559
369,465
824,860
706,802
229,559,785
281,349,938
57,724
252,684
354,785
526,930
68,391
58,399,729
111,403
640,876
365,530,921
300,320
34,919
548,557,958
204,252,894
161,300,372
670,791
497,586,772
670,785
263,410
434,659,730
355,544
248,317
333,452
634,944
298,541
33,198
525,574,601
582,973
895,945
193,389
675,762,795
46,382,646
903,958
210,648
314,377
832,938
133,466
150,224
183,501,677
330,823
109,620
82,456,492
83,818
28,549,607
207,438
239,397
133,695
62,804
690,953,983
386,656
288,680
308,682,707
195,380
349,861
333,705
48,843
118,343,999
651,863
29,598,668
415,809
103,606
176,845
23,113
757,916
677,692
574,674
465,900
6,833
8,672
76,520
111,941
484,827
490,790,890
872,940
714,920
54,747
253,325
759,790
213,354,998
191,202,778
450,694
367,385
830,966,999
33,394
1,211
118,507
90,274,410
131,453
604,878
86,980
165,831,953
261,874
68,78,832
235,530,631
174,423,816
60,449,715
120,401,481
198,889
169,569,694
319,499
116,540
147,681
454,489
466,974
21,897
640,865
119,813,862
186,504
1,767
204,222
13,540
46,206,341
117,244,879
359,645
224,893
260,456,922
289,328
695,942
3,530
433,610,890
347,611,962
179,461,559
447,757
538,596,716
134,936
432,778,859
514,835
671,704
495,507
486,926
493,907
474,778,817
269,396
250,602
249,478,844
511,780
206,713
6,315
268,953
433,536
740,786
590,831,953
323,517
204,492
30,422
529,695
381,420
14,427
11,197
2,268,914
121,262,471
247,782
665,794
575,952
291,835
141,273,659
252,681,689
43,151
92,881
45,925
373,947,994
508,569
127,837
351,556
196,518,728
103,558
117,406
583,887
104,496
14,497
429,894
413,687
174,209,645
18,896,922
417,510,837
39,187
200,890
260,632
711,744
803,949
516,954
480,765
284,989
53,505,784
100,218,635
193,841
202,259
366,746
956,958
434,594,688
350,368,863
503,760
195,536
223,300
186,257
417,668
465,902
265,446,488
449,525
685,821
528,533,592
317,707
619,938
354,712
42,74,448
403,579
351,892
468,519
172,922
267,655
619,982
738,901
283,294
84,158,556
364,724
819,889
651,922
792,979
63,398
114,455
486,852
248,268,517
28,681,893
421,934
309,370
822,885
29,887
163,303
576,798
459,658
74,890
377,997
158,661,827
573,885,1000
56,419,433
243,342
758,795
62,796
655,805,825
131,350,773
44,242
90,212
347,648
64,374,449
106,210,886
39,247
56,476
536,683
193,455
204,455
669,721
9,607,696
499,761
350,379,644
215,759
52,626
390,763
5,825
279,959
860,992
397,544
296,981
139,298,377
561,759,763
249,465
608,832
505,863
585,652,865
183,824
494,652,874
316,336
802,866
140,525
224,285,888
349,455,631
360,501
750,998
112,541,735
310,983
234,691
727,752,988
137,488
752,803,999
187,281
21,142,503
548,682
260,747,938
420,517
489,786,957
495,731,903
705,749
103,235
614,751
544,564
18,306
642,672
221,317
366,735
275,950
255,963
918,934
348,424
108,182,326
24,998
117,944
685,736
320,526,930
186,987
452,592,938
97,483,817
321,679
170,645
147,321,931
97,875
219,996
401,569
102,919,930
555,896
410,921
49,129
265,410,672
111,909
703,928
266,908
595,974
219,250
209,248,520
466,653
293,424,663
86,341,719
382,796
815,887
809,954
44,443,698
155,408
783,809
512,914
419,442
3,686,903
191,528
99,310,689
135,613
86,579,609
84,169,878
648,892,955
186,831
130,906
78,490
66,648,929
85,597
326,681
171,211
513,913
347,544
115,271,934
103,510
129,515,605
132,656
429,884
19,208,345
641,805,873
777,994
157,622
498,976
673,708,715
84,941
786,939
382,915
685,727,728
63,422
545,936
567,624
356,483
208,441,977
317,337,426
294,852
16,194,611
321,367,828
541,595,815
305,796,977
642,805
311,601
347,450
452,582
673,711,915
230,426
119,753
511,577
207,638
479,892
128,523
381,825
167,246,765
259,728
153,547,566
460,521
237,408,480
136,406
822,950
97,558
298,779
431,594
305,985
349,861
256,811
32,47
696,967
419,846
14,293
76,201
228,708
241,955
573,802
369,944
212,928
688,926
161,711,881
129,261,429
351,503
372,770
110,305,971
169,393,757
832,924
129,221
69,474
418,601
640,889
280,623
508,881
651,754,994
115,948
113,230,672
17,709,955
38,663,791
446,631
379,966
296,763
4,565,922
100,607
667,900
69,887
581,820
216,501,862
241,572,862
73,513
368,522,812
589,797
368,630
475,992
573,611,667
391,863
49,543
208,938
312,810
279,389
275,789,829
281,308
244,898
579,787
64,351
51,441,601
159,256
3,769
195,928
372,929
520,701
12,697
168,884
344,423
295,932,955
385,503,859
29,602
267,544
477,856
70,95,758
450,636,943
262,750,985
135,721
56,268
169,471,521
390,760,996
229,330,348
330,825
506,785
6,361
683,754
78,120
92,104,324
43,967
11,505
306,477
390,699
69,883
218,556,703
478,575
366,734
266,853
219,417,735
156,332
12,109,162
254,888
200,343
735,965
406,411
48,266
118,804
337,511
257,572
181,531,752
23,604
157,444
113,560
150,529,620
432,473,508
265,452
388,450
106,670
177,703
242,434
249,533,783
363,509
302,427
539,709,965
251,414
367,859
212,763
435,904
236,758,800
512,697
641,806
143,965
66,211
540,860
255,613
39,47
467,964
244,635
493,657
507,934
96,815
130,428
178,186,499
8,396
127,982
460,689,781
482,775,846
93,641
147,623,727
641,692
182,418
173,238
739,750,944
337,779
48,617
766,866,993
105,691
131,357
200,676
389,576,970
345,598,749
180,924
369,731
193,538
570,857
460,855
646,764
501,966
266,356
48,144
405,634,642
44,165
402,511
55,190,701
732,912
226,770,861
265,986
320,484
91,639
69,770
606,689
890,946
79,129
671,819,842
524,813
546,766
420,590
481,964
515,887
569,713
506,872
313,578
152,581
34,432,516
167,251
645,666,851
233,397,995
867,966
183,379,510
264,678,743
387,440
323,591
335,432
440,544
405,495
399,634
174,303,751
619,691
386,457,821
250,740
45,701
518,526,930
140,249
237,425,608
673,848
107,650
434,986
67,294,872
262,315,875
36,107
281,908
177,591,700
326,742
198,401
416,999
570,871
418,422,662
3,19
808,898
284,934
328,415,793
23,867,955
112,554
113,263
496,903
475,846
58,359
49,321,690
610,649,855
104,791
48,895
611,701
578,641
440,468,874
72,729,803
333,605,813
309,924
667,834
516,999
126,414,914
436,450
35,313,718
475,511,870
59,806
35,499
402,422,707
692,791
355,511
915,972
424,609
543,902
149,232,637
241,359,951
347,997
504,974
702,969
167,933
124,216,837
15,773
715,939
85,707
145,297
81,414
153,327,554
430,959
23,273,773
379,751
22,474
94,884
224,245,933
88,895
254,342
266,656
353,634,659
432,674
207,348
439,478
376,835
118,335,357
64,439,534
28,164,631
99,391,423
183,379,625
965,999
424,589,698
14,540
177,354
226,983
353,624
31,303
46,689
187,851,918
423,492
515,855
333,481,771
193,398
347,816
133,458
223,304
23,712
657,720,789
764,845
2,558,917
536,790
358,543
31,492,771
161,485
662,983
568,686,976
45,727
371,521,737
932,953,999
804,984
267,449
144,429
733,822
256,795
637,839
292,429
57,817
601,703,788
446,747
490,913
106,830
256,319,527
824,982
113,888
142,292,571
116,430
241,769
308,400
6,155,201
438,719
278,456,552
399,964
178,610
151,936,976
343,637
486,714
318,849
12,632
381,604
163,208
344,999
439,550
343,450
867,947
404,464,469
633,785
177,575
588,842
8,278,932
260,718
184,242,998
335,409
437,754
444,487
403,592,619
485,566
261,804
211,398
148,235,243
232,867
290,783
505,836
33,47,318
501,555
76,614
202,855
279,365,855
81,697,725
131,203
720,862
192,225,800
168,305,425
562,783
107,634
185,689
385,873,998
280,884
331,974
250,773
172,569,904
745,820
618,936
175,265,756
32,556,960
58,657
933,941
75,316,384
191,452
81,546,575
98,336,659
39,148,933
57,103,871
438,783
41,414,579
727,819
162,974
720,815,858
146,903
65,239,889
131,639,959
420,669
538,800
179,753,910
532,599
25,93
387,507
105,719
408,564
473,885
460,578
134,405,696
403,651
489,987
14,955,997
16,374
80,314
143,686
300,716,869
804,896
157,466
86,213,612
467,491
370,888
127,716
258,454
246,620,779
400,555
2,21,231
695,761
34,842,870
616,773
802,963
124,844
283,287
374,726,742
147,160
392,402,717
846,955
691,871
853,967
391,731
108,717
531,598,979
254,411,950
69,271,856
104,120
752,952
702,991
222,948
450,657,889
450,504
83,397
343,608
46,707
106,262,843
599,640,929
128,422
336,617
666,731
146,338
36,143,575
100,949
98,241
371,552,752
299,906,977
239,670
96,374,818
566,612
20,859
178,990
33,447
230,367
595,671
67,406
196,653,866
69,449
567,776
39,722
328,971
803,975
193,609
28,864,944
879,978
188,852,975
191,576
393,942
368,533,837
387,853
222,263
38,433,661
272,915
357,572
578,901
110,327,523
788,923
616,979
278,867
701,728
202,218,374
4,379
265,321,940
196,292,724
565,644,749
890,956
585,770
649,734
13,77,550
577,683
103,424
501,587,727
516,517,772
299,405
467,531
534,931
616,946
406,838
236,500
492,792
261,452
564,576,819
840,851
148,530,876
348,872
783,868
391,481,908
297,406
288,839,887
193,590,841
422,490,670
600,847
64,420
665,737
559,614
463,642
17,575,675
154,427
256,939
40,663,997
358,855
32,596
398,448
565,873
46,672,719
506,851
456,490,511
91,817
424,470,987
290,545
123,308
76,482,725
554,649
410,955
763,895
414,524
78,305,653
97,510
168,785,801
101,201,424
325,885
100,286,978
60,370,775
49,773
373,429
77,612,803
542,881
278,429,984
5,399,704
208,854
37,582,936
164,262,427
333,717
51,456,906
511,800,967
690,773
15,57,103
29,248,679
858,938
466,676,921
542,679
625,862
132,182
476,692
490,892,982
630,655
317,749
269,585
442,942
373,543
27,539,896
108,421
538,732
133,203
498,864
132,271
36,671
63,68
222,653
5,33,113
261,588,878
121,659
129,714
58,328,836
147,598
373,459,553
719,810,919
70,207,473
268,474
387,475
206,829
350,755
391,703
487,641
210,846
815,941
92,192,301
260,910
557,581,783
573,985
582,592
586,786
134,518
279,741
301,500
815,972
720,1000
75,920
86,552
51,801
233,394,863
159,755
29,901
218,331,611
362,863
375,760,770
35,459
734,893
448,749
147,320
187,987
7,513
664,959
246,736,823
529,870
704,946,974
395,752
165,392
476,909
532,709,885
434,540
57,720
23,310
356,358
941,996
154,773
316,987
740,934
59,525,624
519,544
27,140,831
620,948
762,823
402,957
662,941
207,339,851
485,919
975,978
828,981
743,752
842,875
87,406
815,960
315,751
475,633
299,923
3,104,574
451,500
415,604,863
3,445
735,878
235,398
780,998
62,480,732
222,507
247,568
702,990
511,691
189,461
678,883
11,521
235,680,935
61,161,730
769,849
15,361,887
788,959
341,870,906
281,313,824
897,970
149,562,627
158,206
171,512,875
431,806
412,574,868
213,302,616
617,751
22,709
780,896
565,773,857
12,262,876
740,797
475,937
160,737
216,543,957
213,496
69,741
204,732
151,795
13,201
850,928
325,780,999
53,485
509,930
81,157
240,640,869
738,895
416,898
400,655
168,784,802
215,254,699
47,837
283,530
15,545
47,653
166,699
42,840
609,751
206,289
39,165
91,99
216,425
674,753
736,774
24,305,529
12,367
45,380
468,699
219,294,316
218,719
310,963
792,936
31,354,833
168,735
162,800
713,984
173,356,445
3,60,638
45,85
438,558
226,607
405,999
708,989
200,207
4,665
224,523
646,798
743,869
702,853
10,879
224,308,475
353,656
372,736
86,253,671
388,579,670
525,691
163,548,613
262,387
26,383,573
323,736
184,329
382,824
745,956
25,731
11,377
139,551
179,351,746
269,588,953
228,331,685
517,761
203,473
186,690
384,409,555
285,623,920
55,209
66,151
548,792
537,753
215,608
338,721
590,596
607,849
157,773
731,881
362,545
207,555,942
581,926
57,965
656,948
67,690
800,809
59,511,768
123,593
216,848
50,335
198,980
209,999
18,895
61,353,772
191,340,815
564,877
363,750
69,638
208,790
163,318,764
197,507,598
32,437
3,839,986
289,445,658
271,566,921
103,470,923
395,773
10,662
425,594
148,342
554,754
199,960
289,496,987
255,740
445,596
285,321,937
464,646
645,668
300,560
198,904
22,339,929
402,594
528,852
292,682
328,665
20,319
235,388
296,384
77,206,353
458,554
612,663
72,86
89,715,735
573,774
419,859
547,803,962
70,568
748,948
916,985
755,773
163,196
357,417,780
98,182,415
558,805
460,586
170,210,540
522,575
365,410,781
20,181,636
254,969
355,389,691
197,303,528
81,384
690,796
100,765
628,667
112,347
252,406,499
652,678
191,422
173,215,557
256,460,920
430,471
96,130,326
806,910
160,233
57,745
6,680,869
152,323
759,825
271,993
574,790
332,613
695,960
50,138
542,656,753
220,478
116,142
485,728
839,976
424,515
167,451,601
19,890
542,934
22,425
83,497
240,566
803,990
458,771,962
128,697
224,716
339,421
575,683
114,424
171,991
625,732
405,612,731
238,552,927
266,447
257,286,748
786,959
726,765,778
160,331
244,900
225,363,840
335,430,889
519,974
174,198,318
280,356
553,588
390,592,793
5,684,688
332,696
82,227,460
53,601
108,870,971
404,725
278,436
218,360,712
115,997
330,554
598,787
189,533,863
161,221,948
390,397
417,563
148,423,826
212,412,758
599,898
450,819
328,836
422,796
365,601
349,405,679
610,992
45,96,915
195,751
582,622,810
446,639
390,673
121,451,856
823,836
42,431
252,772
826,876
131,422
150,154,840
684,761
104,134,971
315,914
821,924
665,997
733,910
612,927
77,327
427,800
269,409,923
348,616
570,797,914
70,987
925,996
153,723
40,59,557
200,907
26,901
427,816
232,662,678
10,912
120,154
107,778,909
318,356,428
324,693
378,450
356,819
93,708,834
276,449,859
374,983
525,815
347,799
458,548
708,1000
148,459
249,660
144,978
370,719
257,369,549
83,785
51,481,820
614,909
377,493
246,341,836
150,733
768,996
89,477,576
803,979
79,340
198,812
178,360,714
263,617
209,535,723
296,838
85,283,979
280,475
118,181,961
266,903
238,282,807
539,599
242,362,744
339,501,512
228,890
586,715
8,690,914
84,176
527,777
153,410,898
709,822,863
286,375,477
275,503
245,432
451,980
520,985
809,913
174,819
100,218
767,782
290,740
446,924
586,723
442,691,950
148,563
69,286,380
975,998
37,238
330,611,823
304,442
740,764,944
43,568
101,485
567,892
264,450,906
429,549,837
174,725,812
296,436
67,469
204,338
478,686,991
548,714,956
51,399
241,804
128,764
746,776
11,541
96,188,920
165,205,381
102,993
165,581
422,584
23,317,441
37,701
260,591
13,120,572
933,976
39,243,963
608,729,866
39,647
317,734
452,529,987
372,808
219,659
86,906
471,683,756
760,880
648,818
269,982
25,226
354,570,951
174,510
121,611,761
205,443
438,955
94,148,664
371,990
13,201,495
465,866
279,318
152,454,756
107,323
184,717,750
387,733
318,352
458,706
530,609
639,1000
200,708
99,881
417,496,779
972,1000
69,566,749
43,769,870
196,304
143,901
382,969
292,319,814
128,980
81,746
816,876
15,67
328,408
426,493
59,257,267
328,798,996
708,774
11,34,794
667,736
683,727,983
25,135,460
349,495
465,560,604
206,219,959
226,295,360
40,88
429,594
196,603
502,853
86,846
77,768,806
145,331,807
692,942
311,577,750
124,416
132,821,880
222,538,712
76,83
523,640
159,372
181,241,359
180,183
112,551
153,534
37,818
322,401
472,595
173,314,445
154,233
308,550
340,363,905
333,563
77,864
597,679
221,641,893
126,982
642,734
29,473
250,276,765
234,271,329
144,879
177,210,784
9,765
577,818
400,793,872
737,989
127,407
582,671
178,386,401
29,453
383,762
580,709
639,848
354,579,997
215,880,984
140,360
231,595
62,322,528
452,695,922
229,337
88,753
210,745
55,206
220,268,735
220,917,945
488,532,804
615,806
24,712
330,479,781
271,815,847
298,652,726
203,325
302,370
103,841
305,613
324,815
128,547,978
137,271,765
834,847
277,333,876
21,798
250,651,812
75,622
28,890
523,534,762
396,635
577,804
297,740
452,536
398,416,952
402,965
257,970
260,332
83,225,695
32,857,906
383,416
69,804
327,507
155,215
423,467,796
458,540
212,377,898
268,418
413,640
67,251,423
497,690
871,944
6,307
618,839
700,893
757,984
395,619
69,471,647
317,364
380,995
146,312,412
403,450
539,692
435,743
230,289
380,979
97,194
899,941
491,784
217,444
275,824,992
381,850,981
216,224,538
164,315,592
525,821
165,330
380,461
3,573
351,492
108,791,956
207,734,792
148,526
935,957
384,408
656,770
566,611
682,809
229,243
97,175
446,778
301,398,954
283,584
96,551
263,748
783,811
99,240
659,805
32,116,348
373,384
256,464
537,855,858
427,596
92,458
133,471,794
418,442
237,373,448
797,896
39,354,602
654,812
633,995
302,798
463,480
311,734
119,623
255,601,811
248,426,748
266,878
860,906
140,375,989
133,627,869
134,577
432,949
606,818
251,318
267,305
444,856
209,775
396,976
879,996
97,580
28,72
293,529
203,471,752
45,926
219,348
118,440
188,788
272,487
60,332,557
184,445,679
468,475
21,54
539,980
474,703
26,332
930,952
365,740
325,446,652
356,886
284,487
219,590,958
214,261,315
383,833,916
183,647
278,725,793
9,178,479
328,573
419,981
269,339
397,831
200,480
71,432,650
387,472
83,894
180,826,833
80,915
45,876
16,100,140
275,970
256,772
180,670
691,959
127,721,873
361,461
88,260,329
35,985
7,870
118,258,561
77,706,959
171,966
437,459,704
372,763,997
557,960
90,595
382,989
13,530
203,408
288,638
668,994
92,995
17,339,846
671,740
249,272,595
139,149,916
144,794
98,381,803
675,821
281,537,923
117,315
213,526
1,97,206
166,567,853
156,944
477,896
396,502
638,820
32,67,170
176,656
536,925
166,670,763
376,924
382,785,938
701,932
135,741
44,116,601
320,539
380,841,870
441,548,686
68,835
88,267
84,815
277,548
131,145,899
9,639,799
806,821,900
924,956
349,515,574
438,803
653,854
337,734
27,404
380,570
230,472,565
350,717
506,583
398,852
398,538
45,60,343
277,738
241,572
202,267,845
87,539,989
450,985
85,644
473,698,852
90,337,728
227,404
543,736
513,687,998
250,272,619
159,934
134,884
251,313
428,948
33,536
322,768
391,397
230,734
41,976
156,295
376,902
484,519
216,526
624,751
450,637
381,837
246,697
322,406
522,558,657
456,555
634,952
619,738
264,328,785
30,204
73,624
101,738
143,863
33,436,756
171,448,522
254,291
797,982
253,510,527
323,845,962
345,740,898
82,832
822,866,954
682,715
50,405
6,503
657,819
307,783
583,976
36,155,421
158,170
121,954
54,568,802
935,942
682,774
380,394
310,774
47,69,641
509,519,988
308,442,525
339,416
469,545
635,697
355,529
243,841,870
24,626
293,913
135,192,648
18,350
335,654,850
213,444
171,849
298,595
53,194
92,194,255
754,843
33,429
41,67,883
123,461,713
165,299
41,278
114,146,795
271,472
325,789
3,283,601
302,660
130,682
393,408
1,42,264
113,408
105,172,650
389,486,641
430,711
86,711
80,408,691
377,410
817,986
433,536
334,859,935
366,434
164,876
4,371
74,288,649
80,357,891
762,975
108,971
367,984
8,792
77,252,981
69,566
483,519
238,957
743,869
655,662
316,449
301,964
134,995
5,34,863
407,551,576
152,837
662,991
139,206,309
368,429
170,860
159,313
280,643
152,267
590,597
473,666
15,27,709
61,476
340,454
412,543,996
842,858
455,577
491,908
298,654,874
524,745
782,819
187,606
37,184
562,678
389,730,931
534,812,985
672,1000
65,376,777
616,807
19,512
948,951
83,195,803
500,784
130,191,733
130,167,657
427,629,980
453,510,660
7,926
627,806
137,532
230,620,649
72,316
115,900
344,745
287,337
477,754,940
217,239
266,424
124,512,895
131,619,952
355,613,814
262,618
722,818,986
636,905
112,460,852
340,589
57,675,704
513,954
888,916
491,660
91,119
7,792
267,968
246,464,689
160,563
228,879
158,263
177,392,771
320,337
350,468
750,756,960
341,859,899
564,814
466,724
304,559,813
200,904
554,793
299,618,933
872,952
633,827
412,536
113,455,634
7,229,341
38,125
413,609,814
150,365
25,826
338,698
367,646
352,525
213,485,612
165,687,712
305,792
269,984
58,182,918
34,618,830
130,524
379,550
338,657,787
9,627
443,807,885
205,361
691,931
836,870
523,996
112,292,859
250,931
275,921
18,420
48,619
643,710,996
517,518
615,826
574,629
176,583
464,514
108,283,572
550,654,787
34,902
198,869,872
179,224,320
533,789
145,415,463
32,663
150,750
188,724,777
141,565
422,798,824
335,825
10,941
782,904
92,192
282,355
606,686
64,624,834
50,966
247,412
127,937
93,319
553,890
65,162,462
84,165,902
93,110
89,496
112,466
144,284,748
2,293
689,736
240,514
839,979
270,970
365,768
48,281
37,832,995
39,94,205
485,738
85,653
295,323,623
31,309
334,1000
571,715
222,336
197,528
221,726
367,414
115,194
296,600
124,621
60,894
35,141
467,836
286,619
18,91,891
120,235
331,740,760
719,736
9,660
58,751
152,577
95,300,618
262,597
56,580
327,937
329,495
27,233,471
288,486,944
892,934
726,880
361,739
731,824
374,401,610
258,767
806,879
27,877
460,592
88,180
219,222
87,363
524,700
52,987
236,955
139,640
19,366
158,476
99,771,824
311,921
41,432
554,746,856
520,945
462,638,1000
166,573
863,935
584,705
13,31,106
79,198,703
173,626,640
158,820
212,706
655,864
67,78
73,466,537
498,870
21,260,876
9,56
635,719
101,261,536
20,674
323,549
405,613,633
391,523,730
563,943
127,267
215,814,954
544,921
89,282,473
213,336
860,937
522,943
174,463
593,645
84,395,909
597,819
319,808
193,251,531
328,981
202,311,718
3,652
18,443,576
408,789
702,831
251,303,688
464,935
479,702
585,747
119,673
703,713
9,996
832,906
359,556
257,454
402,441
919,962
449,825
17,87,325
520,563
293,306
191,598,825
370,529
581,714
53,283
428,859
96,899
100,514
85,563
720,974
355,800
619,816
455,911,987
226,912
2,739
456,712
715,759
41,285
893,999
438,966
381,391
772,864
107,111
61,341
325,468,751
188,845
277,538
722,939
383,601
64,620
6,121,362
131,407
213,839
180,204
879,898
237,450
183,502,550
84,518
171,510
710,853,910
89,564
349,531,824
395,530,962
8,672
416,879
186,219
529,597
65,166
630,631,955
689,880
845,897
199,852
593,636
587,985
42,658,817
477,891
411,677,896
634,728
21,297
209,654
703,782,877
78,873
451,592,612
445,860
131,216,314
505,926
182,852
508,604,756
392,868,979
742,907
701,799
365,410
154,217,481
809,860,971
58,721
309,543
340,442
174,568
9,279
331,633
289,307
57,858
598,704,819
47,596
208,303,700
227,551
139,326,620
11,586
233,725
584,619,727
681,800
95,180
141,712
142,292
84,273
433,716
5,410
25,978
323,571
192,418
111,994
271,668
86,106,467
748,963
143,617
112,378,851
830,899,914
263,293,945
205,924
211,419
114,380
183,193,840
376,903
779,853
380,800
500,540
216,577
25,179,643
366,570
445,821
137,771,896
223,539,611
15,842
47,989
68,95
541,969
249,846
120,219,814
300,423
770,816
112,207
229,626
560,862
23,773
244,285
54,65,420
42,196
202,639
474,727,970
226,330,698
282,942
10,746,810
12,163,796
448,481
313,559
13,969
301,901
477,743,994
223,667
160,674
41,132,221
115,960
746,887
557,729
68,839,840
634,912
138,406,464
347,828
562,701
783,803
19,424,540
567,655
715,772
640,729
271,576
496,959
433,572
296,740
432,848
69,697
340,659
649,907
19,134
213,529
219,470,557
847,939
466,566,759
462,938
492,631
409,477,630
617,720
468,943
236,871
426,673,910
676,848,851
380,874,899
63,644,651
502,752
384,408,651
25,540
439,685
292,664
59,429
561,723
174,627
185,771
93,117
40,505,629
58,201,486
312,685
133,676
481,927
330,844,907
192,579
84,416,471
245,782,943
115,475
92,809
561,723
672,774
131,257,536
272,621,815
74,130
114,684
257,636,754
12,372
806,866
321,754
35,173
474,489
633,859
373,705,900
188,854
13,340,781
91,230
240,452,718
745,960
181,202,805
833,923,1000
364,654,657
580,754,871
157,657,680
296,652
118,739
731,986
57,292
390,749
41,562,1000
529,694
741,994
349,655,911
733,858
11,106
113,849
169,869
211,329
14,264
652,732
439,528,804
275,575,735
626,792
257,404
160,870
252,275,528
95,594
379,909
165,299,854
303,669,700
620,882
992,997
30,339
325,608,645
79,386
635,768
316,489
553,956
660,868
162,975
232,735,927
547,622
81,793
468,691
435,734
106,109
662,985
208,441,731
117,375,719
10,41
650,765
156,426
16,741
39,859
346,626,809
560,813
202,486
520,694,804
233,384
156,280,822
680,983
10,693,787
650,938
623,806
290,364,661
2,15,448
10,621
265,632
163,243,329
650,713
161,479,762
517,644
381,873
299,494,712
181,863
866,943
331,488
109,316,385
104,330
162,267,571
175,364,629
437,485
502,915,955
167,809
561,968
561,620
749,934
73,544
341,800
520,593
435,476,520
2,22
221,250
369,439,746
633,783
335,569
74,230,685
63,363
82,425,453
326,348,383
45,135,333
250,401,689
681,929
498,568
181,268
59,90,948
496,713,720
447,513
67,134,360
369,675
570,836
126,258
355,745,956
882,918
43,451,535
58,181,521
139,937
441,836
1,464
232,678
33,56
54,121
222,618
284,474
376,778
704,816
288,838,892
441,474
183,488
425,791,991
447,557
173,790
29,38
829,899,915
581,602
6,143,379
148,859
34,76
227,387
7,967
250,656
298,678
696,718,923
124,953
186,393
95,411
222,854
13,792,974
407,527,904
191,910
602,801
25,741
111,232
446,588
138,278,563
35,220
84,228
353,915
121,606,633
271,372,844
343,622,869
199,469,948
64,741
116,420
197,585,860
487,649,910
661,950
622,927
63,916
913,995
150,861
285,410,535
200,758
45,481
474,947
297,379
381,474,872
293,625
357,632,707
200,575,652
726,953
210,490
166,279,975
64,633
90,319,928
150,374
35,243
317,685,805
92,631
597,750
287,438
111,645,905
769,878
332,573
128,549
125,974
510,663
386,935
467,693,911
36,350
455,683,973
568,592
559,905
604,994
575,666,731
625,942
479,726
281,881
389,992
111,131,930
69,879
263,602,899
399,848
403,461,803
253,505,583
227,440
31,353
182,330
668,840,947
257,681
205,467
690,784,926
601,673
499,692,990
617,685
428,469
87,817
209,336,865
494,585,694
18,143,520
700,868
326,616
432,473
129,340,576
557,592,750
535,555
62,193
739,848
43,608
721,979
56,531,951
332,911
95,664
706,741,845
522,943
843,998
360,753,902
87,904
500,596
167,285
121,200
467,923
425,666
191,297
35,256
202,823
186,848
534,706,972
269,908
153,799
54,945
164,667
33,478
416,546
173,559
47,144,405
403,808
60,139,199
150,362
145,261,956
82,170,936
220,333
322,448,873
78,515
337,768
216,250
885,902
75,436,515
38,342
737,928
99,270
23,216
320,332
596,620
323,610
411,498,738
74,944
134,170
171,312,868
364,897,966
319,486
684,707
239,409,541
160,367
442,918
903,997
753,779
211,420
56,678,734
128,866,975
833,843
263,308
792,979
699,869
364,737
524,701
4,269
367,396
105,322
13,215
77,560
160,598
492,629
16,263
275,888,1000
56,245,368
827,984
488,639,992
116,913
290,645,907
215,449
162,229,733
319,466,753
86,114,413
133,143,650
354,711
226,395
272,312,546
34,415,731
452,491,530
561,759
467,870
164,691
147,861
215,266
9,441
471,727,918
563,937
181,610
502,551,554
561,682
360,386,388
4,311
315,480
130,386
325,476,480
75,278,419
385,638
451,480
37,50,420
763,838
492,548,820
385,961
510,539,646
179,197,915
255,936
83,409
102,779
219,925
330,849
120,441
19,59,447
347,888
215,221,311
109,387
182,947
188,199
431,444,971
641,972
126,674
60,603
123,343
150,429
175,927
77,812
835,915
512,637
728,879
70,149
583,889
24,297
37,355
360,380
211,686
73,550,686
78,890
14,55
41,245
241,696
235,457
527,807
282,813
68,583
590,600,609
721,834
305,986
175,655
447,590
202,922
513,668,985
208,553
853,900
50,891
270,296
878,912
229,436
113,135,648
363,880
165,783,936
387,993
228,714,861
93,586
223,254,541
337,462
141,314
302,484
526,779
20,518
54,947
217,536
7,423
337,939
138,879
10,863
146,195,745
521,622,927
3,757
688,759
25,87
465,479,681
214,258
429,454
335,341
456,684
775,849
427,875
231,845
296,399,894
704,899
150,413
610,824
60,523,681
12,492
532,633,654
284,957
150,943
137,224
87,741,772
283,793
452,784
98,628
272,346
661,703,813
303,557,979
222,791,809
468,622
128,182
127,476,502
404,469
636,843
8,107,378
74,967
105,388,831
368,670
284,696
366,370
913,921
763,978
611,638,828
391,456
330,1000
36,721
108,820,954
43,556
115,439,978
463,905,914
260,583
133,957
792,811,849
296,457
442,661
349,385,640
83,112
26,73
14,463
560,855
593,782
114,337
322,489,799
265,529
344,425,855
247,254
459,680
13,173,745
282,592
222,962
559,651
124,593
495,597
485,969
186,898
36,269
272,535
181,848
226,853
107,311
154,767
120,493,804
418,627
515,901
35,615,874
438,732
17,408
431,664
713,947
168,260
106,293,980
287,433,872
188,499,504
736,844
153,432
437,743
42,236,946
71,613
12,299
193,251
202,670
374,512,951
193,721
33,581,659
26,184
179,402
335,419,678
840,952
561,786,825
9,28,560
194,413,430
249,919
258,379
146,743
628,818
851,981
113,472
594,630,972
100,759
286,369,528
115,168
619,671
267,827,920
837,992
694,953
315,634
217,278
158,813,930
398,476
46,823
163,296,343
222,801
314,647,678
293,971
122,429
391,452
455,510
217,426,567
115,530,675
125,659
410,762
46,74,928
318,671
748,815
79,516
280,463
125,726
333,881
105,142,275
891,919
75,265,521
825,838
91,226,607
25,338,940
48,94
226,654,658
514,560,644
14,103
698,701
210,233
215,546,631
551,992
572,992
110,238,535
124,876
47,76
30,600
617,668,982
387,950
384,643
436,551
61,927
542,598
507,864
160,573
359,401
574,794,986
8,123,817
105,308,390
711,931
435,711
445,860
855,883
367,507,706
371,497
55,877
221,450
253,689,744
653,971
227,506,558
434,623
65,130,991
355,868
608,740
379,941
266,916
319,598
420,502
481,885
519,726,939
40,941
75,617,657
486,871
74,203
83,124,400
15,775
266,747
292,708,888
305,592,745
655,705
57,221,682
642,704
307,769,813
432,953
88,230
27,676
336,418
39,354,721
640,736,878
6,28,349
385,849
472,493,764
343,804
124,914
86,266,590
71,415,698
115,275,915
50,510,875
53,617
91,149
64,578
660,836
159,775
78,771
464,531
98,338
261,422,830
56,739
664,980
384,587
928,969
194,623
619,636
435,476
531,593,898
691,947
495,986
52,215
290,482
462,822
120,723
163,618
2,293
309,916
706,944
216,569,803
631,688
37,485,583
418,651,998
381,463
537,959
428,565,759
25,620
158,943
346,684
203,400
123,519,693
346,434
902,920,921
551,797,965
512,625,631
747,861
311,602
347,806
413,860
131,448,518
72,310,879
3,666
47,208,954
15,180
552,827
275,858
630,843
63,204
335,786,972
553,563,691
451,836
36,371,944
803,829,877
158,541,614
186,956
451,911
33,176
104,547
539,546
40,877
377,844
391,916
235,841,857
92,235,670
84,945
54,944
57,167,169
16,443
281,637
192,553,697
101,242,495
348,543
443,761
432,756
200,496
449,782,797
40,483
715,836
383,653
56,142
118,878
325,620,624
294,801
189,254
158,325
62,602,826
12,599
62,333
180,681
699,779
617,999
299,355,398
65,74,723
205,537,909
200,441
39,991
47,467
466,898
305,412
52,809
166,208
94,911
144,466
437,905,970
28,375,401
437,503,706
240,534
670,731,911
588,630
20,732,791
429,645
463,473
320,487,549
25,928
185,587
513,977
203,651
43,580
130,539,959
580,693
3,745
685,934,948
213,987
166,782,929
788,996
547,791
446,516
465,612
635,749
328,679,876
109,285,295
119,620
497,556,918
303,486,688
142,635
420,528
39,210,660
67,596
108,322
133,380
619,788
568,594,646
306,742
113,875
58,510,569
524,958
135,511
633,792
395,737
103,179
135,980
16,162,415
414,659
164,204
511,720
86,721,777
150,315,589
314,477
130,316,520
194,197
694,772
436,893
290,829
151,991
575,826,935
260,430,622
160,503,892
387,542
290,865
36,812
106,594
210,303
309,732
631,656
140,197,624
281,878
608,988
218,974
425,986
134,974
339,949
522,589
108,134,485
384,408,725
546,612,819
630,757
476,831
338,564
608,770
507,849
17,282
154,747
491,932
863,864,988
93,240
315,671
269,522,809
272,283,688
678,739
179,817,920
196,212,284
299,877
48,316,533
220,951
314,682
429,757
125,299,858
335,661
226,640
34,501,782
335,595
935,937
28,267,292
57,360,931
456,854
387,501,610
615,977
436,517,811
841,903
98,509,827
101,802
259,331,765
65,246,642
294,319
331,828
145,169,922
143,988
498,857,889
460,781
486,598,702
273,362
339,407
624,675,937
319,974
230,465
454,827
16,127,598
448,831,962
362,590
501,954
374,478,539
169,852
183,338
232,382
66,425,573
417,862
336,782
333,814,963
355,663,768
449,603
185,186
170,217,876
627,751
96,455,535
108,923
175,905,983
136,452
140,352
354,453
549,574,860
72,97,915
57,230,937
309,870
36,365,420
321,546,920
408,689
134,135
5,630
512,868
717,916
73,959
16,596
214,302,362
26,676
262,297
382,611
16,350
20,200,363
406,871
187,902
476,580
364,884
196,631
213,283
62,405
53,638,856
63,336,787
42,434
165,592
19,26
157,305
687,782
372,969
12,470
524,606
213,289
549,845,997
629,924
425,568
131,241
29,532
179,503
394,521,575
209,468,676
272,858
465,623
119,525
87,310,595
62,137,750
633,670
406,410
91,142,910
286,858,935
100,427,721
199,773,833
468,901
383,678
177,936
221,417,821
202,316,322
361,678
564,972
58,700
574,582,854
15,544
366,464
112,129,377
15,16,145
87,681
493,571,928
368,891
865,948
34,396,519
141,287,890
80,619
58,497,894
210,440,658
102,158,904
360,544
179,972
182,276
53,208,913
18,627,889
346,385
445,530
203,562,817
558,941
304,728
46,292,462
220,883
29,120,135
450,562
201,456,633
75,207,270
526,867
257,888
143,258,585
493,845
566,639,910
28,382,846
99,187,338
709,981
159,964
367,664,693
4,562
390,514
582,776
198,336,520
132,223
27,668
75,822
404,939
308,421
330,463,471
255,676
793,840
266,860
652,658,721
574,729
163,870,963
27,384
78,669
321,432
592,747,878
280,535
402,452,747
549,931
131,532,943
767,817
130,230
62,314
223,389
736,905
525,672,720
115,610,675
735,956
92,693
420,707,895
2,315
153,164
103,592
507,746
146,588
408,701
699,815
749,949
253,614
320,582
416,433
427,450,993
336,650
365,922
897,947
482,552
824,979
184,701
57,723
527,865
323,607,736
233,516
191,410
285,667
218,707,808
190,277,818
79,108
640,981
474,997
241,711
7,392,816
191,197,323
643,685,955
24,660
73,341,439
175,946
268,906
344,626
18,93
806,848
250,914
195,474,941
543,949
209,950
180,372
62,758
17,593
140,166,957
138,633,657
545,940
484,671,683
246,605
661,858
151,729,738
140,643,779
209,407,657
201,906
221,537,561
133,551,617
442,472,537
15,238
309,345,948
711,834
136,869
600,904,914
37,280
442,776
259,486,883
100,375
117,126
232,525
513,826
137,832
357,928
477,739
182,770,877
228,346
668,918
128,788,957
117,259
632,751
298,657
265,576
629,712
643,875
327,844,898
153,992
626,783
841,903
777,965
104,554,751
200,278
416,520
399,782
160,623,806
9,53
325,330,520
130,621
252,846
3,911
410,720
202,411,499
649,848
622,848
228,677
381,671
932,947
582,631
709,724
256,615
573,718,732
12,734
132,537
28,642
394,480
266,868,929
124,459
107,119
358,798
613,874
315,336
724,812
11,953
279,720
37,692
182,372
9,603,995
586,865
114,172,871
964,971
220,519
15,739
176,799
233,540
97,444
240,696
163,172,454
7,391,481
585,807
203,962
124,621
555,751
571,699
612,875
195,674
305,577
339,851
898,948
417,558
421,587
414,576,965
100,272,517
477,512,671
155,508
728,859
258,338,427
138,150,196
176,706
359,459,471
461,462
147,603
100,267
81,195
247,557
349,622
14,640
196,763
197,304,426
419,613
430,474
275,324
329,356,582
113,267
50,733
650,740
407,625,953
121,329
905,924
367,451
141,986
221,881
4,403
198,323
192,243
622,904
138,354
36,190,442
613,702
393,482
518,599
179,749
402,467
111,367
14,236,809
476,841
180,689
280,583
316,682,734
45,755
500,822
177,341,392
59,139,202
169,233
969,989
244,561
203,863
543,651,676
64,981
719,880
587,935
377,726,765
543,630
210,613,641
213,231,421
703,862
211,240,700
322,433,777
277,503
242,833
84,495
9,93,411
249,760
43,155,370
311,538,790
45,500,609
791,976
259,745
163,194,422
389,704
486,957
25,645
287,307,546
335,888
12,999
31,180,956
490,700
520,881
317,374
143,172,782
96,466,586
120,535
36,851
277,694
498,593,887
190,953
437,518
502,949
54,290
168,211,995
29,405
262,513
103,613
717,816
40,935
193,341
155,652
101,939
64,604
301,842
197,746
385,459
212,507
295,696,849
133,694
699,849
7,219,260
578,598
52,222,360
486,793
437,522,970
170,597,976
25,331
455,850
409,943
379,408
215,895
515,530,738
146,413,962
343,652
502,991
409,562
284,367,719
244,850
331,461
209,828
366,792
441,455
177,801
642,742
120,958
329,388
241,411,749
557,696
593,842
367,557
19,543
128,165,905
133,237,416
100,105
344,535,948
190,509,840
144,921
631,717,944
255,329
79,183,488
166,372,935
426,531
28,67
269,654
960,1000
244,733
16,889
465,914
661,727
121,372
227,869,991
414,842
708,835
728,856
398,420,809
145,589
76,683,961
204,590,686
595,883,888
122,550
314,455
489,510
127,214,917
634,830
147,974
180,215,297
547,805
145,480,563
189,214
392,784
272,507,880
308,695
802,901
45,686
304,942
103,409,859
3,74
322,835
84,97
286,448
26,35
710,898
6,386
444,890
134,901
150,511
541,673,879
92,811
279,591
324,479
104,802
202,565
181,371
119,746
340,756,965
11,109
259,704,816
666,855
232,552
35,615,980
11,895
195,814
171,520,781
410,859
578,798
31,305,333
636,756
52,458
418,569
102,371,704
355,790,933
126,433
204,452,958
230,786
116,329
285,845
188,352
554,940
222,289,936
386,675
327,878
11,446
363,677
21,564,953
450,623
27,61,716
168,957
170,403,990
55,85,446
715,729
399,536
215,785,796
174,399,511
10,940
358,399
299,608,830
260,511
411,735
73,977
381,703
725,751
137,719,806
676,727,827
473,636
702,849
28,773,952
693,716
217,956
315,392
349,790
444,926
76,282,872
162,765
215,332
877,889
356,560
684,945
80,214
148,305
63,408,816
313,696
329,722,956
174,443,461
266,938
498,626
567,835
28,598,957
137,575
362,735
198,662
283,311,583
510,950
424,958
303,408
131,237,754
277,602
85,705
360,923
455,658
91,334,345
492,771,841
674,897
562,793
220,397
260,580
370,761,939
105,921
273,900
96,310
112,117,320
352,486
51,446
425,530
83,576
302,671
470,824
409,693
257,795
97,532
435,752
55,245
246,639
63,120,511
720,725,735
93,573,815
761,962
289,690
86,205,451
175,696
709,827
169,269
731,908
546,627,797
93,719
592,863
725,743
443,890
480,955,964
65,692
76,813,872
276,460,969
564,991
98,722
249,271
285,723,846
760,964
210,805
623,931
502,691
279,638
314,473,904
84,516
778,992
351,748
349,391,481
414,588
440,633
169,944
546,804
137,478
160,821
538,738,758
204,349,962
84,794,844
873,914
229,345
189,587,991
81,950
380,844
407,617
421,468,477
262,264
155,408,415
155,356
198,488
365,635
279,799
416,513
278,586
381,482
409,437
229,294
408,676
770,970
203,424
128,514
283,415
90,770
609,794
33,296,518
870,895
626,958
354,595,679
497,588
140,353,821
156,407,761
291,499
365,605
600,842
251,843,938
655,708,993
158,450
43,627
150,673,920
456,660,801
160,472,723
82,166,950
247,494
320,489
27,168,802
204,249,690
60,838
126,150,536
206,909,982
780,852
445,672
909,983
432,822
3,434
96,486
228,295,937
367,465
219,686
860,923
6,409,877
492,725
373,677
268,488
150,831
723,746
204,860,995
621,761
832,890,964
24,111,901
192,669
64,684,770
629,954,971
129,777,851
181,794
594,626
354,648,858
204,451,557
10,358
359,409,464
102,283
89,189
85,907
222,471
154,731
426,656
559,886
361,753
260,851
163,280
356,391
211,349,890
117,951
730,788
666,746
337,346,763
212,331
589,755
370,395
128,815
78,714
121,194
303,648,747
149,672
82,455
34,158,463
148,309,791
42,515
197,525
38,609
87,399
103,615
636,683
251,388
431,583,609
60,132,641
172,659,766
100,478
193,687
425,495
194,256,781
490,743
347,707,719
483,633
350,368
498,515,986
554,915
139,596,669
175,762
83,421,734
150,567
135,958
441,566,901
177,496
450,677,941
32,801
101,332,841
123,777,807
193,378
577,909
384,676
93,138,275
729,774
106,683
425,915,978
51,820,911
230,996
541,906
109,283
94,253,481
576,709
97,195,232
11,285
803,894
472,653
428,561,968
423,730
393,755,837
826,927
787,796
295,620,714
369,656
559,594
411,541,744
104,361,916
62,323,760
16,400,473
51,439
183,371,482
487,520
300,389
146,771
111,646
568,995
36,195,551
11,864,945
51,822
318,495,715
7,849
509,986
131,642
263,390
367,370,656
503,598,917
39,695,719
106,359
220,378,433
350,977
521,741
148,602
359,394
99,612
437,671
930,938
226,570
92,716
30,633,877
324,750
699,897
372,788
308,566
366,778
228,594
134,345
279,630,879
459,622,912
133,606
46,353,760
337,385,934
282,905
286,623
9,186,859
111,613
222,812,960
163,285,948
383,489,892
120,313
82,117
404,952
857,995
489,525
411,426
302,803,840
12,230,504
574,834
394,807
133,891
158,206,564
7,293
343,943
305,916
207,358,872
135,222
300,323,759
106,578
228,245,934
268,371,659
55,600
258,912
622,707,718
301,818
72,730
189,299
436,769,812
183,889
305,920
220,376
121,577,612
352,408,517
28,168
156,816
78,158,704
83,745
46,983
934,972
387,539,774
152,620,748
331,684,806
39,162,646
899,983
140,748
58,241
15,625,803
281,687,980
68,582
319,445,869
818,925
774,997
240,455
307,636
33,792
288,514
51,248
536,671
162,448,604
94,578
382,646,730
50,554,857
266,706
179,250
244,649,736
299,629,814
874,949
103,855
590,604
601,652
224,863
146,212
329,962
229,588
730,941
82,613,648
52,826
157,330
61,73
277,288
635,689
214,941
332,666,881
477,794
311,398
254,879
221,778,921
410,580
74,768
261,884
45,785
138,428,503
446,516
111,522,583
306,408,454
40,294
98,691
28,257
269,343,384
265,687,973
558,615
405,859
614,617
259,939
564,588,713
241,320
63,242,618
183,636
486,651
312,831
48,693
599,653
148,544,849
180,962
646,892
623,939
122,427
767,873
62,420,800
25,385,499
346,562
186,248
177,266
64,185
118,564
44,486
173,432,541
74,160,250
598,764
553,558
147,300,741
312,427
246,439
178,681
653,963
391,398
501,569
293,962
58,337,953
575,833
741,848
206,436
14,583
392,489
789,922
70,80,399
135,271
153,346,726
543,661
19,305
283,324
460,535
237,550,983
514,558
161,969
53,896
260,854
440,994
261,652
62,906
299,568
354,801
254,517,900
10,75,488
693,730
719,959
161,212
424,458
268,864
6,76,905
72,345,677
69,951
372,938
409,636
154,777
776,795,845
226,667,764
131,983
336,510,769
467,497
454,756,804
322,356
101,313,836
548,818
624,757
2,539,812
675,864
489,580
300,345,776
413,455
485,920
101,478
216,363,421
9,152,879
796,991
412,434
76,209
659,900
514,746,934
13,201,402
111,340
255,946,987
203,525
592,802,980
199,433
564,659
882,892,931
97,297
547,719
591,832
648,699
430,983
52,281,356
27,961
270,797
519,760
549,716
30,59
236,924,980
125,714
606,624
337,473,691
389,786
498,594
118,458,822
260,388,833
244,506
326,544,597
16,130
428,565
49,395
200,949
208,723,888
323,454
296,336
103,628
263,673
184,222
619,807,813
176,407
183,918
252,326
195,363
121,303,705
292,585
203,608
326,707
229,423,865
74,920
56,350
380,648,954
194,396,484
312,552
80,552
378,604,961
618,638
373,510
233,507
429,761
90,376
279,681,778
563,585,848
399,477
488,991
837,986
27,951
302,647
341,954
498,542
828,839
66,394
556,724
936,967
203,877
529,797,927
900,989
7,106
364,616,630
247,491
13,343,858
216,807
17,565
122,282
113,916
130,507,702
195,463,739
112,296,994
117,590,844
178,288
218,390,907
287,335,988
431,434
558,630
379,678,851
221,918
300,331,806
185,330
739,916
465,838
128,263
526,633,990
513,613
186,284,517
795,855
286,718
604,713
164,712
412,980
661,906
896,919
28,748
124,416,751
321,663
529,820
238,536
835,910
60,572
249,346
243,303,582
176,727
161,888
253,374
114,281
16,532
526,563,990
84,325,604
371,968
63,232,835
505,799
191,848
123,605
53,423,581
461,645,789
453,967
59,974
255,455,863
99,470
220,364,931
668,904
114,872
46,502,952
683,899,994
272,643
8,688
236,731
105,256,353
303,537,706
524,903,971
847,855
223,763,926
149,378,927
539,880
414,463,794
489,770
143,658
202,288,643
250,489,762
232,648
80,400,502
37,923
630,647
29,103
552,896
86,293
149,273,437
434,626,722
260,819
74,521,611
170,415
577,640
74,288
59,77
203,307
79,484
142,228,609
648,651
134,606
185,519,943
129,200,265
368,371
112,226
12,208,450
68,578
444,489
162,845
133,363,766
62,557,719
390,705
163,177,745
690,830
145,619
483,771
32,603,772
768,819
29,80,341
326,487,763
157,620
223,377
154,457
414,698
639,957
69,776,892
208,721
125,326,764
98,200,982
892,937
202,944
393,867
354,588
171,502,677
818,989
52,489
691,802
255,448,648
428,999
438,800
50,739
41,963
604,793
69,96
248,365
576,603
95,679,826
679,980
99,236
223,831
828,901,950
505,687
436,878
358,564,749
122,538
312,354,664
66,750
305,364
730,786
493,964
568,570
251,498
109,367
310,330,759
773,819
468,640
42,913
274,466
133,882
60,779
279,539
86,632
406,788
447,635
843,924,962
814,833
623,774,850
739,820,938
177,892
364,475,863
476,858
19,86
81,751,909
714,948
754,950
171,896
210,913
277,412,899
333,467,800
212,228,271
335,977
42,221
165,776
401,801
553,852
389,506
278,435,717
503,621,799
203,736
147,298,835
267,561
308,831
728,888
362,449,585
179,549,621
245,488
576,719
209,748
318,614
130,344
478,718
666,839
155,830
259,367
804,969
97,591
676,930
19,618,745
485,661
438,576
234,292,507
551,959
95,513
349,870
782,927
84,589,917
698,721
150,228
77,128,957
108,674
14,223,234
102,311
382,523
690,854
261,509,918
204,409
63,714,782
279,706
760,879
73,84
364,837
61,299
221,426,907
363,938
340,618
249,252,621
201,457
16,983
44,49,608
238,619
636,746
137,723
706,888
10,655
552,678
50,998
41,203,473
183,463
838,849
745,811
289,503
65,73
280,933
408,560
411,720
326,753
731,761,866
51,618
302,766
286,369,792
144,659
176,952
475,537,778
359,744
731,903
845,964
114,769
594,898
244,755
321,627,652
337,541,805
63,236,820
371,389
256,998
329,392,802
89,415,661
547,952
270,561
460,814
139,533
509,752
485,591
243,359
748,931
181,798
137,352
365,428,707
647,668
361,692
192,964
378,747
155,756
641,768
744,819
540,626
71,336,456
12,420,750
807,813,989
62,924
191,223
671,987
676,737
165,619
111,547
146,398
114,355,843
381,382
338,395,436
44,638
20,723
452,792
211,601
340,617
799,989
87,730
546,604,634
70,143
285,710,856
199,728,786
238,600,709
654,662,801
4,181,415
51,302
716,820
309,826
222,833
241,364,588
80,655,925
291,435,969
107,628
213,217
426,605
312,824,843
750,870
112,521
186,514
333,801,811
376,838,859
325,912
11,809
92,601
435,889
48,481,820
420,507
48,989
121,757
148,626,924
612,939
243,312,405
168,327
466,652
196,765
431,639
217,669,987
485,923
343,397
111,183
116,530
375,426
473,520,553
126,907
109,284,364
161,479
32,66
190,769,999
145,361
374,957
104,750
693,942
333,783
166,834,907
423,947
366,629,722
247,916
218,294
249,299,905
439,915
536,714
577,908
768,788
778,853,882
399,513,665
462,849
16,245,508
773,827
1,511,996
146,529,977
303,324
473,488
487,538
570,866
418,579,985
149,669
343,409,614
40,888
170,472,682
48,686
691,761
266,987,998
370,805
267,760,931
414,656,749
328,612
194,618
140,147,834
168,796
231,951
72,875
38,335
138,372,439
1,485,874
236,816
682,828
3,809
780,926
298,550
113,823
290,405
117,278,497
7,313
277,501
135,792
637,885
249,844
207,351
267,697
276,920
557,580
474,495
183,377
217,413
582,987
289,491,868
558,616,889
139,503
16,284,668
84,300
164,445,557
383,425,557
796,993
211,908
216,482
325,532
295,707,828
485,890,995
603,699
116,208
555,974
71,922
204,913
422,495,731
34,683,927
469,562
838,907
656,772,850
197,370
152,706
280,491
461,855
113,669,773
218,256,845
199,554
82,289,964
299,796,901
592,653
311,811
567,712
607,707
686,835,850
358,409
43,124
142,621
456,568,597
109,113,401
744,852
335,593,994
329,666,926
63,574
302,564,588
332,388
18,237,777
16,719
595,686
98,526
123,282,893
615,694
20,237
246,585,654
251,746
138,781
387,410,660
132,978
331,346
239,836
228,918
186,823
1,782
372,449,760
53,64
76,534
105,975
601,700
101,663,679
188,218
534,996
39,119,429
159,641
100,377,523
31,78
6,442
475,605
170,250,765
263,701,995
259,655
301,364
351,691
681,797,850
182,764
251,612,868
356,652
166,320
817,844
43,505
42,823
67,868
67,823
943,964
196,809
852,978
294,873
76,244
322,993
440,711
210,591,688
100,586,859
857,908
104,354,868
229,355
306,896
571,770
24,539,636
198,414
385,672
271,567
256,988
287,396,647
572,906
54,481,843
569,586
37,344
516,778
328,901
174,484
171,889
166,449
144,957
62,632,722
352,448,600
271,943
94,670
363,581
318,343,459
73,806
393,440
223,667,921
783,884,936
292,374
133,374
405,663,836
460,464
64,132,655
229,360
59,266,790
18,348
523,729
359,536,692
54,632
574,828
645,822
466,900
468,794,863
296,438
813,899
399,803,918
293,563
289,424,906
91,923
575,819,961
136,364,519
258,946
93,684,858
62,330
254,598,681
713,1000
271,853,895
476,851
431,434
585,662,743
957,973
592,967
78,924
407,589,896
489,765
210,462
70,227,509
686,869
332,936
198,277
677,883
318,718
116,674,711
166,282,662
71,83,155
268,311
196,230,478
291,710
3,481,626
19,633,884
593,780
119,745,983
166,565
651,683,969
671,950
229,239,483
309,903
405,950
196,622
664,891
120,186
14,461
255,573
732,963
114,623
262,444
272,412
118,616
78,395,670
287,779
374,385
142,154
490,884
767,919
266,747
6,396
173,297,305
283,357
821,825
628,636
307,469
204,558
326,765
76,604,952
208,923
175,431,864
105,142
356,926
519,899
207,406,677
150,246,439
332,456,601
341,759
23,885,895
516,923
181,332,480
559,926
237,697
286,511,704
143,588,614
642,921
215,664,783
292,300,365
271,882
278,991
592,646
755,770
87,320
187,329
311,580
446,952
166,422
330,586
604,819
290,878
316,509
315,408,942
604,943
482,942
324,436,655
235,251,378
234,478
3,239
489,862
648,917
74,369,760
170,692,722
382,561
74,93,382
401,715
752,799
630,746
122,804,941
953,984
159,387,724
796,816
664,878
381,511
228,653
3,377,770
934,982
163,505
40,201,412
811,913
482,547,984
182,286
41,872
647,691
497,604
61,253
63,407
379,627
98,844
481,499
205,498,513
103,297
684,751
453,706
801,903,967
244,629,970
337,951
214,867
18,627
354,761,925
491,803
95,304
208,622
268,865
274,835
574,787
49,966
321,867,905
18,645,970
472,549
410,546
544,734,772
35,170,886
965,995
417,782
362,804
647,798
417,800
48,120,453
40,321,454
47,95
411,489
84,902
38,521
532,865,952
176,589
48,447,987
358,429
316,487,821
225,630,652
741,765
121,790
271,882
478,631
76,440,461
107,715
52,985
76,512
109,880
221,257,834
101,416
101,148,809
366,931
336,760
167,821
31,514
470,601
132,845
112,560
400,421,569
579,614
130,608
467,717
304,763
170,301
930,935
511,771,924
170,392
577,833
464,739,813
896,951
520,945
222,778
21,604,683
26,154,962
272,765,799
484,989
471,751
374,397,825
41,216,359
43,201,379
657,822
217,669,979
332,570,840
109,714
260,814
170,738
674,777
536,848
265,758,800
525,989
133,678
48,619
554,642,744
463,885,899
168,724
253,390
22,284
479,538,549
30,86,987
152,724
240,693
662,711,911
277,906,956
22,53,828
191,989
575,871
178,902,972
97,318,617
48,475
69,370
190,400,409
367,598
165,222,235
107,661,691
764,905
390,871
227,414,984
724,737
230,437,442
853,888
20,318
484,659,812
360,684
41,58,935
163,530
62,443
475,559,856
267,272,387
153,673
718,743,804
651,869,988
208,629,747
79,986
406,481,888
81,703
385,466
139,263
59,620,856
103,412
832,898
242,811
653,825
24,165,609
319,856
2,391
157,261,474
351,472,960
581,771
430,634
285,775
343,904
236,631
550,940
829,895
255,477
4,730
868,937,950
101,572
292,545
245,480
186,759
640,771,913
25,428
138,334,410
390,947
137,939
307,432,922
2,381,787
106,701
385,932
80,892
74,264
299,322
722,832
303,886
361,484
796,941
81,494,512
207,468,897
385,908
338,912
506,949
5,224,956
358,390
719,864
186,640
389,978
93,277
137,277,297
135,293,750
186,462
122,279
575,838
204,769
21,108
176,321,644
7,843,924
5,467
141,515
41,105,249
265,350,471
478,672,998
310,544
72,750
183,938
36,801
181,581
221,664
15,77,840
262,422
60,259
161,535
160,937
41,176,468
300,892,973
851,880
29,220
334,468
443,588
294,731
286,998
23,563
336,622
203,519
289,669
423,925
270,907
213,785
429,904
103,146,262
43,648
233,400
139,362
318,868
252,883
436,724
257,479,548
840,923
491,967
191,968
35,601,929
179,864
144,706
191,663,965
41,575,812
449,495
16,585
337,785
201,801
307,497
211,826,836
633,719
366,489,643
188,854,874
272,539,684
478,649,862
523,811
68,324,464
19,511
661,927
577,712
549,677,783
372,936
35,808
449,607,635
618,906
770,798
197,370
49,869
213,601,971
513,581,911
77,238
340,904
281,764
891,927
87,882
140,566
356,471
535,586
459,591
264,548
651,918
104,391
251,747,790
150,159,978
239,785
182,773
287,803,965
20,177
34,282
137,856
76,494
224,360,489
628,742
884,952
118,806
390,630
156,422,663
3,814
699,933
87,90
104,180
565,644,931
155,626
46,228,528
247,770
35,329,705
653,906
492,529,954
189,547
57,219
283,559
196,917
59,275
267,605,720
554,884
64,382
291,337
440,659
421,497,840
64,973
565,733
341,639
622,923
323,435,583
154,453
5,6
79,269,563
76,1000
218,404
23,473,569
255,651
68,329,980
260,857
9,307
376,755
231,917
263,723,880
234,898
204,947
51,734,873
118,501,713
266,785
652,676
814,841
228,859
374,719
35,572,693
616,674
234,291,806
24,67,281
125,304
254,365,779
486,607,856
312,578
28,836
278,404
153,249
101,357
242,687
325,343,562
290,755,766
98,709
845,987
582,807
199,337,847
379,757
80,389,903
633,732,854
760,891
196,597
399,936
87,275,972
368,888,967
40,217
320,439
118,780
298,968
331,997
359,379,521
455,577
200,430,945
492,898
111,755,990
712,796
522,862,922
23,472
115,682
104,467,483
116,709
213,242
284,314
595,774
131,942
96,218,744
60,851
814,841
100,953
272,756
298,806
433,877
19,426,966
105,346
764,873
426,528,888
785,886
235,486
42,450,673
471,849
424,450
398,791
233,379
356,483
581,650
304,439,997
108,180,332
229,425,911
926,990
477,951
62,769
286,760
582,959
781,783
159,183
466,774
539,849
15,81,245
500,521,541
270,472
452,491
339,419,637
126,609
27,403
374,957
305,606
302,852,983
421,751
427,630
508,636
292,571,996
454,616
114,956
511,592,868
116,832,843
103,738,976
611,753
201,332
321,344
320,507,880
176,181,671
195,302,476
102,526
300,805
244,604
224,370
137,827
690,930
600,794
703,798
9,232
443,913
270,401,507
695,713
127,336
82,831
628,747
415,695,789
402,934
464,586,978
51,180,513
85,422
828,838
198,687
596,858
94,243
177,753,899
53,989
105,641
232,600
103,211
489,702
460,883,939
86,413,790
613,881,954
873,901
747,925
662,695
411,722
505,695
152,472,715
340,507,828
217,380,839
267,667,903
71,670,926
649,887
282,445,551
499,891
184,903
588,719
395,550
455,578
90,759
247,592,964
260,582
73,275,537
152,673
281,490
184,714,772
303,745
335,647
170,215,294
461,520,955
259,367,886
661,676
19,624
303,391
645,657
479,566,894
71,632
101,632
34,211
78,790
422,739
190,409,984
53,531,881
332,898
98,875
214,362,364
560,764
125,687
381,448,550
253,427,738
451,804
61,358
247,578,958
34,516
77,276
11,621,656
414,521,691
578,712
206,750
53,335
270,950
47,366
540,816,988
60,370,428
150,584
277,849,910
308,957,968
433,558,917
79,762,825
46,876
159,202,944
92,301,380
457,570,908
21,737
381,523
366,921
252,604,815
481,826
509,522
684,808
51,329
790,838
98,630,961
234,353,428
281,602
136,692
424,986
21,992
251,888
298,439,503
529,736
88,402
324,568,664
263,313
177,445
402,431
135,857,876
99,297
161,210,832
597,790,911
336,345
684,888
17,318,990
647,783
123,411,811
448,602
200,488
682,779
68,890
544,740
546,824,882
386,632
237,893
235,613
113,138,291
587,984
423,758,885
1,526
598,649
351,786
295,554
248,448
84,833
440,464,687
332,859
108,929
413,648,820
956,962
101,120,601
557,772
99,208,836
234,513,589
406,763,846
467,903,924
491,628
548,648
226,535
199,295
332,841
721,964
16,767
391,568
234,775
469,548
69,567
83,535
570,913
428,611
645,725
594,641
165,876,977
92,201
809,933
93,435
402,764
145,428,552
432,627
59,950
24,590,870
189,382
475,823
365,973
620,711,740
74,272
372,763
16,245
58,947
87,697
535,607
22,953
836,890
614,651
673,815
742,766
612,826
241,408
523,852
170,283
160,902
281,513
60,256
382,551,832
184,783,801
866,900
344,919
33,302
859,898
447,718
221,337
572,667,927
851,875
707,761,974
293,975
150,891
235,726
330,682
614,788,802
486,527
180,609
781,959,974
142,808
447,559
360,769
84,941
490,511
545,865
257,623,736
259,610
206,350,358
226,958
593,713,922
887,918
59,514
167,920,977
645,909
611,650
406,643
67,427,771
195,735
495,581
110,144
304,590
417,651
8,728,777
345,765
132,574
18,600
218,401,935
389,993
489,685,968
606,660
19,44,916
456,458
388,995
561,708
668,763,798
746,855
16,95
379,899
247,329
339,368,545
613,750
719,928
215,836,843
154,401
435,865,942
162,166,330
84,454
759,852
598,730,866
80,311,395
103,214,850
107,232,617
736,746
369,525
439,763
18,168,238
8,497
302,743
399,491
487,491
320,472
41,547
28,88,288
66,814
168,719
832,879
363,535,874
405,791,870
334,571
261,959
48,51
517,732
457,952
562,669
183,278
55,223
208,291
339,955
179,308
259,924
88,356
23,149,589
243,301,705
353,621
51,413
192,995
172,344,789
84,576
889,953
291,347
624,715
467,961,970
519,522
102,993
75,580
268,382
862,899,947
347,815
401,571
285,590
252,798
192,452
374,730
48,540,615
603,767,845
560,602
156,423,584
794,813
736,778,939
139,397
603,672,847
368,773,794
326,755,779
65,249,469
513,530,979
162,549
174,312
401,866
595,856
201,423
559,842
248,398,933
92,297
482,603
393,790
17,766
147,916
412,747
253,485
631,814
110,588
290,898
82,277,312
94,755
342,574
129,777
323,386
193,297,413
513,669,963
44,121,453
278,293
550,983
295,397
412,834
156,997
236,312
230,972
471,532,630
7,596
468,780,851
14,402,405
157,394,965
152,200,299
108,595,622
411,698,846
287,983
296,446,521
543,661
337,386,586
70,509,701
430,538
118,273,343
541,910
21,403,547
318,393
280,423,629
59,191
974,992
345,845
84,189
32,154
99,832
391,634
322,334
525,586,610
146,353,800
656,686
795,845
204,540
142,736
212,744,969
219,320,741
384,869,947
113,521
693,913
151,836
273,714
29,329
199,298,667
306,812
226,404,853
119,468
31,46,231
92,247
558,984
354,780
190,940
49,412
126,335,610
216,465,611
63,104,916
195,769
151,174
163,497
371,638
302,815
367,684
700,965
134,204,247
555,911
274,542
329,677,775
505,511,515
566,844
19,680,728
42,380
83,817
406,816
526,859
22,318,896
402,951,969
249,272,776
559,686
462,711,726
509,562
551,556
719,765
426,579
292,650
429,999
164,167,411
135,559
577,629
256,294
333,884,967
130,153
679,986
547,826,896
404,507
456,597
682,834
43,156
73,559,582
228,308,719
910,938
408,508,994
589,694
197,808,959
85,106,500
82,617,651
207,503
458,811
347,499,549
32,626
7,453,859
533,767,786
181,528
709,777
260,332,811
373,848
561,864,978
107,316,335
25,570
409,423
57,259
127,755
165,802,933
436,766
68,452
5,914,961
565,962
334,723
547,837
124,160,961
25,201
605,969
250,382
191,946
342,573
195,509
126,727
153,291,570
387,547
601,602
59,702
26,540,979
133,706
28,360
136,356
251,716
676,966
271,711
44,242
342,513,700
135,402,692
46,619,917
139,194
316,466
168,876
343,835
849,908
112,966
18,854
573,824
526,543,547
36,427
421,832
67,208
471,590
311,524,793
248,383
827,897
412,426,744
338,930
839,963
179,852,871
361,493
130,259
109,610
212,878
153,792
457,577
327,480
123,181,373
503,620,649
251,515
513,818
295,997
66,103,926
365,463,937
760,942
295,960
926,940
82,408
267,868
188,246,377
329,557,613
454,894
568,712
601,801,995
365,995
332,950
205,947
699,765
670,746,936
67,937
415,970
161,524
241,608
394,940
465,550,817
468,791
5,70
247,868
170,222,700
62,826
189,228,507
416,885,991
27,550
238,282,625
313,620
334,741,844
426,978
551,632
394,774,796
511,623
639,696
733,975
110,948
512,878
434,658
632,768
399,402,672
752,807
682,887
39,76,751
93,116
273,540
104,790
342,816
227,558,587
37,355
204,278,834
115,337
711,713
283,383
55,914
44,745
685,989
208,596,666
244,334,852
74,253,950
1,30
239,402,884
340,833
315,600
129,223,292
116,173
229,318
412,843
152,196
208,699
390,772
570,619
176,545
368,456
59,957
32,938
49,995
549,978
584,730
529,618
15,460
70,357,692
497,662
119,520
274,707
598,765
486,786
52,716,903
724,835
283,331
297,854
531,913
151,164,945
259,286
367,690
715,954
313,952
375,465
245,278
322,342
385,948
256,353
741,991
69,141
547,555,576
90,427
444,500
911,936
727,894
822,837
95,606,698
40,141
888,925
51,215
78,328,629
384,397,726
99,524
225,587,994
72,372
909,939
375,446,720
337,697
445,457,458
683,722
117,140
244,369
176,698,930
634,727,994
649,740
454,551
8,384,433
324,954
346,779
369,537
272,840,853
508,665
58,408,655
473,532
316,569
131,822
12,832
206,662,827
236,245
157,796
538,581,640
596,670
554,886
565,946
97,988
650,925
59,74,252
183,570,836
195,431,979
95,917
282,848
270,899
279,606
8,158
22,179,453
66,486
117,218,226
755,895
429,531,679
260,486
549,779
357,394,943
65,516
287,668,848
362,371,862
402,422,721
313,502
131,204
175,745
84,306,875
25,59,137
133,261
673,850
346,726
63,640
285,833
89,468
314,483
743,999
160,740
116,832
98,419
404,744
242,434
328,792
428,832
479,829,831
325,930
26,187
119,773
560,572
34,225
122,617,875
37,568,894
44,306
54,108,293
304,972
538,685,686
90,850
63,301,515
397,500,836
38,356
154,567
742,989
672,779,861
20,943,990
12,957
448,520,953
264,577
266,890,908
467,484,801
218,472,571
360,859
303,706,849
400,420
689,907
597,626,913
208,688
398,686
22,546
377,685
507,740,937
448,767
90,404,809
488,667
391,559,618
221,960
401,779,959
471,523,979
409,509
703,773,896
383,633
267,404,472
380,820
44,663
17,97,619
69,400
129,506
50,121
126,872
95,204
320,857
210,451
48,244
192,676,907
187,499,880
56,84,668
72,856
306,941
633,824
180,618
581,632
147,433
173,401
14,294
198,994
239,324,967
52,559
209,953
132,224,319
482,525,805
238,891
183,659
72,347,360
306,396,955
83,408
86,696,771
672,715,972
244,512
900,944
207,659
434,453
503,724
12,135,911
159,542
18,329,454
44,752
256,658
345,401
396,952,966
173,955
220,266
79,580
246,539,681
436,448,634
140,221,823
55,576
377,659
102,403,952
18,407
16,851
150,823,835
95,584
254,478
217,324,860
864,984
666,712,771
198,798,966
245,579,947
214,425
339,827
72,499
251,904
293,363
314,580
880,996
700,814
721,884
775,935
226,449,610
317,762
133,600
83,492
74,223
464,969
213,420
61,179,285
288,304
327,879
212,263,781
212,271
56,904
118,657,659
387,897
317,833
270,763
358,378,875
362,842
164,260,590
216,430
756,805
715,935
546,564
494,904
582,697
54,92
82,165,679
320,478
194,375,974
170,793,863
569,711
114,467
331,649
63,556,864
28,322
321,510,766
223,383,486
114,597,979
650,800
308,762
270,443,471
85,438
480,725
265,417,787
331,754,865
230,317
422,509,790
282,754
658,922
75,410
356,492,857
389,850,992
757,939
385,499
208,313,329
781,810
208,475
769,780
142,546
360,968
6,24
267,560,992
31,219,946
295,768,811
270,680,713
34,930
328,501,897
456,927
698,988
537,539
602,765
410,478,726
11,942
1,145,804
127,585
245,616,919
210,604
586,850
794,819
516,569
15,430,547
237,640
346,432
229,415,643
746,948
598,907
115,510
335,949
274,487
226,764
800,811
207,510
210,633
602,973
738,810
628,791
53,498
584,796
420,443
240,293
74,260,857
100,439,871
566,834
151,791
32,979
284,298,821
174,856
5,804
38,746
245,304,484
157,484
12,826,911
834,968
99,391,540
544,749
48,417
612,698
114,280
64,659
60,620,855
53,565
695,734
407,897
314,461,678
103,455
307,703
154,818
84,612
69,322,744
373,674
427,449
670,717,946
155,499
221,578,894
135,467
406,656,764
243,451,481
295,711
326,453
60,921
73,508,838
194,739
597,906
25,96,684
408,578
150,699
303,319,724
45,631
394,569
173,824
184,365
462,636,667
343,955
287,457,789
602,949
47,864,985
121,402,413
556,878,983
270,758,796
249,352
593,640,858
552,950
42,650,699
657,780
321,461
49,924
66,106,293
166,346,975
352,386,499
626,845
165,844
334,746
63,91,242
456,552,906
556,874
34,932
943,960
242,607
695,910
62,581
752,918
453,606
13,191
111,463
135,402
38,686,696
119,137
135,592
259,345
573,975
381,543
18,733,969
453,811,854
162,283
470,926
532,863
60,604
285,755
350,585,922
290,852
51,289,441
586,620
204,251,424
34,47
615,908
358,484
547,794
120,670
81,617,922
54,839
16,170
315,788
335,460
49,318,698
379,545
365,536
366,475,969
329,596
145,482,627
86,442,737
295,310
334,602,960
125,607
329,971
99,242,962
54,798
104,222
566,719
23,694
278,709
457,711
335,647,965
584,713
114,756
502,610
594,702
556,697,729
378,587,813
198,225
37,298,312
207,386
559,628,958
393,522
607,960
35,259,905
10,307,862
46,475,821
419,851
287,463
358,432,694
467,632
98,479
156,806
542,993
152,288,973
526,675,894
209,827,988
21,58,671
322,377
598,708
7,207,693
429,477
213,277
839,925
632,784
94,705
251,934
437,532
531,783
631,816
5,131
426,722
555,909
681,879
463,965
165,452,977
712,833
315,438
638,734
117,353
316,394
284,762
455,779
111,728
9,541
884,951,956
531,583
308,825
83,443
156,167,979
146,491
182,390
297,349
2,508,652
653,967
75,457,750
241,535
233,543,744
11,132,486
311,980,985
157,223,889
291,576
115,194,929
319,522
102,123
121,291,342
536,576
209,361,689
498,744
19,149,727
152,218,439
186,406,619
99,364,699
85,581
397,799
112,566
597,815
593,781
221,570
739,945
33,546
22,60,873
72,666
76,643
230,440
89,128
911,983
364,878
65,674
29,413,615
400,820
363,433,547
339,614
718,934
410,641,883
90,359,627
727,875
885,953
35,485
847,945
484,600
549,857,943
391,870
50,430
323,528,972
121,807
44,732
306,884
496,847
642,859
67,181
242,562
64,257
13,210
764,861,1000
561,644,710
16,33
420,592
205,844
341,454,614
213,339,981
109,694
663,722,801
91,736
189,586
558,628,934
560,788
293,901
285,455
527,650,690
136,623
652,733
134,916
297,380
283,340,601
2,206
492,613
18,368
72,210,653
682,736
555,941
544,736,969
869,989
95,748
432,650,751
116,192,629
298,799
514,787
437,616
338,479
348,463
659,690
173,958
392,632
789,984
514,667,823
330,633
21,52
126,233,526
10,435,777
13,53,911
248,687
383,976
387,433
73,298,401
106,458,588
74,131,613
14,892
762,887
524,569,816
606,678
413,444,712
396,677
126,659,950
109,206,983
422,933
67,559,599
454,990
671,702
13,882
671,930,977
270,943
221,707
586,840
35,193,802
71,914
230,858
780,869,953
157,185,945
266,876
93,369,765
407,830
515,924
443,448,748
553,676
55,209,803
301,535
832,887
165,242,925
225,547
647,699,725
25,26
30,683
215,895
28,514,711
426,481
235,531
679,869
377,763
456,705
364,868
124,942
305,625,680
485,581
619,953
172,344
432,526,551
679,801
201,963
465,469
201,640
8,440,671
340,536,914
384,744
728,842
63,338
182,440
209,335,680
663,935
99,522
128,542
200,625
717,718
570,691,891
618,690,734
58,321
407,616,854
444,885
501,704
249,805
302,671
343,924
22,62
952,992
290,302
92,236,341
50,736,770
694,695
25,704
217,596
23,105,534
202,234,351
321,507
374,889
158,359
326,592,608
731,976
37,75
32,335
196,689
189,232,297
17,491
439,639
344,631,759
241,278,797
720,975
371,454
315,430
278,862
29,242
333,647
573,838
206,777
337,949
234,288,372
23,56
111,195,282
58,501
703,710
69,893
133,225,361
147,211
180,184
84,183
351,646
348,484
406,789,990
609,886
84,183
749,775
165,193,248
96,475
382,660
50,433
166,795
90,726
10,82
406,635
63,794
239,271,877
530,801
39,192,758
557,963
289,666
438,822
425,954
793,868
321,622,951
96,825
229,376
484,690
176,290,430
171,287
31,496
240,891
275,620
342,651
366,590,596
382,898
557,609
53,837
148,263
295,665
57,571
127,720
645,842
380,583
198,799
474,482
209,965
884,962
694,816,912
520,547
312,313,505
813,840
46,823
187,802,876
433,547,812
392,412
594,801
65,191
110,892
674,885,942
424,455,884
554,774
65,740
3,420,424
165,735,837
425,935,963
498,780,868
494,612,871
617,819
219,489
523,647,931
69,389,406
311,705,964
752,845,948
93,254,765
50,558,999
121,246
331,603
225,512
26,670
25,271
550,871
628,719
117,854
474,919
35,618
665,763
39,234,774
521,600,984
272,699,907
23,658
432,502
385,753,907
912,950
596,719
85,814
315,465,677
14,135,801
661,827
142,523
3,626,663
16,819
464,914
28,161
19,650
184,452
547,958
37,405,876
41,258,403
354,848
603,765
303,388
58,143
400,827
261,755,827
239,456
286,368
646,932
74,571,888
17,964
178,286
203,216,430
656,676,932
811,860
194,331
559,649
236,297,809
335,541
180,441,729
320,856
497,532
56,325,393
267,460,623
124,717
389,501,565
318,325,896
128,853
495,613,824
348,463
43,135,577
12,876
91,848
785,958
441,800
485,717
632,672
303,847
389,566
635,764
273,659
401,699
153,419
36,354,361
444,491
250,284,623
145,442,792
171,503
39,582
177,299,833
237,588,645
749,795,996
357,787
97,286
226,276
419,895
18,814
284,762
224,283
565,571,667
303,423
21,183
2,738
288,673
202,598,887
260,538
336,610
311,701
404,410,538
504,539
14,46
111,471,497
353,844
149,564,876
328,578
39,405
681,701
175,587,878
528,570
171,939
175,330
19,709,976
334,849,915
13,838
450,961
31,208,283
236,904
61,301
817,899
105,472,944
211,311,423
30,485
231,912
349,458,802
421,869,955
7,247,842
121,537
79,181
518,700
107,433
262,445
70,779
387,643
106,938
485,602
687,759
62,99,809
212,284,989
837,919
181,779,964
260,809
419,965
36,268,837
153,922
369,794
148,208,301
220,587
131,898,960
280,709
37,963
104,380,663
614,622
179,622
170,717
93,808
363,637
16,198
276,477,831
384,822,952
213,299
435,879
187,855
482,641,832
466,872
105,426,655
249,381
209,473
449,563,716
420,944
231,671
1,126
321,508
235,363
94,141
917,927
879,957,997
639,742
664,820
272,377
303,540,987
312,861
805,855
155,737
132,233
153,706
311,637,782
114,965
732,969
346,607
300,549,855
310,795
329,852
368,928
745,811
378,873
536,754
279,288
616,828
163,816
268,641
301,633
255,814
48,467
209,225
193,628
146,540,632
382,554
507,797
21,315
424,582
252,723
52,597,883
873,874
199,346
538,861,872
371,408,436
627,701
513,938,962
44,524,785
325,373,694
929,998
303,497,956
411,599,668
245,938
403,497,727
198,360
318,488
390,486
129,158,894
414,454
448,649,887
270,476
208,235
83,735
127,930
127,385
178,761,871
612,717,767
249,269,663
54,86,530
235,313,824
360,464
275,397,920
752,793
280,338
866,917
37,857,977
290,552
429,465
50,200,364
787,810
488,501
626,920
149,410
533,597
821,972
20,273
574,905
314,831
94,154
426,763,849
225,897,919
385,719
475,530
921,955
29,63,594
553,805
200,811
219,578,581
3,602
121,235
51,633,976
625,799
194,598
383,790
32,40
516,552,795
275,434
252,531,553
20,241,396
324,899
154,376,491
69,932
175,200,672
374,507,846
149,470,718
55,868,917
595,791
75,461
570,621,960
232,277,865
107,233,704
157,630
279,478
238,425,787
65,469
177,670
836,837
109,706
419,764,949
431,696
667,744
325,922
138,689
719,935
691,921
70,464
681,888
27,50
47,247
281,913
448,517
44,54
242,938
471,679
507,777
13,739,862
712,947
104,791
412,632
247,810
700,949
73,191
28,316
165,544
474,784
388,925
802,908
21,888
517,642,764
295,359,466
209,908
258,835
141,496,758
503,653
505,521
203,756
704,914
517,620
144,317,756
377,722
415,552,803
402,787
143,231,725
317,915
152,686
594,763
88,151,217
407,709
644,860
185,519,970
82,831
143,874
227,647,874
75,885
226,931
105,585
331,991
318,336
128,393
301,761
577,712,956
102,123,787
10,220
4,186
228,556
129,523,707
86,115,453
123,593
280,578,785
385,750
149,781
28,972
73,107
110,903
171,780
413,770
33,83,875
85,301,941
2,357
5,6
42,201,467
761,865
256,499
822,851,927
332,341
727,982
327,499,554
887,935
562,905
206,666
164,295,955
419,437,632
43,215
313,838
65,760
434,765,766
350,378
112,858
17,28
533,795
371,964
676,809
375,654
61,716
442,607
344,617
50,326
251,794
24,156,365
467,771
202,825
282,645,811
442,461
527,972
126,147
294,384,825
63,699,929
621,913
544,706
214,628,902
249,486,838
367,608
279,284,375
432,697
391,423,582
39,943
531,536,768
1,95,649
497,536
118,296,941
271,762,920
310,319,332
727,909
402,810,963
369,802
418,558
163,485,594
198,799
195,896
469,808
117,168
24,29,843
127,455
331,731
546,622
129,202
302,323,654
352,404,831
678,805
13,873,946
42,164,425
673,735
148,264,456
358,547
108,664
240,666,738
200,268
240,958
98,563
130,339,929
190,671,874
632,811
53,467
496,623
306,625,822
368,822
183,195
371,654,970
177,747,924
521,545
328,420
355,884
741,803,812
326,439,496
211,696,700
393,849
295,959
28,444,731
201,209,873
627,700
84,432,675
294,724
263,900
237,383,724
156,483
614,837
324,809
209,436
161,882
557,578,760
61,805
374,682,781
220,805
102,350,735
334,805
247,436
615,704
13,530,601
210,630
143,755
790,854
607,728
376,535,549
864,894
671,678
450,896
415,948
584,686
521,659,874
158,508
404,837
423,738
239,902
342,513,801
285,737,975
438,642
62,546,698
830,836,932
159,252,360
217,577
271,375
191,681,910
82,452,537
286,514
455,556,879
633,800
119,376
490,804
844,991
547,654
819,867
815,856
63,494
244,670
131,975
113,308,898
149,735
294,901
463,537
159,279,340
608,907
135,881
284,656
499,774
59,516
166,580,863
90,507,981
380,414,906
468,698,774
86,243,916
224,271,993
229,429,568
199,611
61,610,642
1,62
348,634
245,420,977
365,677
321,393,988
386,651,708
504,731,825
44,841
843,967
449,728
620,733
326,410
264,301,455
567,767,806
239,974
48,613,791
440,611,866
86,404
337,777,928
327,856
593,625,769
213,516
363,396,812
238,487
509,735
355,900
721,745
977,979
637,804
372,893
370,708
707,927
247,264,777
51,293,530
50,183,970
492,959
523,649,706
66,229
335,491,961
484,828
230,957
387,404
205,529
214,512
117,579,727
324,431
82,894
295,567,838
193,295,417
112,285
10,79
388,878
188,196
596,791
258,490,969
63,150
450,532
217,908
629,632
549,623
221,724
28,151,545
24,965
84,998
278,323,550
55,518,905
48,282,779
405,870
273,419
168,530
571,643,770
327,436
250,949
522,580,851
51,632
204,481,995
162,835
321,333
498,926
416,575
465,928
605,992
80,505
472,597
38,201,704
616,654
16,490,761
3,666
124,318,991
119,257,415
47,913
509,712
893,904
680,819
558,773
467,881
260,772
260,606,790
97,553
204,670
254,365,635
421,894
491,590
666,905
54,466
290,564,678
52,483,976
72,600
797,878
325,395,690
362,630
356,552,750
42,489,931
265,551
360,702
91,115,218
184,470
158,336,454
443,696
502,970
66,238,925
286,365,685
399,782
78,324
483,490
49,553,921
515,953
36,334
262,578,581
70,231
414,909
133,378
200,518,532
286,363
223,915,968
205,692
175,545
886,977
772,855
12,86
105,722
54,737,975
470,962
389,548,790
183,480,752
247,770
310,316,821
139,401
217,672,963
651,695
115,377
557,800
825,847
425,427,814
145,427
72,888
208,448,486
489,702
198,300
388,993
54,180,505
653,708,807
441,456,964
264,600
75,444,1000
145,793
643,869
57,571,759
39,56,760
196,204
414,541
315,767
360,644
923,956
127,630
487,544
769,917
130,888
85,163
352,549
166,790,949
158,234
288,410
257,872
529,841
621,736,969
20,991
707,835
411,483,895
30,108,742
29,658,796
345,409,930
345,939
522,579
16,732
232,332
43,613
270,690
50,510,865
136,222
555,654,753
114,333
169,545,889
172,767
196,337,382
129,683
664,737
744,856,997
234,279,323
297,995
348,967
403,646
399,668
193,799,912
210,572
241,773,837
418,446,563
198,813,899
375,742
210,752
218,676
97,736
158,750,854
480,713,977
33,463,616
480,564
177,916
115,372
191,835
355,906
99,303
444,753
160,162,346
174,654
442,841
271,726
204,560
568,591
199,818
283,876
213,496
490,633,933
41,273
748,944
313,858
91,994
450,484
141,161
67,989
76,667
343,634,945
313,732
45,648
664,771
263,283
353,604
213,550,565
165,248,923
112,191,915
385,472
106,427,669
125,373,430
642,892
503,549
134,958
349,787
384,959
348,473,793
840,873
508,558,819
474,950
65,723,814
207,450,865
57,196,539
44,240,490
262,693,979
35,229,946
304,585,738
256,646
8,800
118,255,393
352,920
101,933
232,630
601,706
340,689
372,457
618,906
341,686,691
11,115,887
322,635
118,476
70,625
109,401
64,130,257
96,346,749
571,799
511,751,958
591,835
128,920
218,275
495,678
160,625
674,752
11,772,825
771,803
199,244,271
123,392
694,818
30,236,979
241,373,767
257,351
369,769
336,511
558,819
253,981
223,298,462
831,932
374,879
162,879
88,743
87,714,974
166,879
156,820
649,672,981
673,855
186,931
26,675
763,918
369,457
768,866,981
14,402
258,584
274,377
33,645
284,711
760,997
171,445
261,510,591
462,621,778
64,962
256,695
187,343
79,999
166,254
210,695,852
587,837,953
401,856
276,334,763
480,645
116,538,592
65,165
164,166
78,383
156,843
219,693
195,384
604,807
254,861
661,807,953
229,452
87,904
521,848
198,474,904
283,691
151,308,797
323,402
82,706
85,679,790
476,668
13,29
222,260
62,703
112,382,821
302,356
355,444
528,800
102,207,438
87,116
205,483
263,565
88,240
463,885
10,143
10,325,947
521,952
461,478
430,435
441,671,833
49,651,662
251,812
350,368,701
863,991
344,754
4,543
173,216
551,841
62,104,860
365,648
218,764,776
308,601
64,565,675
668,962
620,719
264,347
791,903
359,820
501,564
396,429
561,742
556,822
351,695,970
207,799
46,614
70,322
320,376,980
173,434
548,718,916
47,871
455,810
123,233
296,458
740,906
666,726
433,708,784
90,194
196,554,799
475,604,854
48,640,722
296,589,990
339,501,899
21,326,528
294,633
786,849
427,758
256,689,699
301,453
609,750
104,228,342
277,475
109,345
259,711,882
129,233
223,230
155,198
116,294,313
306,414
466,706
68,677,781
520,721
152,761
292,503
713,984
559,693
298,322
116,332
490,559,601
218,352
107,958
895,961
537,570,744
344,719
77,368
146,481,666
52,300
217,393,701
273,802
569,857
432,953
410,675
870,908
727,873
634,692
560,864
406,504
235,467
89,474,965
329,458,579
415,697,979
240,402
170,229,280
491,700,986
441,860,956
484,869
200,446
52,505,532
431,664
367,507,847
209,478
467,839
256,488,753
26,342
245,325,988
429,510,552
220,829,909
176,497,754
484,977
229,745
224,228,944
836,923,967
204,313
38,886
248,495,792
541,734
834,915
574,674
476,920
599,791
61,365
277,857,976
619,812
308,311
812,932
577,750
123,366
230,411,710
144,285
259,864
305,703
606,916
277,467
154,954
28,565
266,530,784
406,858
2,182,480
671,864
373,501,654
262,886
177,599
276,837
215,223
285,353
241,597
706,805
461,851,927
314,409,816
351,823
548,648
65,309
172,476,763
249,715,892
155,861
39,485
147,826,829
508,686
324,591
83,865
559,818
4,695
66,612,648
461,621
321,348,407
417,488
135,696,871
697,992
421,930
94,732
551,829
474,552,553
509,563
520,862,991
177,962
380,983,987
196,266
268,730
486,656
399,501
180,386,599
127,349
425,596,986
539,907
215,598
154,903
70,967
136,677
457,911
146,881
17,71
108,792
462,691,903
274,999
39,234
101,175
319,775
867,871
723,766
386,672
67,328,719
689,897,973
249,467,624
44,293,453
20,562
143,183
386,730,938
2,97,766
164,492
251,561
254,981
294,456
134,249
339,949
370,937
39,601
735,837
952,970
579,602,925
255,626
523,570
847,880
194,271,469
433,917
941,975
278,754
637,777
468,647
205,477,685
711,856
101,165,447
529,688
610,898
605,993
75,623
703,787
249,989
93,634
127,270
686,892
46,117,598
72,375,931
361,612
62,342,801
493,514
15,225,787
147,152,338
253,597,729
604,665
270,912,991
76,942
436,480,774
680,932
415,780
746,761
1,316
21,548,988
223,920
97,309
112,349,725
54,114
163,421
13,738
669,978
427,495
187,595
561,961
85,290,482
104,346,856
105,570
742,937
493,928
252,537
702,894
555,628,964
650,668
93,980
61,611
485,773
434,818
427,540
922,961
308,928
151,454,823
779,840
499,871
166,291
548,602,857
196,572
278,769,829
251,696
16,353
291,317
345,389
695,918
118,894
199,469
388,599
60,623
76,89
536,978
343,459
63,293,743
768,850
194,872
107,338
270,480,984
10,209,506
416,803
262,979
28,883,996
50,350
617,627
277,278
144,202,838
791,923
57,199,639
608,610
56,175
449,761,957
617,621,934
633,917
699,744,948
510,683,979
373,503
140,525
143,478,581
324,696
337,867
116,583,890
246,422
135,365,535
84,192
435,794
45,240,629
409,683,830
576,943
486,828
202,967
516,554
586,697,711
154,447,629
177,208,431
177,282,478
490,505
467,969
271,322,910
326,724,853
172,992
573,695
772,898
686,717
54,66,591
49,368
537,941
244,849
188,367,972
317,347,866
419,445
117,181
676,872,991
209,233
224,309
576,694,940
374,401,565
601,881,900
387,862,992
629,785
595,956
162,320,823
92,958
15,851
609,732,908
45,174,758
36,394
260,431
359,935
256,611
89,813
102,147
229,492
566,682
440,803,909
358,822
446,550
57,226
206,610
289,744
539,973
192,769
246,411,806
177,568
39,388
496,538,664
173,192
214,552
450,756
204,289
446,744,992
394,407,436
603,817
188,944,951
38,679
487,746
338,736
257,275
159,337
161,360
66,249,667
777,869,995
365,387
39,792
107,282,898
345,831
16,467,819
312,802,906
364,381
336,415,861
378,696
763,875
171,378
587,733
297,909
441,818
443,794
561,922
197,475
120,710
99,524,716
306,593,770
135,777
424,587
127,479,912
174,411
368,408,704
128,362,431
450,494
650,787
362,504
254,452
129,766
627,669,804
290,399,839
389,537,623
19,721
463,484
81,251
417,919
430,587
49,174
737,916
453,872,883
105,730
90,473,556
701,704
940,989
635,825,861
246,623,682
406,554
315,536
782,904
532,544,809
726,756
364,393,645
665,777
25,528,607
79,622,739
168,849
190,943
231,659
233,535
438,755
92,243
217,632
5,197,439
70,111
566,770
550,630,808
145,368,396
605,639
418,841,982
235,684
630,992
137,287
774,808
145,935
740,862
140,762,944
24,85,792
200,769
154,260,816
58,666
295,428,697
511,671
191,809
605,774
547,975
480,713
102,181,553
148,810
197,460
579,800,846
570,610
22,556
295,320,684
97,461
267,606,648
557,685
764,963
668,869,912
477,762
418,494,680
5,343,546
203,727
226,541
742,746
371,553
346,378
303,488
607,748
202,832
160,504,762
862,897,916
148,573
140,747
509,771
321,872
350,654,678
351,382,507
54,626
13,116,584
727,747
162,447
113,425
128,493,831
386,571
421,839,899
106,529
38,170
276,458
88,195
13,454
19,78,811
478,866,997
127,732,862
309,818
136,484
336,632
835,931
3,293,929
339,943
194,779
621,649
547,794
137,389,805
18,514
591,787
433,782
327,540,826
556,852
195,778
450,648,806
166,191
234,937
805,871
193,262,548
179,830
571,841
169,315,851
71,480,654
31,202
203,459,894
464,760
157,713
368,456,700
287,516
260,925
293,526
663,916
373,542
668,932
156,301,686
30,552
777,803
560,760
706,846
259,292
250,838,864
101,798
25,346
451,809
252,291
332,411,576
15,833
408,809
208,795
263,769
140,624,778
425,568
447,606,987
515,548
109,968
304,706,969
325,989
343,368
40,116
41,463,580
60,275,360
518,895
29,915
194,413
355,472,514
50,155,966
134,467
665,788
244,528
173,219
123,273
161,724
320,620,726
97,692
628,765
382,499
235,511,584
423,632,670
411,656,914
708,939
616,982
584,830
106,242,577
380,843,906
595,623
241,307
331,972
218,968
472,681
234,411,746
605,724
92,328
8,695
324,548
148,572,987
91,362
154,213
395,432
520,874,891
36,899
276,845
16,338,580
604,873
425,531,946
573,917
721,792
308,778
716,732
476,735
419,436,797
419,543,813
365,835
244,250
127,356,588
92,609
487,871
717,971
156,392,495
371,708,817
221,812
359,458,525
50,281
451,816
286,660
515,987
497,550
17,379
233,440,807
610,683,933
314,350,955
428,717
11,938
747,923,957
146,209,917
577,591
152,239,939
257,609
65,234,486
360,493
626,796
63,298
58,748,767
110,965
347,787
214,421,613
33,158,372
94,204
552,822
2,850
23,207
394,770
832,967
307,432
227,494
158,332
397,646
317,969
151,413,809
515,717
349,485
350,691
535,605,748
66,820
397,462
650,932
3,48
352,707
16,449
291,644
916,959
94,383
176,600
285,462
247,833
145,502
324,463
479,567,855
100,390
43,784
29,167,899
368,551
77,820
23,809
489,687
185,505,796
224,264
412,506
14,19,455
466,530
246,327,449
594,976
113,410,677
102,166,374
54,884
676,759
432,735
773,988
96,565
364,619,961
438,776
224,333,903
562,575,659
763,884,946
240,538
76,943
106,229
130,188,598
226,960
72,208,927
501,601
290,331
260,640,820
420,453,745
122,307
397,539
676,777
103,341,490
75,792
928,968
575,774
20,809
105,975
467,903
309,693
216,906
70,872
91,439,910
175,526,551
695,873
665,693
264,513,971
249,330
278,450,773
431,500
224,825
126,129
11,232
424,622,987
52,94
536,614,737
656,723
574,583,615
446,556
22,773
343,822
623,978
726,819
47,86
403,536,894
116,303
90,277
438,511,860
123,668,907
533,804
17,902
506,543,905
101,662,990
213,456,833
213,575
503,921
626,802,933
30,312
71,759
198,211,729
378,484,526
199,823
114,783
103,356,596
513,623
118,622
251,272
2,676
239,712,800
645,691
491,595,663
45,53
254,401
129,447
76,654,737
554,820
347,866
56,270,809
216,567
265,541
382,611,621
522,595
739,763
311,324
188,376,449
85,251
19,490,660
245,896
35,47
8,725
303,448,712
311,594
117,404
629,965
455,602
976,995
557,789
65,139
377,638,893
392,444
192,762
267,337
451,491
196,248
400,645,937
648,986
420,424,457
352,656
446,552
493,947
319,926
321,943
593,709
121,255
96,244
87,211
418,652
350,466
44,170,568
253,350,659
763,935,992
390,795
692,881
400,496,577
208,687
94,451
792,987
485,738,836
229,638
194,858
205,312,925
293,656
334,826
38,188
286,553
682,806
149,999
407,429,651
340,429,566
432,873
857,904
218,780
222,688
51,67
245,883
380,928
542,641
685,835,939
314,550
125,589
172,661
37,558,748
613,907
141,938
94,884
455,738
606,679
435,607
434,884
281,355
166,341,660
133,250
385,638
398,890,933
218,465
22,243
226,681
575,631
337,464
378,700
494,629
442,569,940
49,302
689,727
431,881
3,251
540,636,995
266,281,738
53,601
459,676
28,327,845
464,919
41,49,552
52,562
177,558
417,981
38,376,797
177,601
400,912
507,808
254,815,981
238,454,644
415,534,685
488,776
373,795
84,701
534,705
186,892
75,931
352,360
671,736
201,956
285,406,689
44,201,632
109,723
174,440
712,923
209,869
26,215,363
363,419
87,112
140,401,805
317,962
56,903
472,699,786
149,739,919
406,768
355,530,738
73,132
546,740
273,841
120,235,824
372,884
169,894,952
793,819,873
507,616
134,941
64,290,944
244,489
14,29
465,505
261,459
79,287,627
691,751
99,664
570,695,990
17,327,865
408,797
358,941
707,808
307,891
148,391
288,741
550,907,925
43,775
42,204,884
482,593,922
42,904
472,719
119,288,834
183,381
170,388
49,755
385,549
863,896,970
453,538,995
458,818
460,493,968
278,969
269,988
158,627
392,977
107,129
212,817
247,985
224,655,939
430,807
164,261
367,781
104,628
194,476
537,699
1,292
528,752
130,542
18,588,793
56,935,947
68,821
43,54
75,834,962
747,870
375,937,988
417,622
515,963
538,669
34,166
883,996
551,958
145,676,788
849,977
338,647
584,901
193,540,785
185,280,841
577,664,800
725,812,819
481,814
119,123
188,879
324,782
308,749,871
339,399
245,335
404,478
802,844
566,900
247,405
224,390,539
291,369
235,529
124,361,773
124,244
7,433
502,674
453,576
396,637,999
595,834
54,929
65,163,396
159,178,844
447,839
550,660
166,503,812
508,777,991
30,765
597,702,765
350,874,877
876,884
22,788
315,754
482,755
538,703,979
252,859
96,708,925
147,300
578,738
554,772
951,960
585,905
123,558,562
862,886
696,833
112,113
252,561,586
689,776
150,426,776
118,128
388,758,957
443,448,526
238,350,787
77,435
607,835
121,913
391,594
157,234
396,428
371,657
520,733
10,175,799
103,916
105,297
781,835
135,180,612
386,774
25,401,479
84,562,773
293,451,696
568,995
150,969
10,701
434,854
214,675
64,850,910
103,490,791
312,758
82,170
244,570
202,710
731,857
393,883
91,341
559,679,876
796,921
278,719
95,256
594,947,955
631,925
65,546
171,177
480,683
128,147
443,837,970
351,385
456,477
242,538,653
722,843
117,372
437,589
157,261
54,122
476,922
645,674
58,769
672,835
548,631,711
102,126,296
593,767
100,708
482,922
164,458
200,518
151,615
417,553
373,415
764,767
300,431
114,463,566
86,225
248,424,757
663,857,908
260,660
34,211
94,293
11,153,656
399,614,945
802,833
116,579,857
612,704
210,246
150,852
289,532
342,964
545,546
136,182,666
96,295,322
271,959
495,589
398,517
367,881
571,887
943,960
248,948
414,652,991
29,380
164,264
62,948
370,861
163,591,890
105,136
472,909
340,961
322,667
435,587
76,476,927
61,169
334,995
194,568
129,867,919
438,862
134,305,531
169,265,269
59,112
174,678,982
162,598
136,400
352,630
116,916
489,805,920
103,548
49,598
245,486,720
155,482
59,935
201,408
714,753,902
231,459
73,125
177,289
65,352
402,449,555
446,482,652
50,83
8,646
125,995
474,895,940
720,855,981
104,759
505,894,988
675,702
130,332,903
185,384,647
53,932
365,806
584,664
271,304
221,573
446,823,904
2,181,257
164,412
323,326
528,930
147,572
234,460
240,792,925
466,856
495,758
14,37
844,903
186,548
60,504
826,886
185,516
63,311,548
19,165,913
753,795
59,761,781
335,673
70,429
26,538,857
124,777
221,817
676,828
11,253,865
853,898
426,928
111,149,891
199,461,497
20,731
204,511,745
891,930
250,358
331,539,844
424,843
46,334,852
131,754,942
384,401,454
324,828
22,752,793
81,415,668
454,735,941
82,223,537
122,440,461
204,333,967
449,528,951
92,439,596
5,849
802,962
695,943
680,848
233,516,966
280,572
36,686
195,668
262,439
905,999
28,134
379,512
571,788
253,824
513,736
87,359
331,360
36,569
64,181
63,410
418,671,965
377,719
498,706
355,873
652,657
936,964
5,367
157,278
568,977
876,930
693,870
390,545
543,695
318,601
46,292,693
233,971
85,966
868,976
257,838
43,169,316
47,333,820
207,395
463,516,575
631,675
546,930
61,344
100,871
387,888
423,886
14,31
149,175
121,173,834
392,816
103,574
586,992
304,744
245,567,747
638,685
77,147
254,544,900
451,839,926
596,668,901
75,244,484
253,481
460,685,834
541,861
128,968
36,708
404,858
15,519,625
819,922
62,197,240
92,618
161,726,846
361,782
461,522
374,425
263,565
433,617
84,769
180,422
76,440
158,216
60,284
432,672
275,888
215,284
204,300
275,730
67,914
292,334
66,132
416,808
382,460
656,894
13,32
191,194
154,814
421,897
34,359
250,514,742
599,602,913
341,529,884
328,864
66,148,311
293,714
69,331,439
403,965,982
164,301,582
561,623,836
142,345,475
67,293
99,809,901
888,915
203,270,644
17,741,908
586,1000
288,466,749
149,252
21,416,875
125,352
10,677,984
441,452
485,741
36,43,224
850,868
65,450
55,361
241,278,970
285,603,930
138,320
52,116,168
652,804,984
21,281
169,209,270
115,317,571
399,631,999
221,390,776
234,472
317,535
134,441
191,554,642
168,838
123,737
368,636,754
98,910
193,234,848
170,601,954
256,295,699
59,993
365,960
92,342
435,625,869
214,444,930
252,253,972
224,271
366,529
190,198
128,507,624
294,505,632
400,967
44,408
712,986
476,757,919
220,837
89,631
392,717,777
127,721
392,732
662,767
361,663
29,785
226,475,899
237,747,898
195,410
32,63,686
98,159
267,412
764,883
588,1000
168,356
23,847
27,84
316,630
36,273
665,695,798
530,947
441,648
479,968
118,147,598
306,314
6,545
43,942
1,275
308,624,714
271,944
190,373,556
339,450,851
143,905
34,502,519
207,602
121,800
738,876
147,181,378
171,399,549
295,921
196,285
453,922
927,969
791,890
742,992
229,548,995
93,259
277,849
110,270,503
332,388,594
452,505,644
87,706
323,592
59,355
578,579,686
201,574
345,535,720
168,412,717
159,586
121,139
669,924
183,533
85,110
480,911
568,577,995
75,111
52,311,452
60,326
82,771
692,899
186,428
117,390,880
680,780
337,930
135,434
326,514
269,339,952
209,930
506,984
721,729
453,508
583,877
438,856
260,264,936
173,329
167,319,824
7,929
285,367,549
464,1000
23,321
26,224,377
314,614
391,653
422,651
364,782,914
81,949
384,865
329,543,853
68,177,431
292,703
430,449
515,881
295,423,517
23,93,923
347,921
165,429
26,208,791
647,826
355,532
304,571
1,34,616
99,601,924
500,625
281,579,779
351,542
484,987
52,613
304,573
833,843
568,791
81,405,725
48,497,652
157,501
167,420
723,765
63,412
138,404
673,713
234,833,990
333,936
340,809
77,296,624
456,515,579
97,585
164,277
312,337,388
68,606,860
209,575,872
122,804
362,782,789
364,927
453,467,987
414,578
92,829
43,48,433
100,552
701,941
31,574
402,768
681,697,859
236,631
551,704
82,319,738
131,554
602,699
211,254
76,444
847,948
604,738
403,770,886
451,515
825,829,926
46,200
150,404
331,663
131,869
409,714
491,615
323,499
189,488
517,535
227,488
646,989
357,468
265,970
498,716
221,733,974
9,356
45,902
213,500,792
531,790
279,856
176,264,281
282,521,818
152,944
419,461,569
525,983
295,309
452,956
386,856
3,185
659,754
96,623,644
656,774
215,953
456,754
352,795,910
148,341
5,803
476,561
324,786
100,595
82,731
122,197
35,324,738
142,805
139,522
89,175
658,910
272,850,880
602,802,870
560,815,831
78,407
776,781
8,521
144,276,723
62,398
296,538,764
63,487
138,178,715
210,775
185,546
28,221
95,816
315,857
161,241
22,410,665
1,169,707
675,861,872
9,656,681
19,792
618,956
356,623,755
3,640
199,286,799
770,935
413,427
35,356
235,491
558,897
65,364,801
647,897
393,812
222,287
134,540,967
616,887,934
248,420,618
63,120,262
317,831
67,132
792,809
297,321,733
704,725
522,872
429,683
491,644
303,313
28,113
422,467
182,453,815
544,746,795
816,844
7,420
638,731
560,912
41,271
575,775,924
29,306
405,815
222,574
434,633
166,678,957
592,709
35,54
115,320
324,483,816
42,235
528,861
165,420,800
56,418,822
517,642
34,182,592
162,761,855
261,389
538,790,884
96,153,507
842,909
461,652
414,727
827,966
778,939
152,764
734,788
339,873
350,533
324,422
637,654,706
399,740
330,844
667,948
281,811,986
529,574
30,874
83,84
554,605
194,504
51,207
132,646
592,622,800
118,608
719,934
44,933
8,188,975
366,730,880
583,914
460,902
632,954
872,923
344,678
301,582
691,922
232,321,520
542,815
903,911
328,651
545,739,848
177,487
416,613,912
188,268
62,86
306,342
490,833
675,831,937
97,755,865
1,254,649
283,719
124,185,735
219,557
745,964
281,628
652,755,932
77,870
275,318
46,852
436,875
84,350
518,519
222,863
728,835
456,759
20,169
772,879
269,848
196,916,925
417,857
242,452,963
52,771
527,667
926,955
119,135
373,575,953
393,514,618
171,945
292,973
212,642
59,275
117,386,786
161,338,871
41,477,617
654,884
115,260,502
248,391,490
34,51,951
462,944
342,574,597
285,415
430,692
206,578,660
69,367,866
842,880
31,579,658
339,698
41,115
933,964
527,589
527,651
263,406
229,988
827,839,973
98,905
358,598
557,911,980
48,115
47,332,483
161,281,747
700,800
176,840
452,700,747
107,617
779,813
457,956
4,6
250,655
60,488
25,96,852
485,602
439,773
4,64
222,764
699,906
511,785,818
924,952
685,883
118,418
236,931
121,721
219,457,568
859,992
539,540,929
212,886
375,549,859
196,212,935
157,680,941
317,570
114,922
302,543
493,800,908
783,799
502,622
294,489
86,165,242
218,835
574,791
145,378
459,869
821,865
503,621,776
714,815
265,290,619
240,497
46,649
155,829,866
692,863
361,692
403,469
183,926
825,996
170,654
481,713
389,898
770,976
131,368,497
175,904,988
186,298,843
361,593
65,916
384,563,817
611,769
177,431,648
103,596
135,420
11,196
237,480
93,597
722,956
143,231,393
215,810
303,771
201,412
367,425,895
519,867,872
263,286
464,636
714,776,898
42,101
248,875
157,178
201,341
236,425,677
50,830,970
86,500,933
256,770,798
43,890
465,775
65,560
409,537
524,738
93,888
279,887
106,133
10,436,879
93,748
132,230
436,556
94,423,745
39,349,470
504,697,892
9,288
344,793
292,497
74,179,404
396,940
59,430
54,533,858
470,551
664,937
689,887
252,541,649
171,551
540,592
126,994
35,434
539,964
167,343
32,35,529
288,581,927
479,711
425,511
768,1000
719,934,975
867,966
407,709,751
397,588
2,81
4,21,691
216,245,506
941,973
513,712
403,450
811,946
198,778
230,412
330,839
215,794
77,531
131,657
142,821,951
141,716,800
40,923
63,154,612
100,507,835
45,95
10,384,794
133,285
526,988
614,959
19,54,733
444,732
77,276
332,716
371,757
402,919
118,694
928,944,974
748,872
37,420
135,453,497
378,769
442,829
28,796
118,183
65,956
120,425,924
212,808
118,394,945
164,369,560
180,237,253
94,177
426,688
232,506
464,481
295,526
263,759,955
18,418
45,633,923
649,871
84,723
34,391
107,399
267,948
750,876
331,571,915
410,827
380,718
409,909
162,562,584
326,612
16,76,314
222,936
517,788
72,720
92,165,987
525,539
745,933
105,762
200,927
11,137,595
303,967
185,340
62,722
232,580
437,996
663,924
740,892
579,715
389,565
603,812
161,667
532,547
747,868
165,531,601
823,851
129,662
515,916
753,770
326,989
284,778
693,888
577,893
17,721,970
221,404
504,736
77,944
114,253,832
919,974
164,281
619,865
499,774,939
199,493
439,525
164,758
50,692
141,689,962
77,885
323,718
309,957
317,697
372,519
299,768
762,987
576,734
452,722,784
13,214
216,458,767
352,554,635
102,200
412,613
437,578,683
491,531
368,821
180,447,455
149,656
431,826,977
238,268
36,256
267,377
15,21
459,659
128,992
92,187,700
179,762
49,90
277,388
515,556
399,400,677
415,738
223,642
407,526
185,231,440
267,842
134,538,687
208,402,924
369,555
413,976
259,532
233,287
1,2,691
67,354
301,309,492
19,305
172,863
506,713
93,142,813
24,632
69,892
84,700
57,160
381,966
782,789
274,319
125,292,861
355,655
172,296
602,712,954
128,968
495,670
312,792
399,654
102,509
74,615
57,644,778
486,605
769,918
646,743
511,545
692,701
151,155
314,846
70,763
173,752
172,601
26,602,618
410,594
256,520
132,827
191,288
424,548,602
448,698
518,813
645,650,983
149,415,947
11,344,944
18,900
237,446
12,249,260
679,876
44,489
357,534
99,586
77,250,763
512,533
313,762
132,840,857
82,644
94,623,978
179,608,831
208,623
122,417
306,654
36,265,435
239,750,976
164,825
496,989
835,972
100,237,461
82,913
229,875
758,866
218,590
172,348
235,807
287,718,840
428,496
443,642
37,361
427,857
610,806,951
100,532
489,900
445,558
662,827
588,663
130,288,672
310,735
326,746
48,918
769,819,863
345,669,898
248,574,933
13,809
259,694
263,667
107,139,639
670,976
43,253
128,292
700,967
530,851,968
406,794
422,540
810,910
304,972,993
728,761,861
526,897
558,882
651,652,884
535,757
792,938
329,840
112,866
29,274
456,476,705
560,570,651
661,957
154,280,995
395,413,987
451,717
118,395,690
132,992
87,427,470
469,681
659,894
260,661
8,458
8,65,664
280,518,916
26,413
95,248,929
235,278,769
182,873
153,472
37,769
650,652
118,268
813,953
476,704
236,253,886
128,277
120,177,929
429,437,793
649,715,972
362,546
256,714
826,879
513,601
434,967
499,543
308,689,762
27,793
14,101,148
242,758
239,858
7,45,333
15,178,973
188,586,871
7,872
204,327
18,292,605
113,317,534
589,752
13,15,294
174,176
296,419,899
7,95,648
106,583,613
195,419,752
356,447,611
749,991
215,445,557
262,299,464
568,939
284,644,689
159,822
485,782
752,965
788,913
332,538,836
474,539,833
75,804,812
184,356,758
455,923
181,367
152,795
187,886
112,162,655
571,799
182,617
175,634
281,800
482,616
366,962
468,725
90,152
388,870
274,328
116,386
132,928
20,535
551,842
185,550
132,657
7,640
264,585
336,766
125,267
387,779,948
27,669,705
201,857
84,442,664
678,927
61,285,298
76,276
428,472,827
869,923
176,188,617
217,926
39,839
561,992
380,833,886
737,943
93,250,886
365,839
65,377,831
26,324
208,514
65,406
468,527
1,830,844
753,823
519,866
122,513
94,801
730,809
543,812
186,736,821
600,959
155,924
554,571
244,746
120,122
178,424
40,222
15,280,698
241,937
767,912
225,930
292,879
60,689,806
29,355,609
402,829
554,808
632,843
262,555,596
592,606
624,713
456,640
34,334,763
260,801,954
58,268
343,912
234,571
30,601,926
257,544
314,353
697,733
216,918
97,379,896
332,437,643
32,165
43,414,664
127,861
631,818
390,673,939
18,231,727
190,414
3,578
580,585,899
59,272,944
232,536,917
113,815
381,692,885
412,529
679,854,933
196,948
286,607,981
192,383,521
168,870,971
773,953
123,800,950
395,542
165,385
582,683
387,586
50,116,401
399,412
216,787
275,882
75,204
118,859,991
763,765,865
30,284
261,407
555,668
443,534
122,877
9,602
177,800
80,277
235,888
217,271,608
94,572
78,177,977
261,423
464,706,844
124,519
908,958
540,670
587,918
161,349,544
324,491,924
456,790,967
307,446,575
513,677
277,502,805
186,621
16,513,564
660,875,980
308,386
523,871
46,861
501,767
469,798
397,883,958
35,77
473,690,922
691,737
40,950
371,972
17,556
48,299
19,905
351,888
125,224,879
96,627,940
235,954
283,800
244,734
231,416
47,101
100,152,514
173,559
212,291,486
286,850
475,673
410,726
46,171,662
158,754
38,261,317
18,523
86,325
345,812
52,791
115,762,859
690,765
351,663
152,373
94,953
148,163,204
38,181
275,390
743,980
441,688
97,315
355,810
715,882
543,755
53,84
10,617
563,865,953
142,636,724
750,872
291,784
90,743
67,597
185,339
331,618,660
347,644
294,746
379,676
364,538,933
89,867
72,74,565
508,677
74,143,835
27,522
395,848
116,163,929
323,724
394,950
481,617,881
313,355
341,420
166,714
354,881
777,878
879,965
423,572,653
27,516
693,700
191,844
72,300,329
165,598
438,582,921
5,690,817
109,545
752,878
33,810
236,831
171,273,344
716,820
94,239,305
310,390,928
33,402
472,570
196,635
61,858,962
153,189
553,604
123,265,362
789,940
222,529,901
62,106,716
466,733
742,831,1000
525,571,855
394,527
346,804,973
453,501,561
238,906
87,125
342,365,819
22,95
9,115,625
860,987
202,729
475,693
89,948,976
80,261,391
352,989
239,523
333,388,670
112,607,779
101,104
540,729,750
381,600,999
226,549
51,434
84,416,563
526,844
368,429,555
551,600
130,806,835
120,342,354
345,902,974
611,850
248,753
519,829
151,405
840,872,936
90,112,792
178,439
77,693
126,220
825,978
485,967
836,911,977
157,553
189,649
115,758
182,803
351,812,854
272,950
55,393
605,788
19,456
208,729
85,549,931
476,654
203,526,588
741,847
300,994
771,889
249,887
452,512
546,671
375,781
119,202
117,777
129,958
215,253
384,722,869
149,669
37,269
193,222,956
53,772
383,511
438,480,819
509,908
452,594
490,954
150,765
541,560,719
667,681
93,633
202,892
146,633,897
34,52
9,572,979
463,999
610,860,993
14,489,704
729,884
527,919
573,722
232,593
203,442
151,925,987
204,350,959
108,980
590,594
117,401
221,488
200,990
60,140
19,34,271
653,984
269,435
163,247,962
401,753
392,402
341,826
481,963
27,133
650,691
525,611
258,650
124,984
247,733
178,262
38,841
466,620
781,975
307,755,863
57,395,976
704,768
228,879,1000
413,707
408,463
39,473
308,639
162,376,566
23,111
832,865,871
455,901
538,663
640,788
755,824
109,115,623
184,747,890
293,485,529
71,634,904
166,196,969
49,917
381,981
408,789,863
696,906
47,785
58,305
366,714
234,353,685
636,986
319,367
66,658,775
329,799
33,602,996
22,728
418,662
171,231,990
191,514,537
339,780
402,880
200,220
190,461
82,955
345,414
354,738
89,224
328,524
517,684,983
622,782
330,975
154,772
123,488
305,744
151,601
21,882
200,914
429,985
451,843
614,766
624,858
305,576
450,778
395,782
381,643
304,339,642
294,312
21,859
57,496
451,700
212,989
844,859,974
907,935,948
214,217,972
757,848
86,380
450,819,848
74,786
35,597
111,695
508,838
9,357
444,824,963
357,544
47,904
224,507,807
68,301,820
122,438,659
67,289,771
433,564
71,358
651,848,994
406,696
123,773
731,901
435,927,991
39,448
136,778
229,455
227,232,306
758,967
87,263,582
246,688
216,502
666,796,916
71,625,627
414,838,882
266,505,663
540,735
574,876
112,308
63,633,962
126,678
377,608,825
679,772
303,810
319,499,910
129,307
242,927
137,892
471,899
89,776
289,348,993
382,498,773
351,716
808,845
971,985
508,725
120,510,544
391,447
657,774
205,381,779
98,837
261,552
294,828
239,594,881
173,596
216,992
351,616
515,869
276,523
678,922,949
633,794
82,579
224,866,877
14,572
157,414
430,480
4,48,738
160,196,346
54,457,998
478,667
285,453,806
193,664
129,796,885
191,819
69,611
668,957
278,358,393
532,742
43,297,596
593,636
412,606
434,500,606
138,308
343,553,755
877,942
141,726
208,854
460,980
201,875
680,1000
122,393,944
7,713,859
348,872
202,736,805
21,522
90,316
543,569,794
603,744
152,858
32,43,696
87,465,613
212,754
482,593
694,800
240,326,748
586,768
507,638,999
9,36
277,784
361,393
698,991
279,471
108,686,923
279,622
95,434,911
65,179,598
143,172,358
31,283
15,862
98,623,793
282,736
293,413,785
299,309,632
444,456,640
40,208
103,575
98,822
63,843
385,586,710
383,971
537,844
299,722
343,549
56,556
405,638,851
955,984
45,811
281,582
77,97,430
190,302,769
162,969
644,710
710,969
650,867
464,859
603,689
317,760
152,498,959
259,710
347,391
478,729
903,929
340,588
120,342
147,608,981
208,985
415,754
374,746
294,557
130,572
114,213
111,459
3,483,931
139,345
104,450,498
82,727
341,965
134,281,854
251,629
520,583,774
449,493,549
388,573,839
542,610,667
448,850,949
148,414
595,805,887
40,721,886
64,497,828
548,790
321,974
380,667
402,597,824
143,150
776,839
57,256,702
284,468
91,544
560,710
697,744
99,690
263,795
527,730
295,462,710
36,733
76,891,965
390,759
152,259,825
596,860
439,642
155,525,532
442,625,917
497,725,899
285,438
18,477
255,310
456,640
345,403,718
212,675
345,978
439,457
325,701
309,368,610
187,219,705
226,621
499,841
492,531
576,914
35,347,485
501,716
70,306
665,905
168,598
360,985
47,987
195,829
192,341,628
667,673
460,551
261,552
29,526
441,886
19,256
648,864
518,827
57,697,733
250,742,834
674,978
460,489
505,597
436,505
693,808
46,620
582,640
347,354
330,748,969
164,303
312,696,732
254,598,864
225,604
84,302
285,728
43,429,534
177,973
168,848
292,623
278,417
171,259
47,456,891
219,824
420,636
848,865
897,981
228,412
40,813,870
635,896
113,406
570,607
39,374
78,322,634
207,737
139,196,218
73,272
117,644
339,819
251,328
441,756
146,578,860
1,280
51,92,833
271,457,479
729,854,903
482,863
660,842
25,292
637,943
159,724
287,544
255,791,911
317,774,823
123,851
301,629
44,666
77,682
63,677
5,526
300,643,775
728,939
61,643
694,798
381,554
11,544,879
156,169
446,986
28,672
86,771
7,173
429,552,756
335,384
244,673,951
496,678
608,963
46,193,222
376,528
873,898
798,946
664,728
597,685,841
549,705
632,660,890
749,964
378,482
254,972
328,537,772
15,484
285,656
263,742,846
285,445
781,853,939
485,748
365,523,536
157,735,966
95,632,906
147,360
386,699
307,692
232,450,461
307,723
294,883
234,675
241,448
634,882
10,527
18,865,867
34,476,692
414,547
655,908
408,951
225,537
65,276,544
2,415,739
30,108,609
764,788
504,893
142,150,300
648,815
228,263,270
412,536,587
311,913
161,242,345
18,131,585
792,864,900
244,276
87,317
500,684
27,886
314,364
695,830
279,915
286,711,969
68,225
726,779,996
168,293,827
624,931
197,254
131,378,527
96,426,566
77,746,822
356,455
105,435
293,839
366,641,975
657,984
74,130,542
853,874
539,840
282,343
388,988
472,972
7,653
141,920,948
11,530
61,734
761,808
267,272,377
245,519
157,338,432
239,477
181,395,867
132,714
159,539
584,601,933
293,424,924
13,136
483,699
343,662
316,537,720
172,955,966
29,591
25,125,304
53,631
60,180
675,824
375,401
2,460
9,490
519,585
475,646,932
634,825
416,498,843
5,323
106,354,857
245,512,688
664,903
67,169,604
23,589,625
150,212,367
629,847,884
706,764
540,696
247,739
165,470
583,626
634,831,975
662,782
523,672,748
162,697,838
382,770
447,584,963
397,523
126,553
297,809
64,617,678
503,854
61,404
18,940
128,510
202,459
137,566,993
9,320,733
225,536
383,633,868
423,886
738,967
100,377,528
53,854,886
442,514
406,846
662,842
104,173,658
366,528
694,759
636,862
73,328
14,407
551,732
302,450,534
835,892
434,487
230,615
706,849
383,544
457,775,818
655,968
145,166,718
268,444,491
116,156
643,852
554,701,736
79,997
522,929
16,238,665
317,711
156,540
91,110
125,161,675
576,970
449,728
355,487,572
312,919
60,641
82,769
319,322
161,414
43,328
126,172,241
449,554,882
131,376,584
744,754
186,523,712
26,64
353,911
38,51,995
186,271,295
36,216,912
267,799
904,945
282,755
239,889
469,968
624,643
510,918
28,188
110,522
634,930
86,573,792
408,528
518,970
179,656
187,327
565,642
25,224
185,232
91,844
400,652
349,687
737,983
166,781
347,816
535,574
81,610
419,480
52,611
66,590,626
23,271,790
121,579
351,948,989
176,982
471,765
183,918
938,972
29,673,955
223,235
576,777,789
387,748
545,651
917,950
329,957
481,675
588,940
3,205,653
685,712
606,693
128,665
134,713
301,392
278,307
103,112
235,889
967,986
332,441
579,841
384,636
334,462
409,752
323,1000
93,539,871
432,725,894
30,398
747,938
129,834
833,878
235,491
79,183
541,716
627,957
501,871
7,259
867,989
80,314
786,883
127,200,676
178,850
226,753,845
497,718
761,925
127,484
491,631,876
814,924
736,806
56,828
758,798
116,977
603,771
311,315
203,707,908
126,171
791,868
29,78
389,857,880
324,505
52,731
77,746,937
75,330
218,465,649
344,417
285,641
313,883
64,714
275,379
444,808
541,685
13,844
534,939
489,850,996
347,948
116,385
684,858
433,550,962
240,485,670
51,209
276,308,389
357,830
533,558
13,489
895,990
48,653
109,472
385,736
136,220,371
562,637
550,789
69,128,142
212,714
288,416
306,522,564
195,953
284,713,845
89,172
328,382
174,297,750
397,570,835
642,880
515,818
217,793,922
143,616
102,556
534,733
317,761
1,938
229,422
187,388,694
451,513,526
72,880
52,455,601
200,202
77,141
893,978
27,437
160,367
579,691
281,826
64,557,879
576,622
509,620
189,560,702
147,337
503,909
414,650
13,106
225,502,552
178,411
88,94
692,725
5,570
816,976
146,238,371
203,818,931
80,841
75,489
147,383
76,197,545
138,266
783,839
682,982
228,256,284
325,722
630,990
313,406
60,907
410,984
58,257
538,693
296,1000
14,770
397,753
324,497,898
108,243,308
608,928
526,930
458,770
448,837,970
497,966
45,570
305,829,871
195,874
225,460
503,607
586,623
526,659
710,886
87,889
652,715
557,704
960,969,996
261,848
121,618,956
61,265,562
171,282
312,894
39,213,854
250,673
129,220,593
352,535,828
372,603,736
24,640,822
684,901
525,823
359,678,707
258,479,819
19,979
155,571
655,714
231,287,471
462,649
381,922
99,283
494,508
218,719
495,986
32,135,239
101,306
930,999
283,633
51,800,979
64,327
351,929
187,462
408,520,632
481,750
398,436
256,347,385
195,814
174,264
339,384
227,256,933
189,553
250,641
130,304
338,583
38,497,979
196,330,764
528,749
99,872
735,789,793
654,694
450,568
792,985
280,320,640
226,365,685
249,444
270,561,751
754,782
251,273
11,102,338
393,879
618,890
207,336
495,956
212,614
318,917
114,349
240,524,664
191,285,673
117,616
308,455
399,588
59,518,792
491,925
26,328
338,670
115,566,786
335,745
269,629
378,588
739,840
7,342,995
396,716
302,321
151,402
664,670
475,775
70,841
256,682,778
158,182
189,627,970
9,638
450,515,772
320,937
418,758
220,238
217,530
435,553,970
101,681
41,737
65,72,430
511,833
304,387,744
162,764,872
199,997
555,798,829
387,699,775
376,697
236,765
150,273
655,934
138,246,549
105,166
378,457
434,985
303,432
7,45,826
795,823,834
953,991
37,86
81,764
140,257,387
156,382
156,562
192,515
711,853
3,208,679
499,655,831
35,449
229,232
366,742
44,431,923
167,187,985
250,331
65,586
147,975
141,164,299
62,912
151,531
625,793
233,265
112,865
110,494
806,879
506,914,955
171,450,657
307,644
526,577
338,931
175,657
109,844
136,619
444,616
307,603
114,294
481,911
66,297,836
154,281,826
228,317
279,744
111,568,889
49,287
96,171
274,331
516,671
72,682
613,741
55,96
140,646
117,608
67,820,926
146,215,816
468,862
349,529
731,927,976
430,676
298,307,864
359,439,922
62,573,721
477,675
465,893
134,217,628
56,956
341,716
13,185,302
112,673
512,722
240,599,729
142,221,611
88,960
348,518,804
454,737
767,910
444,458,923
76,273,953
305,373
231,520
234,237,372
564,766
160,475,759
350,519
159,554,815
305,531
29,183,465
239,247
762,765
15,665,704
554,773
137,774
105,654
388,890
540,626,632
31,180
419,878
515,550,798
342,718
705,913
221,626
361,502
485,717
196,915
33,258
555,723
573,665
503,1000
21,540
288,375
